1307318368	20250603	202506	2025	2025.4192	LAB	EMPLOYEE						LAB													1	071	071	07	2	7.4	5	1	5	0.416666666666666	4	Taipei, T'ai-pei, Taiwan	TW	TW03	13277	25.0478	121.532	-2637882	0								4	Taipei, T'ai-pei, Taiwan	TW	TW03	13277	25.0478	121.532	-2637882	20260603194500	https://news.ltn.com.tw/news/focus/breakingnews/5459921
1307318369	20250603	202506	2025	2025.4192	USA	ARIZONA	USA								LAB	EMPLOYEE						LAB			1	015	015	01	1	0.0	3	1	3	-12.3188405797102	2	Alabama, United States	US	USAL		32.799	-86.8073	AL	2	Alabama, United States	US	USAL		32.799	-86.8073	AL	2	Alabama, United States	US	USAL		32.799	-86.8073	AL	20260603194500	https://ktar.com/arizona-restaurant-news/colt-grill-workers-guilty/5876485/
1307318370	20250603	202506	2025	2025.4192	USA	THE US	USA								TWN	TAIWAN	TWN								1	060	060	06	2	6.0	2	1	2	-0.235849056603773	1	China	CH	CH		35	105	CH	4	Taipei, T'ai-pei, Taiwan	TW	TW03	13277	25.0478	121.532	-2637882	1	China	CH	CH		35	105	CH	20260603194500	https://news.ltn.com.tw/news/focus/breakingnews/5459915
1307318371	20260504	202605	2026	2026.3397											AUS	MURRAY	AUS								0	190	190	19	4	-10.0	20	1	20	-2.89795918367347	0								3	Beckjord Power Plant, Ohio, United States	US	USOH		38.9917	-84.2975	2112033	3	Beckjord Power Plant, Ohio, United States	US	USOH		38.9917	-84.2975	2112033	20260603194500	https://www.wlwt.com/article/man-charged-trying-to-lure-child-with-candy-swaim-park/71482307
1307318372	20260504	202605	2026	2026.3397	USA	UNITED STATES	USA																		0	015	015	01	1	0.0	2	1	2	-7.23830734966592	3	Batavia, Ohio, United States	US	USOH	OH025	39.077	-84.1769	1037672	0								3	Batavia, Ohio, United States	US	USOH	OH025	39.077	-84.1769	1037672	20260603194500	https://www.wlwt.com/article/cody-winn-grand-theft-market-modern-batavia-sentence/71485153
1307318373	20260504	202605	2026	2026.3397	USA	BOSTON	USA																		1	030	030	03	1	4.0	10	1	10	0	3	Boston, Massachusetts, United States	US	USMA	MA025	42.3584	-71.0598	617565	0								2	Georgia, United States	US	USGA		32.9866	-83.6487	GA	20260603194500	https://ktar.com/national-news/district-attorney-challenges-new-georgia-law-that-removes-party-labels-in-atlanta-area-elections/5876572/
1307318374	20260504	202605	2026	2026.3397	USA	MILWAUKEE	USA								LEG	LEGISLATURE						LEG			1	012	012	01	1	-0.4	10	1	10	1.40845070422535	2	Wisconsin, United States	US	USWI		44.2563	-89.6385	WI	2	Wisconsin, United States	US	USWI		44.2563	-89.6385	WI	2	Wisconsin, United States	US	USWI		44.2563	-89.6385	WI	20260603194500	https://wtmj.com/shows/wisconsins-afternoon-news/2026/06/03/robin-vos-urges-legislature-to-revive-wisconsins-1-8b-tax-relief-plan/
1307318375	20260504	202605	2026	2026.3397	USA	MILWAUKEE	USA								LEG	LAWMAKER						LEG			1	110	110	11	3	-2.0	10	1	10	1.40845070422535	2	Wisconsin, United States	US	USWI		44.2563	-89.6385	WI	2	Wisconsin, United States	US	USWI		44.2563	-89.6385	WI	2	Wisconsin, United States	US	USWI		44.2563	-89.6385	WI	20260603194500	https://wtmj.com/shows/wisconsins-afternoon-news/2026/06/03/robin-vos-urges-legislature-to-revive-wisconsins-1-8b-tax-relief-plan/
1307318376	20260527	202605	2026	2026.4027											USA	UNITED STATES	USA								1	043	043	04	1	2.8	4	1	4	-0.21436227224008	0								3	Pioneers Medical Center, Colorado, United States	US	USCO		40.0417	-107.911	2695614	3	Pioneers Medical Center, Colorado, United States	US	USCO		40.0417	-107.911	2695614	20260603194500	https://www.theheraldtimes.com/board-expands-to-seven-members-reviews-operations-and-compliance/meeker/
1307318377	20260527	202605	2026	2026.4027	CVL	TRAVELER						CVL			USAMED	WALL STREET JOURNAL	USA					MED			0	042	042	04	1	1.9	5	1	5	-2.41796200345423	4	Havana, Ciudad de La Habana, Cuba	CU	CU02	14613	23.1319	-82.3642	-1628751	4	Havana, Ciudad de La Habana, Cuba	CU	CU02	14613	23.1319	-82.3642	-1628751	4	Havana, Ciudad de La Habana, Cuba	CU	CU02	14613	23.1319	-82.3642	-1628751	20260603194500	https://www.cigaraficionado.com/article/spanish-hotel-chains-to-curtail-operations-in-cuba
1307318378	20260527	202605	2026	2026.4027	MIL	COAST GUARD						MIL			BHS	BAHAMIAN	BHS								1	080	080	08	2	5.0	4	1	4	-5.39033457249071	4	Abaco, Central Abaco, Bahamas, The	BF	BF37	5747	26.4667	-77.0833	-1542701	4	Abaco, Central Abaco, Bahamas, The	BF	BF37	5747	26.4667	-77.0833	-1542701	4	Abaco, Central Abaco, Bahamas, The	BF	BF37	5747	26.4667	-77.0833	-1542701	20260603194500	https://www.wdef.com/lynette-hookers-bahamas-disappearance-being-investigated-as-possible-murder-official-says/
1307318379	20260527	202605	2026	2026.4027	MIL	COAST GUARD						MIL			BHSGOV	BAHAMIAN	BHS					GOV			1	080	080	08	2	5.0	1	1	1	-5.39033457249071	4	Abaco, Central Abaco, Bahamas, The	BF	BF37	5747	26.4667	-77.0833	-1542701	4	Abaco, Central Abaco, Bahamas, The	BF	BF37	5747	26.4667	-77.0833	-1542701	4	Abaco, Central Abaco, Bahamas, The	BF	BF37	5747	26.4667	-77.0833	-1542701	20260603194500	https://www.wdef.com/lynette-hookers-bahamas-disappearance-being-investigated-as-possible-murder-official-says/
1307318380	20260527	202605	2026	2026.4027	MIL	BATTALION						MIL			MILMIL	INFANTRY						MIL	MIL		1	051	051	05	1	3.4	5	1	5	1.5748031496063	2	Wisconsin, United States	US	USWI		44.2563	-89.6385	WI	2	Wisconsin, United States	US	USWI		44.2563	-89.6385	WI	2	Wisconsin, United States	US	USWI		44.2563	-89.6385	WI	20260603194500	https://fox11online.com/news/local/final-group-of-deployed-wisconsin-national-guard-soldiers-return-home-2nd-battalion-127th-infantry-welcome-ceremony-appleton-airport-middle-east-deployment-iraq-kuwait-operation-epic-fury-strait-of-hormuz-iran
1307318381	20260527	202605	2026	2026.4027	MILMIL	INFANTRY						MIL	MIL												1	051	051	05	1	3.4	5	1	5	1.5748031496063	2	Wisconsin, United States	US	USWI		44.2563	-89.6385	WI	0								2	Wisconsin, United States	US	USWI		44.2563	-89.6385	WI	20260603194500	https://fox11online.com/news/local/final-group-of-deployed-wisconsin-national-guard-soldiers-return-home-2nd-battalion-127th-infantry-welcome-ceremony-appleton-airport-middle-east-deployment-iraq-kuwait-operation-epic-fury-strait-of-hormuz-iran
1307318382	20260527	202605	2026	2026.4027	USA	LAS VEGAS	USA																		1	051	051	05	1	3.4	10	1	10	7.26256983240224	3	Boulder City, Nevada, United States	US	USNV	NV003	35.9786	-114.832	858617	0								3	Boulder City, Nevada, United States	US	USNV		35.9786	-114.832	858617	20260603194500	https://news3lv.com/news/local/ndow-community-free-fishing-day-boulder-city-southern-nevada-wildlife-outdoors
1307318383	20260527	202605	2026	2026.4027	USAMED	WALL STREET JOURNAL	USA					MED			CVL	TRAVELER						CVL			0	043	043	04	1	2.8	5	1	5	-2.41796200345423	4	Havana, Ciudad de La Habana, Cuba	CU	CU02	14613	23.1319	-82.3642	-1628751	4	Havana, Ciudad de La Habana, Cuba	CU	CU02	14613	23.1319	-82.3642	-1628751	4	Havana, Ciudad de La Habana, Cuba	CU	CU02	14613	23.1319	-82.3642	-1628751	20260603194500	https://www.cigaraficionado.com/article/spanish-hotel-chains-to-curtail-operations-in-cuba
1307318384	20260602	202606	2026	2026.4164											CRM	DEALER						CRM			0	060	060	06	2	6.0	1	1	1	2.39043824701196	0								4	Geneva, Genè, Switzerland	SZ	SZ07	16329	46.1956	6.14811	-2552151	4	Geneva, Genè, Switzerland	SZ	SZ07	16329	46.1956	6.14811	-2552151	20260603194500	https://robbreport.com/style/watch-collector/las-vegas-jewelry-week-2026-watch-trends-1238278642/
1307318385	20260602	202606	2026	2026.4164											CRM	DEALER						CRM			0	060	060	06	2	6.0	3	1	3	2.39043824701196	0								2	New York, United States	US	USNY		42.1497	-74.9384	NY	2	New York, United States	US	USNY		42.1497	-74.9384	NY	20260603194500	https://robbreport.com/style/watch-collector/las-vegas-jewelry-week-2026-watch-trends-1238278642/
1307318386	20260602	202606	2026	2026.4164	CHE	SWITZERLAND	CHE								CRM	DEALER						CRM			0	060	060	06	2	6.0	1	1	1	2.39043824701196	4	Geneva, Genè, Switzerland	SZ	SZ07	16329	46.1956	6.14811	-2552151	4	Geneva, Genè, Switzerland	SZ	SZ07	16329	46.1956	6.14811	-2552151	4	Geneva, Genè, Switzerland	SZ	SZ07	16329	46.1956	6.14811	-2552151	20260603194500	https://robbreport.com/style/watch-collector/las-vegas-jewelry-week-2026-watch-trends-1238278642/
1307318387	20260602	202606	2026	2026.4164	GBRGOVHRI	THERESA MAY	GBR					GOV	HRI		LEG	PARLIAMENT						LEG			0	051	051	05	1	3.4	3	1	3	-7.32984293193718	4	Manila, Manila, Philippines	RP	RPD9	24210	14.6042	120.982	-2437894	4	Manila, Manila, Philippines	RP	RPD9	24210	14.6042	120.982	-2437894	4	Manila, Manila, Philippines	RP	RPD9	24210	14.6042	120.982	-2437894	20260603194500	https://www.greanvillepost.com/assange-defamers-and-defenders-slugging-it-out-on-divers-media-platforms-part-1/
1307318388	20260602	202606	2026	2026.4164	GBRGOVHRI	THERESA MAY	GBR					GOV	HRI		LEG	PARLIAMENT						LEG			0	051	051	05	1	3.4	2	1	2	-7.32984293193718	4	London, London, City of, United Kingdom	UK	UKH9	40110	51.5	-0.116667	-2601889	4	London, London, City of, United Kingdom	UK	UKH9	40110	51.5	-0.116667	-2601889	4	London, London, City of, United Kingdom	UK	UKH9	40110	51.5	-0.116667	-2601889	20260603194500	https://www.greanvillepost.com/assange-defamers-and-defenders-slugging-it-out-on-divers-media-platforms-part-1/
1307318389	20260603	202606	2026	2026.4192											AFR	AFRICA	AFR								0	043	043	04	1	2.8	10	1	10	0.4523956405511	0								4	Umuahia, Abia, Nigeria	NI	NI45	191355	5.52627	7.48959	-2029249	4	Umuahia, Abia, Nigeria	NI	NI45	191355	5.52627	7.48959	-2029249	20260603194500	https://gnnliberia.com/governance-as-dignity-ottis-3-yrs-of-impact-shaping-abias-future/
1307318390	20260603	202606	2026	2026.4192											AUS	AUSTRALIA	AUS								0	042	042	04	1	1.9	16	2	16	-1.71503957783641	0								4	Pilbara, Western Australia, Australia	AS	AS08	5536	-21.25	118.3	-1594999	4	Pilbara, Western Australia, Australia	AS	AS08	5536	-21.25	118.3	-1594999	20260603194500	https://www.watoday.com.au/national/western-australia/experts-fear-wa-s-nature-is-unravelling-before-our-eyes-a-new-report-sets-out-to-turn-the-tide-20260603-p603ps.html
1307318391	20260603	202606	2026	2026.4192											AUS	AUSTRALIA	AUS								0	080	080	08	2	5.0	16	2	16	-1.71503957783641	0								4	Pilbara, Western Australia, Australia	AS	AS08	5536	-21.25	118.3	-1594999	4	Pilbara, Western Australia, Australia	AS	AS08	5536	-21.25	118.3	-1594999	20260603194500	https://www.watoday.com.au/national/western-australia/experts-fear-wa-s-nature-is-unravelling-before-our-eyes-a-new-report-sets-out-to-turn-the-tide-20260603-p603ps.html
1307318392	20260603	202606	2026	2026.4192											BEL	BRUSSELS	BEL								0	040	040	04	1	1.0	6	1	6	-7.32984293193718	0								4	Brussels, Bruxelles-Capitale, Belgium	BE	BE11	5850	50.8333	4.33333	-1955538	4	London, London, City of, United Kingdom	UK	UKH9	40110	51.5	-0.116667	-2601889	20260603194500	https://www.greanvillepost.com/assange-defamers-and-defenders-slugging-it-out-on-divers-media-platforms-part-1/
1307318393	20260603	202606	2026	2026.4192											BEL	BRUSSELS	BEL								0	040	040	04	1	1.0	2	1	2	-7.32984293193718	0								4	London, London, City of, United Kingdom	UK	UKH9	40110	51.5	-0.116667	-2601889	4	London, London, City of, United Kingdom	UK	UKH9	40110	51.5	-0.116667	-2601889	20260603194500	https://www.greanvillepost.com/assange-defamers-and-defenders-slugging-it-out-on-divers-media-platforms-part-1/
1307318394	20260603	202606	2026	2026.4192											BRA	BRAZIL	BRA								0	042	042	04	1	1.9	2	1	2	-1.62887959498129	0								1	Tunisia	TS	TS		34	9	TS	1	Tunisia	TS	TS		34	9	TS	20260603194500	https://www.greanvillepost.com/leo-zhao-brilliantly-explains-all-the-hidden-forces-behind-our-headlines-and-what-to-expect-for-the-future/
1307318395	20260603	202606	2026	2026.4192											BUS	BANK						BUS			1	173	173	17	4	-5.0	5	1	5	-8.3076923076923	0								2	Texas, United States	US	USTX		31.106	-97.6475	TX	2	Texas, United States	US	USTX		31.106	-97.6475	TX	20260603194500	https://keyt.com/news/ventura-county/2026/06/03/two-men-arrested-after-tracking-and-stealing-from-bank-customer-in-camarillo/
1307318396	20260603	202606	2026	2026.4192											BUS	TANKER						BUS			1	190	190	19	4	-10.0	1	1	1	-1.21951219512195	0								3	Dulzura, California, United States	US	USCA	CA073	32.6442	-116.781	270936	3	Dulzura, California, United States	US	USCA	CA073	32.6442	-116.781	270936	20260603194500	https://www.sandiegouniontribune.com/2026/06/03/600-firefighters-aided-by-helicopters-and-air-tankers-battle-fire-south-of-dulzura/
1307318397	20260603	202606	2026	2026.4192											CAN	CANADA	CAN								0	040	040	04	1	1.0	4	1	4	-0.1980198019802	0								4	Brantford, Ontario, Canada	CA	CA08	12642	43.1333	-80.2667	-561588	4	Brantford, Ontario, Canada	CA	CA08	12642	43.1333	-80.2667	-561588	20260603194500	https://www.theobserver.ca/news/local-news/mpp-will-bouma-removed-as-caucus-chair-by-premier-doug-ford
1307318398	20260603	202606	2026	2026.4192											CAN	TORONTO	CAN								1	042	042	04	1	1.9	5	1	5	-8.23529411764706	0								4	Toronto, Ontario, Canada	CA	CA08	12686	43.6667	-79.4167	-574890	4	Toronto, Ontario, Canada	CA	CA08	12686	43.6667	-79.4167	-574890	20260603194500	https://www.cp24.com/local/toronto/2026/06/03/pedestrian-hit-by-pickup-truck-in-scarborough-suffers-serious-injuries/
1307318399	20260603	202606	2026	2026.4192											CAN	CANADIAN	CAN								1	043	043	04	1	2.8	10	1	10	2.23880597014925	0								4	Camrose, Alberta, Canada	CA	CA01	154724	53.0167	-112.817	-562055	4	Camrose, Alberta, Canada	CA	CA01	154724	53.0167	-112.817	-562055	20260603194500	https://exclaim.ca/music/article/tenille-townes-announces-2026-2027-canadian-tour
1307318400	20260603	202606	2026	2026.4192											CHN	BEIJING	CHN								0	010	010	01	1	0.0	1	1	1	-0.43083900226757	0								1	United States	US	US		39.828175	-98.5795	US	1	United States	US	US		39.828175	-98.5795	US	20260603194500	https://www.greanvillepost.com/the-myth-of-chinese-capitalism-2/
1307318401	20260603	202606	2026	2026.4192											CHN	CHINESE	CHN								1	040	040	04	1	1.0	2	1	2	2.10526315789474	0								1	United Kingdom	UK	UK		54	-4	UK	1	China	CH	CH		35	105	CH	20260603194500	https://www.carmagazine.co.uk/car-news/industry-news/nissan/chery-sunderland/
1307318402	20260603	202606	2026	2026.4192											CHN	CHINA	CHN								0	042	042	04	1	1.9	2	1	2	-0.43083900226757	0								4	Tiananmen, Beijing, China	CH	CH22	13001	39.9072	116.391	-1928471	4	Tiananmen, Beijing, China	CH	CH22	13001	39.9072	116.391	-1928471	20260603194500	https://www.greanvillepost.com/the-myth-of-chinese-capitalism-2/
1307318403	20260603	202606	2026	2026.4192											CHN	CHINA	CHN								0	141	141	14	3	-6.5	1	1	1	-1.62887959498129	0								4	Tiananmen Square, Beijing, China	CH	CH22	13001	39.9044	116.391	9244097	4	Tiananmen Square, Beijing, China	CH	CH22	13001	39.9044	116.391	9244097	20260603194500	https://www.greanvillepost.com/leo-zhao-brilliantly-explains-all-the-hidden-forces-behind-our-headlines-and-what-to-expect-for-the-future/
1307318404	20260603	202606	2026	2026.4192											CHNBUS	CHINESE	CHN					BUS			1	040	040	04	1	1.0	3	1	3	2.10526315789474	0								1	China	CH	CH		35	105	CH	1	China	CH	CH		35	105	CH	20260603194500	https://www.carmagazine.co.uk/car-news/industry-news/nissan/chery-sunderland/
1307318405	20260603	202606	2026	2026.4192											CHNBUS	CHINESE	CHN					BUS			1	040	040	04	1	1.0	6	1	6	2.10526315789474	0								1	United Kingdom	UK	UK		54	-4	UK	1	China	CH	CH		35	105	CH	20260603194500	https://www.carmagazine.co.uk/car-news/industry-news/nissan/chery-sunderland/
1307318406	20260603	202606	2026	2026.4192											CHNGOV	XI JINPING	CHN					GOV			0	036	036	03	1	4.0	4	1	4	-0.43083900226757	0								4	Beijing, Beijing, China	CH	CH22	13001	39.9289	116.388	-1898541	4	Beijing, Beijing, China	CH	CH22	13001	39.9289	116.388	-1898541	20260603194500	https://www.greanvillepost.com/the-myth-of-chinese-capitalism-2/
1307318407	20260603	202606	2026	2026.4192											CHNGOV	XI JINPING	CHN					GOV			0	036	036	03	1	4.0	1	1	1	-0.43083900226757	0								1	United States	US	US		39.828175	-98.5795	US	1	United States	US	US		39.828175	-98.5795	US	20260603194500	https://www.greanvillepost.com/the-myth-of-chinese-capitalism-2/
1307318408	20260603	202606	2026	2026.4192											CHNGOV	CHINESE	CHN					GOV			0	051	051	05	1	3.4	1	1	1	-1.62887959498129	0								4	Tiananmen, Beijing, China	CH	CH22	13001	39.9072	116.391	-1928471	1	South Korea	KS	KS		37	127.5	KS	20260603194500	https://www.greanvillepost.com/leo-zhao-brilliantly-explains-all-the-hidden-forces-behind-our-headlines-and-what-to-expect-for-the-future/
1307318409	20260603	202606	2026	2026.4192											CHNGOV	CHINESE	CHN					GOV			0	1721	172	17	4	-5.0	1	1	1	-1.62887959498129	0								4	Tiananmen, Beijing, China	CH	CH22	13001	39.9072	116.391	-1928471	4	Tiananmen, Beijing, China	CH	CH22	13001	39.9072	116.391	-1928471	20260603194500	https://www.greanvillepost.com/leo-zhao-brilliantly-explains-all-the-hidden-forces-behind-our-headlines-and-what-to-expect-for-the-future/
1307318410	20260603	202606	2026	2026.4192											CHR	CHRISTIAN				CHR					1	020	020	02	1	3.0	9	3	9	-1.33333333333334	0								2	Tennessee, United States	US	USTN		35.7449	-86.7489	TN	2	Tennessee, United States	US	USTN		35.7449	-86.7489	TN	20260603194500	https://kpic.com/news/nation-world/speaker-johnson-says-we-should-love-our-neighbor-in-response-to-gop-reps-lgbt-post-andy-ogles-tennessee-christian
1307318411	20260603	202606	2026	2026.4192											COP	POLICE						COP			1	010	010	01	1	0.0	6	1	6	-5.12820512820512	0								3	Immanuel Lutheran Church, Ohio, United States	US	USOH		41.6684	-83.5119	1060137	3	Immanuel Lutheran Church, Ohio, United States	US	USOH		41.6684	-83.5119	1060137	20260603194500	https://www.13abc.com/2026/06/03/local-pastor-arrested-alleged-sex-crimes-against-minors/
1307318412	20260603	202606	2026	2026.4192											COP	POLICE						COP			1	020	020	02	1	3.0	10	1	10	-5.12820512820512	0								3	Immanuel Lutheran Church, Ohio, United States	US	USOH		41.6684	-83.5119	1060137	3	Immanuel Lutheran Church, Ohio, United States	US	USOH		41.6684	-83.5119	1060137	20260603194500	https://www.13abc.com/2026/06/03/local-pastor-arrested-alleged-sex-crimes-against-minors/
1307318413	20260603	202606	2026	2026.4192											COP	POLICE						COP			0	042	042	04	1	1.9	3	1	3	-5.08613617719442	0								3	Kern County, California, United States	US	USCA		35.2961	-118.668	2054176	3	Sacramento, California, United States	US	USCA	CA067	38.5816	-121.494	1659564	20260603194500	https://news3lv.com/news/local/fbi-neutralizes-man-in-bomb-threat-at-chase-building-in-bakersfield-10-hostages-rescued-bakersfield-chester-and-17th-street-police-department-kern-county-california
1307318414	20260603	202606	2026	2026.4192											COP	POLICE						COP			0	042	042	04	1	1.9	2	1	2	-5.08613617719442	0								3	Kern County, California, United States	US	USCA		35.2961	-118.668	2054176	3	Kern County, California, United States	US	USCA		35.2961	-118.668	2054176	20260603194500	https://news3lv.com/news/local/fbi-neutralizes-man-in-bomb-threat-at-chase-building-in-bakersfield-10-hostages-rescued-bakersfield-chester-and-17th-street-police-department-kern-county-california
1307318415	20260603	202606	2026	2026.4192											COP	PRISON						COP			1	043	043	04	1	2.8	2	1	2	-6.9164265129683	0								3	Myrtle Beach, South Carolina, United States	US	USSC		33.6891	-78.8867	1249770	3	Myrtle Beach, South Carolina, United States	US	USSC		33.6891	-78.8867	1249770	20260603194500	https://www.wmbfnews.com/2026/06/03/4-sentenced-after-mexico-based-drug-trafficking-ring-dismantled-myrtle-beach/
1307318416	20260603	202606	2026	2026.4192											COP	POLICE						COP			1	046	046	04	1	7.0	10	1	10	-9.39947780678847	0								2	Arizona, United States	US	USAZ		33.7712	-111.388	AZ	2	Arizona, United States	US	USAZ		33.7712	-111.388	AZ	20260603194500	https://1037theloon.com/ixp/67/p/aaron-wright-plea-deal/
1307318417	20260603	202606	2026	2026.4192											COP	DETECTIVE						COP			1	180	180	18	4	-9.0	5	1	5	-15.527950310559	0								3	Waialee, Hawaii, United States	US	USHI	HI003	21.6897	-158.026	364536	3	Waialee, Hawaii, United States	US	USHI	HI003	21.6897	-158.026	364536	20260603194500	https://www.kitv.com/news/crime/north-shore-beach-assault-leads-to-kidnapping-arrests-of-3-juveniles/article_787bc902-f7d1-4fc7-b1f8-a058c8afec79.html
1307318418	20260603	202606	2026	2026.4192											COP	POLICE						COP			1	190	190	19	4	-10.0	10	1	10	-5.29801324503311	0								2	South Carolina, United States	US	USSC		33.8191	-80.9066	SC	2	South Carolina, United States	US	USSC		33.8191	-80.9066	SC	20260603194500	https://www.wistv.com/2026/06/03/watch-gov-mcmaster-signs-bill-protecting-sc-police-animals/
1307318419	20260603	202606	2026	2026.4192											CRM	PEDOPHILE						CRM			0	020	020	02	1	3.0	6	1	6	-7.125	0								2	Texas, United States	US	USTX		31.106	-97.6475	TX	2	Texas, United States	US	USTX		31.106	-97.6475	TX	20260603194500	https://www.greanvillepost.com/assange-defamation-effort-is-old-cnn-had-to-retract-pedophile-claim-against-assange-after-wikileaks-threatened-lawsuit-in-2017/
1307318420	20260603	202606	2026	2026.4192											CRM	CROOK						CRM			1	043	043	04	1	2.8	2	1	2	3.87755102040816	0								3	Crooks Park, Colorado, United States	US	USCO		39.9972	-107.544	202156	3	Crooks Park, Colorado, United States	US	USCO		39.9972	-107.544	202156	20260603194500	https://www.theheraldtimes.com/community-calendar-june-4th-2026/rio-blanco-county/
1307318421	20260603	202606	2026	2026.4192											CVL	NEIGHBORHOOD						CVL			0	020	020	02	1	3.0	5	1	5	1.21786197564276	0								3	Miami, Florida, United States	US	USFL	FL086	25.7743	-80.1937	295004	3	Miami, Florida, United States	US	USFL	FL086	25.7743	-80.1937	295004	20260603194500	https://everything-pr.com/real-estate-ai-visibility-guide/
1307318422	20260603	202606	2026	2026.4192											CVL	BACKPACKER						CVL			0	036	036	03	1	4.0	6	2	6	1.00671140939598	0								4	Torres Strait, , Australia	AS	AS00	154697	-10.4167	142.167	-1605416	4	Torres Strait, , Australia	AS	AS00	154697	-10.4167	142.167	-1605416	20260603194500	https://www.theage.com.au/traveller/inspiration/stuck-in-a-northern-tropical-city-my-workday-routine-became-a-dream-20260520-p5zyzs.html
1307318423	20260603	202606	2026	2026.4192											CVL	COMMUNITY						CVL			1	036	036	03	1	4.0	4	1	4	7.26256983240224	0								3	Boulder City, Nevada, United States	US	USNV		35.9786	-114.832	858617	3	Boulder City, Nevada, United States	US	USNV		35.9786	-114.832	858617	20260603194500	https://news3lv.com/news/local/ndow-community-free-fishing-day-boulder-city-southern-nevada-wildlife-outdoors
1307318424	20260603	202606	2026	2026.4192											CVL	COMMUNITY						CVL			0	112	112	11	3	-2.0	6	1	6	-0.45801526717558	0								4	Puna, Maharashtra, India	IN	IN16	70178	18.5333	73.8667	-2108361	4	Puna, Maharashtra, India	IN	IN16	70178	18.5333	73.8667	-2108361	20260603194500	https://www.kitv.com/news/puna-community-comes-together-to-mourn-and-honor-three-men-killed/article_a49fbd39-c435-4997-8ed0-7908d6c324a4.html
1307318425	20260603	202606	2026	2026.4192											CVL	COMMUNITY						CVL			0	130	130	13	3	-4.4	10	1	10	-8.42911877394636	0								4	Ottawa, Ontario, Canada	CA	CA08	12755	45.4167	-75.7	-570760	4	Ottawa, Ontario, Canada	CA	CA08	12755	45.4167	-75.7	-570760	20260603194500	https://www.cp24.com/news/canada/2026/06/03/11-people-arrested-in-investigation-into-demand-for-underage-sex-work-in-ottawa-police-say/
1307318426	20260603	202606	2026	2026.4192											DEU	GERMAN	DEU								1	042	042	04	1	1.9	10	1	10	-4.88322717622081	0								4	Hirschen, Baden-Wüberg, Germany	GM	GM01	16535	47.7333	10.0167	-1792937	4	Hirschen, Baden-Wüberg, Germany	GM	GM01	16535	47.7333	10.0167	-1792937	20260603194500	https://en.tempo.co/read/2106697/german-hotel-apologizes-for-no-jews-allowed-message
1307318427	20260603	202606	2026	2026.4192											ECU	ECUADOR	ECU								0	051	051	05	1	3.4	2	1	2	-7.125	0								1	Ecuador	EC	EC		-2	-77.5	EC	1	Ecuador	EC	EC		-2	-77.5	EC	20260603194500	https://www.greanvillepost.com/assange-defamation-effort-is-old-cnn-had-to-retract-pedophile-claim-against-assange-after-wikileaks-threatened-lawsuit-in-2017/
1307318428	20260603	202606	2026	2026.4192											EDU	SCHOOL						EDU			0	043	043	04	1	2.8	4	1	4	-0.77145612343298	0								4	Alicante, Valenciana, Spain	SP	SP60	25811	38.3462	-0.487722	-370210	4	Alicante, Valenciana, Spain	SP	SP60	25811	38.3462	-0.487722	-370210	20260603194500	https://theleader.info/2026/06/03/british-child-born-in-spain-denied-residency/
1307318429	20260603	202606	2026	2026.4192											EDU	SCHOOL						EDU			1	043	043	04	1	2.8	10	1	10	3.39622641509434	0								4	Gogni, Eritrea (general), Eritrea	ER	ER00	15867	15.085	37.4019	-611914	4	Gogni, Eritrea (general), Eritrea	ER	ER00	15867	15.085	37.4019	-611914	20260603194500	https://www.africa-newsroom.com/press/eritrea-construction-of-elementary-school-in-gogni-subzone
1307318430	20260603	202606	2026	2026.4192											EDU	SCHOOL						EDU			0	051	051	05	1	3.4	10	1	10	3.92422192151556	0								4	Manila, Manila, Philippines	RP	RPD9	24210	14.6042	120.982	-2437894	4	Manila, Manila, Philippines	RP	RPD9	24210	14.6042	120.982	-2437894	20260603194500	https://www.manilatimes.net/2026/06/04/supplements/strengthening-early-learning-how-metrobank-foundation-supports-learning-recovery/2358107
1307318431	20260603	202606	2026	2026.4192											EDU	SCHOOL						EDU			1	124	124	12	3	-4.0	5	1	5	7.41444866920152	0								2	Missouri, United States	US	USMO		38.4623	-92.302	MO	3	Chicago, Illinois, United States	US	USIL	IL031	41.85	-87.6501	423587	20260603194500	https://www.webwire.com/ViewPressRel.asp?aId=354960
1307318432	20260603	202606	2026	2026.4192											EGY	EGYPT	EGY								1	0841	084	08	2	7.0	2	1	2	-2.37247924080664	0								1	Egypt	EG	EG		27	30	EG	1	Egypt	EG	EG		27	30	EG	20260603194500	https://www.comingsoon.net/movies/features/2142430-lee-cronin-the-mummy-twist-ending-explained-interview
1307318433	20260603	202606	2026	2026.4192											EGY	ALEXANDRIA	EGY								1	140	140	14	3	-6.5	2	1	2	0.3448275862069	0								4	Dunvegan, Highland, United Kingdom	UK	UKV3	40178	57.4333	-6.58333	-2594970	4	Dunvegan, Highland, United Kingdom	UK	UKV3	40178	57.4333	-6.58333	-2594970	20260603194500	https://www.standard-freeholder.com:443/news/events-paused-dunvegan-recreation-association-hall
1307318434	20260603	202606	2026	2026.4192											ELI	ACTOR						ELI			1	043	043	04	1	2.8	10	1	10	6.02836879432624	0								4	Bengaluru, Karnataka, India	IN	IN19	70159	12.9833	77.5833	-2090174	4	Bengaluru, Karnataka, India	IN	IN19	70159	12.9833	77.5833	-2090174	20260603194500	https://khabarindia.in/aamir-khan-to-marry-gauri-spratt-on-july-5/
1307318435	20260603	202606	2026	2026.4192											ESPEDU	SPAIN	ESP					EDU			0	043	043	04	1	2.8	4	1	4	-0.77145612343298	0								4	Alicante, Valenciana, Spain	SP	SP60	25811	38.3462	-0.487722	-370210	4	Alicante, Valenciana, Spain	SP	SP60	25811	38.3462	-0.487722	-370210	20260603194500	https://theleader.info/2026/06/03/british-child-born-in-spain-denied-residency/
1307318436	20260603	202606	2026	2026.4192											EUR	EUROPE	EUR								1	060	060	06	2	6.0	4	1	4	1.58730158730159	0								4	Berlin, Berlin, Germany	GM	GM16	16538	52.5167	13.4	-1746443	4	Berlin, Berlin, Germany	GM	GM16	16538	52.5167	13.4	-1746443	20260603194500	https://www.iclarified.com/101041/apple-to-open-first-european-developer-center-in-berlin-later-this-year
1307318437	20260603	202606	2026	2026.4192											FRA	NANTES	FRA								1	036	036	03	1	4.0	2	1	2	-1.44927536231884	0								4	Saint Florentin, Centre, France	FR	FRA3	16262	47.0782	1.80066	-1465351	4	Saint Florentin, Centre, France	FR	FRA3	16262	47.0782	1.80066	-1465351	20260603194500	https://www.manilatimes.net/2026/06/04/tmt-newswire/globenewswire/annual-general-meeting-on-june-24-2026-procedures-for-obtaining-preparatory-documents-for-the-general-meeting/2358247
1307318438	20260603	202606	2026	2026.4192											FRA	NANTES	FRA								1	046	046	04	1	7.0	4	1	4	-1.44927536231884	0								4	Saint Florentin, Centre, France	FR	FRA3	16262	47.0782	1.80066	-1465351	4	Saint Florentin, Centre, France	FR	FRA3	16262	47.0782	1.80066	-1465351	20260603194500	https://www.manilatimes.net/2026/06/04/tmt-newswire/globenewswire/annual-general-meeting-on-june-24-2026-procedures-for-obtaining-preparatory-documents-for-the-general-meeting/2358247
1307318439	20260603	202606	2026	2026.4192											FRA	FRANCE	FRA								1	051	051	05	1	3.4	2	1	2	4.76190476190476	0								4	Mulhouse, Alsace, France	FR	FRC1	16239	47.7381	7.34793	-1454215	4	Mulhouse, Alsace, France	FR	FRC1	16239	47.7381	7.34793	-1454215	20260603194500	https://finance.yahoo.com/sectors/technology/articles/stellantis-commits-over-1-billion-102305350.html
1307318440	20260603	202606	2026	2026.4192											FRAMIL	FRANCE	FRA					MIL			0	190	190	19	4	-10.0	2	1	2	-0.37293553542888	0								1	France	FR	FR		46	2	FR	1	France	FR	FR		46	2	FR	20260603194500	https://screenrant.com/star-trek-generations-every-death-explained/
1307318441	20260603	202606	2026	2026.4192											GBR	UNITED KINGDOM	GBR								1	020	020	02	1	3.0	8	1	8	-5.23255813953488	0								4	Sussex, East Sussex, United Kingdom	UK	UKE2	40137	50.9167	-0.083333	-2609142	4	Sussex, East Sussex, United Kingdom	UK	UKE2	40137	50.9167	-0.083333	-2609142	20260603194500	https://www.theargus.co.uk/news/26163747.man-charged-imitation-firearm-incident-bognor/
1307318442	20260603	202606	2026	2026.4192											GBR	UNITED KINGDOM	GBR								1	042	042	04	1	1.9	6	1	6	0.3448275862069	0								4	Dunvegan, Highland, United Kingdom	UK	UKV3	40178	57.4333	-6.58333	-2594970	4	Dunvegan, Highland, United Kingdom	UK	UKV3	40178	57.4333	-6.58333	-2594970	20260603194500	https://www.standard-freeholder.com:443/news/events-paused-dunvegan-recreation-association-hall
1307318443	20260603	202606	2026	2026.4192											GBR	UNITED KINGDOM	GBR								1	042	042	04	1	1.9	2	1	2	-0.26109660574413	0								4	Pulborough, West Sussex, United Kingdom	UK	UKP6	40137	50.95	-0.516667	-2605778	4	Pulborough, West Sussex, United Kingdom	UK	UKP6	40137	50.95	-0.516667	-2605778	20260603194500	https://www.theargus.co.uk/news/26164390.steam-traction-engine-seen-a272-near-haywards-heath/
1307318444	20260603	202606	2026	2026.4192											GBR	UNITED KINGDOM	GBR								1	042	042	04	1	1.9	4	1	4	-0.26109660574413	0								4	Pulborough, West Sussex, United Kingdom	UK	UKP6	40137	50.95	-0.516667	-2605778	4	Sussex, East Sussex, United Kingdom	UK	UKE2	40137	50.9167	-0.083333	-2609142	20260603194500	https://www.theargus.co.uk/news/26164390.steam-traction-engine-seen-a272-near-haywards-heath/
1307318445	20260603	202606	2026	2026.4192											GBR	UNITED KINGDOM	GBR								1	042	042	04	1	1.9	2	1	2	-0.26109660574413	0								4	Sussex, East Sussex, United Kingdom	UK	UKE2	40137	50.9167	-0.083333	-2609142	4	Sussex, East Sussex, United Kingdom	UK	UKE2	40137	50.9167	-0.083333	-2609142	20260603194500	https://www.theargus.co.uk/news/26164390.steam-traction-engine-seen-a272-near-haywards-heath/
1307318446	20260603	202606	2026	2026.4192											GBR	UNITED KINGDOM	GBR								0	043	043	04	1	2.8	2	1	2	4.50980392156863	0								4	Hawick, Scottish Borders, The, United Kingdom	UK	UKT9	40167	55.4333	-2.78333	-2598325	4	Hawick, Scottish Borders, The, United Kingdom	UK	UKT9	40167	55.4333	-2.78333	-2598325	20260603194500	https://thewhiskeywash.com/whiskey-news/the-borders-distillery-welcomes-first-distiller-for-a-day/
1307318447	20260603	202606	2026	2026.4192											GBR	UNITED KINGDOM	GBR								0	060	060	06	2	6.0	5	1	5	0.3448275862069	0								4	Dunvegan, Highland, United Kingdom	UK	UKV3	40178	57.4333	-6.58333	-2594970	4	Dunvegan, Highland, United Kingdom	UK	UKV3	40178	57.4333	-6.58333	-2594970	20260603194500	https://www.standard-freeholder.com:443/news/events-paused-dunvegan-recreation-association-hall
1307318448	20260603	202606	2026	2026.4192											GBR	UNITED KINGDOM	GBR								0	060	060	06	2	6.0	1	1	1	0.3448275862069	0								4	Glengarry, Perth and Kinross, United Kingdom	UK	UKW1	40177	56.7833	-4.1	-2596776	4	Glengarry, Perth and Kinross, United Kingdom	UK	UKW1	40177	56.7833	-4.1	-2596776	20260603194500	https://www.standard-freeholder.com:443/news/events-paused-dunvegan-recreation-association-hall
1307318449	20260603	202606	2026	2026.4192											GBR	BRITISH	GBR								1	173	173	17	4	-5.0	1	1	1	-5.23255813953488	0								4	Sussex, East Sussex, United Kingdom	UK	UKE2	40137	50.9167	-0.083333	-2609142	4	Sussex, East Sussex, United Kingdom	UK	UKE2	40137	50.9167	-0.083333	-2609142	20260603194500	https://www.theargus.co.uk/news/26163747.man-charged-imitation-firearm-incident-bognor/
1307318450	20260603	202606	2026	2026.4192											GBRMIL	UNITED KINGDOM	GBR					MIL			0	036	036	03	1	4.0	2	1	2	-5.16751845542306	0								4	Coagh, Cookstown, United Kingdom	UK	UKR7	40151	54.65	-6.61667	-2592898	4	Coagh, Cookstown, United Kingdom	UK	UKR7	40151	54.65	-6.61667	-2592898	20260603194500	https://www.dailymail.com/news/article-15839501/Veterans-fury-Al-Carns-betrayed-British-war-heroes.html
1307318451	20260603	202606	2026	2026.4192											GOV	MINISTRY						GOV			0	017	017	01	1	0.0	2	1	2	7.02781844802343	0								4	Igbagun, Nigeria (general), Nigeria	NI	NI00	191154	8.78333	4.28333	-2010987	4	Igbagun, Nigeria (general), Nigeria	NI	NI00	191154	8.78333	4.28333	-2010987	20260603194500	https://statehouse.gov.ng/you-are-a-national-asset-gbajabiamila-tells-minister-designate-amb-enikanolaiye-at-send-off-ceremony/
1307318452	20260603	202606	2026	2026.4192											GOV	MINISTRY						GOV			0	017	017	01	1	0.0	8	1	8	7.02781844802343	0								4	Lagos, Lagos, Nigeria	NI	NI05	191416	6.45306	3.39583	-2017355	4	Lagos, Lagos, Nigeria	NI	NI05	191416	6.45306	3.39583	-2017355	20260603194500	https://statehouse.gov.ng/you-are-a-national-asset-gbajabiamila-tells-minister-designate-amb-enikanolaiye-at-send-off-ceremony/
1307318453	20260603	202606	2026	2026.4192											GOV	GOVERNMENT COMMISSION						GOV			1	036	036	03	1	4.0	5	1	5	3.6144578313253	0								2	Pennsylvania, United States	US	USPA		40.5773	-77.264	PA	2	Pennsylvania, United States	US	USPA		40.5773	-77.264	PA	20260603194500	https://www.erienewsnow.com/news/pa-senate-approves-child-online-safety-task-force/article_a3c33502-d0e5-478c-ba53-090bf54f1d49.html
1307318454	20260603	202606	2026	2026.4192											GOV	MAYOR						GOV			0	040	040	04	1	1.0	6	1	6	3.24963072378139	0								3	Sacramento, California, United States	US	USCA	CA067	38.5816	-121.494	1659564	3	Sacramento, California, United States	US	USCA	CA067	38.5816	-121.494	1659564	20260603194500	https://gnnliberia.com/president-boakais-california-visit-setting-the-record-straight/
1307318455	20260603	202606	2026	2026.4192											GOV	MINISTRY						GOV			0	042	042	04	1	1.9	2	1	2	7.02781844802343	0								4	Igbagun, Nigeria (general), Nigeria	NI	NI00	191154	8.78333	4.28333	-2010987	4	Igbagun, Nigeria (general), Nigeria	NI	NI00	191154	8.78333	4.28333	-2010987	20260603194500	https://statehouse.gov.ng/you-are-a-national-asset-gbajabiamila-tells-minister-designate-amb-enikanolaiye-at-send-off-ceremony/
1307318456	20260603	202606	2026	2026.4192											GOV	GOVERNMENT						GOV			1	042	042	04	1	1.9	6	1	6	-2.61506276150627	0								4	Nairobi, Nairobi Area, Kenya	KE	KE05	18585	-1.28333	36.8167	-2258072	4	Nairobi, Nairobi Area, Kenya	KE	KE05	18585	-1.28333	36.8167	-2258072	20260603194500	https://www.standardmedia.co.ke/opinion/article/2001549467/of-wajir-madaraka-and-the-painted-road
1307318457	20260603	202606	2026	2026.4192											GOV	FIREFIGHTER						GOV			1	043	043	04	1	2.8	8	1	8	-2.75590551181103	0								5	Kano State, Kano, Nigeria	NI	NI29	191066	11.5	8.5	-2014618	5	Kano State, Kano, Nigeria	NI	NI29	191066	11.5	8.5	-2014618	20260603194500	https://dailytrust.com/man-dies-attempting-to-retrieve-phone-from-abandoned-well/
1307318458	20260603	202606	2026	2026.4192											GOV	KINGDOM						GOV			1	043	043	04	1	2.8	8	1	8	0.546448087431696	0								4	Jazan, Jizan, Saudi Arabia	SA	SA17	25310	16.8892	42.5511	-3096152	4	Makkah, Makkah, Saudi Arabia	SA	SA14	25312	21.4267	39.8261	-3096949	20260603194500	https://www.arabnews.com/node/2645919/saudi-arabia
1307318459	20260603	202606	2026	2026.4192											GOV	MAYOR						GOV			1	043	043	04	1	2.8	6	1	6	5.74074074074074	0								2	Michigan, United States	US	USMI		43.3504	-84.5603	MI	2	Michigan, United States	US	USMI		43.3504	-84.5603	MI	20260603194500	https://www.candgnews.com/news/may-we-honor-their-memory-11175
1307318460	20260603	202606	2026	2026.4192											GOV	MINISTRY						GOV			0	046	046	04	1	7.0	2	1	2	7.02781844802343	0								4	Igbagun, Nigeria (general), Nigeria	NI	NI00	191154	8.78333	4.28333	-2010987	4	Igbagun, Nigeria (general), Nigeria	NI	NI00	191154	8.78333	4.28333	-2010987	20260603194500	https://statehouse.gov.ng/you-are-a-national-asset-gbajabiamila-tells-minister-designate-amb-enikanolaiye-at-send-off-ceremony/
1307318461	20260603	202606	2026	2026.4192											GOV	MINISTRY						GOV			0	046	046	04	1	7.0	8	1	8	7.02781844802343	0								4	Lagos, Lagos, Nigeria	NI	NI05	191416	6.45306	3.39583	-2017355	4	Lagos, Lagos, Nigeria	NI	NI05	191416	6.45306	3.39583	-2017355	20260603194500	https://statehouse.gov.ng/you-are-a-national-asset-gbajabiamila-tells-minister-designate-amb-enikanolaiye-at-send-off-ceremony/
1307318462	20260603	202606	2026	2026.4192											GOV	FIREFIGHTER						GOV			1	190	190	19	4	-10.0	3	1	3	-1.21951219512195	0								3	Dulzura, California, United States	US	USCA	CA073	32.6442	-116.781	270936	3	Dulzura, California, United States	US	USCA	CA073	32.6442	-116.781	270936	20260603194500	https://www.sandiegouniontribune.com/2026/06/03/600-firefighters-aided-by-helicopters-and-air-tankers-battle-fire-south-of-dulzura/
1307318463	20260603	202606	2026	2026.4192											GOVEDU	EDUCATION DEPARTMENT						GOV	EDU		1	042	042	04	1	1.9	10	1	10	0	0								0								0								20260603194500	https://kashmirlife.net/cs-directs-operationalisation-of-hostel-infrastructure-across-jammu-kashmir-438748/
1307318464	20260603	202606	2026	2026.4192											GOVPTY	RULING PARTY						GOV			0	042	042	04	1	1.9	10	1	10	-0.27416038382454	0								5	Kerala, Kerala, India	IN	IN13	17699	10	76.5	-2100307	5	Kerala, Kerala, India	IN	IN13	17699	10	76.5	-2100307	20260603194500	https://www.thehindu.com/opinion/lead/assembly-poll-results-that-recast-the-political-landscape/article71057990.ece
1307318465	20260603	202606	2026	2026.4192											GRC	GREECE	GRC								1	036	036	03	1	4.0	10	1	10	5.24475524475525	0								4	Santorini, Perifereia Notiou Aigaiou, Greece	GR	GR61	16709	36.3956	25.4592	-829276	4	Santorini, Perifereia Notiou Aigaiou, Greece	GR	GR61	16709	36.3956	25.4592	-829276	20260603194500	https://www.express.co.uk/travel/articles/2213094/major-airline-new-route-flights
1307318466	20260603	202606	2026	2026.4192											IRL	IRELAND	IRL								1	173	173	17	4	-5.0	6	1	6	-4.58911419423692	0								4	Drogheda, Louth, Ireland	EI	EI19	18299	53.7189	-6.34778	-1502467	4	Drogheda, Louth, Ireland	EI	EI19	18299	53.7189	-6.34778	-1502467	20260603194500	https://www.irishmirror.ie/news/irish-news/drogheda-mum-daughter-jailed-laundering-37244618
1307318467	20260603	202606	2026	2026.4192											IRL	IRELAND	IRL								1	173	173	17	4	-5.0	6	1	4	-4.58911419423692	0								4	Moneymore, Wicklow, Ireland	EI	EI31	18309	52.9753	-6.76694	407030	4	Moneymore, Wicklow, Ireland	EI	EI31	18309	52.9753	-6.76694	407030	20260603194500	https://www.irishmirror.ie/news/irish-news/drogheda-mum-daughter-jailed-laundering-37244618
1307318468	20260603	202606	2026	2026.4192											IRN	IRAN	IRN								0	014	014	01	1	0.0	16	1	16	0.12194696638052	0								1	Iran	IR	IR		32	53	IR	1	Iran	IR	IR		32	53	IR	20260603194500	https://www.iberkshires.com/story/82827/OLLI-at-BCC-Opens-Art-Exhibition.html
1307318469	20260603	202606	2026	2026.4192											IRN	IRAN	IRN								0	040	040	04	1	1.0	2	1	2	-2.57936507936508	0								4	Marad, Khuzestan, Iran	IR	IR15	36787	30.5033	48.3142	-3074020	4	Marad, Khuzestan, Iran	IR	IR15	36787	30.5033	48.3142	-3074020	20260603194500	https://gcaptain.com/maritime-action-plan-takes-center-stage-as-congress-reviews-marad-fmc-budgets/
1307318470	20260603	202606	2026	2026.4192											ITA	NAPLES	ITA								1	061	061	06	2	6.4	10	1	10	4.21245421245421	0								4	Milan, Lombardia, Italy	IT	IT09	18363	45.4667	9.2	-121726	4	Milan, Lombardia, Italy	IT	IT09	18363	45.4667	9.2	-121726	20260603194500	https://patch.com/new-york/glencove/24-year-old-open-local-pizzeria-following-his-late-grandfathers-footsteps
1307318471	20260603	202606	2026	2026.4192											JEW	JEWISH				JEW					1	190	190	19	4	-10.0	10	1	10	-6.72043010752688	0								4	Toronto, Ontario, Canada	CA	CA08	12686	43.6667	-79.4167	-574890	4	Toronto, Ontario, Canada	CA	CA08	12686	43.6667	-79.4167	-574890	20260603194500	https://www.cp24.com/local/toronto/2026/06/03/more-arrests-made-in-targeted-and-organized-incidents-of-shots-being-fired-at-jewish-people/
1307318472	20260603	202606	2026	2026.4192											JUD	ATTORNEY						JUD			1	040	040	04	1	1.0	6	1	6	-10.1449275362319	0								2	Nevada, United States	US	USNV		38.4199	-117.122	NV	2	Nevada, United States	US	USNV		38.4199	-117.122	NV	20260603194500	https://news3lv.com/features/breaking-down-the-law/rebas-law-set-for-early-test-as-teen-faces-15-felony-counts-in-horse-stabbing-case
1307318473	20260603	202606	2026	2026.4192											JUD	PROSECUTOR						JUD			0	112	112	11	3	-2.0	2	1	2	-14.1242937853108	0								3	Maricopa County, Arizona, United States	US	USAZ		33.5	-112.501	37026	3	Maricopa County, Arizona, United States	US	USAZ		33.5	-112.501	37026	20260603194500	https://ktar.com/arizona-news/father-fatal-overdose-prescott/5876539/
1307318474	20260603	202606	2026	2026.4192											JUD	MAGISTRATE						JUD			1	173	173	17	4	-5.0	9	1	9	-5.23255813953488	0								4	Bognor, West Sussex, United Kingdom	UK	UKP6	40137	50.7833	-0.65	-2590331	4	Bognor, West Sussex, United Kingdom	UK	UKP6	40137	50.7833	-0.65	-2590331	20260603194500	https://www.theargus.co.uk/news/26163747.man-charged-imitation-firearm-incident-bognor/
1307318475	20260603	202606	2026	2026.4192											JUD	MAGISTRATE						JUD			1	173	173	17	4	-5.0	1	1	1	-5.23255813953488	0								4	Sussex, East Sussex, United Kingdom	UK	UKE2	40137	50.9167	-0.083333	-2609142	4	Sussex, East Sussex, United Kingdom	UK	UKE2	40137	50.9167	-0.083333	-2609142	20260603194500	https://www.theargus.co.uk/news/26163747.man-charged-imitation-firearm-incident-bognor/
1307318476	20260603	202606	2026	2026.4192											LBN	LEBANON	LBN								0	043	043	04	1	2.8	1	1	1	-4.11764705882353	0								2	New York, United States	US	USNY		42.1497	-74.9384	NY	2	New York, United States	US	USNY		42.1497	-74.9384	NY	20260603194500	https://dominicanrepublicpost.com/netanyahu-downplays-us-israel-rift-after-trump-confirms-criticism/
1307318477	20260603	202606	2026	2026.4192											LBN	LEBANON	LBN								0	181	181	18	4	-9.0	1	1	1	-4.11764705882353	0								2	New York, United States	US	USNY		42.1497	-74.9384	NY	2	New York, United States	US	USNY		42.1497	-74.9384	NY	20260603194500	https://dominicanrepublicpost.com/netanyahu-downplays-us-israel-rift-after-trump-confirms-criticism/
1307318478	20260603	202606	2026	2026.4192											LBR	LIBERIA	LBR								1	040	040	04	1	1.0	4	1	4	3.11750599520383	0								4	Monrovia, Montserrado, Liberia	LI	LI14	147290	6.31056	-10.8047	-2134012	4	Grand Bassa, Grand Bassa, Liberia	LI	LI11	147175	5.88083	-10.0467	-2130737	20260603194500	https://gnnliberia.com/advancing-fiscal-decentralization-and-local-revenue-in-liberia/
1307318479	20260603	202606	2026	2026.4192											LEG	CONGRESS						LEG			1	030	030	03	1	4.0	5	1	5	4	0								1	Vietnam, Republic Of	VM	VM		16.166667	107.833333	VM	1	Vietnam, Republic Of	VM	VM		16.166667	107.833333	VM	20260603194500	https://sanangelolive.com/news/politics/2026-06-03/pfluger-pushes-posthumous-medal-honor-vietnam-pilot-who-died-protecting-secrets
1307318480	20260603	202606	2026	2026.4192											LEG	SENATOR						LEG			1	173	173	17	4	-5.0	6	1	6	-4.18181818181818	0								4	Magdalo, Iloilo, Philippines	RP	RP30	24250	11.0508	122.793	-2435628	4	Magdalo, Iloilo, Philippines	RP	RP30	24250	11.0508	122.793	-2435628	20260603194500	https://www.manilatimes.net/2026/06/04/news/national/groups-sue-senators-for-obstructing-justice/2358055
1307318481	20260603	202606	2026	2026.4192											LEG	SENATE						LEG			1	190	190	19	4	-10.0	10	1	10	-5.03693754197448	0								1		RB	RB				RB	1		RB	RB				RB	20260603194500	https://www.greanvillepost.com/108895/
1307318482	20260603	202606	2026	2026.4192											MDV	MALE	MDV								1	040	040	04	1	1.0	8	1	8	-8.80503144654087	0								2	Indiana, United States	US	USIN		39.8647	-86.2604	IN	2	Indiana, United States	US	USIN		39.8647	-86.2604	IN	20260603194500	https://www.wthitv.com:443/2026/06/01/police-worthington-man-was-drunk-had-drugs-child-car-after-crash/
1307318483	20260603	202606	2026	2026.4192											MED	JOURNALIST						MED			1	042	042	04	1	1.9	10	1	10	-2.37247924080664	0								1	Egypt	EG	EG		27	30	EG	1	Egypt	EG	EG		27	30	EG	20260603194500	https://www.comingsoon.net/movies/features/2142430-lee-cronin-the-mummy-twist-ending-explained-interview
1307318484	20260603	202606	2026	2026.4192											MIL	MILITARY						MIL			0	050	050	05	1	3.5	1	1	1	-7.50507099391481	0								4	Chone, ManabíC, Ecuador	EC	EC14	18585	-0.683333	-80.1	-925870	4	Chone, ManabíC, Ecuador	EC	EC14	18585	-0.683333	-80.1	-925870	20260603194500	https://www.wdef.com/8-bodies-found-in-plastic-bags-with-note-left-at-scene-in-narco-trafficking-hotspot-in-ecuador/
1307318485	20260603	202606	2026	2026.4192											MIL	MILITARY						MIL			0	050	050	05	1	3.5	3	1	3	-7.50507099391481	0								4	Guayaquil, Guayas, Ecuador	EC	EC10	18585	-2.16667	-79.9	-927505	4	Guayaquil, Guayas, Ecuador	EC	EC10	18585	-2.16667	-79.9	-927505	20260603194500	https://www.wdef.com/8-bodies-found-in-plastic-bags-with-note-left-at-scene-in-narco-trafficking-hotspot-in-ecuador/
1307318486	20260603	202606	2026	2026.4192											MIL	MILITARY						MIL			0	050	050	05	1	3.5	1	1	1	-7.50507099391481	0								1	United States	US	US		39.828175	-98.5795	US	1	United States	US	US		39.828175	-98.5795	US	20260603194500	https://www.wdef.com/8-bodies-found-in-plastic-bags-with-note-left-at-scene-in-narco-trafficking-hotspot-in-ecuador/
1307318487	20260603	202606	2026	2026.4192											MIL	NAVAL						MIL			0	051	051	05	1	3.4	10	1	10	4.24448217317488	0								4	Philippine, Benguet, Philippines	RP	RP10	24213	16.45	120.55	-2445611	4	Philippine, Benguet, Philippines	RP	RP10	24213	16.45	120.55	-2445611	20260603194500	https://www.manilatimes.net/2026/06/04/news/national/filipinos-back-patrols-diplomacy/2358045
1307318488	20260603	202606	2026	2026.4192											MIL	CAPTAIN						MIL			0	190	190	19	4	-10.0	6	1	6	-0.37293553542888	0								1	France	FR	FR		46	2	FR	1	France	FR	FR		46	2	FR	20260603194500	https://screenrant.com/star-trek-generations-every-death-explained/
1307318489	20260603	202606	2026	2026.4192											MNCKOR	SAMSUNG	KOR					MNC			0	061	061	06	2	6.4	10	1	10	4.03422982885085	0								2	Louisiana, United States	US	USLA		31.1801	-91.8749	LA	2	Louisiana, United States	US	USLA		31.1801	-91.8749	LA	20260603194500	https://www.manilatimes.net/2026/06/04/tmt-newswire/globenewswire/delfin-midstream-announces-5-billion-final-investment-decision-for-first-flng-vessel/2358251
1307318490	20260603	202606	2026	2026.4192											MNCKOR	SAMSUNG	KOR					MNC			0	186	186	18	4	-10.0	10	1	10	4.03422982885085	0								2	Louisiana, United States	US	USLA		31.1801	-91.8749	LA	2	Louisiana, United States	US	USLA		31.1801	-91.8749	LA	20260603194500	https://www.manilatimes.net/2026/06/04/tmt-newswire/globenewswire/delfin-midstream-announces-5-billion-final-investment-decision-for-first-flng-vessel/2358251
1307318491	20260603	202606	2026	2026.4192											MNCUSA	DISNEY	USA					MNC			0	020	020	02	1	3.0	4	1	4	-7.1599045346062	0								3	Walt Disney World, Florida, United States	US	USFL		28.4117	-81.5826	292855	3	Walt Disney World, Florida, United States	US	USFL		28.4117	-81.5826	292855	20260603194500	https://www.aol.co.uk/articles/irate-disney-customer-ripped-worker-191624185.html
1307318492	20260603	202606	2026	2026.4192											MNCUSA	DISNEY	USA					MNC			0	020	020	02	1	3.0	6	1	6	-7.1599045346062	0								2	Florida, United States	US	USFL		27.8333	-81.717	FL	2	Florida, United States	US	USFL		27.8333	-81.717	FL	20260603194500	https://www.aol.co.uk/articles/irate-disney-customer-ripped-worker-191624185.html
1307318493	20260603	202606	2026	2026.4192											MNCUSA	STARBUCKS	USA					MNC			1	112	112	11	3	-2.0	10	1	10	-4.20711974110032	0								3	Philadelphia, Pennsylvania, United States	US	USPA	PA101	39.9523	-75.1638	1209052	3	Philadelphia, Pennsylvania, United States	US	USPA	PA101	39.9523	-75.1638	1209052	20260603194500	https://www.legalnewsline.com/pennsylvania-record/pennsylvania-record/starbucks-accused-of-betraying-north-philly-after-scandal/article_0912e54c-56d1-42e0-bf69-ed0ee999709f.html
1307318494	20260603	202606	2026	2026.4192											MNCUSA	STARBUCKS	USA					MNC			1	160	160	16	4	-4.0	10	1	10	-4.20711974110032	0								3	Philadelphia, Pennsylvania, United States	US	USPA	PA101	39.9523	-75.1638	1209052	3	Philadelphia, Pennsylvania, United States	US	USPA	PA101	39.9523	-75.1638	1209052	20260603194500	https://www.legalnewsline.com/pennsylvania-record/pennsylvania-record/starbucks-accused-of-betraying-north-philly-after-scandal/article_0912e54c-56d1-42e0-bf69-ed0ee999709f.html
1307318495	20260603	202606	2026	2026.4192											NGA	NIGERIA	NGA								1	0841	084	08	2	7.0	3	1	3	-2.75590551181103	0								5	Kano State, Kano, Nigeria	NI	NI29	191066	11.5	8.5	-2014618	5	Kano State, Kano, Nigeria	NI	NI29	191066	11.5	8.5	-2014618	20260603194500	https://dailytrust.com/man-dies-attempting-to-retrieve-phone-from-abandoned-well/
1307318496	20260603	202606	2026	2026.4192											NRMRAC020	CREATIVITY				NRM					0	045	045	04	1	5.0	10	1	10	3.79061371841155	0								4	Paris, France (general), France	FR	FR00	16282	48.8667	2.33333	-1456928	4	Paris, France (general), France	FR	FR00	16282	48.8667	2.33333	-1456928	20260603194500	https://www.webwire.com/ViewPressRel.asp?aId=355733
1307318497	20260603	202606	2026	2026.4192											PHL	PHILIPPINE	PHL								1	173	173	17	4	-5.0	4	1	4	1.32978723404255	0								4	Batangas, Batangas City, Philippines	RP	RPA7	24231	13.7567	121.058	-2413040	4	Batangas, Batangas City, Philippines	RP	RPA7	24231	13.7567	121.058	-2413040	20260603194500	https://www.manilatimes.net/2026/06/04/news/national/doe-sues-leviste-for-unfinished-solar-project/2358058
1307318498	20260603	202606	2026	2026.4192											QAT	QATAR	QAT								0	046	046	04	1	7.0	1	1	1	-2.13930348258706	0								1	Saudi Arabia	SA	SA		25	45	SA	1	Saudi Arabia	SA	SA		25	45	SA	20260603194500	https://foreignpolicy.com/2026/06/03/america-africa-adventurism-emirates-qatar/
1307318499	20260603	202606	2026	2026.4192											REB	REBEL						REB			0	192	192	19	4	-9.5	6	1	6	-1.80772391125719	0								1	Germany	GM	GM		51.5	10.5	GM	1	Germany	GM	GM		51.5	10.5	GM	20260603194500	https://comicbook.com/tv-shows/list/5-sci-fi-shows-that-didnt-go-off-the-rails-and-wont-disappoint-you-like-westworld/
1307318500	20260603	202606	2026	2026.4192											TWN	TAIWAN	TWN								1	061	061	06	2	6.4	5	1	5	5.97014925373134	0								3	Brentwood, California, United States	US	USCA	CA013	37.9319	-121.696	277479	3	Brentwood, California, United States	US	USCA	CA013	37.9319	-121.696	277479	20260603194500	https://www.stlmag.com/uncategorized/honey-coffee-matcha-brentwood/
1307318501	20260603	202606	2026	2026.4192											UKR	UKRAINE	UKR								0	037	037	03	1	5.0	5	1	5	-1.12781954887218	0								4	Kyiv, Kyyiv, Misto, Ukraine	UP	UP12	28554	50.4333	30.5167	-1044367	4	Kyiv, Kyyiv, Misto, Ukraine	UP	UP12	28554	50.4333	30.5167	-1044367	20260603194500	https://www.express.co.uk/news/world/2213098/putin-nightmare-hungary-lifts-ukraines
1307318502	20260603	202606	2026	2026.4192											UKR	KYIV	UKR								0	130	130	13	3	-4.4	1	1	1	-5.89430894308944	0								4	Kyiv, Kyyiv, Misto, Ukraine	UP	UP12	28554	50.4333	30.5167	-1044367	4	Kremlin, Moskva, Russia	RS	RS48	25106	55.7522	37.6156	-2960561	20260603194500	https://www.theglobeandmail.com/world/article-russia-ukraine-chornobyl-musem-kyiv-st-petersburg/
1307318503	20260603	202606	2026	2026.4192											UKR	UKRAINE	UKR								1	130	130	13	3	-4.4	3	1	3	-5.89430894308944	0								4	Kremlin, Moskva, Russia	RS	RS48	25106	55.7522	37.6156	-2960561	4	Kremlin, Moskva, Russia	RS	RS48	25106	55.7522	37.6156	-2960561	20260603194500	https://www.theglobeandmail.com/world/article-russia-ukraine-chornobyl-musem-kyiv-st-petersburg/
1307318504	20260603	202606	2026	2026.4192											USA	ARIZONA	USA								1	026	026	02	1	4.0	3	1	3	-9.39947780678847	0								2	Arizona, United States	US	USAZ		33.7712	-111.388	AZ	2	Arizona, United States	US	USAZ		33.7712	-111.388	AZ	20260603194500	https://1037theloon.com/ixp/67/p/aaron-wright-plea-deal/
1307318505	20260603	202606	2026	2026.4192											USA	KANSAS	USA								1	036	036	03	1	4.0	2	2	2	1.00671140939598	0								4	Kuranda, Queensland, Australia	AS	AS04	40201	-16.8198	145.638	-1582509	4	Kuranda, Queensland, Australia	AS	AS04	40201	-16.8198	145.638	-1582509	20260603194500	https://www.theage.com.au/traveller/inspiration/stuck-in-a-northern-tropical-city-my-workday-routine-became-a-dream-20260520-p5zyzs.html
1307318506	20260603	202606	2026	2026.4192											USA	KANSAS	USA								1	036	036	03	1	4.0	2	2	2	1.00671140939598	0								4	Melbourne, Victoria, Australia	AS	AS07	5430	-37.8167	144.967	-1586844	4	Kuranda, Queensland, Australia	AS	AS04	40201	-16.8198	145.638	-1582509	20260603194500	https://www.theage.com.au/traveller/inspiration/stuck-in-a-northern-tropical-city-my-workday-routine-became-a-dream-20260520-p5zyzs.html
1307318507	20260603	202606	2026	2026.4192											USA	UNITED STATES	USA								1	036	036	03	1	4.0	4	1	4	0.27397260273973	0								3	Gooding County, Idaho, United States	US	USID		42.9166	-114.751	395441	3	Gooding County, Idaho, United States	US	USID		42.9166	-114.751	395441	20260603194500	https://www.kmvt.com/2026/06/03/idaho-election-officials-audit-primary-results/
1307318508	20260603	202606	2026	2026.4192											USA	UNITED STATES	USA								1	036	036	03	1	4.0	4	1	4	5.91133004926109	0								3	Erie, Michigan, United States	US	USMI	MI115	41.7942	-83.4963	625631	3	Erie, Michigan, United States	US	USMI	MI115	41.7942	-83.4963	625631	20260603194500	https://www.erienewsnow.com/news/zot-artz-experience-comes-erie-to-inspire-inclusivity/article_8f02b103-3d8f-45cf-9149-9fefd9dbce9c.html
1307318509	20260603	202606	2026	2026.4192											USA	UNITED STATES	USA								0	040	040	04	1	1.0	4	1	4	-7.23830734966592	0								3	Batavia, Ohio, United States	US	USOH	OH025	39.077	-84.1769	1037672	3	Batavia, Ohio, United States	US	USOH	OH025	39.077	-84.1769	1037672	20260603194500	https://www.wlwt.com/article/cody-winn-grand-theft-market-modern-batavia-sentence/71485153
1307318510	20260603	202606	2026	2026.4192											USA	UNITED STATES	USA								1	042	042	04	1	1.9	2	1	2	2.32142857142857	0								3	Saint Patrick Catholic Church, Texas, United States	US	USTX		32.8776	-96.7083	2017833	3	Saint Patrick Catholic Church, Texas, United States	US	USTX		32.8776	-96.7083	2017833	20260603194500	https://www.mtdemocrat.com/obituaries/james-k-veerkamp/article_23b15df4-c12b-496c-ba0b-ce10891c85f2.html
1307318511	20260603	202606	2026	2026.4192											USA	UNITED STATES	USA								1	043	043	04	1	2.8	4	1	4	3.87755102040816	0								3	Crooks Park, Colorado, United States	US	USCO		39.9972	-107.544	202156	3	Crooks Park, Colorado, United States	US	USCO		39.9972	-107.544	202156	20260603194500	https://www.theheraldtimes.com/community-calendar-june-4th-2026/rio-blanco-county/
1307318512	20260603	202606	2026	2026.4192											USA	UNITED STATES	USA								0	043	043	04	1	2.8	2	1	2	1.08055009823182	0								3	Shedd Aquarium, Illinois, United States	US	USIL		41.8678	-87.6139	418324	4	Niagara Falls, Ontario, Canada	CA	CA08	30536	43.1	-79.05	-570141	20260603194500	https://www.cp24.com/local/niagara/2026/06/03/ottawa-endorses-plan-to-move-marinelands-whales-to-us-and-spain/
1307318513	20260603	202606	2026	2026.4192											USA	UNITED STATES	USA								1	112	112	11	3	-2.0	2	1	2	-12.3188405797102	0								3	Prescott Valley, Arizona, United States	US	USAZ		34.61	-112.316	33193	3	Prescott Valley, Arizona, United States	US	USAZ		34.61	-112.316	33193	20260603194500	https://ktar.com/arizona-restaurant-news/colt-grill-workers-guilty/5876485/
1307318514	20260603	202606	2026	2026.4192											USA	UNITED STATES	USA								1	112	112	11	3	-2.0	4	1	4	-14.1242937853108	0								3	Maricopa County, Arizona, United States	US	USAZ		33.5	-112.501	37026	3	Maricopa County, Arizona, United States	US	USAZ		33.5	-112.501	37026	20260603194500	https://ktar.com/arizona-news/father-fatal-overdose-prescott/5876539/
1307318515	20260603	202606	2026	2026.4192											USA	UNITED STATES	USA								0	1243	124	12	3	-4.0	2	1	2	-0.45801526717558	0								3	Hawaii County, Hawaii, United States	US	USHI		19.5006	-155.501	365280	3	Hawaii County, Hawaii, United States	US	USHI		19.5006	-155.501	365280	20260603194500	https://www.kitv.com/news/puna-community-comes-together-to-mourn-and-honor-three-men-killed/article_a49fbd39-c435-4997-8ed0-7908d6c324a4.html
1307318516	20260603	202606	2026	2026.4192											USA	AMERICAN	USA								0	125	125	12	3	-5.0	10	1	10	0.97244732576985	0								3	Philadelphia, Pennsylvania, United States	US	USPA	PA101	39.9523	-75.1638	1209052	3	Philadelphia, Pennsylvania, United States	US	USPA	PA101	39.9523	-75.1638	1209052	20260603194500	https://variety.com/2026/artisans/news/ken-burns-david-schmidt-the-american-revolution-1236765278/
1307318517	20260603	202606	2026	2026.4192											USA	UNITED STATES	USA								1	173	173	17	4	-5.0	2	1	2	-10.5058365758755	0								3	Mclennan County, Texas, United States	US	USTX		31.5502	-97.1836	1383946	3	Mclennan County, Texas, United States	US	USTX		31.5502	-97.1836	1383946	20260603194500	https://www.myspiritfm.com/News?view=post&blogid=Catholic%2DNews&articleid=299983
1307318518	20260603	202606	2026	2026.4192											USA	TEXAS	USA								1	180	180	18	4	-9.0	1	1	1	-10.5058365758755	0								2	Texas, United States	US	USTX		31.106	-97.6475	TX	3	Mclennan County, Texas, United States	US	USTX		31.5502	-97.1836	1383946	20260603194500	https://www.myspiritfm.com/News?view=post&blogid=Catholic%2DNews&articleid=299983
1307318519	20260603	202606	2026	2026.4192											USA	CALIFORNIA	USA								1	190	190	19	4	-10.0	6	3	6	-0.21186440677966	0								2	California, United States	US	USCA		36.17	-119.746	CA	2	Iowa, United States	US	USIA		42.0046	-93.214	IA	20260603194500	https://www.krtv.com/politics/dissecting-tuesdays-primaries-an-upset-in-iowa-and-clashes-in-california
1307318520	20260603	202606	2026	2026.4192											USA	IOWA	USA								1	190	190	19	4	-10.0	24	3	24	-0.21186440677966	0								2	Iowa, United States	US	USIA		42.0046	-93.214	IA	2	California, United States	US	USCA		36.17	-119.746	CA	20260603194500	https://www.krtv.com/politics/dissecting-tuesdays-primaries-an-upset-in-iowa-and-clashes-in-california
1307318521	20260603	202606	2026	2026.4192											USAGOV	PENNSYLVANIA	USA					GOV			1	042	042	04	1	1.9	6	1	6	0.4149377593361	0								2	Pennsylvania, United States	US	USPA		40.5773	-77.264	PA	2	Pennsylvania, United States	US	USPA		40.5773	-77.264	PA	20260603194500	https://www.erienewsnow.com/news/harrisburg/native-species-celebrated-in-pennsylvania-capitol/article_14dce565-5fe2-5074-9a0c-9d71dd08ff39.html
1307318522	20260603	202606	2026	2026.4192											USAGOV	CALIFORNIA	USA					GOV			1	190	190	19	4	-10.0	6	1	6	0.77881619937695	0								2	California, United States	US	USCA		36.17	-119.746	CA	2	California, United States	US	USCA		36.17	-119.746	CA	20260603194500	https://www.aol.co.uk/articles/us-primary-voters-choose-midterm-090047622.html
1307318523	20260603	202606	2026	2026.4192											USAMED	THE ASSOCIATED PRESS	USA					MED			1	125	125	12	3	-5.0	20	2	20	-3.81348698250107	0								0								0								20260603194500	https://www.wsbradio.com/news/politics/polymarket-cuts-ties/LIBES55YJY7OZITBA3BHEYGNNE/
1307318524	20260603	202606	2026	2026.4192											USAMED	THE ASSOCIATED PRESS	USA					MED			1	125	125	12	3	-5.0	10	1	10	-2.9535864978903	0								3	Washington, District of Columbia, United States	US	USDC	DC001	38.8951	-77.0364	531871	3	Washington, District of Columbia, United States	US	USDC	DC001	38.8951	-77.0364	531871	20260603194500	https://www.winnipegfreepress.com/arts-and-life/life/sci-tech/2026/06/03/polymarket-cuts-ties-with-george-santos-as-regulators-probe-trades-on-rival-prediction-market
1307318525	20260603	202606	2026	2026.4192	AFG	AFGHANISTAN	AFG																		0	010	010	01	1	0.0	2	1	2	-5.16751845542306	4	Sunak, Daykondi, Afghanistan	AF	AF41	100027	33.9224	65.8281	-3393903	0								4	Sunak, Daykondi, Afghanistan	AF	AF41	100027	33.9224	65.8281	-3393903	20260603194500	https://www.dailymail.com/news/article-15839501/Veterans-fury-Al-Carns-betrayed-British-war-heroes.html
1307318526	20260603	202606	2026	2026.4192	AFG	AFGHANISTAN	AFG																		0	110	110	11	3	-2.0	3	1	3	3.2917139614075	1	Afghanistan	AF	AF		33	66	AF	0								1	Afghanistan	AF	AF		33	66	AF	20260603194500	https://comicbook.com/movies/feature/supergirl-everything-we-learned-on-the-set-of-the-dcus-next-big-film-exclusive/
1307318527	20260603	202606	2026	2026.4192	AFG	AFGHANISTAN	AFG								GOV	MINIST						GOV			0	010	010	01	1	0.0	2	1	2	-5.16751845542306	4	Sunak, Daykondi, Afghanistan	AF	AF41	100027	33.9224	65.8281	-3393903	4	Sunak, Daykondi, Afghanistan	AF	AF41	100027	33.9224	65.8281	-3393903	4	Sunak, Daykondi, Afghanistan	AF	AF41	100027	33.9224	65.8281	-3393903	20260603194500	https://www.dailymail.com/news/article-15839501/Veterans-fury-Al-Carns-betrayed-British-war-heroes.html
1307318528	20260603	202606	2026	2026.4192	AFR	AFRICA	AFR																		1	020	020	02	1	3.0	3	1	3	-2.13930348258706	3	White House, District of Columbia, United States	US	USDC		38.8951	-77.0364	531871	0								3	White House, District of Columbia, United States	US	USDC		38.8951	-77.0364	531871	20260603194500	https://foreignpolicy.com/2026/06/03/america-africa-adventurism-emirates-qatar/
1307318529	20260603	202606	2026	2026.4192	AFR	AFRICA	AFR								ARE	EMIRATI	ARE								0	043	043	04	1	2.8	8	1	8	-2.13930348258706	4	El Fasher, Shamal Darfur, Sudan	SU	SU55	37080	13.6333	25.35	-1684	1	Kenya	KE	KE		1	38	KE	4	El Fasher, Shamal Darfur, Sudan	SU	SU55	37080	13.6333	25.35	-1684	20260603194500	https://foreignpolicy.com/2026/06/03/america-africa-adventurism-emirates-qatar/
1307318530	20260603	202606	2026	2026.4192	AFR	AFRICA	AFR								ARE	EMIRATI	ARE								0	043	043	04	1	2.8	2	1	2	-2.13930348258706	1	Kenya	KE	KE		1	38	KE	1	Qatar	QA	QA		25.5	51.25	QA	1	Kenya	KE	KE		1	38	KE	20260603194500	https://foreignpolicy.com/2026/06/03/america-africa-adventurism-emirates-qatar/
1307318531	20260603	202606	2026	2026.4192	AFR	AFRICA	AFR								ERI	ERITREA	ERI								1	084	084	08	2	7.0	10	1	10	3.39622641509434	5	Gash Barka, Gash Barka, Eritrea	ER	ER04	15872	15.25	37.5	9165333	5	Gash Barka, Gash Barka, Eritrea	ER	ER04	15872	15.25	37.5	9165333	5	Gash Barka, Gash Barka, Eritrea	ER	ER04	15872	15.25	37.5	9165333	20260603194500	https://www.africa-newsroom.com/press/eritrea-construction-of-elementary-school-in-gogni-subzone
1307318532	20260603	202606	2026	2026.4192	AFR	AFRICA	AFR								ERI	ERITREA	ERI								1	084	084	08	2	7.0	10	1	10	-1.03626943005182	1	Eritrea	ER	ER		15	39	ER	1	Eritrea	ER	ER		15	39	ER	1	Eritrea	ER	ER		15	39	ER	20260603194500	https://www.africa-newsroom.com/press/eritrea-eighth-grade-national-examination-commences
1307318533	20260603	202606	2026	2026.4192	AFR	AFRICA	AFR								GOV	MINIST						GOV			1	084	084	08	2	7.0	10	1	10	4.34782608695652	1	Seychelles	SE	SE		-4.583333	55.666667	SE	1	Seychelles	SE	SE		-4.583333	55.666667	SE	1	Seychelles	SE	SE		-4.583333	55.666667	SE	20260603194500	https://www.africa-newsroom.com/press/meeting-between-parliamentary-viceminister-onishi-and-he-mr-cosgrow-principal-minister-and-minister-for-agriculture-fisheries-and-blue-economy-of-seychelles
1307318534	20260603	202606	2026	2026.4192	AFR	AFRICA	AFR								USA	UNITED STATES	USA								1	020	020	02	1	3.0	2	1	2	-2.13930348258706	3	White House, District of Columbia, United States	US	USDC		38.8951	-77.0364	531871	3	White House, District of Columbia, United States	US	USDC		38.8951	-77.0364	531871	3	White House, District of Columbia, United States	US	USDC		38.8951	-77.0364	531871	20260603194500	https://foreignpolicy.com/2026/06/03/america-africa-adventurism-emirates-qatar/
1307318535	20260603	202606	2026	2026.4192	AGR	FARMER						AGR													1	030	030	03	1	4.0	10	1	10	5.01193317422435	0								0								0								20260603194500	http://www.prnewswire.com/news-releases/farmer-focus-expands-nationally-into-fully-cooked-category-with-award-winning-organic-chicken-line-302790653.html
1307318536	20260603	202606	2026	2026.4192	ALB	ALBANIA	ALB																		0	051	051	05	1	3.4	5	1	5	-4.7696038803557	4	Vlora, Vlore, Albania	AL	AL51	4148	40.4667	19.4897	-109054	0								4	Vlora, Vlore, Albania	AL	AL51	4148	40.4667	19.4897	-109054	20260603194500	https://weeklyblitz.net/2026/06/04/albania-freezes-assets-in-kushner-linked-resort-probe-amid-growing-backlash/
1307318537	20260603	202606	2026	2026.4192	ALB	ALBANIA	ALB																		0	120	120	12	3	-4.0	4	1	4	-4.7696038803557	4	Tirana, Tirane, Albania	AL	AL50	4124	41.3275	19.8189	-108649	0								4	Tirana, Tirane, Albania	AL	AL50	4124	41.3275	19.8189	-108649	20260603194500	https://weeklyblitz.net/2026/06/04/albania-freezes-assets-in-kushner-linked-resort-probe-amid-growing-backlash/
1307318538	20260603	202606	2026	2026.4192	ALB	ALBANIA	ALB																		1	141	141	14	3	-6.5	2	1	2	-3.33333333333333	1	Serbia	RI	RI		44	21	RI	0								4	Tirana, Tirane, Albania	AL	AL50	4124	41.3275	19.8189	-108649	20260603194500	https://www.wlwt.com/article/protests-albania-trump-family-linked-resort/71485462
1307318539	20260603	202606	2026	2026.4192	ALB	ALBANIA	ALB								OPP	PROTESTER						OPP			0	043	043	04	1	2.8	10	1	10	-4.7696038803557	4	Tirana, Tirane, Albania	AL	AL50	4124	41.3275	19.8189	-108649	4	Tirana, Tirane, Albania	AL	AL50	4124	41.3275	19.8189	-108649	4	Tirana, Tirane, Albania	AL	AL50	4124	41.3275	19.8189	-108649	20260603194500	https://weeklyblitz.net/2026/06/04/albania-freezes-assets-in-kushner-linked-resort-probe-amid-growing-backlash/
1307318540	20260603	202606	2026	2026.4192	ALBGOV	ALBANIA	ALB					GOV													0	111	111	11	3	-2.0	2	1	2	-4.7696038803557	4	Vlora, Vlore, Albania	AL	AL51	4148	40.4667	19.4897	-109054	0								4	Vlora, Vlore, Albania	AL	AL51	4148	40.4667	19.4897	-109054	20260603194500	https://weeklyblitz.net/2026/06/04/albania-freezes-assets-in-kushner-linked-resort-probe-amid-growing-backlash/
1307318541	20260603	202606	2026	2026.4192	ARE	EMIRATI	ARE								AFR	AFRICA	AFR								0	042	042	04	1	1.9	8	1	8	-2.13930348258706	1	Kenya	KE	KE		1	38	KE	4	El Fasher, Shamal Darfur, Sudan	SU	SU55	37080	13.6333	25.35	-1684	4	El Fasher, Shamal Darfur, Sudan	SU	SU55	37080	13.6333	25.35	-1684	20260603194500	https://foreignpolicy.com/2026/06/03/america-africa-adventurism-emirates-qatar/
1307318542	20260603	202606	2026	2026.4192	ARE	EMIRATI	ARE								AFR	AFRICA	AFR								0	042	042	04	1	1.9	2	1	2	-2.13930348258706	1	Qatar	QA	QA		25.5	51.25	QA	1	Kenya	KE	KE		1	38	KE	1	Kenya	KE	KE		1	38	KE	20260603194500	https://foreignpolicy.com/2026/06/03/america-africa-adventurism-emirates-qatar/
1307318543	20260603	202606	2026	2026.4192	ARE	UNITED ARAB EMIRATES	ARE								IRL	IRELAND	IRL								0	013	013	01	1	0.4	4	1	4	-4.58911419423692	4	Dubai, Dubayy, United Arab Emirates	AE	AE03	28575	25.2522	55.28	-782831	4	Moneymore, Wicklow, Ireland	EI	EI31	18309	52.9753	-6.76694	407030	4	Dubai, Dubayy, United Arab Emirates	AE	AE03	28575	25.2522	55.28	-782831	20260603194500	https://www.irishmirror.ie/news/irish-news/drogheda-mum-daughter-jailed-laundering-37244618
1307318544	20260603	202606	2026	2026.4192	ARE	UNITED ARAB EMIRATES	ARE								ISRSET	ISRAEL	ISR					SET			1	111	111	11	3	-2.0	1	1	1	-1.74291938997821	1	Turkey	TU	TU		39.059012	34.911546	TU	4	Jerusalem, Israel (general), Israel	IS	IS00	18315	31.7667	35.2333	-797092	1	United Arab Emirates	AE	AE		24	54	AE	20260603194500	https://en.tempo.co/read/2106692/indonesia-seven-nations-denounce-israeli-settlers-attack-on-al-aqsa-mosque
1307318545	20260603	202606	2026	2026.4192	ARE	UNITED ARAB EMIRATES	ARE								ISRSET	ISRAEL	ISR					SET			1	190	190	19	4	-10.0	1	1	1	-1.74291938997821	1	Turkey	TU	TU		39.059012	34.911546	TU	4	Jerusalem, Israel (general), Israel	IS	IS00	18315	31.7667	35.2333	-797092	1	United Arab Emirates	AE	AE		24	54	AE	20260603194500	https://en.tempo.co/read/2106692/indonesia-seven-nations-denounce-israeli-settlers-attack-on-al-aqsa-mosque
1307318546	20260603	202606	2026	2026.4192	ARM	ARMENIAN	ARM																		0	0231	023	02	1	3.4	10	1	10	-8.68263473053896	4	Yerevan, Yerevan*, Armenia	AM	AM11	4936	40.1811	44.5136	-2325645	0								4	Yerevan, Yerevan*, Armenia	AM	AM11	4936	40.1811	44.5136	-2325645	20260603194500	https://weeklyblitz.net/2026/06/04/armenia-under-pressure-to-freeze-funds-linked-to-magnitsky-tax-fraud/
1307318547	20260603	202606	2026	2026.4192	ARM	ARMENIA	ARM																		1	071	071	07	2	7.4	6	1	6	-8.68263473053896	4	Yerevan, Yerevan*, Armenia	AM	AM11	4936	40.1811	44.5136	-2325645	0								4	Yerevan, Yerevan*, Armenia	AM	AM11	4936	40.1811	44.5136	-2325645	20260603194500	https://weeklyblitz.net/2026/06/04/armenia-under-pressure-to-freeze-funds-linked-to-magnitsky-tax-fraud/
1307318548	20260603	202606	2026	2026.4192	ARM	ARMENIAN	ARM								ARMGOV	ARMENIA	ARM					GOV			0	071	071	07	2	7.4	4	1	4	-8.68263473053896	4	Yerevan, Yerevan*, Armenia	AM	AM11	4936	40.1811	44.5136	-2325645	4	Yerevan, Yerevan*, Armenia	AM	AM11	4936	40.1811	44.5136	-2325645	4	Yerevan, Yerevan*, Armenia	AM	AM11	4936	40.1811	44.5136	-2325645	20260603194500	https://weeklyblitz.net/2026/06/04/armenia-under-pressure-to-freeze-funds-linked-to-magnitsky-tax-fraud/
1307318549	20260603	202606	2026	2026.4192	ARM	ARMENIAN	ARM								CHE	SWISS	CHE								0	090	090	09	2	-2.0	3	1	3	-8.68263473053896	4	Yerevan, Yerevan*, Armenia	AM	AM11	4936	40.1811	44.5136	-2325645	1	Switzerland	SZ	SZ		47	8	SZ	4	Yerevan, Yerevan*, Armenia	AM	AM11	4936	40.1811	44.5136	-2325645	20260603194500	https://weeklyblitz.net/2026/06/04/armenia-under-pressure-to-freeze-funds-linked-to-magnitsky-tax-fraud/
1307318550	20260603	202606	2026	2026.4192	ARM	ARMENIA	ARM								RUS	RUSSIA	RUS								1	071	071	07	2	7.4	4	1	4	-8.68263473053896	4	Yerevan, Yerevan*, Armenia	AM	AM11	4936	40.1811	44.5136	-2325645	4	Moscow, Moskva, Russia	RS	RS48	25106	55.7522	37.6156	-2960561	4	Moscow, Moskva, Russia	RS	RS48	25106	55.7522	37.6156	-2960561	20260603194500	https://weeklyblitz.net/2026/06/04/armenia-under-pressure-to-freeze-funds-linked-to-magnitsky-tax-fraud/
1307318551	20260603	202606	2026	2026.4192	ARMGOV	ARMENIAN	ARM					GOV													0	071	071	07	2	7.4	6	1	6	-8.68263473053896	4	Yerevan, Yerevan*, Armenia	AM	AM11	4936	40.1811	44.5136	-2325645	0								4	Yerevan, Yerevan*, Armenia	AM	AM11	4936	40.1811	44.5136	-2325645	20260603194500	https://weeklyblitz.net/2026/06/04/armenia-under-pressure-to-freeze-funds-linked-to-magnitsky-tax-fraud/
1307318552	20260603	202606	2026	2026.4192	ARMGOVBUS	ARMENIA	ARM					GOV	BUS												0	010	010	01	1	0.0	10	1	10	-8.68263473053896	4	Yerevan, Yerevan*, Armenia	AM	AM11	4936	40.1811	44.5136	-2325645	0								4	Yerevan, Yerevan*, Armenia	AM	AM11	4936	40.1811	44.5136	-2325645	20260603194500	https://weeklyblitz.net/2026/06/04/armenia-under-pressure-to-freeze-funds-linked-to-magnitsky-tax-fraud/
1307318553	20260603	202606	2026	2026.4192	AUS	AUSTRALIA	AUS																		1	012	012	01	1	-0.4	4	2	4	-3.40196956132498	4	Central Coast, New South Wales, Australia	AS	AS02	5004	-33.4298	151.371	11430413	0								4	Central Coast, New South Wales, Australia	AS	AS02	5004	-33.4298	151.371	11430413	20260603194500	https://www.watoday.com.au/politics/federal/abbott-s-ineptitude-meant-he-didn-t-last-two-years-as-pm-now-he-s-back-with-four-new-slogans-20260603-p603eq.html
1307318554	20260603	202606	2026	2026.4192	AUS	BRISBANE	AUS																		0	013	013	01	1	0.4	4	2	4	0.12531328320802	4	Brisbane, Queensland, Australia	AS	AS04	154654	-27.5	153.017	-1561728	0								4	Brisbane, Queensland, Australia	AS	AS04	154654	-27.5	153.017	-1561728	20260603194500	https://www.theage.com.au/national/queensland/the-plan-to-transform-this-quiet-suburban-street-with-almost-200-units-20260602-p6032n.html
1307318555	20260603	202606	2026	2026.4192	AUS	AUSTRALIA	AUS																		0	015	015	01	1	0.0	8	2	8	-1.71503957783641	4	Pilbara, Western Australia, Australia	AS	AS08	5536	-21.25	118.3	-1594999	0								4	Pilbara, Western Australia, Australia	AS	AS08	5536	-21.25	118.3	-1594999	20260603194500	https://www.watoday.com.au/national/western-australia/experts-fear-wa-s-nature-is-unravelling-before-our-eyes-a-new-report-sets-out-to-turn-the-tide-20260603-p603ps.html
1307318556	20260603	202606	2026	2026.4192	AUS	BRISBANE	AUS																		0	020	020	02	1	3.0	4	2	4	0.12531328320802	4	Brisbane, Queensland, Australia	AS	AS04	154654	-27.5	153.017	-1561728	0								4	Brisbane, Queensland, Australia	AS	AS04	154654	-27.5	153.017	-1561728	20260603194500	https://www.theage.com.au/national/queensland/the-plan-to-transform-this-quiet-suburban-street-with-almost-200-units-20260602-p6032n.html
1307318557	20260603	202606	2026	2026.4192	AUS	AUSTRALIA	AUS																		0	023	023	02	1	3.4	4	2	4	-3.40196956132498	4	Central Coast, New South Wales, Australia	AS	AS02	5004	-33.4298	151.371	11430413	0								4	Central Coast, New South Wales, Australia	AS	AS02	5004	-33.4298	151.371	11430413	20260603194500	https://www.watoday.com.au/politics/federal/abbott-s-ineptitude-meant-he-didn-t-last-two-years-as-pm-now-he-s-back-with-four-new-slogans-20260603-p603eq.html
1307318558	20260603	202606	2026	2026.4192	AUS	AUSTRALIA	AUS																		0	040	040	04	1	1.0	8	2	8	-1.71503957783641	4	Pilbara, Western Australia, Australia	AS	AS08	5536	-21.25	118.3	-1594999	0								4	Pilbara, Western Australia, Australia	AS	AS08	5536	-21.25	118.3	-1594999	20260603194500	https://www.watoday.com.au/national/western-australia/experts-fear-wa-s-nature-is-unravelling-before-our-eyes-a-new-report-sets-out-to-turn-the-tide-20260603-p603ps.html
1307318559	20260603	202606	2026	2026.4192	AUS	AUSTRALIA	AUS																		0	043	043	04	1	2.8	16	2	16	-1.71503957783641	4	Pilbara, Western Australia, Australia	AS	AS08	5536	-21.25	118.3	-1594999	0								4	Pilbara, Western Australia, Australia	AS	AS08	5536	-21.25	118.3	-1594999	20260603194500	https://www.watoday.com.au/national/western-australia/experts-fear-wa-s-nature-is-unravelling-before-our-eyes-a-new-report-sets-out-to-turn-the-tide-20260603-p603ps.html
1307318560	20260603	202606	2026	2026.4192	AUS	AUSTRALIA	AUS																		0	111	111	11	3	-2.0	4	2	4	-3.40196956132498	4	Central Coast, New South Wales, Australia	AS	AS02	5004	-33.4298	151.371	11430413	0								4	Central Coast, New South Wales, Australia	AS	AS02	5004	-33.4298	151.371	11430413	20260603194500	https://www.watoday.com.au/politics/federal/abbott-s-ineptitude-meant-he-didn-t-last-two-years-as-pm-now-he-s-back-with-four-new-slogans-20260603-p603eq.html
1307318561	20260603	202606	2026	2026.4192	AUS	AUSTRALIA	AUS								CVL	BACKPACKER						CVL			0	036	036	03	1	4.0	4	2	4	1.00671140939598	4	Torres Strait, , Australia	AS	AS00	154697	-10.4167	142.167	-1605416	4	Torres Strait, , Australia	AS	AS00	154697	-10.4167	142.167	-1605416	4	Torres Strait, , Australia	AS	AS00	154697	-10.4167	142.167	-1605416	20260603194500	https://www.theage.com.au/traveller/inspiration/stuck-in-a-northern-tropical-city-my-workday-routine-became-a-dream-20260520-p5zyzs.html
1307318562	20260603	202606	2026	2026.4192	AUS	AUSTRALIA	AUS								FRA	FRANCE	FRA								0	043	043	04	1	2.8	1	1	1	-0.554016620498619	1	Brazil	BR	BR		-10	-55	BR	1	United Kingdom	UK	UK		54	-4	UK	1	United Kingdom	UK	UK		54	-4	UK	20260603194500	https://www.ipsnews.net/2026/06/governments-falling-90-percent-short-of-climate-adaptation-finance-needs/
1307318563	20260603	202606	2026	2026.4192	AUS	MELBOURNE	AUS								GBR	BRITAIN	GBR								1	173	173	17	4	-5.0	10	1	10	-7.93950850661626	4	Melbourne, Victoria, Australia	AS	AS07	5430	-37.8167	144.967	-1586844	1	United Kingdom	UK	UK		54	-4	UK	1	United Kingdom	UK	UK		54	-4	UK	20260603194500	http://www.sydneysun.com/news/279100025/australian-judges-weigh-indigenous-activist-bid-to-prosecute-king-charles-for-genocide
1307318564	20260603	202606	2026	2026.4192	AUS	MELBOURNE	AUS								MNCUSA	COSTCO	USA					MNC			1	043	043	04	1	2.8	2	1	2	3.2520325203252	4	Melbourne, Victoria, Australia	AS	AS07	5430	-37.8167	144.967	-1586844	4	Dayali, Shaanxi, China	CH	CH26	13221	33.2723	106.867	10726932	4	Melbourne, Victoria, Australia	AS	AS07	5430	-37.8167	144.967	-1586844	20260603194500	https://www.theage.com.au/goodfood/melbourne-eating-out/the-costco-of-chinese-dining-lands-in-melbourne-s-east-20260601-p602t3.html
1307318565	20260603	202606	2026	2026.4192	AUS	MELBOURNE	AUS								MNCUSA	COSTCO	USA					MNC			1	043	043	04	1	2.8	6	1	6	3.2520325203252	4	Melbourne, Victoria, Australia	AS	AS07	5430	-37.8167	144.967	-1586844	4	Dayali, Shaanxi, China	CH	CH26	13221	33.2723	106.867	10726932	4	Dayali, Shaanxi, China	CH	CH26	13221	33.2723	106.867	10726932	20260603194500	https://www.theage.com.au/goodfood/melbourne-eating-out/the-costco-of-chinese-dining-lands-in-melbourne-s-east-20260601-p602t3.html
1307318566	20260603	202606	2026	2026.4192	AUSCVL	AUSTRALIA	AUS					CVL			GOV	KING						GOV			1	1124	112	11	3	-2.0	6	1	6	-7.93950850661626	4	Melbourne, Victoria, Australia	AS	AS07	5430	-37.8167	144.967	-1586844	1	United Kingdom	UK	UK		54	-4	UK	4	Melbourne, Victoria, Australia	AS	AS07	5430	-37.8167	144.967	-1586844	20260603194500	http://www.sydneysun.com/news/279100025/australian-judges-weigh-indigenous-activist-bid-to-prosecute-king-charles-for-genocide
1307318567	20260603	202606	2026	2026.4192	AUSEDU	WESTERN AUSTRALIA	AUS					EDU			CVL	SCIENTIST						CVL			0	045	045	04	1	5.0	20	2	20	-1.71503957783641	4	Pilbara, Western Australia, Australia	AS	AS08	5536	-21.25	118.3	-1594999	4	Pilbara, Western Australia, Australia	AS	AS08	5536	-21.25	118.3	-1594999	4	Pilbara, Western Australia, Australia	AS	AS08	5536	-21.25	118.3	-1594999	20260603194500	https://www.watoday.com.au/national/western-australia/experts-fear-wa-s-nature-is-unravelling-before-our-eyes-a-new-report-sets-out-to-turn-the-tide-20260603-p603ps.html
1307318568	20260603	202606	2026	2026.4192	AUSGOV	AUSTRALIA	AUS					GOV													0	010	010	01	1	0.0	4	2	4	-1.71503957783641	4	Pilbara, Western Australia, Australia	AS	AS08	5536	-21.25	118.3	-1594999	0								4	Pilbara, Western Australia, Australia	AS	AS08	5536	-21.25	118.3	-1594999	20260603194500	https://www.watoday.com.au/national/western-australia/experts-fear-wa-s-nature-is-unravelling-before-our-eyes-a-new-report-sets-out-to-turn-the-tide-20260603-p603ps.html
1307318569	20260603	202606	2026	2026.4192	AUSGOVBUS	ANTHONY ALBANESE	AUS					GOV	BUS		AUS	AUSTRALIA	AUS								1	020	020	02	1	3.0	8	2	8	-3.40196956132498	4	Redbridge, New South Wales, Australia	AS	AS02	5015	-34.4833	148.267	-1597009	4	Redbridge, New South Wales, Australia	AS	AS02	5015	-34.4833	148.267	-1597009	4	Redbridge, New South Wales, Australia	AS	AS02	5015	-34.4833	148.267	-1597009	20260603194500	https://www.watoday.com.au/politics/federal/abbott-s-ineptitude-meant-he-didn-t-last-two-years-as-pm-now-he-s-back-with-four-new-slogans-20260603-p603eq.html
1307318570	20260603	202606	2026	2026.4192	AUSGOVBUS	ANTHONY ALBANESE	AUS					GOV	BUS		REL	ABBOT									1	020	020	02	1	3.0	12	2	12	-3.40196956132498	4	Redbridge, New South Wales, Australia	AS	AS02	5015	-34.4833	148.267	-1597009	4	Redbridge, New South Wales, Australia	AS	AS02	5015	-34.4833	148.267	-1597009	4	Redbridge, New South Wales, Australia	AS	AS02	5015	-34.4833	148.267	-1597009	20260603194500	https://www.watoday.com.au/politics/federal/abbott-s-ineptitude-meant-he-didn-t-last-two-years-as-pm-now-he-s-back-with-four-new-slogans-20260603-p603eq.html
1307318571	20260603	202606	2026	2026.4192	AUSREL	AUSTRALIA	AUS																		0	023	023	02	1	3.4	2	2	2	-3.40196956132498	4	Central Coast, New South Wales, Australia	AS	AS02	5004	-33.4298	151.371	11430413	0								4	Central Coast, New South Wales, Australia	AS	AS02	5004	-33.4298	151.371	11430413	20260603194500	https://www.watoday.com.au/politics/federal/abbott-s-ineptitude-meant-he-didn-t-last-two-years-as-pm-now-he-s-back-with-four-new-slogans-20260603-p603eq.html
1307318572	20260603	202606	2026	2026.4192	AUSREL	AUSTRALIA	AUS																		0	111	111	11	3	-2.0	4	2	4	-3.40196956132498	4	Central Coast, New South Wales, Australia	AS	AS02	5004	-33.4298	151.371	11430413	0								4	Central Coast, New South Wales, Australia	AS	AS02	5004	-33.4298	151.371	11430413	20260603194500	https://www.watoday.com.au/politics/federal/abbott-s-ineptitude-meant-he-didn-t-last-two-years-as-pm-now-he-s-back-with-four-new-slogans-20260603-p603eq.html
1307318573	20260603	202606	2026	2026.4192	AUSREL	AUSTRALIA	AUS								AUS	AUSTRALIA	AUS								0	023	023	02	1	3.4	2	2	2	-3.40196956132498	4	Central Coast, New South Wales, Australia	AS	AS02	5004	-33.4298	151.371	11430413	4	Central Coast, New South Wales, Australia	AS	AS02	5004	-33.4298	151.371	11430413	4	Central Coast, New South Wales, Australia	AS	AS02	5004	-33.4298	151.371	11430413	20260603194500	https://www.watoday.com.au/politics/federal/abbott-s-ineptitude-meant-he-didn-t-last-two-years-as-pm-now-he-s-back-with-four-new-slogans-20260603-p603eq.html
1307318574	20260603	202606	2026	2026.4192	BEL	BRUSSELS	BEL																		0	040	040	04	1	1.0	6	1	6	-7.32984293193718	4	Brussels, Bruxelles-Capitale, Belgium	BE	BE11	5850	50.8333	4.33333	-1955538	0								4	London, London, City of, United Kingdom	UK	UKH9	40110	51.5	-0.116667	-2601889	20260603194500	https://www.greanvillepost.com/assange-defamers-and-defenders-slugging-it-out-on-divers-media-platforms-part-1/
1307318575	20260603	202606	2026	2026.4192	BEL	BRUSSELS	BEL																		0	040	040	04	1	1.0	2	1	2	-7.32984293193718	4	London, London, City of, United Kingdom	UK	UKH9	40110	51.5	-0.116667	-2601889	0								4	London, London, City of, United Kingdom	UK	UKH9	40110	51.5	-0.116667	-2601889	20260603194500	https://www.greanvillepost.com/assange-defamers-and-defenders-slugging-it-out-on-divers-media-platforms-part-1/
1307318576	20260603	202606	2026	2026.4192	BEL	WATERLOO	BEL																		1	193	193	19	4	-10.0	10	1	10	1.91846522781774	0								0								0								20260603194500	https://www.therecord.com/news/waterloo-region/developer-goes-to-olt-after-10-waterloo-variances-shot-down/article_99491594-ff5b-5fb4-aa7a-bd08b37b1c57.html
1307318577	20260603	202606	2026	2026.4192	BEL	WATERLOO	BEL								CAN	ONTARIO	CAN								1	020	020	02	1	3.0	10	1	10	1.91846522781774	0								0								0								20260603194500	https://www.therecord.com/news/waterloo-region/developer-goes-to-olt-after-10-waterloo-variances-shot-down/article_99491594-ff5b-5fb4-aa7a-bd08b37b1c57.html
1307318578	20260603	202606	2026	2026.4192	BGD	BANGLADESH	BGD																		1	010	010	01	1	0.0	2	1	2	-1.46443514644352	4	Gopalganj, Bangladesh (general), Bangladesh	BG	BG00	5784	23.2167	90.05	-2720721	0								4	Gopalganj, Bangladesh (general), Bangladesh	BG	BG00	5784	23.2167	90.05	-2720721	20260603194500	https://www.myspiritfm.com/News?view=post&blogid=Catholic%2DNews&articleid=299982
1307318579	20260603	202606	2026	2026.4192	BGDHLH	BANGLADESH	BGD					HLH			INT	FOREIGN NATIONAL						INT			1	182	182	18	4	-9.5	4	1	4	-4.85175202156334	1	Bangladesh	BG	BG		24	90	BG	1	Bangladesh	BG	BG		24	90	BG	1	Bangladesh	BG	BG		24	90	BG	20260603194500	https://economictimes.indiatimes.com/news/india/delhi-hotel-fire-toll-rises-to-21-19-remain-critical-including-10-foreigners-on-ventilators/articleshow/131491058.cms
1307318580	20260603	202606	2026	2026.4192	BHRGOV	BAHRAIN	BHR					GOV													0	010	010	01	1	0.0	2	1	2	-3.41463414634147	1	Bahrain	BA	BA		26	50.5	BA	0								1	Bahrain	BA	BA		26	50.5	BA	20260603194500	https://www.albawaba.net/news/three-navy-personnel-killed-helicopter-1629155
1307318581	20260603	202606	2026	2026.4192	BHRGOV	BAHRAIN	BHR					GOV													0	018	018	01	1	3.4	2	1	2	-3.41463414634147	1	Bahrain	BA	BA		26	50.5	BA	0								1	Bahrain	BA	BA		26	50.5	BA	20260603194500	https://www.albawaba.net/news/three-navy-personnel-killed-helicopter-1629155
1307318582	20260603	202606	2026	2026.4192	BHS	BAHAMA	BHS								USA	HOUSTON	USA								0	010	010	01	1	0.0	2	1	2	-7.125	1	Bahamas, The	BF	BF		24	-76	BF	3	Houston, Texas, United States	US	USTX	TX201	29.7633	-95.3633	1380948	3	Houston, Texas, United States	US	USTX	TX201	29.7633	-95.3633	1380948	20260603194500	https://www.greanvillepost.com/assange-defamation-effort-is-old-cnn-had-to-retract-pedophile-claim-against-assange-after-wikileaks-threatened-lawsuit-in-2017/
1307318583	20260603	202606	2026	2026.4192	BHS	BAHAMA	BHS								USA	HOUSTON	USA								0	010	010	01	1	0.0	2	1	2	-7.125	1	Bahamas, The	BF	BF		24	-76	BF	1	Bahamas, The	BF	BF		24	-76	BF	1	Bahamas, The	BF	BF		24	-76	BF	20260603194500	https://www.greanvillepost.com/assange-defamation-effort-is-old-cnn-had-to-retract-pedophile-claim-against-assange-after-wikileaks-threatened-lawsuit-in-2017/
1307318584	20260603	202606	2026	2026.4192	BHS	BAHAMA	BHS								USA	HOUSTON	USA								0	042	042	04	1	1.9	2	1	2	-7.125	1	Bahamas, The	BF	BF		24	-76	BF	3	Houston, Texas, United States	US	USTX	TX201	29.7633	-95.3633	1380948	3	Houston, Texas, United States	US	USTX	TX201	29.7633	-95.3633	1380948	20260603194500	https://www.greanvillepost.com/assange-defamation-effort-is-old-cnn-had-to-retract-pedophile-claim-against-assange-after-wikileaks-threatened-lawsuit-in-2017/
1307318585	20260603	202606	2026	2026.4192	BHS	BAHAMA	BHS								USA	HOUSTON	USA								0	042	042	04	1	1.9	2	1	2	-7.125	1	Bahamas, The	BF	BF		24	-76	BF	1	Bahamas, The	BF	BF		24	-76	BF	1	Bahamas, The	BF	BF		24	-76	BF	20260603194500	https://www.greanvillepost.com/assange-defamation-effort-is-old-cnn-had-to-retract-pedophile-claim-against-assange-after-wikileaks-threatened-lawsuit-in-2017/
1307318586	20260603	202606	2026	2026.4192	BOL	BOLIVIA	BOL																		1	072	072	07	2	8.3	10	1	10	-6.96202531645569	1	Bolivia	BL	BL		-17	-65	BL	0								1	Bolivia	BL	BL		-17	-65	BL	20260603194500	https://www.yahoo.com/news/world/articles/bolivian-president-pushes-state-emergency-191359438.html
1307318587	20260603	202606	2026	2026.4192	BRA	RIO DE JANEIRO	BRA																		1	017	017	01	1	0.0	3	1	3	2.88335517693316	4	Rio De Janeiro, Estado do Rio, Brazil	BR	BR21	9961	-22.9	-43.2333	-666610	0								4	Rio De Janeiro, Estado do Rio, Brazil	BR	BR21	9961	-22.9	-43.2333	-666610	20260603194500	https://www.webwire.com/ViewPressRel.asp?aId=355734
1307318588	20260603	202606	2026	2026.4192	BRA	BRAZILIAN	BRA																		0	036	036	03	1	4.0	7	1	7	2.88335517693316	4	Praia De Botafogo, Estado do Rio, Brazil	BR	BR21	9961	-22.9444	-43.1809	-631058	0								4	Praia De Botafogo, Estado do Rio, Brazil	BR	BR21	9961	-22.9444	-43.1809	-631058	20260603194500	https://www.webwire.com/ViewPressRel.asp?aId=355734
1307318589	20260603	202606	2026	2026.4192	BRA	BRAZIL	BRA																		0	043	043	04	1	2.8	2	1	2	-1.62887959498129	1	Tunisia	TS	TS		34	9	TS	0								1	Tunisia	TS	TS		34	9	TS	20260603194500	https://www.greanvillepost.com/leo-zhao-brilliantly-explains-all-the-hidden-forces-behind-our-headlines-and-what-to-expect-for-the-future/
1307318590	20260603	202606	2026	2026.4192	BRA	BRAZIL	BRA								BUS	BUSINESS						BUS			1	020	020	02	1	3.0	4	1	4	-5.44464609800363	1	Brazil	BR	BR		-10	-55	BR	1	Brazil	BR	BR		-10	-55	BR	1	Dominican Republic	DR	DR		19	-70.666667	DR	20260603194500	https://dominicanrepublicpost.com/lula-says-brazil-cannot-accept-treatment-after-new-us-tariffs-proposed/
1307318591	20260603	202606	2026	2026.4192	BRA	BRAZIL	BRA								BUS	BUSINESS						BUS			1	020	020	02	1	3.0	1	1	1	-5.44464609800363	1	Brazil	BR	BR		-10	-55	BR	1	Dominican Republic	DR	DR		19	-70.666667	DR	1	Brazil	BR	BR		-10	-55	BR	20260603194500	https://dominicanrepublicpost.com/lula-says-brazil-cannot-accept-treatment-after-new-us-tariffs-proposed/
1307318592	20260603	202606	2026	2026.4192	BRA	BRAZIL	BRA								BUS	BUSINESS						BUS			1	120	120	12	3	-4.0	3	1	3	-5.44464609800363	3	White House, District of Columbia, United States	US	USDC		38.8951	-77.0364	531871	1	Brazil	BR	BR		-10	-55	BR	3	White House, District of Columbia, United States	US	USDC		38.8951	-77.0364	531871	20260603194500	https://dominicanrepublicpost.com/lula-says-brazil-cannot-accept-treatment-after-new-us-tariffs-proposed/
1307318593	20260603	202606	2026	2026.4192	BRA	BRAZIL	BRA								BUS	BUSINESS						BUS			1	120	120	12	3	-4.0	1	1	1	-5.44464609800363	3	White House, District of Columbia, United States	US	USDC		38.8951	-77.0364	531871	1	Brazil	BR	BR		-10	-55	BR	1	Brazil	BR	BR		-10	-55	BR	20260603194500	https://dominicanrepublicpost.com/lula-says-brazil-cannot-accept-treatment-after-new-us-tariffs-proposed/
1307318594	20260603	202606	2026	2026.4192	BRA	BRAZIL	BRA								BUS	BUSINESS						BUS			1	120	120	12	3	-4.0	1	1	1	-5.44464609800363	1	Brazil	BR	BR		-10	-55	BR	3	White House, District of Columbia, United States	US	USDC		38.8951	-77.0364	531871	1	Brazil	BR	BR		-10	-55	BR	20260603194500	https://dominicanrepublicpost.com/lula-says-brazil-cannot-accept-treatment-after-new-us-tariffs-proposed/
1307318595	20260603	202606	2026	2026.4192	BRA	BRAZIL	BRA								DOM	DOMINICAN REPUBLIC	DOM								1	020	020	02	1	3.0	1	1	1	-5.44464609800363	1	Brazil	BR	BR		-10	-55	BR	1	Dominican Republic	DR	DR		19	-70.666667	DR	1	Brazil	BR	BR		-10	-55	BR	20260603194500	https://dominicanrepublicpost.com/lula-says-brazil-cannot-accept-treatment-after-new-us-tariffs-proposed/
1307318596	20260603	202606	2026	2026.4192	BRA	BRAZIL	BRA								DOM	DOMINICAN REPUBLIC	DOM								1	020	020	02	1	3.0	4	1	4	-5.44464609800363	1	Brazil	BR	BR		-10	-55	BR	1	Dominican Republic	DR	DR		19	-70.666667	DR	1	Dominican Republic	DR	DR		19	-70.666667	DR	20260603194500	https://dominicanrepublicpost.com/lula-says-brazil-cannot-accept-treatment-after-new-us-tariffs-proposed/
1307318597	20260603	202606	2026	2026.4192	BRA	BRAZIL	BRA								DOM	DOMINICAN REPUBLIC	DOM								1	120	120	12	3	-4.0	3	1	3	-5.44464609800363	3	White House, District of Columbia, United States	US	USDC		38.8951	-77.0364	531871	1	Brazil	BR	BR		-10	-55	BR	3	White House, District of Columbia, United States	US	USDC		38.8951	-77.0364	531871	20260603194500	https://dominicanrepublicpost.com/lula-says-brazil-cannot-accept-treatment-after-new-us-tariffs-proposed/
1307318598	20260603	202606	2026	2026.4192	BRA	BRAZIL	BRA								DOM	DOMINICAN REPUBLIC	DOM								1	120	120	12	3	-4.0	1	1	1	-5.44464609800363	3	White House, District of Columbia, United States	US	USDC		38.8951	-77.0364	531871	1	Brazil	BR	BR		-10	-55	BR	1	Brazil	BR	BR		-10	-55	BR	20260603194500	https://dominicanrepublicpost.com/lula-says-brazil-cannot-accept-treatment-after-new-us-tariffs-proposed/
1307318599	20260603	202606	2026	2026.4192	BRA	BRAZIL	BRA								DOM	DOMINICAN REPUBLIC	DOM								1	120	120	12	3	-4.0	1	1	1	-5.44464609800363	1	Brazil	BR	BR		-10	-55	BR	3	White House, District of Columbia, United States	US	USDC		38.8951	-77.0364	531871	1	Brazil	BR	BR		-10	-55	BR	20260603194500	https://dominicanrepublicpost.com/lula-says-brazil-cannot-accept-treatment-after-new-us-tariffs-proposed/
1307318600	20260603	202606	2026	2026.4192	BRA	BRAZIL	BRA								USAGOV	THE WHITE HOUSE	USA					GOV			1	013	013	01	1	0.4	1	1	1	-5.44464609800363	1	Brazil	BR	BR		-10	-55	BR	1	Brazil	BR	BR		-10	-55	BR	1	Brazil	BR	BR		-10	-55	BR	20260603194500	https://dominicanrepublicpost.com/lula-says-brazil-cannot-accept-treatment-after-new-us-tariffs-proposed/
1307318601	20260603	202606	2026	2026.4192	BRA	BRAZIL	BRA								USAGOV	THE WHITE HOUSE	USA					GOV			1	164	164	16	4	-7.0	1	1	1	-5.44464609800363	1	Brazil	BR	BR		-10	-55	BR	1	Brazil	BR	BR		-10	-55	BR	1	Brazil	BR	BR		-10	-55	BR	20260603194500	https://dominicanrepublicpost.com/lula-says-brazil-cannot-accept-treatment-after-new-us-tariffs-proposed/
1307318602	20260603	202606	2026	2026.4192	BUS	COMPANY						BUS													0	010	010	01	1	0.0	5	1	5	0.07598784194529	2	New Mexico, United States	US	USNM		34.8375	-106.237	NM	0								2	New Mexico, United States	US	USNM		34.8375	-106.237	NM	20260603194500	https://smallbiztrends.com/define-llc/
1307318603	20260603	202606	2026	2026.4192	BUS	BANK						BUS													0	018	018	01	1	3.4	6	1	6	-5.08274231678487	4	Dublin, Dublin, Ireland	EI	EI07	18288	53.3331	-6.24889	-1502554	0								4	Dublin, Dublin, Ireland	EI	EI07	18288	53.3331	-6.24889	-1502554	20260603194500	https://www.irishmirror.ie/news/world-news/teenager-15-drowned-formby-beach-37244457
1307318604	20260603	202606	2026	2026.4192	BUS	INDUSTRY						BUS													0	020	020	02	1	3.0	10	1	10	0.4523956405511	4	Umudike, Imo, Nigeria	NI	NI28	22794	5.47362	6.73729	10601725	0								4	Umudike, Imo, Nigeria	NI	NI28	22794	5.47362	6.73729	10601725	20260603194500	https://gnnliberia.com/governance-as-dignity-ottis-3-yrs-of-impact-shaping-abias-future/
1307318605	20260603	202606	2026	2026.4192	BUS	BUSINESS						BUS													0	020	020	02	1	3.0	6	1	6	2.26628895184136	3	White River, Arizona, United States	US	USAZ	AZ017	33.837	-109.964	13704	0								3	White River, Arizona, United States	US	USAZ		33.837	-109.964	13704	20260603194500	https://www.theheraldtimes.com/six-pieces-one-place-kracht-debuts-white-river-valley-collection-for-hopewest/meeker/
1307318606	20260603	202606	2026	2026.4192	BUS	BUSINESS						BUS													0	020	020	02	1	3.0	5	1	5	0.07598784194529	2	New Mexico, United States	US	USNM		34.8375	-106.237	NM	0								2	New Mexico, United States	US	USNM		34.8375	-106.237	NM	20260603194500	https://smallbiztrends.com/define-llc/
1307318607	20260603	202606	2026	2026.4192	BUS	COMPANY						BUS													0	030	030	03	1	4.0	8	1	8	1.58730158730159	4	Berlin, Berlin, Germany	GM	GM16	16538	52.5167	13.4	-1746443	0								4	Berlin, Berlin, Germany	GM	GM16	16538	52.5167	13.4	-1746443	20260603194500	https://www.iclarified.com/101041/apple-to-open-first-european-developer-center-in-berlin-later-this-year
1307318608	20260603	202606	2026	2026.4192	BUS	COMPANY						BUS													0	030	030	03	1	4.0	2	1	2	1.58730158730159	1	Italy	IT	IT		42.833333	12.833333	IT	0								1	Italy	IT	IT		42.833333	12.833333	IT	20260603194500	https://www.iclarified.com/101041/apple-to-open-first-european-developer-center-in-berlin-later-this-year
1307318609	20260603	202606	2026	2026.4192	BUS	BUSINESS						BUS													1	051	051	05	1	3.4	1	1	1	7.29295426452411	3	El Dorado, California, United States	US	USCA	CA017	38.6827	-120.848	223029	0								3	El Dorado, California, United States	US	USCA		38.6827	-120.848	223029	20260603194500	https://www.mtdemocrat.com/prospecting/bringing-arts-industry-together/article_f19c77b8-6d46-4bf7-beb7-19d4542372d6.html
1307318610	20260603	202606	2026	2026.4192	BUS	CREDIT UNION						BUS													1	060	060	06	2	6.0	10	1	10	5.63380281690141	3	Rockland, Massachusetts, United States	US	USMA	MA023	42.1307	-70.9162	613412	0								3	Rockland, Massachusetts, United States	US	USMA	MA023	42.1307	-70.9162	613412	20260603194500	https://bankerandtradesman.com/rockland-federal-credit-union-rebrands-to-arise-financial/
1307318611	20260603	202606	2026	2026.4192	BUS	COMPANY						BUS													0	172	172	17	4	-5.0	8	1	8	-0.43083900226757	4	Tianjin, Tianjin, China	CH	CH28	13279	39.1422	117.177	-1928564	0								4	Beijing, Beijing, China	CH	CH22	13001	39.9289	116.388	-1898541	20260603194500	https://www.greanvillepost.com/the-myth-of-chinese-capitalism-2/
1307318612	20260603	202606	2026	2026.4192	BUS	COMPANY						BUS													0	172	172	17	4	-5.0	2	1	2	-0.43083900226757	4	Tianjin, Tianjin, China	CH	CH28	13279	39.1422	117.177	-1928564	0								4	Tianjin, Tianjin, China	CH	CH28	13279	39.1422	117.177	-1928564	20260603194500	https://www.greanvillepost.com/the-myth-of-chinese-capitalism-2/
1307318613	20260603	202606	2026	2026.4192	BUS	BUSINESS						BUS													1	172	172	17	4	-5.0	5	1	5	-5.33778148457047	2	New York, United States	US	USNY		42.1497	-74.9384	NY	0								2	New York, United States	US	USNY		42.1497	-74.9384	NY	20260603194500	https://everything-pr.com/uber-breaking-law/
1307318614	20260603	202606	2026	2026.4192	BUS	TANKER						BUS													1	190	190	19	4	-10.0	1	1	1	-1.21951219512195	4	Tecate, Baja California, Mexico	MX	MX02	19588	32.5667	-116.633	-1704478	0								4	Tecate, Baja California, Mexico	MX	MX02	19588	32.5667	-116.633	-1704478	20260603194500	https://www.sandiegouniontribune.com/2026/06/03/600-firefighters-aided-by-helicopters-and-air-tankers-battle-fire-south-of-dulzura/
1307318615	20260603	202606	2026	2026.4192	BUS	TANKER						BUS													1	195	195	19	4	-10.0	1	1	1	-1.21951219512195	3	Dulzura, California, United States	US	USCA	CA073	32.6442	-116.781	270936	0								3	Dulzura, California, United States	US	USCA	CA073	32.6442	-116.781	270936	20260603194500	https://www.sandiegouniontribune.com/2026/06/03/600-firefighters-aided-by-helicopters-and-air-tankers-battle-fire-south-of-dulzura/
1307318616	20260603	202606	2026	2026.4192	BUS	INVESTOR						BUS			ALB	ALBANIA	ALB								0	130	130	13	3	-4.4	5	1	5	-4.7696038803557	4	Tirana, Tirane, Albania	AL	AL50	4124	41.3275	19.8189	-108649	4	Tirana, Tirane, Albania	AL	AL50	4124	41.3275	19.8189	-108649	4	Tirana, Tirane, Albania	AL	AL50	4124	41.3275	19.8189	-108649	20260603194500	https://weeklyblitz.net/2026/06/04/albania-freezes-assets-in-kushner-linked-resort-probe-amid-growing-backlash/
1307318617	20260603	202606	2026	2026.4192	BUS	BUSINESS						BUS			CAN	MONTREAL	CAN								1	051	051	05	1	3.4	10	1	10	-0.53191489361702	1	United States	US	US		39.828175	-98.5795	US	1	United States	US	US		39.828175	-98.5795	US	1	United States	US	US		39.828175	-98.5795	US	20260603194500	https://www.theglobeandmail.com/business/article-air-canada-a321xlr-jets-airbus-delivery/
1307318618	20260603	202606	2026	2026.4192	BUS	BANK						BUS			EURGOV	EUROPEAN	EUR					GOV			1	040	040	04	1	1.0	6	1	6	4.34782608695652	4	Dublin, Dublin, Ireland	EI	EI07	18288	53.3331	-6.24889	-1502554	4	Dublin, Dublin, Ireland	EI	EI07	18288	53.3331	-6.24889	-1502554	4	Dublin, Dublin, Ireland	EI	EI07	18288	53.3331	-6.24889	-1502554	20260603194500	https://www.dublincity.ie/news/meeting-vice-president-european-investment-bank
1307318619	20260603	202606	2026	2026.4192	BUS	BANK						BUS			EURGOV	EUROPEAN	EUR					GOV			1	040	040	04	1	1.0	4	1	4	4.34782608695652	5	Dublin City, Dublin City, Ireland	EI	EI33	18288	53.3551	-6.24922	10934239	5	Dublin City, Dublin City, Ireland	EI	EI33	18288	53.3551	-6.24922	10934239	5	Dublin City, Dublin City, Ireland	EI	EI33	18288	53.3551	-6.24922	10934239	20260603194500	https://www.dublincity.ie/news/meeting-vice-president-european-investment-bank
1307318620	20260603	202606	2026	2026.4192	BUS	COMPANY						BUS			FRA	NANTES	FRA								1	036	036	03	1	4.0	2	1	2	-1.44927536231884	4	Saint Florentin, Centre, France	FR	FRA3	16262	47.0782	1.80066	-1465351	4	Saint Florentin, Centre, France	FR	FRA3	16262	47.0782	1.80066	-1465351	4	Saint Florentin, Centre, France	FR	FRA3	16262	47.0782	1.80066	-1465351	20260603194500	https://www.manilatimes.net/2026/06/04/tmt-newswire/globenewswire/annual-general-meeting-on-june-24-2026-procedures-for-obtaining-preparatory-documents-for-the-general-meeting/2358247
1307318621	20260603	202606	2026	2026.4192	BUS	EMPLOYER						BUS			GOV	GOVERNMENT						GOV			1	071	071	07	2	7.4	6	1	6	-0.1980198019802	4	Brantford, Ontario, Canada	CA	CA08	12642	43.1333	-80.2667	-561588	4	Brantford, Ontario, Canada	CA	CA08	12642	43.1333	-80.2667	-561588	4	Brantford, Ontario, Canada	CA	CA08	12642	43.1333	-80.2667	-561588	20260603194500	https://www.theobserver.ca/news/local-news/mpp-will-bouma-removed-as-caucus-chair-by-premier-doug-ford
1307318622	20260603	202606	2026	2026.4192	BUS	COMPANY						BUS			IGOUNO	UNITED NATIONS		UNO				IGO			0	0862	086	08	2	9.0	2	1	2	-7.125	1	Ecuador	EC	EC		-2	-77.5	EC	1	Ecuador	EC	EC		-2	-77.5	EC	1	Ecuador	EC	EC		-2	-77.5	EC	20260603194500	https://www.greanvillepost.com/assange-defamation-effort-is-old-cnn-had-to-retract-pedophile-claim-against-assange-after-wikileaks-threatened-lawsuit-in-2017/
1307318623	20260603	202606	2026	2026.4192	BUS	COMPANY						BUS			IGOUNO	UNITED NATIONS		UNO				IGO			0	0862	086	08	2	9.0	8	1	8	-7.125	1	Russia	RS	RS		60	100	RS	1	Russia	RS	RS		60	100	RS	1	Russia	RS	RS		60	100	RS	20260603194500	https://www.greanvillepost.com/assange-defamation-effort-is-old-cnn-had-to-retract-pedophile-claim-against-assange-after-wikileaks-threatened-lawsuit-in-2017/
1307318624	20260603	202606	2026	2026.4192	BUS	COMPANY						BUS			MED	MEDIA						MED			0	010	010	01	1	0.0	10	1	10	-5.33778148457047	2	New York, United States	US	USNY		42.1497	-74.9384	NY	2	New York, United States	US	USNY		42.1497	-74.9384	NY	2	New York, United States	US	USNY		42.1497	-74.9384	NY	20260603194500	https://everything-pr.com/uber-breaking-law/
1307318625	20260603	202606	2026	2026.4192	BUS	BOSS						BUS			MED	CORRESPONDENT						MED			0	036	036	03	1	4.0	6	1	6	0	3	Alameda County, California, United States	US	USCA	CA001	37.5999	-121.884	1675839	3	Alameda County, California, United States	US	USCA		37.5999	-121.884	1675839	3	Alameda County, California, United States	US	USCA		37.5999	-121.884	1675839	20260603194500	https://sfist.com/2026/06/03/post-election-headlines-governors-race-too-close-to-call/
1307318626	20260603	202606	2026	2026.4192	BUS	COMPANY						BUS			MED	MEDIA						MED			0	090	090	09	2	-2.0	10	1	10	-5.33778148457047	2	New York, United States	US	USNY		42.1497	-74.9384	NY	2	New York, United States	US	USNY		42.1497	-74.9384	NY	2	New York, United States	US	USNY		42.1497	-74.9384	NY	20260603194500	https://everything-pr.com/uber-breaking-law/
1307318627	20260603	202606	2026	2026.4192	BUS	TANKER						BUS			MEX	MEXICO	MEX								1	190	190	19	4	-10.0	2	1	2	-1.21951219512195	4	Tecate, Baja California, Mexico	MX	MX02	19588	32.5667	-116.633	-1704478	4	Tecate, Baja California, Mexico	MX	MX02	19588	32.5667	-116.633	-1704478	4	Tecate, Baja California, Mexico	MX	MX02	19588	32.5667	-116.633	-1704478	20260603194500	https://www.sandiegouniontribune.com/2026/06/03/600-firefighters-aided-by-helicopters-and-air-tankers-battle-fire-south-of-dulzura/
1307318628	20260603	202606	2026	2026.4192	BUS	TANKER						BUS			MEX	MEXICO	MEX								1	190	190	19	4	-10.0	3	1	3	-1.21951219512195	3	Dulzura, California, United States	US	USCA	CA073	32.6442	-116.781	270936	4	Tecate, Baja California, Mexico	MX	MX02	19588	32.5667	-116.633	-1704478	4	Tecate, Baja California, Mexico	MX	MX02	19588	32.5667	-116.633	-1704478	20260603194500	https://www.sandiegouniontribune.com/2026/06/03/600-firefighters-aided-by-helicopters-and-air-tankers-battle-fire-south-of-dulzura/
1307318629	20260603	202606	2026	2026.4192	BUS	TANKER						BUS			MEX	MEXICO	MEX								1	195	195	19	4	-10.0	2	1	2	-1.21951219512195	4	Tecate, Baja California, Mexico	MX	MX02	19588	32.5667	-116.633	-1704478	4	Tecate, Baja California, Mexico	MX	MX02	19588	32.5667	-116.633	-1704478	4	Tecate, Baja California, Mexico	MX	MX02	19588	32.5667	-116.633	-1704478	20260603194500	https://www.sandiegouniontribune.com/2026/06/03/600-firefighters-aided-by-helicopters-and-air-tankers-battle-fire-south-of-dulzura/
1307318630	20260603	202606	2026	2026.4192	BUS	TANKER						BUS			MEX	MEXICO	MEX								1	195	195	19	4	-10.0	3	1	3	-1.21951219512195	3	Dulzura, California, United States	US	USCA	CA073	32.6442	-116.781	270936	4	Tecate, Baja California, Mexico	MX	MX02	19588	32.5667	-116.633	-1704478	4	Tecate, Baja California, Mexico	MX	MX02	19588	32.5667	-116.633	-1704478	20260603194500	https://www.sandiegouniontribune.com/2026/06/03/600-firefighters-aided-by-helicopters-and-air-tankers-battle-fire-south-of-dulzura/
1307318631	20260603	202606	2026	2026.4192	BUS	BUSINESS						BUS			NRMRAC020	CREATIVITY				NRM					1	020	020	02	1	3.0	3	1	3	2.04778156996587	1	United Kingdom	UK	UK		54	-4	UK	1	United Kingdom	UK	UK		54	-4	UK	1	United Kingdom	UK	UK		54	-4	UK	20260603194500	https://rbj.net/2026/06/03/rochester-designer-raquel-lowry-is-making-a-statement-one-handbag-at-a-time/
1307318632	20260603	202606	2026	2026.4192	BUS	BUSINESS						BUS			NRMRAC020	CREATIVITY				NRM					1	020	020	02	1	3.0	2	1	2	2.04778156996587	1	United States	US	US		39.828175	-98.5795	US	1	United States	US	US		39.828175	-98.5795	US	1	United States	US	US		39.828175	-98.5795	US	20260603194500	https://rbj.net/2026/06/03/rochester-designer-raquel-lowry-is-making-a-statement-one-handbag-at-a-time/
1307318633	20260603	202606	2026	2026.4192	BUS	COMPANY						BUS			USA	HOUSTON	USA								0	010	010	01	1	0.0	6	1	6	-7.125	3	Houston, Texas, United States	US	USTX	TX201	29.7633	-95.3633	1380948	3	Houston, Texas, United States	US	USTX	TX201	29.7633	-95.3633	1380948	3	Houston, Texas, United States	US	USTX	TX201	29.7633	-95.3633	1380948	20260603194500	https://www.greanvillepost.com/assange-defamation-effort-is-old-cnn-had-to-retract-pedophile-claim-against-assange-after-wikileaks-threatened-lawsuit-in-2017/
1307318634	20260603	202606	2026	2026.4192	BUS	BANK						BUS			USA	THE US	USA								0	020	020	02	1	3.0	2	1	2	-1.62887959498129	1	Egypt	EG	EG		27	30	EG	1	Algeria	AG	AG		28	3	AG	1	Egypt	EG	EG		27	30	EG	20260603194500	https://www.greanvillepost.com/leo-zhao-brilliantly-explains-all-the-hidden-forces-behind-our-headlines-and-what-to-expect-for-the-future/
1307318635	20260603	202606	2026	2026.4192	BUS	COMPANY						BUS			USA	HOUSTON	USA								0	042	042	04	1	1.9	6	1	6	-7.125	3	Houston, Texas, United States	US	USTX	TX201	29.7633	-95.3633	1380948	3	Houston, Texas, United States	US	USTX	TX201	29.7633	-95.3633	1380948	3	Houston, Texas, United States	US	USTX	TX201	29.7633	-95.3633	1380948	20260603194500	https://www.greanvillepost.com/assange-defamation-effort-is-old-cnn-had-to-retract-pedophile-claim-against-assange-after-wikileaks-threatened-lawsuit-in-2017/
1307318636	20260603	202606	2026	2026.4192	BUS	PRODUCER						BUS			USA	DETROIT	USA								1	043	043	04	1	2.8	10	1	10	2.32558139534884	3	Detroit, Michigan, United States	US	USMI	MI163	42.3314	-83.0458	1617959	2	Arizona, United States	US	USAZ		33.7712	-111.388	AZ	2	Arizona, United States	US	USAZ		33.7712	-111.388	AZ	20260603194500	https://wdet.org/2026/06/03/the-fight-to-save-michigans-hemlock-trees-is-far-from-over/
1307318637	20260603	202606	2026	2026.4192	BUS	AUTOMAKER						BUS			USA	UNITED STATES	USA								1	111	111	11	3	-2.0	5	1	5	1.8716577540107	1	United States	US	US		39.828175	-98.5795	US	1	United States	US	US		39.828175	-98.5795	US	1	United States	US	US		39.828175	-98.5795	US	20260603194500	https://www.motor1.com:443/features/797701/new-alfa-romeo-suv-price-spec-details/
1307318638	20260603	202606	2026	2026.4192	BUS	TANKER						BUS			USA	UNITED STATES	USA								1	190	190	19	4	-10.0	4	1	4	-1.21951219512195	4	Tecate, Baja California, Mexico	MX	MX02	19588	32.5667	-116.633	-1704478	4	Tecate, Baja California, Mexico	MX	MX02	19588	32.5667	-116.633	-1704478	4	Tecate, Baja California, Mexico	MX	MX02	19588	32.5667	-116.633	-1704478	20260603194500	https://www.sandiegouniontribune.com/2026/06/03/600-firefighters-aided-by-helicopters-and-air-tankers-battle-fire-south-of-dulzura/
1307318639	20260603	202606	2026	2026.4192	BUS	TANKER						BUS			USA	UNITED STATES	USA								1	195	195	19	4	-10.0	4	1	4	-1.21951219512195	3	Dulzura, California, United States	US	USCA	CA073	32.6442	-116.781	270936	3	Dulzura, California, United States	US	USCA	CA073	32.6442	-116.781	270936	3	Dulzura, California, United States	US	USCA	CA073	32.6442	-116.781	270936	20260603194500	https://www.sandiegouniontribune.com/2026/06/03/600-firefighters-aided-by-helicopters-and-air-tankers-battle-fire-south-of-dulzura/
1307318640	20260603	202606	2026	2026.4192	BUS	BOSS						BUS			bar	BARI			bar						0	190	190	19	4	-10.0	3	1	3	0	3	Alameda County, California, United States	US	USCA	CA001	37.5999	-121.884	1675839	3	Alameda County, California, United States	US	USCA		37.5999	-121.884	1675839	3	Alameda County, California, United States	US	USCA		37.5999	-121.884	1675839	20260603194500	https://sfist.com/2026/06/03/post-election-headlines-governors-race-too-close-to-call/
1307318641	20260603	202606	2026	2026.4192	BUSGOV	BUSINESS						BUS	GOV		EDU	COLLEGE						EDU			0	051	051	05	1	3.4	1	1	1	6.51260504201681	4	Sudbury, Ontario, Canada	CA	CA08	12683	46.5	-80.9667	-574311	4	Sudbury, Ontario, Canada	CA	CA08	12683	46.5	-80.9667	-574311	4	Sudbury, Ontario, Canada	CA	CA08	12683	46.5	-80.9667	-574311	20260603194500	https://www.manilatimes.net/2026/06/04/tmt-newswire/globenewswire/boreal-sets-a-new-record-as-it-celebrates-more-than-1000-graduates-at-its-31st-graduation-ceremonies/2358257
1307318642	20260603	202606	2026	2026.4192	BUSGOV	BUSINESS						BUS	GOV		EDU	COLLEGE						EDU			0	051	051	05	1	3.4	1	1	1	6.51260504201681	4	Toronto, Ontario, Canada	CA	CA08	12686	43.6667	-79.4167	-574890	4	Sudbury, Ontario, Canada	CA	CA08	12683	46.5	-80.9667	-574311	4	Sudbury, Ontario, Canada	CA	CA08	12683	46.5	-80.9667	-574311	20260603194500	https://www.manilatimes.net/2026/06/04/tmt-newswire/globenewswire/boreal-sets-a-new-record-as-it-celebrates-more-than-1000-graduates-at-its-31st-graduation-ceremonies/2358257
1307318643	20260603	202606	2026	2026.4192	BUSGOV	BUSINESS						BUS	GOV		EDU	COLLEGE						EDU			0	051	051	05	1	3.4	3	1	3	6.51260504201681	1	France	FR	FR		46	2	FR	1	France	FR	FR		46	2	FR	1	France	FR	FR		46	2	FR	20260603194500	https://www.manilatimes.net/2026/06/04/tmt-newswire/globenewswire/boreal-sets-a-new-record-as-it-celebrates-more-than-1000-graduates-at-its-31st-graduation-ceremonies/2358257
1307318644	20260603	202606	2026	2026.4192	CAN	CANADA	CAN																		0	010	010	01	1	0.0	10	1	6	-0.1980198019802	4	Brantford, Ontario, Canada	CA	CA08	12642	43.1333	-80.2667	-561588	0								4	Brantford, Ontario, Canada	CA	CA08	12642	43.1333	-80.2667	-561588	20260603194500	https://www.theobserver.ca/news/local-news/mpp-will-bouma-removed-as-caucus-chair-by-premier-doug-ford
1307318645	20260603	202606	2026	2026.4192	CAN	CANADA	CAN																		0	014	014	01	1	0.0	1	1	1	0.64655172413793	4	Ottawa, Ontario, Canada	CA	CA08	12755	45.4167	-75.7	-570760	0								4	Ottawa, Ontario, Canada	CA	CA08	12755	45.4167	-75.7	-570760	20260603194500	https://www.theglobeandmail.com/canada/article-alberta-premier-danielle-smith-quebec-visit/
1307318646	20260603	202606	2026	2026.4192	CAN	CANADA	CAN																		1	020	020	02	1	3.0	3	1	3	0.28368794326241	4	Lake Erie, Canada (general), Canada	CA	CA00		42	-81	-564290	0								4	Lake Erie, Canada (general), Canada	CA	CA00		42	-81	-564290	20260603194500	https://www.insidehalton.com/news/ontario-invasive-jellyfish/article_19853552-a682-528f-84c1-45af55ef4777.html
1307318647	20260603	202606	2026	2026.4192	CAN	CANADA	CAN																		1	020	020	02	1	3.0	6	1	4	0.28368794326241	4	Lake Ontario, Canada (general), Canada	CA	CA00		43.6667	-78	-570661	0								4	Lake Ontario, Canada (general), Canada	CA	CA00		43.6667	-78	-570661	20260603194500	https://www.insidehalton.com/news/ontario-invasive-jellyfish/article_19853552-a682-528f-84c1-45af55ef4777.html
1307318648	20260603	202606	2026	2026.4192	CAN	CANADA	CAN																		0	036	036	03	1	4.0	4	1	4	-0.1980198019802	4	Brantford, Ontario, Canada	CA	CA08	12642	43.1333	-80.2667	-561588	0								4	Brantford, Ontario, Canada	CA	CA08	12642	43.1333	-80.2667	-561588	20260603194500	https://www.theobserver.ca/news/local-news/mpp-will-bouma-removed-as-caucus-chair-by-premier-doug-ford
1307318649	20260603	202606	2026	2026.4192	CAN	ONTARIO	CAN																		0	036	036	03	1	4.0	3	1	3	6.51260504201681	1	France	FR	FR		46	2	FR	0								1	France	FR	FR		46	2	FR	20260603194500	https://www.manilatimes.net/2026/06/04/tmt-newswire/globenewswire/boreal-sets-a-new-record-as-it-celebrates-more-than-1000-graduates-at-its-31st-graduation-ceremonies/2358257
1307318650	20260603	202606	2026	2026.4192	CAN	CANADA	CAN																		0	040	040	04	1	1.0	4	1	4	-0.1980198019802	4	Brantford, Ontario, Canada	CA	CA08	12642	43.1333	-80.2667	-561588	0								4	Brantford, Ontario, Canada	CA	CA08	12642	43.1333	-80.2667	-561588	20260603194500	https://www.theobserver.ca/news/local-news/mpp-will-bouma-removed-as-caucus-chair-by-premier-doug-ford
1307318651	20260603	202606	2026	2026.4192	CAN	CANADIAN	CAN																		1	042	042	04	1	1.9	10	1	10	2.23880597014925	4	Camrose, Alberta, Canada	CA	CA01	154724	53.0167	-112.817	-562055	0								4	Camrose, Alberta, Canada	CA	CA01	154724	53.0167	-112.817	-562055	20260603194500	https://exclaim.ca/music/article/tenille-townes-announces-2026-2027-canadian-tour
1307318652	20260603	202606	2026	2026.4192	CAN	TORONTO	CAN																		1	043	043	04	1	2.8	5	1	5	-8.23529411764706	4	Toronto, Ontario, Canada	CA	CA08	12686	43.6667	-79.4167	-574890	0								4	Toronto, Ontario, Canada	CA	CA08	12686	43.6667	-79.4167	-574890	20260603194500	https://www.cp24.com/local/toronto/2026/06/03/pedestrian-hit-by-pickup-truck-in-scarborough-suffers-serious-injuries/
1307318653	20260603	202606	2026	2026.4192	CAN	CANADA	CAN																		1	051	051	05	1	3.4	6	1	6	0.36496350364964	4	Brantford, Ontario, Canada	CA	CA08	12642	43.1333	-80.2667	-561588	0								4	Brantford, Ontario, Canada	CA	CA08	12642	43.1333	-80.2667	-561588	20260603194500	https://www.theobserver.ca/news/local-news/pride-flag-signals-that-brantford-is-welcoming-and-inclusive
1307318654	20260603	202606	2026	2026.4192	CAN	ONTARIO	CAN																		1	051	051	05	1	3.4	6	1	6	0.28368794326241	4	Lake Erie, Canada (general), Canada	CA	CA00		42	-81	-564290	0								4	Lake Erie, Canada (general), Canada	CA	CA00		42	-81	-564290	20260603194500	https://www.insidehalton.com/news/ontario-invasive-jellyfish/article_19853552-a682-528f-84c1-45af55ef4777.html
1307318655	20260603	202606	2026	2026.4192	CAN	ONTARIO	CAN																		1	051	051	05	1	3.4	4	1	4	0.28368794326241	4	Lake Ontario, Canada (general), Canada	CA	CA00		43.6667	-78	-570661	0								4	Lake Ontario, Canada (general), Canada	CA	CA00		43.6667	-78	-570661	20260603194500	https://www.insidehalton.com/news/ontario-invasive-jellyfish/article_19853552-a682-528f-84c1-45af55ef4777.html
1307318656	20260603	202606	2026	2026.4192	CAN	CANADA	CAN																		0	070	070	07	2	7.0	5	1	5	6.51260504201681	4	Sudbury, Ontario, Canada	CA	CA08	12683	46.5	-80.9667	-574311	0								4	Sudbury, Ontario, Canada	CA	CA08	12683	46.5	-80.9667	-574311	20260603194500	https://www.manilatimes.net/2026/06/04/tmt-newswire/globenewswire/boreal-sets-a-new-record-as-it-celebrates-more-than-1000-graduates-at-its-31st-graduation-ceremonies/2358257
1307318657	20260603	202606	2026	2026.4192	CAN	CANADA	CAN																		1	110	110	11	3	-2.0	1	1	1	0.64655172413793	4	Quebec, Quebec, Canada	CA	CA10	12750	47.5	-72	-571850	0								4	Quebec, Quebec, Canada	CA	CA10	12750	47.5	-72	-571850	20260603194500	https://www.theglobeandmail.com/canada/article-alberta-premier-danielle-smith-quebec-visit/
1307318658	20260603	202606	2026	2026.4192	CAN	CANADA	CAN								CANGOV	CANADA	CAN					GOV			1	043	043	04	1	2.8	6	1	6	0.64655172413793	4	Quebec, Quebec, Canada	CA	CA10	12750	47.5	-72	-571850	4	Quebec, Quebec, Canada	CA	CA10	12750	47.5	-72	-571850	4	Quebec, Quebec, Canada	CA	CA10	12750	47.5	-72	-571850	20260603194500	https://www.theglobeandmail.com/canada/article-alberta-premier-danielle-smith-quebec-visit/
1307318659	20260603	202606	2026	2026.4192	CAN	CANADIAN	CAN								COP	POLICE						COP			1	010	010	01	1	0.0	10	1	10	-9.81132075471701	1	United States	US	US		39.828175	-98.5795	US	1	United States	US	US		39.828175	-98.5795	US	1	United States	US	US		39.828175	-98.5795	US	20260603194500	https://www.cp24.com/news/canada/2026/06/03/alleged-smuggler-charged-with-assaulting-police-officer-at-canada-us-border/
1307318660	20260603	202606	2026	2026.4192	CAN	CANADA	CAN								CRM	MAFIA						CRM			1	020	020	02	1	3.0	1	1	1	-6.35910224438902	1	Canada	CA	CA		60	-96	CA	1	Canada	CA	CA		60	-96	CA	1	Canada	CA	CA		60	-96	CA	20260603194500	https://www.lbc.co.uk/article/teenage-members-of-online-monkey-mafia-group-targeted-us-influencers-in-hoax-swa-5Hjdb6s_2/
1307318661	20260603	202606	2026	2026.4192	CAN	OTTAWA	CAN								ESP	SPAIN	ESP								1	051	051	05	1	3.4	4	1	4	1.08055009823182	4	Niagara Falls, Ontario, Canada	CA	CA08	30536	43.1	-79.05	-570141	4	Niagara Falls, Ontario, Canada	CA	CA08	30536	43.1	-79.05	-570141	4	Niagara Falls, Ontario, Canada	CA	CA08	30536	43.1	-79.05	-570141	20260603194500	https://www.cp24.com/local/niagara/2026/06/03/ottawa-endorses-plan-to-move-marinelands-whales-to-us-and-spain/
1307318662	20260603	202606	2026	2026.4192	CAN	OTTAWA	CAN								ESP	SPAIN	ESP								1	051	051	05	1	3.4	3	1	3	1.08055009823182	1	China	CH	CH		35	105	CH	1	China	CH	CH		35	105	CH	1	China	CH	CH		35	105	CH	20260603194500	https://www.cp24.com/local/niagara/2026/06/03/ottawa-endorses-plan-to-move-marinelands-whales-to-us-and-spain/
1307318663	20260603	202606	2026	2026.4192	CAN	CANADA	CAN								GBR	LIVERPOOL	GBR								1	010	010	01	1	0.0	1	1	1	-6.35910224438902	1	Canada	CA	CA		60	-96	CA	1	Canada	CA	CA		60	-96	CA	1	Canada	CA	CA		60	-96	CA	20260603194500	https://www.lbc.co.uk/article/teenage-members-of-online-monkey-mafia-group-targeted-us-influencers-in-hoax-swa-5Hjdb6s_2/
1307318664	20260603	202606	2026	2026.4192	CAN	CANADA	CAN								GOV	GOVERNMENT						GOV			1	071	071	07	2	7.4	2	1	2	-0.1980198019802	4	Wellington, New Zealand (general), New Zealand	NZ	NZ00	22391	-41.3	174.783	-1521348	4	Wellington, New Zealand (general), New Zealand	NZ	NZ00	22391	-41.3	174.783	-1521348	4	Wellington, New Zealand (general), New Zealand	NZ	NZ00	22391	-41.3	174.783	-1521348	20260603194500	https://www.theobserver.ca/news/local-news/mpp-will-bouma-removed-as-caucus-chair-by-premier-doug-ford
1307318665	20260603	202606	2026	2026.4192	CAN	CANADA	CAN								GOV	GOVERNMENT						GOV			1	071	071	07	2	7.4	2	1	2	-0.1980198019802	4	Brantford, Ontario, Canada	CA	CA08	12642	43.1333	-80.2667	-561588	4	Brantford, Ontario, Canada	CA	CA08	12642	43.1333	-80.2667	-561588	4	Brantford, Ontario, Canada	CA	CA08	12642	43.1333	-80.2667	-561588	20260603194500	https://www.theobserver.ca/news/local-news/mpp-will-bouma-removed-as-caucus-chair-by-premier-doug-ford
1307318666	20260603	202606	2026	2026.4192	CAN	TORONTO	CAN								JEW	JEWISH				JEW					1	190	190	19	4	-10.0	8	1	8	-6.72043010752688	4	Toronto, Ontario, Canada	CA	CA08	12686	43.6667	-79.4167	-574890	4	Toronto, Ontario, Canada	CA	CA08	12686	43.6667	-79.4167	-574890	4	Toronto, Ontario, Canada	CA	CA08	12686	43.6667	-79.4167	-574890	20260603194500	https://www.cp24.com/local/toronto/2026/06/03/more-arrests-made-in-targeted-and-organized-incidents-of-shots-being-fired-at-jewish-people/
1307318667	20260603	202606	2026	2026.4192	CAN	TORONTO	CAN								JEW	JEWISH				JEW					1	193	193	19	4	-10.0	8	1	8	-6.72043010752688	4	Toronto, Ontario, Canada	CA	CA08	12686	43.6667	-79.4167	-574890	4	Toronto, Ontario, Canada	CA	CA08	12686	43.6667	-79.4167	-574890	4	Toronto, Ontario, Canada	CA	CA08	12686	43.6667	-79.4167	-574890	20260603194500	https://www.cp24.com/local/toronto/2026/06/03/more-arrests-made-in-targeted-and-organized-incidents-of-shots-being-fired-at-jewish-people/
1307318668	20260603	202606	2026	2026.4192	CAN	CANADIAN	CAN								USA	MICHIGAN	USA								1	042	042	04	1	1.9	7	1	7	-3.91644908616188	2	Michigan, United States	US	USMI		43.3504	-84.5603	MI	2	Michigan, United States	US	USMI		43.3504	-84.5603	MI	2	Michigan, United States	US	USMI		43.3504	-84.5603	MI	20260603194500	https://wrkr.com/ixp/689/p/saharan-dust-michigan-forecast/
1307318669	20260603	202606	2026	2026.4192	CAN	YUKON	CAN								USA	TEXAS	USA								1	080	080	08	2	5.0	10	1	10	-7.2463768115942	0								0								0								20260603194500	https://sanangelolive.com/news/crashes/2026-06-03/san-angelo-woman-dies-highway-crash-odessa
1307318670	20260603	202606	2026	2026.4192	CANEDU	ONTARIO	CAN					EDU			LABEDU	UNIONS						LAB	EDU		1	046	046	04	1	7.0	10	1	10	-0.99337748344371	0								0								0								20260603194500	https://www.cp24.com/local/toronto/2026/06/03/ontario-education-unions-serve-formal-notice-to-bargain-here-is-what-parents-should-know/
1307318671	20260603	202606	2026	2026.4192	CANGOV	ONTARIO	CAN					GOV													0	0331	033	03	1	5.2	10	1	10	-0.99337748344371	0								0								0								20260603194500	https://www.cp24.com/local/toronto/2026/06/03/ontario-education-unions-serve-formal-notice-to-bargain-here-is-what-parents-should-know/
1307318672	20260603	202606	2026	2026.4192	CANGOV	MANITOBA	CAN					GOV													1	051	051	05	1	3.4	10	2	10	0	1	Canada	CA	CA		60	-96	CA	0								1	Canada	CA	CA		60	-96	CA	20260603194500	https://www.niagarafallsreview.ca/life/wab-and-lumi-manitoba-premier-welcomes-rescued-injured-lynx-to-new-zoo-home/article_746bbbf9-0805-53d7-9153-1b722d91b8fc.html
1307318673	20260603	202606	2026	2026.4192	CANGOV	ONTARIO	CAN					GOV													0	071	071	07	2	7.4	10	1	10	-0.99337748344371	0								0								0								20260603194500	https://www.cp24.com/local/toronto/2026/06/03/ontario-education-unions-serve-formal-notice-to-bargain-here-is-what-parents-should-know/
1307318674	20260603	202606	2026	2026.4192	CANGOV	MANITOBA	CAN					GOV													1	073	073	07	2	7.4	10	2	10	0	1	Canada	CA	CA		60	-96	CA	0								1	Canada	CA	CA		60	-96	CA	20260603194500	https://www.niagarafallsreview.ca/life/wab-and-lumi-manitoba-premier-welcomes-rescued-injured-lynx-to-new-zoo-home/article_746bbbf9-0805-53d7-9153-1b722d91b8fc.html
1307318675	20260603	202606	2026	2026.4192	CANLEG	OTTAWA	CAN					LEG			HTIGOVHRIGOVHLH	MARJORIE MICHEL	HTI					GOV	HRI	GOV	1	046	046	04	1	7.0	10	1	10	-3.41151385927505	4	Ottawa, Ontario, Canada	CA	CA08	12755	45.4167	-75.7	-570760	4	Ottawa, Ontario, Canada	CA	CA08	12755	45.4167	-75.7	-570760	4	Ottawa, Ontario, Canada	CA	CA08	12755	45.4167	-75.7	-570760	20260603194500	https://www.cp24.com/news/canada/2026/06/03/who-calls-for-travel-restrictions-on-ebola-affected-countries-to-be-lifted-days-after-canadas-comes-in-effect/
1307318676	20260603	202606	2026	2026.4192	CHE	SWISS	CHE																		1	051	051	05	1	3.4	4	1	4	2.39043824701196	2	New York, United States	US	USNY		42.1497	-74.9384	NY	0								2	New York, United States	US	USNY		42.1497	-74.9384	NY	20260603194500	https://robbreport.com/style/watch-collector/las-vegas-jewelry-week-2026-watch-trends-1238278642/
1307318677	20260603	202606	2026	2026.4192	CHE	SWITZERLAND	CHE																		0	071	071	07	2	7.4	2	1	2	-8.68263473053896	4	Moscow, Moskva, Russia	RS	RS48	25106	55.7522	37.6156	-2960561	0								1	Switzerland	SZ	SZ		47	8	SZ	20260603194500	https://weeklyblitz.net/2026/06/04/armenia-under-pressure-to-freeze-funds-linked-to-magnitsky-tax-fraud/
1307318678	20260603	202606	2026	2026.4192	CHE	SWISS	CHE								CHEGOV	SWITZERLAND	CHE					GOV			0	090	090	09	2	-2.0	2	1	2	-8.68263473053896	4	Moscow, Moskva, Russia	RS	RS48	25106	55.7522	37.6156	-2960561	4	Moscow, Moskva, Russia	RS	RS48	25106	55.7522	37.6156	-2960561	4	Moscow, Moskva, Russia	RS	RS48	25106	55.7522	37.6156	-2960561	20260603194500	https://weeklyblitz.net/2026/06/04/armenia-under-pressure-to-freeze-funds-linked-to-magnitsky-tax-fraud/
1307318679	20260603	202606	2026	2026.4192	CHE	SWISS	CHE								CHEGOV	SWITZERLAND	CHE					GOV			0	090	090	09	2	-2.0	2	1	2	-8.68263473053896	1	Switzerland	SZ	SZ		47	8	SZ	1	Switzerland	SZ	SZ		47	8	SZ	1	Switzerland	SZ	SZ		47	8	SZ	20260603194500	https://weeklyblitz.net/2026/06/04/armenia-under-pressure-to-freeze-funds-linked-to-magnitsky-tax-fraud/
1307318680	20260603	202606	2026	2026.4192	CHEGOV	SWISS	CHE					GOV													0	090	090	09	2	-2.0	6	1	6	-8.68263473053896	1	Switzerland	SZ	SZ		47	8	SZ	0								1	Switzerland	SZ	SZ		47	8	SZ	20260603194500	https://weeklyblitz.net/2026/06/04/armenia-under-pressure-to-freeze-funds-linked-to-magnitsky-tax-fraud/
1307318681	20260603	202606	2026	2026.4192	CHN	CHINA	CHN																		1	010	010	01	1	0.0	4	1	4	-1.62887959498129	4	Tiananmen Square, Beijing, China	CH	CH22	13001	39.9044	116.391	9244097	0								4	Tiananmen Square, Beijing, China	CH	CH22	13001	39.9044	116.391	9244097	20260603194500	https://www.greanvillepost.com/leo-zhao-brilliantly-explains-all-the-hidden-forces-behind-our-headlines-and-what-to-expect-for-the-future/
1307318682	20260603	202606	2026	2026.4192	CHN	CHINA	CHN																		0	043	043	04	1	2.8	1	1	1	-0.43083900226757	1	United States	US	US		39.828175	-98.5795	US	0								1	United States	US	US		39.828175	-98.5795	US	20260603194500	https://www.greanvillepost.com/the-myth-of-chinese-capitalism-2/
1307318683	20260603	202606	2026	2026.4192	CHN	CHINA	CHN																		0	120	120	12	3	-4.0	2	1	2	-0.43083900226757	4	Tiananmen, Beijing, China	CH	CH22	13001	39.9072	116.391	-1928471	0								4	Tianjin, Tianjin, China	CH	CH28	13279	39.1422	117.177	-1928564	20260603194500	https://www.greanvillepost.com/the-myth-of-chinese-capitalism-2/
1307318684	20260603	202606	2026	2026.4192	CHN	CHINA	CHN																		0	120	120	12	3	-4.0	5	1	5	-0.43083900226757	4	Tianjin, Tianjin, China	CH	CH28	13279	39.1422	117.177	-1928564	0								1	United States	US	US		39.828175	-98.5795	US	20260603194500	https://www.greanvillepost.com/the-myth-of-chinese-capitalism-2/
1307318685	20260603	202606	2026	2026.4192	CHN	CHINA	CHN																		0	1721	172	17	4	-5.0	10	1	10	-1.62887959498129	4	Tiananmen, Beijing, China	CH	CH22	13001	39.9072	116.391	-1928471	0								4	Tiananmen, Beijing, China	CH	CH22	13001	39.9072	116.391	-1928471	20260603194500	https://www.greanvillepost.com/leo-zhao-brilliantly-explains-all-the-hidden-forces-behind-our-headlines-and-what-to-expect-for-the-future/
1307318686	20260603	202606	2026	2026.4192	CHN	CHINA	CHN																		1	190	190	19	4	-10.0	3	1	3	-0.43083900226757	4	Shenzhen, Guangdong, China	CH	CH30	13036	22.2	111.117	-1925267	0								4	Shenzhen, Guangdong, China	CH	CH30	13036	22.2	111.117	-1925267	20260603194500	https://www.greanvillepost.com/the-myth-of-chinese-capitalism-2/
1307318687	20260603	202606	2026	2026.4192	CHN	BEIJING	CHN								CVL	CITIZEN						CVL			0	010	010	01	1	0.0	7	1	7	-0.43083900226757	4	Beijing, Beijing, China	CH	CH22	13001	39.9289	116.388	-1898541	4	Beijing, Beijing, China	CH	CH22	13001	39.9289	116.388	-1898541	4	Beijing, Beijing, China	CH	CH22	13001	39.9289	116.388	-1898541	20260603194500	https://www.greanvillepost.com/the-myth-of-chinese-capitalism-2/
1307318688	20260603	202606	2026	2026.4192	CHN	BEIJING	CHN								CVL	CITIZEN						CVL			0	010	010	01	1	0.0	1	1	1	-0.43083900226757	4	Tianjin, Tianjin, China	CH	CH28	13279	39.1422	117.177	-1928564	4	Beijing, Beijing, China	CH	CH22	13001	39.9289	116.388	-1898541	4	Tianjin, Tianjin, China	CH	CH28	13279	39.1422	117.177	-1928564	20260603194500	https://www.greanvillepost.com/the-myth-of-chinese-capitalism-2/
1307318689	20260603	202606	2026	2026.4192	CHN	CHINESE	CHN								DEU	GERMANY	DEU								0	120	120	12	3	-4.0	7	1	7	-1.62887959498129	4	Beijing, Beijing, China	CH	CH22	13001	39.9289	116.388	-1898541	4	Frankfurt, Brandenburg, Germany	GM	GM11	16538	52.35	14.55	-1771146	4	Frankfurt, Brandenburg, Germany	GM	GM11	16538	52.35	14.55	-1771146	20260603194500	https://www.greanvillepost.com/leo-zhao-brilliantly-explains-all-the-hidden-forces-behind-our-headlines-and-what-to-expect-for-the-future/
1307318690	20260603	202606	2026	2026.4192	CHN	CHINESE	CHN								DEU	GERMANY	DEU								0	120	120	12	3	-4.0	1	1	1	-1.62887959498129	4	Beijing, Beijing, China	CH	CH22	13001	39.9289	116.388	-1898541	4	Beijing, Beijing, China	CH	CH22	13001	39.9289	116.388	-1898541	4	Beijing, Beijing, China	CH	CH22	13001	39.9289	116.388	-1898541	20260603194500	https://www.greanvillepost.com/leo-zhao-brilliantly-explains-all-the-hidden-forces-behind-our-headlines-and-what-to-expect-for-the-future/
1307318691	20260603	202606	2026	2026.4192	CHN	CHINA	CHN								GOV	GOVERNMENT						GOV			0	141	141	14	3	-6.5	10	1	10	-1.62887959498129	4	Beijing, Beijing, China	CH	CH22	13001	39.9289	116.388	-1898541	4	Beijing, Beijing, China	CH	CH22	13001	39.9289	116.388	-1898541	4	Beijing, Beijing, China	CH	CH22	13001	39.9289	116.388	-1898541	20260603194500	https://www.greanvillepost.com/leo-zhao-brilliantly-explains-all-the-hidden-forces-behind-our-headlines-and-what-to-expect-for-the-future/
1307318692	20260603	202606	2026	2026.4192	CHN	CHINA	CHN								GOV	GOVERNMENT						GOV			0	1721	172	17	4	-5.0	8	1	8	-1.62887959498129	4	Tiananmen, Beijing, China	CH	CH22	13001	39.9072	116.391	-1928471	4	Tiananmen, Beijing, China	CH	CH22	13001	39.9072	116.391	-1928471	4	Tiananmen, Beijing, China	CH	CH22	13001	39.9072	116.391	-1928471	20260603194500	https://www.greanvillepost.com/leo-zhao-brilliantly-explains-all-the-hidden-forces-behind-our-headlines-and-what-to-expect-for-the-future/
1307318693	20260603	202606	2026	2026.4192	CHN	CHINA	CHN								GOV	GOVERNMENT						GOV			0	1721	172	17	4	-5.0	2	1	2	-1.62887959498129	1	North Korea	KN	KN		40	127	KN	1	North Korea	KN	KN		40	127	KN	1	North Korea	KN	KN		40	127	KN	20260603194500	https://www.greanvillepost.com/leo-zhao-brilliantly-explains-all-the-hidden-forces-behind-our-headlines-and-what-to-expect-for-the-future/
1307318694	20260603	202606	2026	2026.4192	CHN	CHINA	CHN								JPN	JAPAN	JPN								0	010	010	01	1	0.0	2	1	2	-4.98783454987835	4	Tiananmen, Beijing, China	CH	CH22	13001	39.9072	116.391	-1928471	4	Tokyo, Tokyo, Japan	JA	JA40	36340	35.685	139.751	-246227	4	Tiananmen, Beijing, China	CH	CH22	13001	39.9072	116.391	-1928471	20260603194500	https://www.wsbradio.com/news/world/hong-kong-artist/DMFX6N66V4Z5NFHFXDS2LXQ3G4/
1307318695	20260603	202606	2026	2026.4192	CHN	CHINA	CHN								JPN	TOKYO	JPN								0	013	013	01	1	0.4	1	1	1	-4.98783454987835	4	Causeway Bay, Hong Kong (general), Hong Kong	HK	HK00	13031	22.2833	114.183	-1354454	4	London, London, City of, United Kingdom	UK	UKH9	40110	51.5	-0.116667	-2601889	4	Causeway Bay, Hong Kong (general), Hong Kong	HK	HK00	13031	22.2833	114.183	-1354454	20260603194500	https://www.wsbradio.com/news/world/hong-kong-artist/DMFX6N66V4Z5NFHFXDS2LXQ3G4/
1307318696	20260603	202606	2026	2026.4192	CHN	CHINA	CHN								JPN	TOKYO	JPN								0	013	013	01	1	0.4	1	1	1	-4.98783454987835	4	Tiananmen, Beijing, China	CH	CH22	13001	39.9072	116.391	-1928471	4	Tokyo, Tokyo, Japan	JA	JA40	36340	35.685	139.751	-246227	4	Tokyo, Tokyo, Japan	JA	JA40	36340	35.685	139.751	-246227	20260603194500	https://www.wsbradio.com/news/world/hong-kong-artist/DMFX6N66V4Z5NFHFXDS2LXQ3G4/
1307318697	20260603	202606	2026	2026.4192	CHN	CHINA	CHN								TWN	TAIWAN	TWN								1	046	046	04	1	7.0	2	1	2	-0.235849056603773	3	Capitol Hill, District of Columbia, United States	US	USDC	DC001	38.889	-77.0003	529313	4	Taipei, T'ai-pei, Taiwan	TW	TW03	13277	25.0478	121.532	-2637882	4	Taipei, T'ai-pei, Taiwan	TW	TW03	13277	25.0478	121.532	-2637882	20260603194500	https://news.ltn.com.tw/news/focus/breakingnews/5459915
1307318698	20260603	202606	2026	2026.4192	CHN	CHINA	CHN								TWN	TAIWAN	TWN								1	050	050	05	1	3.5	2	1	2	-0.235849056603773	3	Capitol Hill, District of Columbia, United States	US	USDC	DC001	38.889	-77.0003	529313	4	Taipei, T'ai-pei, Taiwan	TW	TW03	13277	25.0478	121.532	-2637882	4	Taipei, T'ai-pei, Taiwan	TW	TW03	13277	25.0478	121.532	-2637882	20260603194500	https://news.ltn.com.tw/news/focus/breakingnews/5459915
1307318699	20260603	202606	2026	2026.4192	CHN	CHINA	CHN								USA	UNITED STATES	USA								0	193	193	19	4	-10.0	1	1	1	-0.43083900226757	4	Beijing, Beijing, China	CH	CH22	13001	39.9289	116.388	-1898541	4	Beijing, Beijing, China	CH	CH22	13001	39.9289	116.388	-1898541	4	Beijing, Beijing, China	CH	CH22	13001	39.9289	116.388	-1898541	20260603194500	https://www.greanvillepost.com/the-myth-of-chinese-capitalism-2/
1307318700	20260603	202606	2026	2026.4192	CHN	CHINA	CHN								USA	UNITED STATES	USA								0	193	193	19	4	-10.0	1	1	1	-0.43083900226757	4	Beijing, Beijing, China	CH	CH22	13001	39.9289	116.388	-1898541	1	United States	US	US		39.828175	-98.5795	US	4	Beijing, Beijing, China	CH	CH22	13001	39.9289	116.388	-1898541	20260603194500	https://www.greanvillepost.com/the-myth-of-chinese-capitalism-2/
1307318701	20260603	202606	2026	2026.4192	CHNBUS	CHINA	CHN					BUS			CHN	CHINESE	CHN								1	040	040	04	1	1.0	2	1	2	2.10526315789474	1	United Kingdom	UK	UK		54	-4	UK	1	United Kingdom	UK	UK		54	-4	UK	1	China	CH	CH		35	105	CH	20260603194500	https://www.carmagazine.co.uk/car-news/industry-news/nissan/chery-sunderland/
1307318702	20260603	202606	2026	2026.4192	CHNCVL	CHINA	CHN					CVL			CHN	CHINA	CHN								0	114	114	11	3	-2.0	2	1	2	-0.43083900226757	4	Beijing, Beijing, China	CH	CH22	13001	39.9289	116.388	-1898541	4	Beijing, Beijing, China	CH	CH22	13001	39.9289	116.388	-1898541	4	Beijing, Beijing, China	CH	CH22	13001	39.9289	116.388	-1898541	20260603194500	https://www.greanvillepost.com/the-myth-of-chinese-capitalism-2/
1307318703	20260603	202606	2026	2026.4192	CHNGOV	XI JINPING	CHN					GOV													0	036	036	03	1	4.0	4	1	4	-0.43083900226757	4	Beijing, Beijing, China	CH	CH22	13001	39.9289	116.388	-1898541	0								4	Beijing, Beijing, China	CH	CH22	13001	39.9289	116.388	-1898541	20260603194500	https://www.greanvillepost.com/the-myth-of-chinese-capitalism-2/
1307318704	20260603	202606	2026	2026.4192	CHNGOV	XI JINPING	CHN					GOV													0	036	036	03	1	4.0	1	1	1	-0.43083900226757	1	United States	US	US		39.828175	-98.5795	US	0								1	United States	US	US		39.828175	-98.5795	US	20260603194500	https://www.greanvillepost.com/the-myth-of-chinese-capitalism-2/
1307318705	20260603	202606	2026	2026.4192	CHNGOV	CHINA	CHN					GOV			KOR	SOUTH KOREA	KOR								0	051	051	05	1	3.4	2	1	2	-1.62887959498129	4	Tiananmen, Beijing, China	CH	CH22	13001	39.9072	116.391	-1928471	1	South Korea	KS	KS		37	127.5	KS	1	South Korea	KS	KS		37	127.5	KS	20260603194500	https://www.greanvillepost.com/leo-zhao-brilliantly-explains-all-the-hidden-forces-behind-our-headlines-and-what-to-expect-for-the-future/
1307318706	20260603	202606	2026	2026.4192	CHNGOV	CHINA	CHN					GOV			KOR	SOUTH KOREA	KOR								0	1721	172	17	4	-5.0	2	1	2	-1.62887959498129	4	Tiananmen, Beijing, China	CH	CH22	13001	39.9072	116.391	-1928471	1	South Korea	KS	KS		37	127.5	KS	4	Tiananmen, Beijing, China	CH	CH22	13001	39.9072	116.391	-1928471	20260603194500	https://www.greanvillepost.com/leo-zhao-brilliantly-explains-all-the-hidden-forces-behind-our-headlines-and-what-to-expect-for-the-future/
1307318707	20260603	202606	2026	2026.4192	CHR	CHRISTIAN				CHR					GOV	GOVERNMENT						GOV			1	020	020	02	1	3.0	5	1	5	-7.77338603425556	4	New Delhi, Delhi, India	IN	IN07	17911	28.6	77.2	-2106102	4	New Delhi, Delhi, India	IN	IN07	17911	28.6	77.2	-2106102	4	New Delhi, Delhi, India	IN	IN07	17911	28.6	77.2	-2106102	20260603194500	https://www.myspiritfm.com/News?view=post&blogid=Catholic%2DNews&articleid=299984
1307318708	20260603	202606	2026	2026.4192	CHR	CHRISTIAN				CHR					USA	UNITED STATES	USA								1	020	020	02	1	3.0	6	3	6	-1.33333333333334	3	Washington, District of Columbia, United States	US	USDC	DC001	38.8951	-77.0364	531871	3	Washington, District of Columbia, United States	US	USDC	DC001	38.8951	-77.0364	531871	3	Washington, District of Columbia, United States	US	USDC	DC001	38.8951	-77.0364	531871	20260603194500	https://kpic.com/news/nation-world/speaker-johnson-says-we-should-love-our-neighbor-in-response-to-gop-reps-lgbt-post-andy-ogles-tennessee-christian
1307318709	20260603	202606	2026	2026.4192	COP	POLICE						COP													1	010	010	01	1	0.0	5	1	5	-10.1449275362319	2	Nevada, United States	US	USNV		38.4199	-117.122	NV	0								2	Nevada, United States	US	USNV		38.4199	-117.122	NV	20260603194500	https://news3lv.com/features/breaking-down-the-law/rebas-law-set-for-early-test-as-teen-faces-15-felony-counts-in-horse-stabbing-case
1307318710	20260603	202606	2026	2026.4192	COP	POLICE						COP													0	011	011	01	1	-0.1	8	1	8	-4.98783454987835	4	Causeway Bay, Hong Kong (general), Hong Kong	HK	HK00	13031	22.2833	114.183	-1354454	0								4	Causeway Bay, Hong Kong (general), Hong Kong	HK	HK00	13031	22.2833	114.183	-1354454	20260603194500	https://www.wsbradio.com/news/world/hong-kong-artist/DMFX6N66V4Z5NFHFXDS2LXQ3G4/
1307318711	20260603	202606	2026	2026.4192	COP	POLICE						COP													0	011	011	01	1	-0.1	2	1	2	-4.98783454987835	4	Beijing, Beijing, China	CH	CH22	13001	39.9289	116.388	-1898541	0								4	Beijing, Beijing, China	CH	CH22	13001	39.9289	116.388	-1898541	20260603194500	https://www.wsbradio.com/news/world/hong-kong-artist/DMFX6N66V4Z5NFHFXDS2LXQ3G4/
1307318712	20260603	202606	2026	2026.4192	COP	POLICE						COP													1	020	020	02	1	3.0	10	1	10	-5.29801324503311	2	South Carolina, United States	US	USSC		33.8191	-80.9066	SC	0								2	South Carolina, United States	US	USSC		33.8191	-80.9066	SC	20260603194500	https://www.wistv.com/2026/06/03/watch-gov-mcmaster-signs-bill-protecting-sc-police-animals/
1307318713	20260603	202606	2026	2026.4192	COP	PRISON						COP													1	042	042	04	1	1.9	2	1	2	-6.9164265129683	3	Horry County, South Carolina, United States	US	USSC	SC051	33.9168	-78.9831	1248005	0								3	Horry County, South Carolina, United States	US	USSC		33.9168	-78.9831	1248005	20260603194500	https://www.wmbfnews.com/2026/06/03/4-sentenced-after-mexico-based-drug-trafficking-ring-dismantled-myrtle-beach/
1307318714	20260603	202606	2026	2026.4192	COP	POLICE						COP													0	043	043	04	1	2.8	3	1	3	-5.08613617719442	3	Kern County, California, United States	US	USCA	CA029	35.2961	-118.668	2054176	0								3	Sacramento, California, United States	US	USCA	CA067	38.5816	-121.494	1659564	20260603194500	https://news3lv.com/news/local/fbi-neutralizes-man-in-bomb-threat-at-chase-building-in-bakersfield-10-hostages-rescued-bakersfield-chester-and-17th-street-police-department-kern-county-california
1307318715	20260603	202606	2026	2026.4192	COP	POLICE						COP													0	043	043	04	1	2.8	2	1	2	-5.08613617719442	3	Kern County, California, United States	US	USCA	CA029	35.2961	-118.668	2054176	0								3	Kern County, California, United States	US	USCA		35.2961	-118.668	2054176	20260603194500	https://news3lv.com/news/local/fbi-neutralizes-man-in-bomb-threat-at-chase-building-in-bakersfield-10-hostages-rescued-bakersfield-chester-and-17th-street-police-department-kern-county-california
1307318716	20260603	202606	2026	2026.4192	COP	POLICE						COP													1	046	046	04	1	7.0	10	1	10	-9.39947780678847	2	Arizona, United States	US	USAZ		33.7712	-111.388	AZ	0								2	Arizona, United States	US	USAZ		33.7712	-111.388	AZ	20260603194500	https://1037theloon.com/ixp/67/p/aaron-wright-plea-deal/
1307318717	20260603	202606	2026	2026.4192	COP	LAW ENFORCEMENT OFFICER						COP													1	060	060	06	2	6.0	10	1	10	-1.13636363636364	2	Texas, United States	US	USTX		31.106	-97.6475	TX	0								2	Texas, United States	US	USTX		31.106	-97.6475	TX	20260603194500	https://www.yahoo.com/news/us/articles/overnight-roadwork-txdot-close-45-191000223.html
1307318718	20260603	202606	2026	2026.4192	COP	POLICE						COP													0	080	080	08	2	5.0	6	1	6	-9.39947780678847	2	Arizona, United States	US	USAZ		33.7712	-111.388	AZ	0								2	Arizona, United States	US	USAZ		33.7712	-111.388	AZ	20260603194500	https://1037theloon.com/ixp/67/p/aaron-wright-plea-deal/
1307318719	20260603	202606	2026	2026.4192	COP	POLICE						COP													1	084	084	08	2	7.0	10	1	10	-8.42911877394636	4	Ottawa, Ontario, Canada	CA	CA08	12755	45.4167	-75.7	-570760	0								4	Ottawa, Ontario, Canada	CA	CA08	12755	45.4167	-75.7	-570760	20260603194500	https://www.cp24.com/news/canada/2026/06/03/11-people-arrested-in-investigation-into-demand-for-underage-sex-work-in-ottawa-police-say/
1307318720	20260603	202606	2026	2026.4192	COP	POLICE						COP													1	0874	087	08	2	10.0	10	1	10	-5.55555555555556	3	Town Of Owego, New York, United States	US	USNY	NY107	42.0892	-76.1863	979334	0								3	Town Of Owego, New York, United States	US	USNY		42.0892	-76.1863	979334	20260603194500	https://www.weny.com/news/early-morning-crash-kills-motorcyclist-in-tioga-co-ny/article_94019e50-62c2-4b8f-a752-4bc006b4ba52.html
1307318721	20260603	202606	2026	2026.4192	COP	POLICE						COP													0	090	090	09	2	-2.0	2	1	2	-4.7696038803557	4	Vlora, Vlore, Albania	AL	AL51	4148	40.4667	19.4897	-109054	0								4	Vlora, Vlore, Albania	AL	AL51	4148	40.4667	19.4897	-109054	20260603194500	https://weeklyblitz.net/2026/06/04/albania-freezes-assets-in-kushner-linked-resort-probe-amid-growing-backlash/
1307318722	20260603	202606	2026	2026.4192	COP	TROOPER						COP													1	090	090	09	2	-2.0	8	1	8	-8.80503144654087	3	Daviess Community Hospital, Indiana, United States	US	USIN	IN027	38.6596	-87.1597	2660431	0								3	Daviess Community Hospital, Indiana, United States	US	USIN		38.6596	-87.1597	2660431	20260603194500	https://www.wthitv.com:443/2026/06/01/police-worthington-man-was-drunk-had-drugs-child-car-after-crash/
1307318723	20260603	202606	2026	2026.4192	COP	DETECTIVE						COP													1	090	090	09	2	-2.0	5	1	5	-15.527950310559	3	Waialee, Hawaii, United States	US	USHI	HI003	21.6897	-158.026	364536	0								3	Waialee, Hawaii, United States	US	USHI	HI003	21.6897	-158.026	364536	20260603194500	https://www.kitv.com/news/crime/north-shore-beach-assault-leads-to-kidnapping-arrests-of-3-juveniles/article_787bc902-f7d1-4fc7-b1f8-a058c8afec79.html
1307318724	20260603	202606	2026	2026.4192	COP	TROOPER						COP													1	090	090	09	2	-2.0	2	1	2	-8.80503144654087	3	Martin County, Indiana, United States	US	USIN	IN101	38.6664	-86.7911	451679	0								3	Martin County, Indiana, United States	US	USIN		38.6664	-86.7911	451679	20260603194500	https://www.wthitv.com:443/2026/06/01/police-worthington-man-was-drunk-had-drugs-child-car-after-crash/
1307318725	20260603	202606	2026	2026.4192	COP	POLICE OFFICER						COP													1	172	172	17	4	-5.0	5	1	5	-3.75	4	London, London, City of, United Kingdom	UK	UKH9	40110	51.5	-0.116667	-2601889	0								4	London, London, City of, United Kingdom	UK	UKH9	40110	51.5	-0.116667	-2601889	20260603194500	https://kpic.com/news/nation-world/full-of-little-hitlers-five-royal-police-officers-banned-from-working-royal-residences-kate-middleton-prince-williams-misogynistic-inappropriate-kensington-palace-london-metropolitan-police-behavior-conduct-justice-crime
1307318726	20260603	202606	2026	2026.4192	COP	PRISON						COP													0	172	172	17	4	-5.0	3	1	3	-10.5058365758755	2	Texas, United States	US	USTX		31.106	-97.6475	TX	0								2	Texas, United States	US	USTX		31.106	-97.6475	TX	20260603194500	https://www.myspiritfm.com/News?view=post&blogid=Catholic%2DNews&articleid=299983
1307318727	20260603	202606	2026	2026.4192	COP	POLICE						COP			ALB	ALBANIA	ALB								0	090	090	09	2	-2.0	8	1	8	-4.7696038803557	4	Vlora, Vlore, Albania	AL	AL51	4148	40.4667	19.4897	-109054	4	Vlora, Vlore, Albania	AL	AL51	4148	40.4667	19.4897	-109054	4	Vlora, Vlore, Albania	AL	AL51	4148	40.4667	19.4897	-109054	20260603194500	https://weeklyblitz.net/2026/06/04/albania-freezes-assets-in-kushner-linked-resort-probe-amid-growing-backlash/
1307318728	20260603	202606	2026	2026.4192	COP	DETECTIVE						COP			BUS	BANK						BUS			0	090	090	09	2	-2.0	3	1	3	-6.62983425414368	1	Norway	NO	NO		62	10	NO	1	Norway	NO	NO		62	10	NO	1	Norway	NO	NO		62	10	NO	20260603194500	https://www.boredpanda.com/professional-surgeon-thrown-in-prison-after-getting-legs-amputated/
1307318729	20260603	202606	2026	2026.4192	COP	DETECTIVE						COP			GBRBUS	UNITED KINGDOM	GBR					BUS			0	090	090	09	2	-2.0	3	1	3	-6.62983425414368	1	United Kingdom	UK	UK		54	-4	UK	1	United Kingdom	UK	UK		54	-4	UK	1	United Kingdom	UK	UK		54	-4	UK	20260603194500	https://www.boredpanda.com/professional-surgeon-thrown-in-prison-after-getting-legs-amputated/
1307318730	20260603	202606	2026	2026.4192	COP	POLICE						COP			GBRMED	BRITISH	GBR					MED			1	010	010	01	1	0.0	3	1	3	-3.75	4	London, London, City of, United Kingdom	UK	UKH9	40110	51.5	-0.116667	-2601889	4	London, London, City of, United Kingdom	UK	UKH9	40110	51.5	-0.116667	-2601889	4	London, London, City of, United Kingdom	UK	UKH9	40110	51.5	-0.116667	-2601889	20260603194500	https://kpic.com/news/nation-world/full-of-little-hitlers-five-royal-police-officers-banned-from-working-royal-residences-kate-middleton-prince-williams-misogynistic-inappropriate-kensington-palace-london-metropolitan-police-behavior-conduct-justice-crime
1307318731	20260603	202606	2026	2026.4192	COP	SECURITY OFFICIAL						COP			IRN	IRAN	IRN								1	190	190	19	4	-10.0	1	1	1	-6.30252100840336	4	Limbe, Sud-Ouest, Cameroon	CM	CM09	18585	4.0242	9.2149	-3151541	4	Limbe, Sud-Ouest, Cameroon	CM	CM09	18585	4.0242	9.2149	-3151541	1	France	FR	FR		46	2	FR	20260603194500	http://www.theuknews.com/news/279099861/france-arrests-russian-captain-of-moscow-linked-oil-tanker
1307318732	20260603	202606	2026	2026.4192	COP	SECURITY OFFICIAL						COP			IRN	IRAN	IRN								1	190	190	19	4	-10.0	1	1	1	-6.30252100840336	1	France	FR	FR		46	2	FR	1	France	FR	FR		46	2	FR	4	Limbe, Sud-Ouest, Cameroon	CM	CM09	18585	4.0242	9.2149	-3151541	20260603194500	http://www.theuknews.com/news/279099861/france-arrests-russian-captain-of-moscow-linked-oil-tanker
1307318733	20260603	202606	2026	2026.4192	COP	PRISON						COP			JUD	JUSTICE SYSTEM						JUD			0	173	173	17	4	-5.0	10	1	10	-7.00160342063068	4	Kruglov, Khabarovskiy Kray, Russia	RS	RS30	25057	51.4167	140.833	-2938630	4	Kruglov, Khabarovskiy Kray, Russia	RS	RS30	25057	51.4167	140.833	-2938630	4	Kruglov, Khabarovskiy Kray, Russia	RS	RS30	25057	51.4167	140.833	-2938630	20260603194500	https://www.greanvillepost.com/the-truth-about-the-soviet-gulag-surprisingly-revealed-by-the-cia/
1307318734	20260603	202606	2026	2026.4192	COP	POLICE						COP			MDV	MALE	MDV								1	173	173	17	4	-5.0	10	1	10	-5.32212885154061	3	Aldrich Lakes, Colorado, United States	US	USCO	CO103	40.1744	-107.7	173309	3	Aldrich Lakes, Colorado, United States	US	USCO		40.1744	-107.7	173309	3	Aldrich Lakes, Colorado, United States	US	USCO		40.1744	-107.7	173309	20260603194500	https://www.theheraldtimes.com/rio-happenings-may-24-30-2026/rio-blanco-county/
1307318735	20260603	202606	2026	2026.4192	COP	PRISON						COP			MIL	CARRIER						MIL			1	180	180	18	4	-9.0	10	1	10	-10.6529209621993	2	California, United States	US	USCA		36.17	-119.746	CA	2	California, United States	US	USCA		36.17	-119.746	CA	2	California, United States	US	USCA		36.17	-119.746	CA	20260603194500	https://www.nbcbayarea.com/news/local/san-jose-man-sentenced-more-than-10-years-postal-worker-attack/4094037/
1307318736	20260603	202606	2026	2026.4192	COP	POLICE						COP			OPP	PROTESTER						OPP			0	111	111	11	3	-2.0	6	1	6	-7.32984293193718	3	Washington, District of Columbia, United States	US	USDC	DC001	38.8951	-77.0364	531871	3	Washington, District of Columbia, United States	US	USDC	DC001	38.8951	-77.0364	531871	3	Washington, District of Columbia, United States	US	USDC	DC001	38.8951	-77.0364	531871	20260603194500	https://www.greanvillepost.com/assange-defamers-and-defenders-slugging-it-out-on-divers-media-platforms-part-1/
1307318737	20260603	202606	2026	2026.4192	COP	POLICE						COP			USA	UNITED STATES	USA								0	051	051	05	1	3.4	2	1	2	-5.08613617719442	3	Kern County, California, United States	US	USCA	CA029	35.2961	-118.668	2054176	3	Kern County, California, United States	US	USCA		35.2961	-118.668	2054176	3	Kern County, California, United States	US	USCA		35.2961	-118.668	2054176	20260603194500	https://news3lv.com/news/local/fbi-neutralizes-man-in-bomb-threat-at-chase-building-in-bakersfield-10-hostages-rescued-bakersfield-chester-and-17th-street-police-department-kern-county-california
1307318738	20260603	202606	2026	2026.4192	COP	POLICE						COP			USA	UNITED STATES	USA								0	080	080	08	2	5.0	4	1	4	-9.39947780678847	2	Arizona, United States	US	USAZ		33.7712	-111.388	AZ	2	Arizona, United States	US	USAZ		33.7712	-111.388	AZ	2	Arizona, United States	US	USAZ		33.7712	-111.388	AZ	20260603194500	https://1037theloon.com/ixp/67/p/aaron-wright-plea-deal/
1307318739	20260603	202606	2026	2026.4192	COP	DEPUTIES						COP			USA	MILWAUKEE	USA								1	090	090	09	2	-2.0	10	1	10	-5.45685279187818	0								0								0								20260603194500	https://wtmj.com/news/2026/06/03/milwaukee-county-approves-vehicle-impoundment-ordinance-for-reckless-drivers/
1307318740	20260603	202606	2026	2026.4192	COP	PRISON						COP			USA	UNITED STATES	USA								0	172	172	17	4	-5.0	2	1	2	-10.5058365758755	3	Mclennan County, Texas, United States	US	USTX	TX309	31.5502	-97.1836	1383946	3	Mclennan County, Texas, United States	US	USTX		31.5502	-97.1836	1383946	3	Mclennan County, Texas, United States	US	USTX		31.5502	-97.1836	1383946	20260603194500	https://www.myspiritfm.com/News?view=post&blogid=Catholic%2DNews&articleid=299983
1307318741	20260603	202606	2026	2026.4192	COP	POLICE						COP			USA	SOUTH CAROLINA	USA								1	173	173	17	4	-5.0	10	1	10	-5.29801324503311	2	South Carolina, United States	US	USSC		33.8191	-80.9066	SC	2	South Carolina, United States	US	USSC		33.8191	-80.9066	SC	2	South Carolina, United States	US	USSC		33.8191	-80.9066	SC	20260603194500	https://www.wistv.com/2026/06/03/watch-gov-mcmaster-signs-bill-protecting-sc-police-animals/
1307318742	20260603	202606	2026	2026.4192	COPCOP	DETECTIVE						COP	COP		CVL	COMMUNITY						CVL			1	012	012	01	1	-0.4	4	1	4	-5.23255813953488	4	Bognor, West Sussex, United Kingdom	UK	UKP6	40137	50.7833	-0.65	-2590331	4	Bognor, West Sussex, United Kingdom	UK	UKP6	40137	50.7833	-0.65	-2590331	4	Bognor, West Sussex, United Kingdom	UK	UKP6	40137	50.7833	-0.65	-2590331	20260603194500	https://www.theargus.co.uk/news/26163747.man-charged-imitation-firearm-incident-bognor/
1307318743	20260603	202606	2026	2026.4192	COPCOP	DETECTIVE						COP	COP		CVL	COMMUNITY						CVL			1	012	012	01	1	-0.4	6	1	6	-5.23255813953488	4	Bognor, West Sussex, United Kingdom	UK	UKP6	40137	50.7833	-0.65	-2590331	4	Sussex, East Sussex, United Kingdom	UK	UKE2	40137	50.9167	-0.083333	-2609142	4	Sussex, East Sussex, United Kingdom	UK	UKE2	40137	50.9167	-0.083333	-2609142	20260603194500	https://www.theargus.co.uk/news/26163747.man-charged-imitation-firearm-incident-bognor/
1307318744	20260603	202606	2026	2026.4192	COPCOP	DETECTIVE						COP	COP		CVL	COMMUNITY						CVL			1	013	013	01	1	0.4	4	1	4	-5.23255813953488	4	Bognor, West Sussex, United Kingdom	UK	UKP6	40137	50.7833	-0.65	-2590331	4	Bognor, West Sussex, United Kingdom	UK	UKP6	40137	50.7833	-0.65	-2590331	4	Bognor, West Sussex, United Kingdom	UK	UKP6	40137	50.7833	-0.65	-2590331	20260603194500	https://www.theargus.co.uk/news/26163747.man-charged-imitation-firearm-incident-bognor/
1307318745	20260603	202606	2026	2026.4192	COPCOP	DETECTIVE						COP	COP		CVL	COMMUNITY						CVL			1	013	013	01	1	0.4	4	1	4	-5.23255813953488	4	Bognor, West Sussex, United Kingdom	UK	UKP6	40137	50.7833	-0.65	-2590331	4	Sussex, East Sussex, United Kingdom	UK	UKE2	40137	50.9167	-0.083333	-2609142	4	Bognor, West Sussex, United Kingdom	UK	UKP6	40137	50.7833	-0.65	-2590331	20260603194500	https://www.theargus.co.uk/news/26163747.man-charged-imitation-firearm-incident-bognor/
1307318746	20260603	202606	2026	2026.4192	COPCOP	DETECTIVE						COP	COP		CVL	COMMUNITY						CVL			1	013	013	01	1	0.4	2	1	2	-5.23255813953488	4	Bognor, West Sussex, United Kingdom	UK	UKP6	40137	50.7833	-0.65	-2590331	4	Sussex, East Sussex, United Kingdom	UK	UKE2	40137	50.9167	-0.083333	-2609142	4	Sussex, East Sussex, United Kingdom	UK	UKE2	40137	50.9167	-0.083333	-2609142	20260603194500	https://www.theargus.co.uk/news/26163747.man-charged-imitation-firearm-incident-bognor/
1307318747	20260603	202606	2026	2026.4192	COPCOP	DETECTIVE						COP	COP		CVL	COMMUNITY						CVL			1	111	111	11	3	-2.0	4	1	4	-5.23255813953488	4	Bognor, West Sussex, United Kingdom	UK	UKP6	40137	50.7833	-0.65	-2590331	4	Bognor, West Sussex, United Kingdom	UK	UKP6	40137	50.7833	-0.65	-2590331	4	Bognor, West Sussex, United Kingdom	UK	UKP6	40137	50.7833	-0.65	-2590331	20260603194500	https://www.theargus.co.uk/news/26163747.man-charged-imitation-firearm-incident-bognor/
1307318748	20260603	202606	2026	2026.4192	COPCOP	DETECTIVE						COP	COP		CVL	COMMUNITY						CVL			1	111	111	11	3	-2.0	6	1	6	-5.23255813953488	4	Bognor, West Sussex, United Kingdom	UK	UKP6	40137	50.7833	-0.65	-2590331	4	Sussex, East Sussex, United Kingdom	UK	UKE2	40137	50.9167	-0.083333	-2609142	4	Sussex, East Sussex, United Kingdom	UK	UKE2	40137	50.9167	-0.083333	-2609142	20260603194500	https://www.theargus.co.uk/news/26163747.man-charged-imitation-firearm-incident-bognor/
1307318749	20260603	202606	2026	2026.4192	CRB	WEST INDIES	CRB								IRL	DUBLIN	IRL								1	042	042	04	1	1.9	10	1	10	-1.88087774294671	4	Dublin, Dublin, Ireland	EI	EI07	18288	53.3331	-6.24889	-1502554	4	Dublin, Dublin, Ireland	EI	EI07	18288	53.3331	-6.24889	-1502554	4	Dublin, Dublin, Ireland	EI	EI07	18288	53.3331	-6.24889	-1502554	20260603194500	https://www.geosuper.tv/latest/56506-pakistan-knocked-out-of-t20i-tri-series-after-washout-against-west-indies
1307318750	20260603	202606	2026	2026.4192	CRB	WEST INDIES	CRB								IRL	DUBLIN	IRL								1	043	043	04	1	2.8	10	1	10	-1.88087774294671	1	Pakistan	PK	PK		30	70	PK	1	Pakistan	PK	PK		30	70	PK	1	Pakistan	PK	PK		30	70	PK	20260603194500	https://www.geosuper.tv/latest/56506-pakistan-knocked-out-of-t20i-tri-series-after-washout-against-west-indies
1307318751	20260603	202606	2026	2026.4192	CRM	CROOK						CRM													1	042	042	04	1	1.9	2	1	2	3.87755102040816	3	Crooks Park, Colorado, United States	US	USCO	CO103	39.9972	-107.544	202156	0								3	Crooks Park, Colorado, United States	US	USCO		39.9972	-107.544	202156	20260603194500	https://www.theheraldtimes.com/community-calendar-june-4th-2026/rio-blanco-county/
1307318752	20260603	202606	2026	2026.4192	CRM	CROOK						CRM													1	051	051	05	1	3.4	2	1	2	3.87755102040816	3	Crooks Park, Colorado, United States	US	USCO	CO103	39.9972	-107.544	202156	0								3	Crooks Park, Colorado, United States	US	USCO		39.9972	-107.544	202156	20260603194500	https://www.theheraldtimes.com/community-calendar-june-4th-2026/rio-blanco-county/
1307318753	20260603	202606	2026	2026.4192	CRM	CRIMINAL						CRM													0	114	114	11	3	-2.0	1	1	1	-8.86524822695034	4	Delhi, Delhi, India	IN	IN07	17911	28.6667	77.2167	-2094230	0								4	Delhi, Delhi, India	IN	IN07	17911	28.6667	77.2167	-2094230	20260603194500	https://timesofindia.indiatimes.com/city/noida/court-notices-ignored-madrasa-encroaching-govt-land-demolished-in-ghaziabad/articleshow/131491300.cms
1307318754	20260603	202606	2026	2026.4192	CRM	MAFIA						CRM			CAN	CANADA	CAN								1	112	112	11	3	-2.0	1	1	1	-6.35910224438902	1	Canada	CA	CA		60	-96	CA	1	Canada	CA	CA		60	-96	CA	1	Canada	CA	CA		60	-96	CA	20260603194500	https://www.lbc.co.uk/article/teenage-members-of-online-monkey-mafia-group-targeted-us-influencers-in-hoax-swa-5Hjdb6s_2/
1307318755	20260603	202606	2026	2026.4192	CRM	CRIMINAL						CRM			COP	POLICE OFFICER						COP			0	173	173	17	4	-5.0	3	1	3	-4.81481481481482	3	Amarillo, Texas, United States	US	USTX	TX375	35.222	-101.831	1351066	3	Amarillo, Texas, United States	US	USTX	TX375	35.222	-101.831	1351066	3	Amarillo, Texas, United States	US	USTX	TX375	35.222	-101.831	1351066	20260603194500	https://www.kut.org/crime-justice/2026-06-03/christopher-taylor-apd-lawsuit-austin-police-mauris-desilva
1307318756	20260603	202606	2026	2026.4192	CRM	PEDOPHILE						CRM			ECU	ECUADOR	ECU								0	020	020	02	1	3.0	2	1	2	-7.125	3	Houston, Texas, United States	US	USTX	TX201	29.7633	-95.3633	1380948	1	Ecuador	EC	EC		-2	-77.5	EC	1	Ecuador	EC	EC		-2	-77.5	EC	20260603194500	https://www.greanvillepost.com/assange-defamation-effort-is-old-cnn-had-to-retract-pedophile-claim-against-assange-after-wikileaks-threatened-lawsuit-in-2017/
1307318757	20260603	202606	2026	2026.4192	CRM	PEDOPHILE						CRM			ECU	ECUADOR	ECU								0	020	020	02	1	3.0	2	1	2	-7.125	1	Ecuador	EC	EC		-2	-77.5	EC	1	Ecuador	EC	EC		-2	-77.5	EC	1	Ecuador	EC	EC		-2	-77.5	EC	20260603194500	https://www.greanvillepost.com/assange-defamation-effort-is-old-cnn-had-to-retract-pedophile-claim-against-assange-after-wikileaks-threatened-lawsuit-in-2017/
1307318758	20260603	202606	2026	2026.4192	CRM	CONVICTS						CRM			EDU	COLLEGE						EDU			0	173	173	17	4	-5.0	5	1	5	-7.00160342063068	4	Kruglov, Khabarovskiy Kray, Russia	RS	RS30	25057	51.4167	140.833	-2938630	4	Kruglov, Khabarovskiy Kray, Russia	RS	RS30	25057	51.4167	140.833	-2938630	4	Kruglov, Khabarovskiy Kray, Russia	RS	RS30	25057	51.4167	140.833	-2938630	20260603194500	https://www.greanvillepost.com/the-truth-about-the-soviet-gulag-surprisingly-revealed-by-the-cia/
1307318759	20260603	202606	2026	2026.4192	CRM	MAFIA						CRM			GBR	LIVERPOOL	GBR								1	010	010	01	1	0.0	1	1	1	-6.35910224438902	1	Canada	CA	CA		60	-96	CA	1	Canada	CA	CA		60	-96	CA	1	Canada	CA	CA		60	-96	CA	20260603194500	https://www.lbc.co.uk/article/teenage-members-of-online-monkey-mafia-group-targeted-us-influencers-in-hoax-swa-5Hjdb6s_2/
1307318760	20260603	202606	2026	2026.4192	CRM	CRIMINAL						CRM			IRL	IRELAND	IRL								0	112	112	11	3	-2.0	1	1	1	-5.16751845542306	5	Helmand, Helmand, Afghanistan	AF	AF10	3544	31	64	-3377342	1	Ireland	EI	EI		53	-8	EI	1	Ireland	EI	EI		53	-8	EI	20260603194500	https://www.dailymail.com/news/article-15839501/Veterans-fury-Al-Carns-betrayed-British-war-heroes.html
1307318761	20260603	202606	2026	2026.4192	CRM	CRIMINAL						CRM			IRL	IRELAND	IRL								0	112	112	11	3	-2.0	1	1	1	-5.16751845542306	1	Iraq	IZ	IZ		33	44	IZ	1	Ireland	EI	EI		53	-8	EI	1	Ireland	EI	EI		53	-8	EI	20260603194500	https://www.dailymail.com/news/article-15839501/Veterans-fury-Al-Carns-betrayed-British-war-heroes.html
1307318762	20260603	202606	2026	2026.4192	CRM	GANG						CRM			IRL	IRELAND	IRL								1	173	173	17	4	-5.0	6	1	6	-4.58911419423692	4	Drogheda, Louth, Ireland	EI	EI19	18299	53.7189	-6.34778	-1502467	4	Drogheda, Louth, Ireland	EI	EI19	18299	53.7189	-6.34778	-1502467	4	Drogheda, Louth, Ireland	EI	EI19	18299	53.7189	-6.34778	-1502467	20260603194500	https://www.irishmirror.ie/news/irish-news/drogheda-mum-daughter-jailed-laundering-37244618
1307318763	20260603	202606	2026	2026.4192	CRM	GANG						CRM			IRL	IRELAND	IRL								1	173	173	17	4	-5.0	4	1	4	-4.58911419423692	4	Dundalk, Louth, Ireland	EI	EI19	18297	54	-6.41667	-1502588	4	Dundalk, Louth, Ireland	EI	EI19	18297	54	-6.41667	-1502588	4	Dundalk, Louth, Ireland	EI	EI19	18297	54	-6.41667	-1502588	20260603194500	https://www.irishmirror.ie/news/irish-news/drogheda-mum-daughter-jailed-laundering-37244618
1307318764	20260603	202606	2026	2026.4192	CRM	GANG						CRM			IRL	IRELAND	IRL								1	173	173	17	4	-5.0	2	1	2	-4.58911419423692	4	Moneymore, Wicklow, Ireland	EI	EI31	18309	52.9753	-6.76694	407030	4	Moneymore, Wicklow, Ireland	EI	EI31	18309	52.9753	-6.76694	407030	4	Moneymore, Wicklow, Ireland	EI	EI31	18309	52.9753	-6.76694	407030	20260603194500	https://www.irishmirror.ie/news/irish-news/drogheda-mum-daughter-jailed-laundering-37244618
1307318765	20260603	202606	2026	2026.4192	CRM	CRIMINAL						CRM			JUD	JUDGE						JUD			0	010	010	01	1	0.0	6	1	6	-4.58911419423692	4	Dundalk, Louth, Ireland	EI	EI19	18297	54	-6.41667	-1502588	4	Dundalk, Louth, Ireland	EI	EI19	18297	54	-6.41667	-1502588	4	Dundalk, Louth, Ireland	EI	EI19	18297	54	-6.41667	-1502588	20260603194500	https://www.irishmirror.ie/news/irish-news/drogheda-mum-daughter-jailed-laundering-37244618
1307318766	20260603	202606	2026	2026.4192	CRM	CRIMINAL						CRM			JUD	JUDGE						JUD			0	010	010	01	1	0.0	4	1	4	-4.58911419423692	4	Moneymore, Wicklow, Ireland	EI	EI31	18309	52.9753	-6.76694	407030	4	Moneymore, Wicklow, Ireland	EI	EI31	18309	52.9753	-6.76694	407030	4	Moneymore, Wicklow, Ireland	EI	EI31	18309	52.9753	-6.76694	407030	20260603194500	https://www.irishmirror.ie/news/irish-news/drogheda-mum-daughter-jailed-laundering-37244618
1307318767	20260603	202606	2026	2026.4192	CRM	CRIMINAL						CRM			JUD	JUDGE						JUD			0	060	060	06	2	6.0	6	1	6	-4.58911419423692	4	Dundalk, Louth, Ireland	EI	EI19	18297	54	-6.41667	-1502588	4	Dundalk, Louth, Ireland	EI	EI19	18297	54	-6.41667	-1502588	4	Dundalk, Louth, Ireland	EI	EI19	18297	54	-6.41667	-1502588	20260603194500	https://www.irishmirror.ie/news/irish-news/drogheda-mum-daughter-jailed-laundering-37244618
1307318768	20260603	202606	2026	2026.4192	CRM	CRIMINAL						CRM			JUD	JUDGE						JUD			0	060	060	06	2	6.0	4	1	4	-4.58911419423692	4	Moneymore, Wicklow, Ireland	EI	EI31	18309	52.9753	-6.76694	407030	4	Moneymore, Wicklow, Ireland	EI	EI31	18309	52.9753	-6.76694	407030	4	Moneymore, Wicklow, Ireland	EI	EI31	18309	52.9753	-6.76694	407030	20260603194500	https://www.irishmirror.ie/news/irish-news/drogheda-mum-daughter-jailed-laundering-37244618
1307318769	20260603	202606	2026	2026.4192	CRM	CROOK						CRM			USA	UNITED STATES	USA								1	042	042	04	1	1.9	2	1	2	3.87755102040816	3	Crooks Park, Colorado, United States	US	USCO	CO103	39.9972	-107.544	202156	3	Crooks Park, Colorado, United States	US	USCO		39.9972	-107.544	202156	3	Crooks Park, Colorado, United States	US	USCO		39.9972	-107.544	202156	20260603194500	https://www.theheraldtimes.com/community-calendar-june-4th-2026/rio-blanco-county/
1307318770	20260603	202606	2026	2026.4192	CRM	CROOK						CRM			USA	UNITED STATES	USA								1	051	051	05	1	3.4	2	1	2	3.87755102040816	3	Crooks Park, Colorado, United States	US	USCO	CO103	39.9972	-107.544	202156	3	Crooks Park, Colorado, United States	US	USCO		39.9972	-107.544	202156	3	Crooks Park, Colorado, United States	US	USCO		39.9972	-107.544	202156	20260603194500	https://www.theheraldtimes.com/community-calendar-june-4th-2026/rio-blanco-county/
1307318771	20260603	202606	2026	2026.4192	CRM	CRIMINAL						CRM			don	DONG			don						1	043	043	04	1	2.8	10	1	10	-9.21052631578948	2	Pennsylvania, United States	US	USPA		40.5773	-77.264	PA	2	Pennsylvania, United States	US	USPA		40.5773	-77.264	PA	2	Pennsylvania, United States	US	USPA		40.5773	-77.264	PA	20260603194500	https://www.legalnewsline.com/pennsylvania-record/pennsylvania-record/ding-dong-ditch-revenge-lands-man-in-criminal-civil-court/article_c583e4ba-b6c3-4164-8c3d-e5a1acd6296d.html
1307318772	20260603	202606	2026	2026.4192	CVL	VOTER						CVL													1	014	014	01	1	0.0	15	1	10	-2.24215246636771	2	South Carolina, United States	US	USSC		33.8191	-80.9066	SC	0								2	South Carolina, United States	US	USSC		33.8191	-80.9066	SC	20260603194500	https://www.wrhi.com/2026/06/democratic-gubernatorial-candidates-to-meet-in-televised-debate-213224
1307318773	20260603	202606	2026	2026.4192	CVL	RESIDENTS						CVL													1	018	018	01	1	3.4	10	1	10	2.32974910394266	0								0								0								20260603194500	https://kashmirlife.net/muslims-help-perform-last-rites-of-elderly-kashmiri-pandit-in-south-kashmir-438770/
1307318774	20260603	202606	2026	2026.4192	CVL	SCIENTIST						CVL													1	020	020	02	1	3.0	2	1	2	-3.62875087229589	4	Roma, Lazio, Italy	IT	IT07	18350	41.9	12.4833	-126693	0								4	Moscow, Moskva, Russia	RS	RS48	25106	55.7522	37.6156	-2960561	20260603194500	https://www.greanvillepost.com/unsung-heroes-of-los-alamos-rethinking-manhattan-project-spies-and-the-cold-war/
1307318775	20260603	202606	2026	2026.4192	CVL	RESIDENTS						CVL													1	020	020	02	1	3.0	10	1	10	-6.8273092369478	2	Maryland, United States	US	USMD		39.0724	-76.7902	MD	0								2	Maryland, United States	US	USMD		39.0724	-76.7902	MD	20260603194500	https://patch.com/maryland/severnapark/severna-park-spill-dumped-over-2k-gallons-sewage-creek
1307318776	20260603	202606	2026	2026.4192	CVL	CITIZEN						CVL													0	030	030	03	1	4.0	10	1	10	-3.16091954022989	4	Kano, Kano, Nigeria	NI	NI29	191030	11.9964	8.51667	-2014610	0								4	Kano, Kano, Nigeria	NI	NI29	191030	11.9964	8.51667	-2014610	20260603194500	https://gnnliberia.com/before-judicial-anarchy-returns-to-nigeria-2/
1307318777	20260603	202606	2026	2026.4192	CVL	BACKPACKER						CVL													0	036	036	03	1	4.0	2	2	2	1.00671140939598	4	Kuranda, Queensland, Australia	AS	AS04	40201	-16.8198	145.638	-1582509	0								4	Kuranda, Queensland, Australia	AS	AS04	40201	-16.8198	145.638	-1582509	20260603194500	https://www.theage.com.au/traveller/inspiration/stuck-in-a-northern-tropical-city-my-workday-routine-became-a-dream-20260520-p5zyzs.html
1307318778	20260603	202606	2026	2026.4192	CVL	BACKPACKER						CVL													0	036	036	03	1	4.0	4	2	4	1.00671140939598	4	Melbourne, Victoria, Australia	AS	AS07	5430	-37.8167	144.967	-1586844	0								4	Kuranda, Queensland, Australia	AS	AS04	40201	-16.8198	145.638	-1582509	20260603194500	https://www.theage.com.au/traveller/inspiration/stuck-in-a-northern-tropical-city-my-workday-routine-became-a-dream-20260520-p5zyzs.html
1307318779	20260603	202606	2026	2026.4192	CVL	VOTER						CVL													1	120	120	12	3	-4.0	10	1	10	-2.91666666666666	3	San Francisco, California, United States	US	USCA	CA075	37.7749	-122.419	277593	0								3	San Francisco, California, United States	US	USCA		37.7749	-122.419	277593	20260603194500	https://www.nbcbayarea.com/elections/san-francisco-voters-budget-deficit/4093934/
1307318780	20260603	202606	2026	2026.4192	CVL	POPULATION						CVL													1	130	130	13	3	-4.4	5	1	5	3.97727272727272	1	Madagascar	MA	MA		-20	47	MA	0								1	Madagascar	MA	MA		-20	47	MA	20260603194500	https://www.hits96.com/tennessee-aquarium-celebrates-first-red-collared-brown-lemur-birth/
1307318781	20260603	202606	2026	2026.4192	CVL	COMMUNITY						CVL													0	141	141	14	3	-6.5	1	1	1	6.51260504201681	4	Sudbury, Ontario, Canada	CA	CA08	12683	46.5	-80.9667	-574311	0								4	Sudbury, Ontario, Canada	CA	CA08	12683	46.5	-80.9667	-574311	20260603194500	https://www.manilatimes.net/2026/06/04/tmt-newswire/globenewswire/boreal-sets-a-new-record-as-it-celebrates-more-than-1000-graduates-at-its-31st-graduation-ceremonies/2358257
1307318782	20260603	202606	2026	2026.4192	CVL	COMMUNITY						CVL													0	141	141	14	3	-6.5	1	1	1	6.51260504201681	4	Sudbury, Ontario, Canada	CA	CA08	12683	46.5	-80.9667	-574311	0								4	Toronto, Ontario, Canada	CA	CA08	12686	43.6667	-79.4167	-574890	20260603194500	https://www.manilatimes.net/2026/06/04/tmt-newswire/globenewswire/boreal-sets-a-new-record-as-it-celebrates-more-than-1000-graduates-at-its-31st-graduation-ceremonies/2358257
1307318783	20260603	202606	2026	2026.4192	CVL	COMMUNITY						CVL													0	141	141	14	3	-6.5	3	1	3	6.51260504201681	1	France	FR	FR		46	2	FR	0								1	France	FR	FR		46	2	FR	20260603194500	https://www.manilatimes.net/2026/06/04/tmt-newswire/globenewswire/boreal-sets-a-new-record-as-it-celebrates-more-than-1000-graduates-at-its-31st-graduation-ceremonies/2358257
1307318784	20260603	202606	2026	2026.4192	CVL	VOTER						CVL													1	172	172	17	4	-5.0	10	1	10	1.96936542669585	3	Miami, Florida, United States	US	USFL	FL086	25.7743	-80.1937	295004	0								3	Miami, Florida, United States	US	USFL	FL086	25.7743	-80.1937	295004	20260603194500	https://ivn.us/author/open-primaries/
1307318785	20260603	202606	2026	2026.4192	CVL	BACKPACKER						CVL			AUS	AUSTRALIA	AUS								0	036	036	03	1	4.0	4	2	4	1.00671140939598	4	Torres Strait, , Australia	AS	AS00	154697	-10.4167	142.167	-1605416	4	Torres Strait, , Australia	AS	AS00	154697	-10.4167	142.167	-1605416	4	Torres Strait, , Australia	AS	AS00	154697	-10.4167	142.167	-1605416	20260603194500	https://www.theage.com.au/traveller/inspiration/stuck-in-a-northern-tropical-city-my-workday-routine-became-a-dream-20260520-p5zyzs.html
1307318786	20260603	202606	2026	2026.4192	CVL	CITIZEN						CVL			BRA	BRAZIL	BRA								1	017	017	01	1	0.0	1	1	1	2.88335517693316	4	Rio De Janeiro, Estado do Rio, Brazil	BR	BR21	9961	-22.9	-43.2333	-666610	4	Rio De Janeiro, Estado do Rio, Brazil	BR	BR21	9961	-22.9	-43.2333	-666610	4	Rio De Janeiro, Estado do Rio, Brazil	BR	BR21	9961	-22.9	-43.2333	-666610	20260603194500	https://www.webwire.com/ViewPressRel.asp?aId=355734
1307318787	20260603	202606	2026	2026.4192	CVL	COMMUNITY						CVL			EDU	SCHOOLHOUSE						EDU			1	036	036	03	1	4.0	8	1	8	3.87755102040816	3	Crooks Park, Colorado, United States	US	USCO	CO103	39.9972	-107.544	202156	3	Crooks Park, Colorado, United States	US	USCO		39.9972	-107.544	202156	3	Crooks Park, Colorado, United States	US	USCO		39.9972	-107.544	202156	20260603194500	https://www.theheraldtimes.com/community-calendar-june-4th-2026/rio-blanco-county/
1307318788	20260603	202606	2026	2026.4192	CVL	HUNTER						CVL			GOV	PRESIDENT						GOV			1	020	020	02	1	3.0	6	1	6	-3.07692307692308	1	Israel	IS	IS		31.5	34.75	IS	1	Israel	IS	IS		31.5	34.75	IS	1	Israel	IS	IS		31.5	34.75	IS	20260603194500	https://theconservativetreehouse.com/blog/2026/06/03/president-trump-gives-extensive-interview-on-iran-issues-confirms-testy-conversation-with-benjamin-netanyahu/comment-page-1/
1307318789	20260603	202606	2026	2026.4192	CVL	VILLAGE						CVL			GOV	PREMIER						GOV			1	036	036	03	1	4.0	10	1	10	1.96078431372549	1	United States	US	US		39.828175	-98.5795	US	1	United States	US	US		39.828175	-98.5795	US	1	United States	US	US		39.828175	-98.5795	US	20260603194500	https://variety.com/2026/film/news/the-odyssey-70mm-westwood-village-theatre-1236765198/
1307318790	20260603	202606	2026	2026.4192	CVL	COMMUNITY						CVL			GOV	GOVERNMENT						GOV			1	051	051	05	1	3.4	10	1	10	1.72413793103449	4	Boca Chica, Santo Domingo, Dominican Republic	DR	DR37	37014	18.4517	-69.6091	-3347800	4	Boca Chica, Santo Domingo, Dominican Republic	DR	DR37	37014	18.4517	-69.6091	-3347800	4	Boca Chica, Santo Domingo, Dominican Republic	DR	DR37	37014	18.4517	-69.6091	-3347800	20260603194500	https://dominicantoday.com/dominican-government-delivers-equipment-to-combat-sargassum-on-boca-chica-beaches/
1307318791	20260603	202606	2026	2026.4192	CVL	CIVIL SOCIETY						CVL			LEG	SENATE						LEG			1	020	020	02	1	3.0	3	1	3	-4.18181818181818	4	Manila, Manila, Philippines	RP	RPD9	24210	14.6042	120.982	-2437894	4	Manila, Manila, Philippines	RP	RPD9	24210	14.6042	120.982	-2437894	4	Manila, Manila, Philippines	RP	RPD9	24210	14.6042	120.982	-2437894	20260603194500	https://www.manilatimes.net/2026/06/04/news/national/groups-sue-senators-for-obstructing-justice/2358055
1307318792	20260603	202606	2026	2026.4192	CVL	POPULATION						CVL			MDG	MADAGASCAR	MDG								1	130	130	13	3	-4.4	5	1	5	3.97727272727272	1	Madagascar	MA	MA		-20	47	MA	1	Madagascar	MA	MA		-20	47	MA	1	Madagascar	MA	MA		-20	47	MA	20260603194500	https://www.hits96.com/tennessee-aquarium-celebrates-first-red-collared-brown-lemur-birth/
1307318793	20260603	202606	2026	2026.4192	CVL	CIVILIAN						CVL			MIL	MILITARY						MIL			1	1384	138	13	3	-7.0	5	1	5	6.89075630252101	4	Abuja, Abuja Federal Capital Territory, Nigeria	NI	NI11	191147	9.08333	7.53333	-1997013	4	Abuja, Abuja Federal Capital Territory, Nigeria	NI	NI11	191147	9.08333	7.53333	-1997013	4	Abuja, Abuja Federal Capital Territory, Nigeria	NI	NI11	191147	9.08333	7.53333	-1997013	20260603194500	https://thesun.ng/naf-reaffirms-commitment-to-civilian-protection-at-maiden-harm-mitigation-seminar/
1307318794	20260603	202606	2026	2026.4192	CVL	RESIDENTS						CVL			MOS	MUSLIM				MOS					1	010	010	01	1	0.0	10	1	10	2.32974910394266	0								0								0								20260603194500	https://kashmirlife.net/muslims-help-perform-last-rites-of-elderly-kashmiri-pandit-in-south-kashmir-438770/
1307318795	20260603	202606	2026	2026.4192	CVL	CIVIL SOCIETY						CVL			PHL	MANILA	PHL								1	100	100	10	3	-5.0	7	1	7	-4.18181818181818	4	Manila, Manila, Philippines	RP	RPD9	24210	14.6042	120.982	-2437894	4	Manila, Manila, Philippines	RP	RPD9	24210	14.6042	120.982	-2437894	4	Manila, Manila, Philippines	RP	RPD9	24210	14.6042	120.982	-2437894	20260603194500	https://www.manilatimes.net/2026/06/04/news/national/groups-sue-senators-for-obstructing-justice/2358055
1307318796	20260603	202606	2026	2026.4192	CVL	CIVIL SOCIETY						CVL			PHLLEG	PHILIPPINE	PHL					LEG			1	020	020	02	1	3.0	4	1	4	-4.18181818181818	4	Manila, Manila, Philippines	RP	RPD9	24210	14.6042	120.982	-2437894	4	Manila, Manila, Philippines	RP	RPD9	24210	14.6042	120.982	-2437894	4	Manila, Manila, Philippines	RP	RPD9	24210	14.6042	120.982	-2437894	20260603194500	https://www.manilatimes.net/2026/06/04/news/national/groups-sue-senators-for-obstructing-justice/2358055
1307318797	20260603	202606	2026	2026.4192	CVL	SCIENTIST						CVL			USA	UNITED STATES	USA								1	020	020	02	1	3.0	4	1	4	-3.62875087229589	4	Roma, Lazio, Italy	IT	IT07	18350	41.9	12.4833	-126693	4	Moscow, Moskva, Russia	RS	RS48	25106	55.7522	37.6156	-2960561	4	Moscow, Moskva, Russia	RS	RS48	25106	55.7522	37.6156	-2960561	20260603194500	https://www.greanvillepost.com/unsung-heroes-of-los-alamos-rethinking-manhattan-project-spies-and-the-cold-war/
1307318798	20260603	202606	2026	2026.4192	CVL	SCIENTIST						CVL			USA	UNITED STATES	USA								1	020	020	02	1	3.0	2	1	2	-3.62875087229589	4	Moscow, Moskva, Russia	RS	RS48	25106	55.7522	37.6156	-2960561	4	Moscow, Moskva, Russia	RS	RS48	25106	55.7522	37.6156	-2960561	4	Moscow, Moskva, Russia	RS	RS48	25106	55.7522	37.6156	-2960561	20260603194500	https://www.greanvillepost.com/unsung-heroes-of-los-alamos-rethinking-manhattan-project-spies-and-the-cold-war/
1307318799	20260603	202606	2026	2026.4192	CVL	COMMUNITY						CVL			USA	UNITED STATES	USA								1	036	036	03	1	4.0	2	1	2	3.87755102040816	3	Crooks Park, Colorado, United States	US	USCO	CO103	39.9972	-107.544	202156	3	Crooks Park, Colorado, United States	US	USCO		39.9972	-107.544	202156	3	Crooks Park, Colorado, United States	US	USCO		39.9972	-107.544	202156	20260603194500	https://www.theheraldtimes.com/community-calendar-june-4th-2026/rio-blanco-county/
1307318800	20260603	202606	2026	2026.4192	CVL	RESIDENTS						CVL			USA	UNITED STATES	USA								1	042	042	04	1	1.9	1	1	1	3.87755102040816	3	Rio Blanco County, Colorado, United States	US	USCO	CO103	39.95	-108.201	198167	3	Crooks Park, Colorado, United States	US	USCO		39.9972	-107.544	202156	3	Crooks Park, Colorado, United States	US	USCO		39.9972	-107.544	202156	20260603194500	https://www.theheraldtimes.com/community-calendar-june-4th-2026/rio-blanco-county/
1307318801	20260603	202606	2026	2026.4192	CVL	RESIDENTS						CVL			USA	UNITED STATES	USA								1	042	042	04	1	1.9	1	1	1	3.87755102040816	3	Crooks Park, Colorado, United States	US	USCO	CO103	39.9972	-107.544	202156	3	Crooks Park, Colorado, United States	US	USCO		39.9972	-107.544	202156	3	Crooks Park, Colorado, United States	US	USCO		39.9972	-107.544	202156	20260603194500	https://www.theheraldtimes.com/community-calendar-june-4th-2026/rio-blanco-county/
1307318802	20260603	202606	2026	2026.4192	CVL	RESIDENTS						CVL			USA	UNITED STATES	USA								1	051	051	05	1	3.4	1	1	1	3.87755102040816	3	Rio Blanco County, Colorado, United States	US	USCO	CO103	39.95	-108.201	198167	3	Crooks Park, Colorado, United States	US	USCO		39.9972	-107.544	202156	3	Crooks Park, Colorado, United States	US	USCO		39.9972	-107.544	202156	20260603194500	https://www.theheraldtimes.com/community-calendar-june-4th-2026/rio-blanco-county/
1307318803	20260603	202606	2026	2026.4192	CVL	RESIDENTS						CVL			USA	UNITED STATES	USA								1	051	051	05	1	3.4	1	1	1	3.87755102040816	3	Crooks Park, Colorado, United States	US	USCO	CO103	39.9972	-107.544	202156	3	Crooks Park, Colorado, United States	US	USCO		39.9972	-107.544	202156	3	Crooks Park, Colorado, United States	US	USCO		39.9972	-107.544	202156	20260603194500	https://www.theheraldtimes.com/community-calendar-june-4th-2026/rio-blanco-county/
1307318804	20260603	202606	2026	2026.4192	CVL	COMMUNITY						CVL			USA	COLORADO	USA								0	057	057	05	1	8.0	9	1	9	-1.41643059490085	2	Colorado, United States	US	USCO		39.0646	-105.327	CO	2	Colorado, United States	US	USCO		39.0646	-105.327	CO	2	Colorado, United States	US	USCO		39.0646	-105.327	CO	20260603194500	https://www.theheraldtimes.com/new-signage-stolen-from-historical-marker-near-meeker/meeker/
1307318805	20260603	202606	2026	2026.4192	CVL	SCIENTIST						CVL			USA	UNITED STATES	USA								1	061	061	06	2	6.4	6	1	6	-3.62875087229589	3	Washington, District of Columbia, United States	US	USDC	DC001	38.8951	-77.0364	531871	3	Washington, District of Columbia, United States	US	USDC	DC001	38.8951	-77.0364	531871	3	Washington, District of Columbia, United States	US	USDC	DC001	38.8951	-77.0364	531871	20260603194500	https://www.greanvillepost.com/unsung-heroes-of-los-alamos-rethinking-manhattan-project-spies-and-the-cold-war/
1307318806	20260603	202606	2026	2026.4192	CVL	SCIENTIST						CVL			USA	WASHINGTON	USA								1	071	071	07	2	7.4	5	1	5	-2.32558139534884	3	Molalla, Oregon, United States	US	USOR	OR005	45.1473	-122.577	1124282	3	Molalla, Oregon, United States	US	USOR	OR005	45.1473	-122.577	1124282	3	Molalla, Oregon, United States	US	USOR	OR005	45.1473	-122.577	1124282	20260603194500	https://kpic.com/news/local/barn-fire-near-molalla-kills-several-animals-displaces-one-person-clackamas-county-oregon-pets-dogs-cat
1307318807	20260603	202606	2026	2026.4192	CVL	COMMUNITY						CVL			USA	UNITED STATES	USA								0	112	112	11	3	-2.0	4	1	4	-0.45801526717558	4	Puna, Maharashtra, India	IN	IN16	70178	18.5333	73.8667	-2108361	4	Puna, Maharashtra, India	IN	IN16	70178	18.5333	73.8667	-2108361	4	Puna, Maharashtra, India	IN	IN16	70178	18.5333	73.8667	-2108361	20260603194500	https://www.kitv.com/news/puna-community-comes-together-to-mourn-and-honor-three-men-killed/article_a49fbd39-c435-4997-8ed0-7908d6c324a4.html
1307318808	20260603	202606	2026	2026.4192	CVL	RESIDENTS						CVL			cre	CREE			cre						0	160	160	16	4	-4.0	10	1	10	-0.894854586129751	0								0								0								20260603194500	https://www.ckom.com/2026/06/03/provincial-fire-ban-lifted-as-wildfire-conditions-improve-sask-public-safety-agency/
1307318809	20260603	202606	2026	2026.4192	DEU	GERMANY	DEU																		1	010	010	01	1	0.0	2	1	2	-4.88322717622081	4	Hirschen, Baden-Wüberg, Germany	GM	GM01	16535	47.7333	10.0167	-1792937	0								4	Hirschen, Baden-Wüberg, Germany	GM	GM01	16535	47.7333	10.0167	-1792937	20260603194500	https://en.tempo.co/read/2106697/german-hotel-apologizes-for-no-jews-allowed-message
1307318810	20260603	202606	2026	2026.4192	DEU	GERMAN	DEU																		1	043	043	04	1	2.8	10	1	10	-4.88322717622081	4	Hirschen, Baden-Wüberg, Germany	GM	GM01	16535	47.7333	10.0167	-1792937	0								4	Hirschen, Baden-Wüberg, Germany	GM	GM01	16535	47.7333	10.0167	-1792937	20260603194500	https://en.tempo.co/read/2106697/german-hotel-apologizes-for-no-jews-allowed-message
1307318811	20260603	202606	2026	2026.4192	DEU	GERMANY	DEU																		0	120	120	12	3	-4.0	8	1	8	-1.62887959498129	4	Frankfurt, Brandenburg, Germany	GM	GM11	16538	52.35	14.55	-1771146	0								4	Frankfurt, Brandenburg, Germany	GM	GM11	16538	52.35	14.55	-1771146	20260603194500	https://www.greanvillepost.com/leo-zhao-brilliantly-explains-all-the-hidden-forces-behind-our-headlines-and-what-to-expect-for-the-future/
1307318812	20260603	202606	2026	2026.4192	DEU	GERMANY	DEU																		0	120	120	12	3	-4.0	2	1	2	-1.62887959498129	4	Beijing, Beijing, China	CH	CH22	13001	39.9289	116.388	-1898541	0								4	Beijing, Beijing, China	CH	CH22	13001	39.9289	116.388	-1898541	20260603194500	https://www.greanvillepost.com/leo-zhao-brilliantly-explains-all-the-hidden-forces-behind-our-headlines-and-what-to-expect-for-the-future/
1307318813	20260603	202606	2026	2026.4192	DEU	GERMANY	DEU								EUR	EUROPE	EUR								1	060	060	06	2	6.0	6	1	6	1.58730158730159	4	Berlin, Berlin, Germany	GM	GM16	16538	52.5167	13.4	-1746443	4	Berlin, Berlin, Germany	GM	GM16	16538	52.5167	13.4	-1746443	4	Berlin, Berlin, Germany	GM	GM16	16538	52.5167	13.4	-1746443	20260603194500	https://www.iclarified.com/101041/apple-to-open-first-european-developer-center-in-berlin-later-this-year
1307318814	20260603	202606	2026	2026.4192	DEU	GERMAN	DEU								ISR	ISRAELI	ISR								1	111	111	11	3	-2.0	3	1	3	-4.88322717622081	4	Bavarian Forest, Bayern, Germany	GM	GM02	16534	49	12.6667	-1744749	4	Bavarian Forest, Bayern, Germany	GM	GM02	16534	49	12.6667	-1744749	4	Bavarian Forest, Bayern, Germany	GM	GM02	16534	49	12.6667	-1744749	20260603194500	https://en.tempo.co/read/2106697/german-hotel-apologizes-for-no-jews-allowed-message
1307318815	20260603	202606	2026	2026.4192	DEU	GERMANY	DEU								REB	REBEL						REB			0	192	192	19	4	-9.5	4	1	4	-1.80772391125719	1	Germany	GM	GM		51.5	10.5	GM	1	Germany	GM	GM		51.5	10.5	GM	1	Germany	GM	GM		51.5	10.5	GM	20260603194500	https://comicbook.com/tv-shows/list/5-sci-fi-shows-that-didnt-go-off-the-rails-and-wont-disappoint-you-like-westworld/
1307318816	20260603	202606	2026	2026.4192	DNK	DENMARK	DNK																		0	110	110	11	3	-2.0	5	1	5	4.45765230312035	1	Denmark	DA	DA		56	10	DA	0								1	Denmark	DA	DA		56	10	DA	20260603194500	https://smallbiztrends.com/citrix-launches-platform-flex-redefining-secure-access-for-diverse-workforces/
1307318817	20260603	202606	2026	2026.4192	DOMGOV	DOMINICAN	DOM					GOV													1	190	190	19	4	-10.0	4	1	4	1.72413793103449	4	Boca Chica, Santo Domingo, Dominican Republic	DR	DR37	37014	18.4517	-69.6091	-3347800	0								4	Boca Chica, Santo Domingo, Dominican Republic	DR	DR37	37014	18.4517	-69.6091	-3347800	20260603194500	https://dominicantoday.com/dominican-government-delivers-equipment-to-combat-sargassum-on-boca-chica-beaches/
1307318818	20260603	202606	2026	2026.4192	DOMGOV	DOMINICAN	DOM					GOV			DOM	DOMINICAN REPUBLIC	DOM								1	190	190	19	4	-10.0	6	1	6	1.72413793103449	4	Boca Chica, Santo Domingo, Dominican Republic	DR	DR37	37014	18.4517	-69.6091	-3347800	4	Boca Chica, Santo Domingo, Dominican Republic	DR	DR37	37014	18.4517	-69.6091	-3347800	4	Boca Chica, Santo Domingo, Dominican Republic	DR	DR37	37014	18.4517	-69.6091	-3347800	20260603194500	https://dominicantoday.com/dominican-government-delivers-equipment-to-combat-sargassum-on-boca-chica-beaches/
1307318819	20260603	202606	2026	2026.4192	DZA	ALGIERS	DZA								GOVMIL	MINIST OF NATIONAL DEFENCE						GOV	MIL		1	010	010	01	1	0.0	10	1	10	0	4	Algiers, Alger, Algeria	AG	AG01	37774	36.7631	3.05056	-458371	1	Oman	MU	MU		21	57	MU	1	Oman	MU	MU		21	57	MU	20260603194500	https://www.aps.dz:443/en/algeria/national-news/mpy9kbcj-general-said-chanegriha-visits-military-technical-college-in-muscat
1307318820	20260603	202606	2026	2026.4192	DZA	ALGIERS	DZA								GOVMIL	MINIST OF NATIONAL DEFENCE						GOV	MIL		1	042	042	04	1	1.9	8	1	8	0	4	Algiers, Alger, Algeria	AG	AG01	37774	36.7631	3.05056	-458371	1	Oman	MU	MU		21	57	MU	1	Oman	MU	MU		21	57	MU	20260603194500	https://www.aps.dz:443/en/algeria/national-news/mpy9kbcj-general-said-chanegriha-visits-military-technical-college-in-muscat
1307318821	20260603	202606	2026	2026.4192	DZA	ALGERIA	DZA								NER	NIGER	NER								1	042	042	04	1	1.9	10	1	10	2.17391304347826	1	Algeria	AG	AG		28	3	AG	4	Niamey, Niamey, Niger	NG	NG08	22581	13.5167	2.11667	-1084956	4	Niamey, Niamey, Niger	NG	NG08	22581	13.5167	2.11667	-1084956	20260603194500	https://www.aps.dz:443/en/algeria/national-news/mpyb1kzb-pm-departs-niamey-following-official-visit-to-niger
1307318822	20260603	202606	2026	2026.4192	DZAGOV	ALGERIA	DZA					GOV			NGA	NIGERIA	NGA								1	043	043	04	1	2.8	2	1	2	0	4	Algiers, Alger, Algeria	AG	AG01	37774	36.7631	3.05056	-458371	1	Nigeria	NI	NI		10	8	NI	4	Algiers, Alger, Algeria	AG	AG01	37774	36.7631	3.05056	-458371	20260603194500	https://www.aps.dz:443/en/presidency-news/mpy8lxs1-president-tebboune-receives-hydrocarbon-ministers-of-sisterly-nigeria-niger
1307318823	20260603	202606	2026	2026.4192	ECUCOP	ECUADOR	ECU					COP			OPP	PROTESTER						OPP			0	111	111	11	3	-2.0	2	1	2	-7.32984293193718	4	London, London, City of, United Kingdom	UK	UKH9	40110	51.5	-0.116667	-2601889	4	London, London, City of, United Kingdom	UK	UKH9	40110	51.5	-0.116667	-2601889	4	London, London, City of, United Kingdom	UK	UKH9	40110	51.5	-0.116667	-2601889	20260603194500	https://www.greanvillepost.com/assange-defamers-and-defenders-slugging-it-out-on-divers-media-platforms-part-1/
1307318824	20260603	202606	2026	2026.4192	ECUCOP	ECUADOR	ECU					COP			OPP	PROTESTER						OPP			0	111	111	11	3	-2.0	2	1	2	-7.32984293193718	3	Washington, District of Columbia, United States	US	USDC	DC001	38.8951	-77.0364	531871	3	Washington, District of Columbia, United States	US	USDC	DC001	38.8951	-77.0364	531871	3	Washington, District of Columbia, United States	US	USDC	DC001	38.8951	-77.0364	531871	20260603194500	https://www.greanvillepost.com/assange-defamers-and-defenders-slugging-it-out-on-divers-media-platforms-part-1/
1307318825	20260603	202606	2026	2026.4192	EDU	SCHOOL						EDU													1	010	010	01	1	0.0	3	1	3	-9.84405458089671	3	Harris County, Texas, United States	US	USTX	TX201	29.8336	-95.4002	1383886	0								3	Harris County, Texas, United States	US	USTX		29.8336	-95.4002	1383886	20260603194500	https://www.natureworldnews.com/articles/73012/20260603/houston-just-entered-hurricane-season-study-highlights-alarming-flood-risk-17-million-along.htm
1307318826	20260603	202606	2026	2026.4192	EDU	UNIVERSITY						EDU													0	020	020	02	1	3.0	10	1	10	0.4523956405511	4	Umuahia, Abia, Nigeria	NI	NI45	191355	5.52627	7.48959	-2029249	0								4	Umuahia, Abia, Nigeria	NI	NI45	191355	5.52627	7.48959	-2029249	20260603194500	https://gnnliberia.com/governance-as-dignity-ottis-3-yrs-of-impact-shaping-abias-future/
1307318827	20260603	202606	2026	2026.4192	EDU	STUDENT						EDU													0	036	036	03	1	4.0	5	1	5	3.73134328358209	5	Karnataka, Karnataka, India	IN	IN19	17688	13.5	76	-2099860	0								5	Karnataka, Karnataka, India	IN	IN19	17688	13.5	76	-2099860	20260603194500	https://openthemagazine.com/india/dk-shivakumar-sworn-in-as-karnataka-cm-announces-free-bus-passes-for-students
1307318828	20260603	202606	2026	2026.4192	EDU	SCHOOL						EDU													0	042	042	04	1	1.9	4	1	4	-0.77145612343298	4	Alicante, Valenciana, Spain	SP	SP60	25811	38.3462	-0.487722	-370210	0								4	Alicante, Valenciana, Spain	SP	SP60	25811	38.3462	-0.487722	-370210	20260603194500	https://theleader.info/2026/06/03/british-child-born-in-spain-denied-residency/
1307318829	20260603	202606	2026	2026.4192	EDU	SCHOOL						EDU													1	042	042	04	1	1.9	10	1	10	3.39622641509434	4	Gogni, Eritrea (general), Eritrea	ER	ER00	15867	15.085	37.4019	-611914	0								4	Gogni, Eritrea (general), Eritrea	ER	ER00	15867	15.085	37.4019	-611914	20260603194500	https://www.africa-newsroom.com/press/eritrea-construction-of-elementary-school-in-gogni-subzone
1307318830	20260603	202606	2026	2026.4192	EDU	PROFESSOR						EDU													0	050	050	05	1	3.5	40	1	40	0.12194696638052	1	Iran	IR	IR		32	53	IR	0								1	Iran	IR	IR		32	53	IR	20260603194500	https://www.iberkshires.com/story/82827/OLLI-at-BCC-Opens-Art-Exhibition.html
1307318831	20260603	202606	2026	2026.4192	EDU	STUDENT						EDU													0	051	051	05	1	3.4	10	1	10	6.54761904761904	4	Lagos, Lagos, Nigeria	NI	NI05	191416	6.45306	3.39583	-2017355	0								4	Lagos, Lagos, Nigeria	NI	NI05	191416	6.45306	3.39583	-2017355	20260603194500	https://wbfafrica.org/wbfa-dettol-hygiene-quest-phase3-flag-off/
1307318832	20260603	202606	2026	2026.4192	EDU	SCHOOL						EDU													1	051	051	05	1	3.4	5	1	5	3.6036036036036	2	Kentucky, United States	US	USKY		37.669	-84.6514	KY	0								2	Kentucky, United States	US	USKY		37.669	-84.6514	KY	20260603194500	https://www.kentuckyteacher.org/news/2026/06/12-kentucky-students-named-2026-u-s-presidential-scholars-semifinalists/
1307318833	20260603	202606	2026	2026.4192	EDU	SCHOOL						EDU													1	051	051	05	1	3.4	10	1	10	2.92682926829268	2	Louisiana, United States	US	USLA		31.1801	-91.8749	LA	0								2	Louisiana, United States	US	USLA		31.1801	-91.8749	LA	20260603194500	https://www.ksla.com/2026/06/03/lsu-shreveport-doing-free-development-readiness-assessments-kids-ages-2-6/
1307318834	20260603	202606	2026	2026.4192	EDU	SCHOLAR						EDU													0	060	060	06	2	6.0	5	1	5	-0.42553191489362	4	Manila, Manila, Philippines	RP	RPD9	24210	14.6042	120.982	-2437894	0								4	Manila, Manila, Philippines	RP	RPD9	24210	14.6042	120.982	-2437894	20260603194500	https://www.manilatimes.net/2026/06/04/supplements/bridging-the-great-learning-gap-the-challenge-of-rebuilding-philippine-education/2358123
1307318835	20260603	202606	2026	2026.4192	EDU	PROFESSOR						EDU													0	090	090	09	2	-2.0	40	1	40	0.12194696638052	1	Iran	IR	IR		32	53	IR	0								1	Iran	IR	IR		32	53	IR	20260603194500	https://www.iberkshires.com/story/82827/OLLI-at-BCC-Opens-Art-Exhibition.html
1307318836	20260603	202606	2026	2026.4192	EDU	SCHOOL						EDU													0	100	100	10	3	-5.0	4	1	4	-0.37593984962406	3	Allegheny County, Pennsylvania, United States	US	USPA	PA003	40.6253	-80.1251	1213657	0								3	Allegheny County, Pennsylvania, United States	US	USPA		40.6253	-80.1251	1213657	20260603194500	https://www.erienewsnow.com/news/harrisburg/school-phone-ban-saga-continues-in-pennsylvania-legislature/article_3c70e9cb-c889-5c44-8338-a0ed553537e7.html
1307318837	20260603	202606	2026	2026.4192	EDU	SCHOOL						EDU													0	100	100	10	3	-5.0	6	1	6	-0.37593984962406	3	Washington, District of Columbia, United States	US	USDC	DC001	38.8951	-77.0364	531871	0								3	Washington, District of Columbia, United States	US	USDC	DC001	38.8951	-77.0364	531871	20260603194500	https://www.erienewsnow.com/news/harrisburg/school-phone-ban-saga-continues-in-pennsylvania-legislature/article_3c70e9cb-c889-5c44-8338-a0ed553537e7.html
1307318838	20260603	202606	2026	2026.4192	EDU	STUDENT						EDU													1	141	141	14	3	-6.5	10	1	10	3.6036036036036	2	Kentucky, United States	US	USKY		37.669	-84.6514	KY	0								2	Kentucky, United States	US	USKY		37.669	-84.6514	KY	20260603194500	https://www.kentuckyteacher.org/news/2026/06/12-kentucky-students-named-2026-u-s-presidential-scholars-semifinalists/
1307318839	20260603	202606	2026	2026.4192	EDU	SCHOOL						EDU													0	172	172	17	4	-5.0	4	1	4	-0.37593984962406	3	Allegheny County, Pennsylvania, United States	US	USPA	PA003	40.6253	-80.1251	1213657	0								3	Allegheny County, Pennsylvania, United States	US	USPA		40.6253	-80.1251	1213657	20260603194500	https://www.erienewsnow.com/news/harrisburg/school-phone-ban-saga-continues-in-pennsylvania-legislature/article_3c70e9cb-c889-5c44-8338-a0ed553537e7.html
1307318840	20260603	202606	2026	2026.4192	EDU	SCHOOL						EDU													0	172	172	17	4	-5.0	6	1	6	-0.37593984962406	3	Washington, District of Columbia, United States	US	USDC	DC001	38.8951	-77.0364	531871	0								3	Washington, District of Columbia, United States	US	USDC	DC001	38.8951	-77.0364	531871	20260603194500	https://www.erienewsnow.com/news/harrisburg/school-phone-ban-saga-continues-in-pennsylvania-legislature/article_3c70e9cb-c889-5c44-8338-a0ed553537e7.html
1307318841	20260603	202606	2026	2026.4192	EDU	INTELLECTUAL						EDU													0	180	180	18	4	-9.0	10	1	10	-1.62887959498129	3	Greenville, California, United States	US	USCA	CA115	39.4366	-121.177	1656052	0								3	Greenville, California, United States	US	USCA	CA115	39.4366	-121.177	1656052	20260603194500	https://www.greanvillepost.com/leo-zhao-brilliantly-explains-all-the-hidden-forces-behind-our-headlines-and-what-to-expect-for-the-future/
1307318842	20260603	202606	2026	2026.4192	EDU	SCHOOLHOUSE						EDU			CVL	COMMUNITY						CVL			1	036	036	03	1	4.0	1	1	1	3.87755102040816	3	Rio Blanco County, Colorado, United States	US	USCO	CO103	39.95	-108.201	198167	3	Rio Blanco County, Colorado, United States	US	USCO		39.95	-108.201	198167	3	Rio Blanco County, Colorado, United States	US	USCO		39.95	-108.201	198167	20260603194500	https://www.theheraldtimes.com/community-calendar-june-4th-2026/rio-blanco-county/
1307318843	20260603	202606	2026	2026.4192	EDU	SCHOOLHOUSE						EDU			CVL	COMMUNITY						CVL			1	036	036	03	1	4.0	7	1	7	3.87755102040816	3	Crooks Park, Colorado, United States	US	USCO	CO103	39.9972	-107.544	202156	3	Rio Blanco County, Colorado, United States	US	USCO		39.95	-108.201	198167	3	Rio Blanco County, Colorado, United States	US	USCO		39.95	-108.201	198167	20260603194500	https://www.theheraldtimes.com/community-calendar-june-4th-2026/rio-blanco-county/
1307318844	20260603	202606	2026	2026.4192	EDU	SCHOOL						EDU			CVL	COMMUNITY						CVL			0	1721	172	17	4	-5.0	5	1	5	-7.45644599303136	4	Tehran, Tehran, Iran	IR	IR26	41130	35.75	51.5148	10074674	4	Tehran, Tehran, Iran	IR	IR26	41130	35.75	51.5148	10074674	4	Tehran, Tehran, Iran	IR	IR26	41130	35.75	51.5148	10074674	20260603194500	https://www.dailymail.com/news/article-15787483/Iran-recruit-sleeper-agents-Britain-motivated-kill-Jews-expert.html
1307318845	20260603	202606	2026	2026.4192	EDU	STUDENT						EDU			EDUEDU	SCHOOL						EDU	EDU		1	051	051	05	1	3.4	5	1	5	3.6036036036036	2	Kentucky, United States	US	USKY		37.669	-84.6514	KY	2	Kentucky, United States	US	USKY		37.669	-84.6514	KY	2	Kentucky, United States	US	USKY		37.669	-84.6514	KY	20260603194500	https://www.kentuckyteacher.org/news/2026/06/12-kentucky-students-named-2026-u-s-presidential-scholars-semifinalists/
1307318846	20260603	202606	2026	2026.4192	EDU	SCHOOL						EDU			ESP	SPAIN	ESP								0	042	042	04	1	1.9	2	1	2	-0.77145612343298	4	Alicante, Valenciana, Spain	SP	SP60	25811	38.3462	-0.487722	-370210	4	Alicante, Valenciana, Spain	SP	SP60	25811	38.3462	-0.487722	-370210	4	Alicante, Valenciana, Spain	SP	SP60	25811	38.3462	-0.487722	-370210	20260603194500	https://theleader.info/2026/06/03/british-child-born-in-spain-denied-residency/
1307318847	20260603	202606	2026	2026.4192	EDU	STUDENT						EDU			GOV	PRESIDENT						GOV			1	010	010	01	1	0.0	2	1	2	2.44897959183674	3	Central High School, Michigan, United States	US	USMI	MI077	42.1984	-85.5886	622990	3	Central High School, Michigan, United States	US	USMI		42.1984	-85.5886	622990	3	Central High School, Michigan, United States	US	USMI		42.1984	-85.5886	622990	20260603194500	https://www.wmuk.org/wmuk-news/2026-06-03/the-obama-presidential-center-has-a-little-shout-out-to-kalamazoo
1307318848	20260603	202606	2026	2026.4192	EDU	STUDENT						EDU			GOV	PRESIDENT						GOV			1	010	010	01	1	0.0	3	1	3	2.44897959183674	2	Michigan, United States	US	USMI		43.3504	-84.5603	MI	2	Michigan, United States	US	USMI		43.3504	-84.5603	MI	2	Michigan, United States	US	USMI		43.3504	-84.5603	MI	20260603194500	https://www.wmuk.org/wmuk-news/2026-06-03/the-obama-presidential-center-has-a-little-shout-out-to-kalamazoo
1307318849	20260603	202606	2026	2026.4192	EDU	STUDENT						EDU			GOV	GOVERNMENT REPRESENTATIVE						GOV			0	045	045	04	1	5.0	5	1	5	6.54761904761904	4	Kano, Kano, Nigeria	NI	NI29	191030	11.9964	8.51667	-2014610	4	Kano, Kano, Nigeria	NI	NI29	191030	11.9964	8.51667	-2014610	4	Kano, Kano, Nigeria	NI	NI29	191030	11.9964	8.51667	-2014610	20260603194500	https://wbfafrica.org/wbfa-dettol-hygiene-quest-phase3-flag-off/
1307318850	20260603	202606	2026	2026.4192	EDU	SCHOOL						EDU			GOV	ADMINISTRATION						GOV			1	061	061	06	2	6.4	2	1	2	3.39622641509434	5	Gash Barka, Gash Barka, Eritrea	ER	ER04	15872	15.25	37.5	9165333	5	Gash Barka, Gash Barka, Eritrea	ER	ER04	15872	15.25	37.5	9165333	5	Gash Barka, Gash Barka, Eritrea	ER	ER04	15872	15.25	37.5	9165333	20260603194500	https://www.africa-newsroom.com/press/eritrea-construction-of-elementary-school-in-gogni-subzone
1307318851	20260603	202606	2026	2026.4192	EDU	UNIVERSITY						EDU			USA	TEXAS	USA								1	043	043	04	1	2.8	2	1	2	5.81818181818182	3	Dumas High School, Texas, United States	US	USTX	TX341	35.8631	-101.977	2007422	3	Dumas High School, Texas, United States	US	USTX		35.8631	-101.977	2007422	3	Dumas High School, Texas, United States	US	USTX		35.8631	-101.977	2007422	20260603194500	https://sanangelolive.com/community/obituaries/2026-05-31/janet-ruth-wilburn
1307318852	20260603	202606	2026	2026.4192	EDU	SCHOOL						EDU			USAGOV	OBAMA	USA					GOV			1	040	040	04	1	1.0	6	1	6	2.44897959183674	3	Central High School, Michigan, United States	US	USMI	MI077	42.1984	-85.5886	622990	2	Michigan, United States	US	USMI		43.3504	-84.5603	MI	3	Central High School, Michigan, United States	US	USMI		42.1984	-85.5886	622990	20260603194500	https://www.wmuk.org/wmuk-news/2026-06-03/the-obama-presidential-center-has-a-little-shout-out-to-kalamazoo
1307318853	20260603	202606	2026	2026.4192	EDU	SCHOOL						EDU			USAGOV	OBAMA	USA					GOV			1	040	040	04	1	1.0	4	1	4	2.44897959183674	3	Central High School, Michigan, United States	US	USMI	MI077	42.1984	-85.5886	622990	2	Michigan, United States	US	USMI		43.3504	-84.5603	MI	2	Michigan, United States	US	USMI		43.3504	-84.5603	MI	20260603194500	https://www.wmuk.org/wmuk-news/2026-06-03/the-obama-presidential-center-has-a-little-shout-out-to-kalamazoo
1307318854	20260603	202606	2026	2026.4192	EGY	EGYPT	EGY								GBR	UNITED KINGDOM	GBR								1	140	140	14	3	-6.5	5	1	5	0.3448275862069	4	Dunvegan, Highland, United Kingdom	UK	UKV3	40178	57.4333	-6.58333	-2594970	4	Dunvegan, Highland, United Kingdom	UK	UKV3	40178	57.4333	-6.58333	-2594970	4	Dunvegan, Highland, United Kingdom	UK	UKV3	40178	57.4333	-6.58333	-2594970	20260603194500	https://www.standard-freeholder.com:443/news/events-paused-dunvegan-recreation-association-hall
1307318855	20260603	202606	2026	2026.4192	EGY	ALEXANDRIA	EGY								GBR	UNITED KINGDOM	GBR								1	140	140	14	3	-6.5	1	1	1	0.3448275862069	4	Glengarry, Perth and Kinross, United Kingdom	UK	UKW1	40177	56.7833	-4.1	-2596776	4	Glengarry, Perth and Kinross, United Kingdom	UK	UKW1	40177	56.7833	-4.1	-2596776	4	Glengarry, Perth and Kinross, United Kingdom	UK	UKW1	40177	56.7833	-4.1	-2596776	20260603194500	https://www.standard-freeholder.com:443/news/events-paused-dunvegan-recreation-association-hall
1307318856	20260603	202606	2026	2026.4192	EGY	EGYPT	EGY								ISRSET	ISRAEL	ISR					SET			1	111	111	11	3	-2.0	1	1	1	-1.74291938997821	4	Jakarta, Jakarta Raya, Indonesia	ID	ID04	18585	-6.17444	106.829	-2679652	4	Jerusalem, Israel (general), Israel	IS	IS00	18315	31.7667	35.2333	-797092	1	United Arab Emirates	AE	AE		24	54	AE	20260603194500	https://en.tempo.co/read/2106692/indonesia-seven-nations-denounce-israeli-settlers-attack-on-al-aqsa-mosque
1307318857	20260603	202606	2026	2026.4192	EGY	EGYPT	EGY								ISRSET	ISRAEL	ISR					SET			1	190	190	19	4	-10.0	1	1	1	-1.74291938997821	4	Jakarta, Jakarta Raya, Indonesia	ID	ID04	18585	-6.17444	106.829	-2679652	4	Jerusalem, Israel (general), Israel	IS	IS00	18315	31.7667	35.2333	-797092	1	United Arab Emirates	AE	AE		24	54	AE	20260603194500	https://en.tempo.co/read/2106692/indonesia-seven-nations-denounce-israeli-settlers-attack-on-al-aqsa-mosque
1307318858	20260603	202606	2026	2026.4192	ELI	ACTOR						ELI													1	012	012	01	1	-0.4	6	1	6	-0.40160642570281	3	Hollywood, California, United States	US	USCA	CA037	34.0983	-118.327	1660757	0								3	Hollywood, California, United States	US	USCA	CA037	34.0983	-118.327	1660757	20260603194500	https://variety.com/2026/film/news/sharon-stone-marc-maron-lynn-shelton-basic-instinct-1236765768/
1307318859	20260603	202606	2026	2026.4192	ELI	ACTOR						ELI													1	042	042	04	1	1.9	10	1	10	6.02836879432624	4	Bengaluru, Karnataka, India	IN	IN19	70159	12.9833	77.5833	-2090174	0								4	Bengaluru, Karnataka, India	IN	IN19	70159	12.9833	77.5833	-2090174	20260603194500	https://khabarindia.in/aamir-khan-to-marry-gauri-spratt-on-july-5/
1307318860	20260603	202606	2026	2026.4192	ELI	RETIRED						ELI													1	0874	087	08	2	10.0	6	1	6	2.32142857142857	3	Saint Patrick Catholic Church, Texas, United States	US	USTX	TX113	32.8776	-96.7083	2017833	0								3	Saint Patrick Catholic Church, Texas, United States	US	USTX		32.8776	-96.7083	2017833	20260603194500	https://www.mtdemocrat.com/obituaries/james-k-veerkamp/article_23b15df4-c12b-496c-ba0b-ce10891c85f2.html
1307318861	20260603	202606	2026	2026.4192	ELI	RETIRED						ELI			USA	UNITED STATES	USA								1	0874	087	08	2	10.0	4	1	4	2.32142857142857	3	Union Valley, Texas, United States	US	USTX	TX257	32.6974	-96.3005	1379195	3	Union Valley, Texas, United States	US	USTX		32.6974	-96.3005	1379195	3	Union Valley, Texas, United States	US	USTX		32.6974	-96.3005	1379195	20260603194500	https://www.mtdemocrat.com/obituaries/james-k-veerkamp/article_23b15df4-c12b-496c-ba0b-ce10891c85f2.html
1307318862	20260603	202606	2026	2026.4192	ELICVL	RETIRED						ELI	CVL												1	090	090	09	2	-2.0	10	1	10	-7.24233983286908	0								0								0								20260603194500	https://www.thehindu.com/news/national/kerala/unregulated-quarrying-upsets-upland-residents-in-kozhikode/article71057132.ece
1307318863	20260603	202606	2026	2026.4192	ENV	ENVIRONMENTALIST						ENV													1	130	130	13	3	-4.4	20	2	20	0.81967213114754	2	Pennsylvania, United States	US	USPA		40.5773	-77.264	PA	0								2	Pennsylvania, United States	US	USPA		40.5773	-77.264	PA	20260603194500	https://www.weny.com/news/harrisburg/heat-protections-for-workers-discussed-in-harrisburg/article_f685a57c-ac00-592f-b703-cf980a880a2d.html
1307318864	20260603	202606	2026	2026.4192	ERI	ERITREA	ERI								GOV	ADMINISTRATION						GOV			1	061	061	06	2	6.4	2	1	2	3.39622641509434	5	Gash Barka, Gash Barka, Eritrea	ER	ER04	15872	15.25	37.5	9165333	5	Gash Barka, Gash Barka, Eritrea	ER	ER04	15872	15.25	37.5	9165333	5	Gash Barka, Gash Barka, Eritrea	ER	ER04	15872	15.25	37.5	9165333	20260603194500	https://www.africa-newsroom.com/press/eritrea-construction-of-elementary-school-in-gogni-subzone
1307318865	20260603	202606	2026	2026.4192	ERI	ERITREA	ERI								LBN	LEBANON	LBN								1	051	051	05	1	3.4	4	1	4	7.76699029126214	4	Asmara, Ma'akel, Eritrea	ER	ER05	15888	15.3333	38.9333	-604780	4	Asmara, Ma'akel, Eritrea	ER	ER05	15888	15.3333	38.9333	-604780	4	Asmara, Ma'akel, Eritrea	ER	ER05	15888	15.3333	38.9333	-604780	20260603194500	https://shabait.com/2026/06/03/messages-of-congratulations-89/
1307318866	20260603	202606	2026	2026.4192	ESP	SPANISH	ESP								BUS	COMPANIES						BUS			1	163	163	16	4	-8.0	10	1	10	-2.41796200345423	4	Havana, Ciudad de La Habana, Cuba	CU	CU02	14613	23.1319	-82.3642	-1628751	4	Havana, Ciudad de La Habana, Cuba	CU	CU02	14613	23.1319	-82.3642	-1628751	4	Havana, Ciudad de La Habana, Cuba	CU	CU02	14613	23.1319	-82.3642	-1628751	20260603194500	https://www.cigaraficionado.com/article/spanish-hotel-chains-to-curtail-operations-in-cuba
1307318867	20260603	202606	2026	2026.4192	ESP	SPAIN	ESP								EDU	SCHOOL						EDU			0	043	043	04	1	2.8	2	1	2	-0.77145612343298	4	Alicante, Valenciana, Spain	SP	SP60	25811	38.3462	-0.487722	-370210	4	Alicante, Valenciana, Spain	SP	SP60	25811	38.3462	-0.487722	-370210	4	Alicante, Valenciana, Spain	SP	SP60	25811	38.3462	-0.487722	-370210	20260603194500	https://theleader.info/2026/06/03/british-child-born-in-spain-denied-residency/
1307318868	20260603	202606	2026	2026.4192	ESPEDU	SPAIN	ESP					EDU													0	042	042	04	1	1.9	4	1	4	-0.77145612343298	4	Alicante, Valenciana, Spain	SP	SP60	25811	38.3462	-0.487722	-370210	0								4	Alicante, Valenciana, Spain	SP	SP60	25811	38.3462	-0.487722	-370210	20260603194500	https://theleader.info/2026/06/03/british-child-born-in-spain-denied-residency/
1307318869	20260603	202606	2026	2026.4192	EUR	EUROPEAN	EUR																		0	112	112	11	3	-2.0	5	1	5	2.9925187032419	1	Sweden	SW	SW		62	15	SW	0								1	Sweden	SW	SW		62	15	SW	20260603194500	http://www.theuknews.com/news/279099997/british-drivers-embrace-assistive-tech-while-being-cautious-about-full-autonomystudy
1307318870	20260603	202606	2026	2026.4192	EUR	EUROPE	EUR																		1	154	154	15	4	-7.2	10	1	10	4.76190476190476	4	Mulhouse, Alsace, France	FR	FRC1	16239	47.7381	7.34793	-1454215	0								4	Mulhouse, Alsace, France	FR	FRC1	16239	47.7381	7.34793	-1454215	20260603194500	https://finance.yahoo.com/sectors/technology/articles/stellantis-commits-over-1-billion-102305350.html
1307318871	20260603	202606	2026	2026.4192	EUR	EUROPE	EUR								USA	AMERICAN	USA								1	110	110	11	3	-2.0	10	1	10	-2.30642504118616	1	United Kingdom	UK	UK		54	-4	UK	1	United Kingdom	UK	UK		54	-4	UK	1	United Kingdom	UK	UK		54	-4	UK	20260603194500	https://gizmodo.com/palantir-systems-potential-for-enshittification-has-become-an-unacceptable-risk-uk-politicians-say-2000767071
1307318872	20260603	202606	2026	2026.4192	EURGOV	EUROPEAN	EUR					GOV			BUS	BANK						BUS			1	040	040	04	1	1.0	10	1	10	4.34782608695652	4	Dublin, Dublin, Ireland	EI	EI07	18288	53.3331	-6.24889	-1502554	4	Dublin, Dublin, Ireland	EI	EI07	18288	53.3331	-6.24889	-1502554	4	Dublin, Dublin, Ireland	EI	EI07	18288	53.3331	-6.24889	-1502554	20260603194500	https://www.dublincity.ie/news/meeting-vice-president-european-investment-bank
1307318873	20260603	202606	2026	2026.4192	FIN	FINLAND	FIN																		1	051	051	05	1	3.4	4	1	4	3.08880308880309	4	Helsinki, Eteläuomen Läi, Finland	FI	FI13	16230	60.1756	24.9342	-1364995	0								4	Helsinki, Eteläuomen Läi, Finland	FI	FI13	16230	60.1756	24.9342	-1364995	20260603194500	https://www.lesprom.com/en/news/UPM_appoints_Joonas_Rauramo_as_Executive_Vice_President_UPM_Energy_to_start_Oct_1_2026_123546/
1307318874	20260603	202606	2026	2026.4192	FRA	NANTES	FRA																		1	046	046	04	1	7.0	4	1	4	-1.44927536231884	4	Saint Florentin, Centre, France	FR	FRA3	16262	47.0782	1.80066	-1465351	0								4	Saint Florentin, Centre, France	FR	FRA3	16262	47.0782	1.80066	-1465351	20260603194500	https://www.manilatimes.net/2026/06/04/tmt-newswire/globenewswire/annual-general-meeting-on-june-24-2026-procedures-for-obtaining-preparatory-documents-for-the-general-meeting/2358247
1307318875	20260603	202606	2026	2026.4192	FRA	FRANCE	FRA																		1	051	051	05	1	3.4	4	1	4	-0.78740157480315	4	Ivry-Sur-Seine, France (general), France	FR	FR00	16284	48.8157	2.38487	-1432762	0								4	Ivry-Sur-Seine, France (general), France	FR	FR00	16284	48.8157	2.38487	-1432762	20260603194500	https://www.wallpaper.com/architecture/residential/brutalist-duplex-for-sale-france
1307318876	20260603	202606	2026	2026.4192	FRA	FRANCE	FRA																		1	081	081	08	2	5.0	2	1	2	-8.38709677419355	1	France	FR	FR		46	2	FR	0								1	France	FR	FR		46	2	FR	20260603194500	https://deadline.com/2026/06/shia-labeouf-pleads-guilty-mardi-gras-1236940105/
1307318877	20260603	202606	2026	2026.4192	FRA	PARIS	FRA																		1	084	084	08	2	7.0	2	1	2	4.64177598385469	2	California, United States	US	USCA		36.17	-119.746	CA	0								2	California, United States	US	USCA		36.17	-119.746	CA	20260603194500	https://www.laughingplace.com/disney-parks/15-years-ariels-undersea-adventure/
1307318878	20260603	202606	2026	2026.4192	FRA	FRANCE	FRA								AUS	AUSTRALIA	AUS								0	042	042	04	1	1.9	1	1	1	-0.554016620498619	1	United Kingdom	UK	UK		54	-4	UK	1	Brazil	BR	BR		-10	-55	BR	1	United Kingdom	UK	UK		54	-4	UK	20260603194500	https://www.ipsnews.net/2026/06/governments-falling-90-percent-short-of-climate-adaptation-finance-needs/
1307318879	20260603	202606	2026	2026.4192	FRA	NANTES	FRA								BUS	COMPANY						BUS			1	036	036	03	1	4.0	2	1	2	-1.44927536231884	4	Paris, France (general), France	FR	FR00	16282	48.8667	2.33333	-1456928	4	Paris, France (general), France	FR	FR00	16282	48.8667	2.33333	-1456928	4	Paris, France (general), France	FR	FR00	16282	48.8667	2.33333	-1456928	20260603194500	https://www.manilatimes.net/2026/06/04/tmt-newswire/globenewswire/annual-general-meeting-on-june-24-2026-procedures-for-obtaining-preparatory-documents-for-the-general-meeting/2358247
1307318880	20260603	202606	2026	2026.4192	FRA	FRANCE	FRA								FRAGOV	FRANCE	FRA					GOV			1	042	042	04	1	1.9	6	1	6	4.76190476190476	4	Mulhouse, Alsace, France	FR	FRC1	16239	47.7381	7.34793	-1454215	4	Mulhouse, Alsace, France	FR	FRC1	16239	47.7381	7.34793	-1454215	4	Mulhouse, Alsace, France	FR	FRC1	16239	47.7381	7.34793	-1454215	20260603194500	https://finance.yahoo.com/sectors/technology/articles/stellantis-commits-over-1-billion-102305350.html
1307318881	20260603	202606	2026	2026.4192	FRA	FRANCE	FRA								FRAJUD	FRANCE	FRA					JUD			1	172	172	17	4	-5.0	2	1	2	-8.38709677419355	1	France	FR	FR		46	2	FR	1	France	FR	FR		46	2	FR	1	France	FR	FR		46	2	FR	20260603194500	https://deadline.com/2026/06/shia-labeouf-pleads-guilty-mardi-gras-1236940105/
1307318882	20260603	202606	2026	2026.4192	FRA	FRANCE	FRA								MOSSHI	SHIA				MOS	SHI				0	043	043	04	1	2.8	1	1	1	-8.38709677419355	1	France	FR	FR		46	2	FR	1	France	FR	FR		46	2	FR	1	France	FR	FR		46	2	FR	20260603194500	https://deadline.com/2026/06/shia-labeouf-pleads-guilty-mardi-gras-1236940105/
1307318883	20260603	202606	2026	2026.4192	FRA	FRANCE	FRA								NLD	THE NETHERLAND	NLD								0	042	042	04	1	1.9	1	1	1	-0.554016620498619	1	United Kingdom	UK	UK		54	-4	UK	1	Turkey	TU	TU		39.059012	34.911546	TU	1	United Kingdom	UK	UK		54	-4	UK	20260603194500	https://www.ipsnews.net/2026/06/governments-falling-90-percent-short-of-climate-adaptation-finance-needs/
1307318884	20260603	202606	2026	2026.4192	FRA	FRENCH	FRA								NZL	NEW ZEALAND	NZL								1	040	040	04	1	1.0	4	1	4	5.1980198019802	4	Paris, France (general), France	FR	FR00	16282	48.8667	2.33333	-1456928	1	New Zealand	NZ	NZ		-42	174	NZ	1	New Zealand	NZ	NZ		-42	174	NZ	20260603194500	https://www.scoop.co.nz/stories/PA2606/S00024/nz-french-trade-ministers-to-meet-yearly.htm
1307318885	20260603	202606	2026	2026.4192	FRA	NANTES	FRA								REL	SAINT									1	036	036	03	1	4.0	6	1	6	-1.44927536231884	4	Paris, France (general), France	FR	FR00	16282	48.8667	2.33333	-1456928	4	Paris, France (general), France	FR	FR00	16282	48.8667	2.33333	-1456928	4	Paris, France (general), France	FR	FR00	16282	48.8667	2.33333	-1456928	20260603194500	https://www.manilatimes.net/2026/06/04/tmt-newswire/globenewswire/annual-general-meeting-on-june-24-2026-procedures-for-obtaining-preparatory-documents-for-the-general-meeting/2358247
1307318886	20260603	202606	2026	2026.4192	FRA	NANTES	FRA								REL	SAINT									1	046	046	04	1	7.0	6	1	6	-1.44927536231884	4	Saint Florentin, Centre, France	FR	FRA3	16262	47.0782	1.80066	-1465351	4	Saint Florentin, Centre, France	FR	FRA3	16262	47.0782	1.80066	-1465351	4	Saint Florentin, Centre, France	FR	FRA3	16262	47.0782	1.80066	-1465351	20260603194500	https://www.manilatimes.net/2026/06/04/tmt-newswire/globenewswire/annual-general-meeting-on-june-24-2026-procedures-for-obtaining-preparatory-documents-for-the-general-meeting/2358247
1307318887	20260603	202606	2026	2026.4192	FRA	FRANCE	FRA								TUR	TURKEY	TUR								0	042	042	04	1	1.9	1	1	1	-0.554016620498619	1	United Kingdom	UK	UK		54	-4	UK	1	France	FR	FR		46	2	FR	1	United Kingdom	UK	UK		54	-4	UK	20260603194500	https://www.ipsnews.net/2026/06/governments-falling-90-percent-short-of-climate-adaptation-finance-needs/
1307318888	20260603	202606	2026	2026.4192	FRAGOV	FRANCE	FRA					GOV			FRA	FRANCE	FRA								1	043	043	04	1	2.8	6	1	6	4.76190476190476	4	Mulhouse, Alsace, France	FR	FRC1	16239	47.7381	7.34793	-1454215	4	Mulhouse, Alsace, France	FR	FRC1	16239	47.7381	7.34793	-1454215	4	Mulhouse, Alsace, France	FR	FRC1	16239	47.7381	7.34793	-1454215	20260603194500	https://finance.yahoo.com/sectors/technology/articles/stellantis-commits-over-1-billion-102305350.html
1307318889	20260603	202606	2026	2026.4192	GBR	UNITED KINGDOM	GBR																		0	010	010	01	1	0.0	2	1	2	-7.02179176755447	4	Dublin, Dublin, Ireland	EI	EI07	18288	53.3331	-6.24889	-1502554	0								4	Dublin, Dublin, Ireland	EI	EI07	18288	53.3331	-6.24889	-1502554	20260603194500	https://www.irishmirror.ie/news/world-news/woman-calmly-admits-i-killed-37244836
1307318890	20260603	202606	2026	2026.4192	GBR	UNITED KINGDOM	GBR																		1	010	010	01	1	0.0	2	1	2	-0.26109660574413	4	Sussex, East Sussex, United Kingdom	UK	UKE2	40137	50.9167	-0.083333	-2609142	0								4	Pulborough, West Sussex, United Kingdom	UK	UKP6	40137	50.95	-0.516667	-2605778	20260603194500	https://www.theargus.co.uk/news/26164390.steam-traction-engine-seen-a272-near-haywards-heath/
1307318891	20260603	202606	2026	2026.4192	GBR	BRITISH	GBR																		0	012	012	01	1	-0.4	1	1	1	-5.16751845542306	4	Coagh, Cookstown, United Kingdom	UK	UKR7	40151	54.65	-6.61667	-2592898	0								4	Coagh, Cookstown, United Kingdom	UK	UKR7	40151	54.65	-6.61667	-2592898	20260603194500	https://www.dailymail.com/news/article-15839501/Veterans-fury-Al-Carns-betrayed-British-war-heroes.html
1307318892	20260603	202606	2026	2026.4192	GBR	BRITISH	GBR																		0	012	012	01	1	-0.4	1	1	1	-5.16751845542306	4	Coagh, Cookstown, United Kingdom	UK	UKR7	40151	54.65	-6.61667	-2592898	0								1	Ireland	EI	EI		53	-8	EI	20260603194500	https://www.dailymail.com/news/article-15839501/Veterans-fury-Al-Carns-betrayed-British-war-heroes.html
1307318893	20260603	202606	2026	2026.4192	GBR	BRITAIN	GBR																		1	012	012	01	1	-0.4	2	1	2	-7.45644599303136	4	London, London, City of, United Kingdom	UK	UKH9	40110	51.5	-0.116667	-2601889	0								4	Manchester, Manchester, United Kingdom	UK	UKI2	40118	53.5	-2.21667	-2602512	20260603194500	https://www.dailymail.com/news/article-15787483/Iran-recruit-sleeper-agents-Britain-motivated-kill-Jews-expert.html
1307318894	20260603	202606	2026	2026.4192	GBR	UNITED KINGDOM	GBR																		0	042	042	04	1	1.9	2	1	2	4.50980392156863	4	Hawick, Scottish Borders, The, United Kingdom	UK	UKT9	40167	55.4333	-2.78333	-2598325	0								4	Hawick, Scottish Borders, The, United Kingdom	UK	UKT9	40167	55.4333	-2.78333	-2598325	20260603194500	https://thewhiskeywash.com/whiskey-news/the-borders-distillery-welcomes-first-distiller-for-a-day/
1307318895	20260603	202606	2026	2026.4192	GBR	UNITED KINGDOM	GBR																		1	043	043	04	1	2.8	6	1	6	0.3448275862069	4	Dunvegan, Highland, United Kingdom	UK	UKV3	40178	57.4333	-6.58333	-2594970	0								4	Dunvegan, Highland, United Kingdom	UK	UKV3	40178	57.4333	-6.58333	-2594970	20260603194500	https://www.standard-freeholder.com:443/news/events-paused-dunvegan-recreation-association-hall
1307318896	20260603	202606	2026	2026.4192	GBR	UNITED KINGDOM	GBR																		1	043	043	04	1	2.8	2	1	2	-0.26109660574413	4	Pulborough, West Sussex, United Kingdom	UK	UKP6	40137	50.95	-0.516667	-2605778	0								4	Pulborough, West Sussex, United Kingdom	UK	UKP6	40137	50.95	-0.516667	-2605778	20260603194500	https://www.theargus.co.uk/news/26164390.steam-traction-engine-seen-a272-near-haywards-heath/
1307318897	20260603	202606	2026	2026.4192	GBR	UNITED KINGDOM	GBR																		1	043	043	04	1	2.8	4	1	4	-0.26109660574413	4	Pulborough, West Sussex, United Kingdom	UK	UKP6	40137	50.95	-0.516667	-2605778	0								4	Sussex, East Sussex, United Kingdom	UK	UKE2	40137	50.9167	-0.083333	-2609142	20260603194500	https://www.theargus.co.uk/news/26164390.steam-traction-engine-seen-a272-near-haywards-heath/
1307318898	20260603	202606	2026	2026.4192	GBR	BRITON	GBR																		1	125	125	12	3	-5.0	7	1	7	0.3448275862069	4	Glengarry, Perth and Kinross, United Kingdom	UK	UKW1	40177	56.7833	-4.1	-2596776	0								4	Glengarry, Perth and Kinross, United Kingdom	UK	UKW1	40177	56.7833	-4.1	-2596776	20260603194500	https://www.standard-freeholder.com:443/news/events-paused-dunvegan-recreation-association-hall
1307318899	20260603	202606	2026	2026.4192	GBR	UNITED KINGDOM	GBR																		0	190	190	19	4	-10.0	2	1	2	-6.35910224438902	4	Merseyside, United Kingdom (general), United Kingdom	UK	UK00	40121	53.4	-3.08333	-2602923	0								4	Merseyside, United Kingdom (general), United Kingdom	UK	UK00	40121	53.4	-3.08333	-2602923	20260603194500	https://www.lbc.co.uk/article/teenage-members-of-online-monkey-mafia-group-targeted-us-influencers-in-hoax-swa-5Hjdb6s_2/
1307318900	20260603	202606	2026	2026.4192	GBR	UNITED KINGDOM	GBR																		0	190	190	19	4	-10.0	2	1	2	-6.35910224438902	1	Canada	CA	CA		60	-96	CA	0								1	Canada	CA	CA		60	-96	CA	20260603194500	https://www.lbc.co.uk/article/teenage-members-of-online-monkey-mafia-group-targeted-us-influencers-in-hoax-swa-5Hjdb6s_2/
1307318901	20260603	202606	2026	2026.4192	GBR	MANCHESTER	GBR								EDU	UNIVERSITY						EDU			1	013	013	01	1	0.4	10	1	10	1.19047619047619	0								0								0								20260603194500	https://japantoday.com/category/features/environment/clothing-rental-services-promise-a-sustainable-alternative-to-fast-fashion.-experts-say-it-depends
1307318902	20260603	202606	2026	2026.4192	GBR	UNITED KINGDOM	GBR								EGY	EGYPT	EGY								1	140	140	14	3	-6.5	1	1	1	0.3448275862069	4	Dunvegan, Highland, United Kingdom	UK	UKV3	40178	57.4333	-6.58333	-2594970	4	Dunvegan, Highland, United Kingdom	UK	UKV3	40178	57.4333	-6.58333	-2594970	4	Dunvegan, Highland, United Kingdom	UK	UKV3	40178	57.4333	-6.58333	-2594970	20260603194500	https://www.standard-freeholder.com:443/news/events-paused-dunvegan-recreation-association-hall
1307318903	20260603	202606	2026	2026.4192	GBR	UNITED KINGDOM	GBR								EGY	EGYPT	EGY								1	140	140	14	3	-6.5	1	1	1	0.3448275862069	4	Glengarry, Perth and Kinross, United Kingdom	UK	UKW1	40177	56.7833	-4.1	-2596776	4	Dunvegan, Highland, United Kingdom	UK	UKV3	40178	57.4333	-6.58333	-2594970	4	Glengarry, Perth and Kinross, United Kingdom	UK	UKW1	40177	56.7833	-4.1	-2596776	20260603194500	https://www.standard-freeholder.com:443/news/events-paused-dunvegan-recreation-association-hall
1307318904	20260603	202606	2026	2026.4192	GBR	BRITISH	GBR								GBRMIL	BRITISH	GBR					MIL			0	012	012	01	1	-0.4	3	1	3	-5.16751845542306	4	Coagh, Cookstown, United Kingdom	UK	UKR7	40151	54.65	-6.61667	-2592898	4	Coagh, Cookstown, United Kingdom	UK	UKR7	40151	54.65	-6.61667	-2592898	1	Ireland	EI	EI		53	-8	EI	20260603194500	https://www.dailymail.com/news/article-15839501/Veterans-fury-Al-Carns-betrayed-British-war-heroes.html
1307318905	20260603	202606	2026	2026.4192	GBR	UNITED KINGDOM	GBR								GOV	PRIME MINISTER						GOV			0	014	014	01	1	0.0	4	1	4	-5.07364975450081	1	United Kingdom	UK	UK		54	-4	UK	1	United Kingdom	UK	UK		54	-4	UK	1	United Kingdom	UK	UK		54	-4	UK	20260603194500	https://www.lbc.co.uk/article/what-did-nigel-farage-say-about-henry-nowak-attack-5Hjdb6m_2/
1307318906	20260603	202606	2026	2026.4192	GBR	WALES	GBR								GOV	PRINCE						GOV			0	018	018	01	1	3.4	5	1	5	-3.41463414634147	1	Bahrain	BA	BA		26	50.5	BA	1	Bahrain	BA	BA		26	50.5	BA	1	Bahrain	BA	BA		26	50.5	BA	20260603194500	https://www.albawaba.net/news/three-navy-personnel-killed-helicopter-1629155
1307318907	20260603	202606	2026	2026.4192	GBR	UNITED KINGDOM	GBR								HLH	SURGEON						HLH			1	040	040	04	1	1.0	2	1	2	-6.62983425414368	1	United Kingdom	UK	UK		54	-4	UK	1	United Kingdom	UK	UK		54	-4	UK	1	United Kingdom	UK	UK		54	-4	UK	20260603194500	https://www.boredpanda.com/professional-surgeon-thrown-in-prison-after-getting-legs-amputated/
1307318908	20260603	202606	2026	2026.4192	GBR	BRITISH	GBR								IRL	IRELAND	IRL								0	112	112	11	3	-2.0	6	1	6	-5.16751845542306	4	Coagh, Cookstown, United Kingdom	UK	UKR7	40151	54.65	-6.61667	-2592898	1	Ireland	EI	EI		53	-8	EI	4	Coagh, Cookstown, United Kingdom	UK	UKR7	40151	54.65	-6.61667	-2592898	20260603194500	https://www.dailymail.com/news/article-15839501/Veterans-fury-Al-Carns-betrayed-British-war-heroes.html
1307318909	20260603	202606	2026	2026.4192	GBR	UNITED KINGDOM	GBR								JEW	JEWISH				JEW					1	012	012	01	1	-0.4	2	1	2	-7.45644599303136	4	London, London, City of, United Kingdom	UK	UKH9	40110	51.5	-0.116667	-2601889	4	Manchester, Manchester, United Kingdom	UK	UKI2	40118	53.5	-2.21667	-2602512	4	Manchester, Manchester, United Kingdom	UK	UKI2	40118	53.5	-2.21667	-2602512	20260603194500	https://www.dailymail.com/news/article-15787483/Iran-recruit-sleeper-agents-Britain-motivated-kill-Jews-expert.html
1307318910	20260603	202606	2026	2026.4192	GBR	BRITAIN	GBR								JEW	JEWISH				JEW					1	012	012	01	1	-0.4	6	1	6	-7.45644599303136	4	London, London, City of, United Kingdom	UK	UKH9	40110	51.5	-0.116667	-2601889	4	Tehran, Tehran, Iran	IR	IR26	41130	35.75	51.5148	10074674	4	Manchester, Manchester, United Kingdom	UK	UKI2	40118	53.5	-2.21667	-2602512	20260603194500	https://www.dailymail.com/news/article-15787483/Iran-recruit-sleeper-agents-Britain-motivated-kill-Jews-expert.html
1307318911	20260603	202606	2026	2026.4192	GBR	UNITED KINGDOM	GBR								JEW	JEWISH				JEW					1	138	138	13	3	-7.0	10	1	10	-7.45644599303136	4	Tehran, Tehran, Iran	IR	IR26	41130	35.75	51.5148	10074674	4	Tehran, Tehran, Iran	IR	IR26	41130	35.75	51.5148	10074674	4	Tehran, Tehran, Iran	IR	IR26	41130	35.75	51.5148	10074674	20260603194500	https://www.dailymail.com/news/article-15787483/Iran-recruit-sleeper-agents-Britain-motivated-kill-Jews-expert.html
1307318912	20260603	202606	2026	2026.4192	GBR	ENGLISHMAN	GBR								JPN	SAGA	JPN								0	1721	172	17	4	-5.0	2	1	2	-7.32984293193718	4	London, London, City of, United Kingdom	UK	UKH9	40110	51.5	-0.116667	-2601889	4	Manila, Manila, Philippines	RP	RPD9	24210	14.6042	120.982	-2437894	4	Manila, Manila, Philippines	RP	RPD9	24210	14.6042	120.982	-2437894	20260603194500	https://www.greanvillepost.com/assange-defamers-and-defenders-slugging-it-out-on-divers-media-platforms-part-1/
1307318913	20260603	202606	2026	2026.4192	GBR	ENGLISHMAN	GBR								JPN	SAGA	JPN								0	1721	172	17	4	-5.0	8	1	8	-7.32984293193718	4	London, London, City of, United Kingdom	UK	UKH9	40110	51.5	-0.116667	-2601889	4	London, London, City of, United Kingdom	UK	UKH9	40110	51.5	-0.116667	-2601889	4	London, London, City of, United Kingdom	UK	UKH9	40110	51.5	-0.116667	-2601889	20260603194500	https://www.greanvillepost.com/assange-defamers-and-defenders-slugging-it-out-on-divers-media-platforms-part-1/
1307318914	20260603	202606	2026	2026.4192	GBR	UNITED KINGDOM	GBR								JUD	PROSECUTOR						JUD			0	111	111	11	3	-2.0	2	1	2	-6.62983425414368	1	United Kingdom	UK	UK		54	-4	UK	1	United Kingdom	UK	UK		54	-4	UK	1	United Kingdom	UK	UK		54	-4	UK	20260603194500	https://www.boredpanda.com/professional-surgeon-thrown-in-prison-after-getting-legs-amputated/
1307318915	20260603	202606	2026	2026.4192	GBR	LONDON	GBR								LAB	STAFF MEMBER						LAB			1	090	090	09	2	-2.0	10	1	10	-3.75	4	London, London, City of, United Kingdom	UK	UKH9	40110	51.5	-0.116667	-2601889	4	London, London, City of, United Kingdom	UK	UKH9	40110	51.5	-0.116667	-2601889	4	London, London, City of, United Kingdom	UK	UKH9	40110	51.5	-0.116667	-2601889	20260603194500	https://kpic.com/news/nation-world/full-of-little-hitlers-five-royal-police-officers-banned-from-working-royal-residences-kate-middleton-prince-williams-misogynistic-inappropriate-kensington-palace-london-metropolitan-police-behavior-conduct-justice-crime
1307318916	20260603	202606	2026	2026.4192	GBR	LONDON	GBR								LAB	STAFF MEMBER						LAB			1	114	114	11	3	-2.0	10	1	10	-3.75	4	London, London, City of, United Kingdom	UK	UKH9	40110	51.5	-0.116667	-2601889	4	London, London, City of, United Kingdom	UK	UKH9	40110	51.5	-0.116667	-2601889	4	London, London, City of, United Kingdom	UK	UKH9	40110	51.5	-0.116667	-2601889	20260603194500	https://kpic.com/news/nation-world/full-of-little-hitlers-five-royal-police-officers-banned-from-working-royal-residences-kate-middleton-prince-williams-misogynistic-inappropriate-kensington-palace-london-metropolitan-police-behavior-conduct-justice-crime
1307318917	20260603	202606	2026	2026.4192	GBR	UNITED KINGDOM	GBR								UAF	TERRORIST						UAF			0	014	014	01	1	0.0	1	1	1	-7.45644599303136	4	Southwark, Southwark, United Kingdom	UK	UKM8	40110	51.5	-0.083333	-2608353	4	Golders Green, Barnet, United Kingdom	UK	UKA2	40110	51.5667	-0.216667	-2597271	4	Golders Green, Barnet, United Kingdom	UK	UKA2	40110	51.5667	-0.216667	-2597271	20260603194500	https://www.dailymail.com/news/article-15787483/Iran-recruit-sleeper-agents-Britain-motivated-kill-Jews-expert.html
1307318918	20260603	202606	2026	2026.4192	GBR	UNITED KINGDOM	GBR								UAF	TERRORIST						UAF			0	014	014	01	1	0.0	1	1	1	-7.45644599303136	4	Southwark, Southwark, United Kingdom	UK	UKM8	40110	51.5	-0.083333	-2608353	4	Southwark, Southwark, United Kingdom	UK	UKM8	40110	51.5	-0.083333	-2608353	4	Southwark, Southwark, United Kingdom	UK	UKM8	40110	51.5	-0.083333	-2608353	20260603194500	https://www.dailymail.com/news/article-15787483/Iran-recruit-sleeper-agents-Britain-motivated-kill-Jews-expert.html
1307318919	20260603	202606	2026	2026.4192	GBR	UNITED KINGDOM	GBR								UAF	TERRORIST						UAF			0	111	111	11	3	-2.0	1	1	1	-7.45644599303136	4	Southwark, Southwark, United Kingdom	UK	UKM8	40110	51.5	-0.083333	-2608353	4	Golders Green, Barnet, United Kingdom	UK	UKA2	40110	51.5667	-0.216667	-2597271	4	Golders Green, Barnet, United Kingdom	UK	UKA2	40110	51.5667	-0.216667	-2597271	20260603194500	https://www.dailymail.com/news/article-15787483/Iran-recruit-sleeper-agents-Britain-motivated-kill-Jews-expert.html
1307318920	20260603	202606	2026	2026.4192	GBR	UNITED KINGDOM	GBR								UAF	TERRORIST						UAF			0	111	111	11	3	-2.0	1	1	1	-7.45644599303136	4	Southwark, Southwark, United Kingdom	UK	UKM8	40110	51.5	-0.083333	-2608353	4	Southwark, Southwark, United Kingdom	UK	UKM8	40110	51.5	-0.083333	-2608353	4	Southwark, Southwark, United Kingdom	UK	UKM8	40110	51.5	-0.083333	-2608353	20260603194500	https://www.dailymail.com/news/article-15787483/Iran-recruit-sleeper-agents-Britain-motivated-kill-Jews-expert.html
1307318921	20260603	202606	2026	2026.4192	GBR	UNITED KINGDOM	GBR								USA	UNITED STATES	USA								0	040	040	04	1	1.0	4	1	4	-7.32984293193718	4	London, London, City of, United Kingdom	UK	UKH9	40110	51.5	-0.116667	-2601889	3	Washington, District of Columbia, United States	US	USDC	DC001	38.8951	-77.0364	531871	3	Washington, District of Columbia, United States	US	USDC	DC001	38.8951	-77.0364	531871	20260603194500	https://www.greanvillepost.com/assange-defamers-and-defenders-slugging-it-out-on-divers-media-platforms-part-1/
1307318922	20260603	202606	2026	2026.4192	GBR	UNITED KINGDOM	GBR								USA	NEW YORK	USA								1	172	172	17	4	-5.0	6	1	6	-5.10510510510511	4	Highbridge, Somerset, United Kingdom	UK	UKM3	40129	51.2167	-2.98333	-2598645	4	Highbridge, Somerset, United Kingdom	UK	UKM3	40129	51.2167	-2.98333	-2598645	4	Highbridge, Somerset, United Kingdom	UK	UKM3	40129	51.2167	-2.98333	-2598645	20260603194500	https://www.burnhamandhighbridgeweeklynews.co.uk/news/national/26164420.dutch-judge-rejects-jewish-groups-bid-block-kanye-west-concerts/
1307318923	20260603	202606	2026	2026.4192	GBR	UNITED KINGDOM	GBR								USA	NEW YORK	USA								1	172	172	17	4	-5.0	6	1	6	-5.12048192771085	4	Twickenham, Richmond upon Thames, United Kingdom	UK	UKL1	40133	51.4333	-0.316667	-2610350	4	Twickenham, Richmond upon Thames, United Kingdom	UK	UKL1	40133	51.4333	-0.316667	-2610350	4	Twickenham, Richmond upon Thames, United Kingdom	UK	UKL1	40133	51.4333	-0.316667	-2610350	20260603194500	https://www.richmondandtwickenhamtimes.co.uk/news/national/26164420.dutch-judge-rejects-jewish-groups-bid-block-kanye-west-concerts/
1307318924	20260603	202606	2026	2026.4192	GBR	LONDON	GBR								USA	UNITED STATES	USA								0	173	173	17	4	-5.0	1	1	1	-7.32984293193718	4	London, London, City of, United Kingdom	UK	UKH9	40110	51.5	-0.116667	-2601889	4	London, London, City of, United Kingdom	UK	UKH9	40110	51.5	-0.116667	-2601889	4	London, London, City of, United Kingdom	UK	UKH9	40110	51.5	-0.116667	-2601889	20260603194500	https://www.greanvillepost.com/assange-defamers-and-defenders-slugging-it-out-on-divers-media-platforms-part-1/
1307318925	20260603	202606	2026	2026.4192	GBR	SCOTLAND	GBR								scoGOV	SCOTTISH			sco			GOV			1	111	111	11	3	-2.0	10	1	10	-5.4054054054054	1	United Kingdom	UK	UK		54	-4	UK	1	United Kingdom	UK	UK		54	-4	UK	1	United Kingdom	UK	UK		54	-4	UK	20260603194500	https://www.dailymail.com/news/article-15871815/John-Swinney-humiliated-judge-finds-Scottish-Government-contempt-info-watchdog.html
1307318926	20260603	202606	2026	2026.4192	GBRJUD	UNITED KINGDOM	GBR					JUD													1	010	010	01	1	0.0	1	1	1	3.8135593220339	3	Boston, Massachusetts, United States	US	USMA	MA025	42.3584	-71.0598	617565	0								4	Cambridge, Cambridgeshire, United Kingdom	UK	UKC3	40098	52.2	0.116667	-2591658	20260603194500	https://bankerandtradesman.com/another-hotel-project-approved-in-allston/
1307318927	20260603	202606	2026	2026.4192	GBRJUD	UNITED KINGDOM	GBR					JUD													0	020	020	02	1	3.0	2	1	2	-5.16751845542306	4	Coagh, Cookstown, United Kingdom	UK	UKR7	40151	54.65	-6.61667	-2592898	0								4	Coagh, Cookstown, United Kingdom	UK	UKR7	40151	54.65	-6.61667	-2592898	20260603194500	https://www.dailymail.com/news/article-15839501/Veterans-fury-Al-Carns-betrayed-British-war-heroes.html
1307318928	20260603	202606	2026	2026.4192	GBRJUD	UNITED KINGDOM	GBR					JUD			GBR	UNITED KINGDOM	GBR								1	010	010	01	1	0.0	1	1	1	3.8135593220339	3	Boston, Massachusetts, United States	US	USMA	MA025	42.3584	-71.0598	617565	3	Boston, Massachusetts, United States	US	USMA	MA025	42.3584	-71.0598	617565	4	Cambridge, Cambridgeshire, United Kingdom	UK	UKC3	40098	52.2	0.116667	-2591658	20260603194500	https://bankerandtradesman.com/another-hotel-project-approved-in-allston/
1307318929	20260603	202606	2026	2026.4192	GBRMIL	UNITED KINGDOM	GBR					MIL													0	036	036	03	1	4.0	2	1	2	-5.16751845542306	4	Coagh, Cookstown, United Kingdom	UK	UKR7	40151	54.65	-6.61667	-2592898	0								4	Coagh, Cookstown, United Kingdom	UK	UKR7	40151	54.65	-6.61667	-2592898	20260603194500	https://www.dailymail.com/news/article-15839501/Veterans-fury-Al-Carns-betrayed-British-war-heroes.html
1307318930	20260603	202606	2026	2026.4192	GBRMIL	BRITISH	GBR					MIL			MILELI	LAND FORCE						MIL	ELI		0	042	042	04	1	1.9	3	1	3	-5.16751845542306	4	Coagh, Cookstown, United Kingdom	UK	UKR7	40151	54.65	-6.61667	-2592898	4	Coagh, Cookstown, United Kingdom	UK	UKR7	40151	54.65	-6.61667	-2592898	4	Coagh, Cookstown, United Kingdom	UK	UKR7	40151	54.65	-6.61667	-2592898	20260603194500	https://www.dailymail.com/news/article-15839501/Veterans-fury-Al-Carns-betrayed-British-war-heroes.html
1307318931	20260603	202606	2026	2026.4192	GBRMIL	BRITISH	GBR					MIL			MILELI	LAND FORCE						MIL	ELI		0	071	071	07	2	7.4	3	1	3	-5.16751845542306	4	Coagh, Cookstown, United Kingdom	UK	UKR7	40151	54.65	-6.61667	-2592898	4	Coagh, Cookstown, United Kingdom	UK	UKR7	40151	54.65	-6.61667	-2592898	4	Coagh, Cookstown, United Kingdom	UK	UKR7	40151	54.65	-6.61667	-2592898	20260603194500	https://www.dailymail.com/news/article-15839501/Veterans-fury-Al-Carns-betrayed-British-war-heroes.html
1307318932	20260603	202606	2026	2026.4192	GOV	GOVERNMENT						GOV													1	010	010	01	1	0.0	10	1	10	-3.33333333333333	4	Tirana, Tirane, Albania	AL	AL50	4124	41.3275	19.8189	-108649	0								4	Tirana, Tirane, Albania	AL	AL50	4124	41.3275	19.8189	-108649	20260603194500	https://www.wlwt.com/article/protests-albania-trump-family-linked-resort/71485462
1307318933	20260603	202606	2026	2026.4192	GOV	PREMIER						GOV													0	010	010	01	1	0.0	12	2	12	-1.71503957783641	4	Pilbara, Western Australia, Australia	AS	AS08	5536	-21.25	118.3	-1594999	0								4	Pilbara, Western Australia, Australia	AS	AS08	5536	-21.25	118.3	-1594999	20260603194500	https://www.watoday.com.au/national/western-australia/experts-fear-wa-s-nature-is-unravelling-before-our-eyes-a-new-report-sets-out-to-turn-the-tide-20260603-p603ps.html
1307318934	20260603	202606	2026	2026.4192	GOV	GOVERNMENT						GOV													0	010	010	01	1	0.0	2	1	2	-5.16751845542306	4	Coagh, Cookstown, United Kingdom	UK	UKR7	40151	54.65	-6.61667	-2592898	0								4	Coagh, Cookstown, United Kingdom	UK	UKR7	40151	54.65	-6.61667	-2592898	20260603194500	https://www.dailymail.com/news/article-15839501/Veterans-fury-Al-Carns-betrayed-British-war-heroes.html
1307318935	20260603	202606	2026	2026.4192	GOV	GOVERNMENT						GOV													1	010	010	01	1	0.0	10	1	10	3.21285140562249	4	Amhara, Amara, Ethiopia	ET	ET46	149281	11.1667	39.1667	-603950	0								4	Amhara, Amara, Ethiopia	ET	ET46	149281	11.1667	39.1667	-603950	20260603194500	https://medafricatimes.com/45670-ethiopia-concludes-7th-general-election-as-vote-counting-continues-nationwide.html
1307318936	20260603	202606	2026	2026.4192	GOV	ADMINISTRATION						GOV													0	010	010	01	1	0.0	2	1	2	-2.13930348258706	4	Tigray, Tigray, Ethiopia	ET	ET53	149298	13.5	39.5	-620571	0								4	Tigray, Tigray, Ethiopia	ET	ET53	149298	13.5	39.5	-620571	20260603194500	https://foreignpolicy.com/2026/06/03/america-africa-adventurism-emirates-qatar/
1307318937	20260603	202606	2026	2026.4192	GOV	SECRETARY OF STATE						GOV													0	010	010	01	1	0.0	2	1	2	-6.60660660660661	3	Washington, District of Columbia, United States	US	USDC	DC001	38.8951	-77.0364	531871	0								4	Beirut, Beyrouth, Lebanon	LE	LE04	18808	33.8719	35.5097	-801546	20260603194500	https://dominicanrepublicpost.com/israeli-attacks-kill-nine-in-lebanon-reach-beirut-outskirts/
1307318938	20260603	202606	2026	2026.4192	GOV	GOVERNMENT						GOV													1	010	010	01	1	0.0	11	2	11	-3.80141667814085	1	Ireland	EI	EI		53	-8	EI	0								1	Ireland	EI	EI		53	-8	EI	20260603194500	https://www.dailymail.com/news/article-15839501/Veterans-fury-Al-Carns-betrayed-British-war-heroes.html
1307318939	20260603	202606	2026	2026.4192	GOV	FOREIGN MINIST						GOV													1	011	011	01	1	-0.1	4	2	4	-9.45626477541373	4	Qeshm, Kordestan, Iran	IR	IR16	41068	35.4421	47.3506	-3080448	0								4	Qeshm, Kordestan, Iran	IR	IR16	41068	35.4421	47.3506	-3080448	20260603194500	http://www.middleeaststar.com/news/279100452/us-patriot-missile-devastated-gulf-state-airport-iran
1307318940	20260603	202606	2026	2026.4192	GOV	FOREIGN MINIST						GOV													1	011	011	01	1	-0.1	16	2	16	-9.45626477541373	4	Tehran, Tehran, Iran	IR	IR26	41130	35.75	51.5148	10074674	0								4	Tehran, Tehran, Iran	IR	IR26	41130	35.75	51.5148	10074674	20260603194500	http://www.middleeaststar.com/news/279100452/us-patriot-missile-devastated-gulf-state-airport-iran
1307318941	20260603	202606	2026	2026.4192	GOV	TREASURY SECRETARY						GOV													1	011	011	01	1	-0.1	18	3	18	-5.09074983551039	2	New York, United States	US	USNY		42.1497	-74.9384	NY	0								2	New York, United States	US	USNY		42.1497	-74.9384	NY	20260603194500	https://www.yoursourceone.com/news/national_news/treasury-secretary-scott-bessent-refuses-to-say-whether-trump-remains-exempt-from-irs-audits/article_e39e880e-def8-5023-9114-8620d8299df4.html
1307318942	20260603	202606	2026	2026.4192	GOV	MINIST						GOV													0	013	013	01	1	0.4	6	1	6	-0.15847860538827	1	Ireland	EI	EI		53	-8	EI	0								1	Ireland	EI	EI		53	-8	EI	20260603194500	https://www.irishmirror.ie/news/irish-news/politics/major-update-irish-schools-after-37244791
1307318943	20260603	202606	2026	2026.4192	GOV	ADMINISTRATION						GOV													0	017	017	01	1	0.0	10	1	10	0.4523956405511	4	Lagos, Lagos, Nigeria	NI	NI05	191416	6.45306	3.39583	-2017355	0								4	Lagos, Lagos, Nigeria	NI	NI05	191416	6.45306	3.39583	-2017355	20260603194500	https://gnnliberia.com/governance-as-dignity-ottis-3-yrs-of-impact-shaping-abias-future/
1307318944	20260603	202606	2026	2026.4192	GOV	CHIEF MINISTER						GOV													0	020	020	02	1	3.0	1	1	1	-0.27416038382454	4	Periyar, Tamil Nadu, India	IN	IN25	70248	11.35	77.7333	-2095516	0								4	Periyar, Tamil Nadu, India	IN	IN25	70248	11.35	77.7333	-2095516	20260603194500	https://www.thehindu.com/opinion/lead/assembly-poll-results-that-recast-the-political-landscape/article71057990.ece
1307318945	20260603	202606	2026	2026.4192	GOV	CHIEF MINISTER						GOV													0	020	020	02	1	3.0	4	1	4	-0.27416038382454	4	Periyar, Tamil Nadu, India	IN	IN25	70248	11.35	77.7333	-2095516	0								5	Kerala, Kerala, India	IN	IN13	17699	10	76.5	-2100307	20260603194500	https://www.thehindu.com/opinion/lead/assembly-poll-results-that-recast-the-political-landscape/article71057990.ece
1307318946	20260603	202606	2026	2026.4192	GOV	GOVERNMENT						GOV													0	020	020	02	1	3.0	1	1	1	-5.16751845542306	4	Coagh, Cookstown, United Kingdom	UK	UKR7	40151	54.65	-6.61667	-2592898	0								4	Coagh, Cookstown, United Kingdom	UK	UKR7	40151	54.65	-6.61667	-2592898	20260603194500	https://www.dailymail.com/news/article-15839501/Veterans-fury-Al-Carns-betrayed-British-war-heroes.html
1307318947	20260603	202606	2026	2026.4192	GOV	PRESIDENT						GOV													1	020	020	02	1	3.0	1	1	1	1.31233595800525	2	New York, United States	US	USNY		42.1497	-74.9384	NY	0								3	Washington, District of Columbia, United States	US	USDC	DC001	38.8951	-77.0364	531871	20260603194500	https://townhall.com/tipsheet/jeff-charles/2026/06/03/trump-slams-boring-artists-who-bailed-on-freedom-250-concerts-heres-what-hes-got-planned-n2677177
1307318948	20260603	202606	2026	2026.4192	GOV	GOVERNMENT						GOV													0	0234	023	02	1	3.4	10	1	10	3.73134328358209	5	Karnataka, Karnataka, India	IN	IN19	17688	13.5	76	-2099860	0								5	Karnataka, Karnataka, India	IN	IN19	17688	13.5	76	-2099860	20260603194500	https://openthemagazine.com/india/dk-shivakumar-sworn-in-as-karnataka-cm-announces-free-bus-passes-for-students
1307318949	20260603	202606	2026	2026.4192	GOV	GOVERNOR						GOV													0	030	030	03	1	4.0	10	1	10	0.4523956405511	4	Umuahia, Abia, Nigeria	NI	NI45	191355	5.52627	7.48959	-2029249	0								4	Umuahia, Abia, Nigeria	NI	NI45	191355	5.52627	7.48959	-2029249	20260603194500	https://gnnliberia.com/governance-as-dignity-ottis-3-yrs-of-impact-shaping-abias-future/
1307318950	20260603	202606	2026	2026.4192	GOV	GOVERNOR						GOV													1	030	030	03	1	4.0	10	1	10	0	2	Georgia, United States	US	USGA		32.9866	-83.6487	GA	0								2	Georgia, United States	US	USGA		32.9866	-83.6487	GA	20260603194500	https://ktar.com/national-news/district-attorney-challenges-new-georgia-law-that-removes-party-labels-in-atlanta-area-elections/5876572/
1307318951	20260603	202606	2026	2026.4192	GOV	ADMINISTRATION						GOV													1	032	032	03	1	4.5	14	1	10	-3.37837837837838	2	New Jersey, United States	US	USNJ		40.314	-74.5089	NJ	0								2	New Jersey, United States	US	USNJ		40.314	-74.5089	NJ	20260603194500	https://njbiz.com/new-jersey-lawsuit-canceled-offshore-wind-leases/
1307318952	20260603	202606	2026	2026.4192	GOV	ADMINISTRATION						GOV													0	032	032	03	1	4.5	6	1	6	-3.37837837837838	2	New York, United States	US	USNY		42.1497	-74.9384	NY	0								2	New York, United States	US	USNY		42.1497	-74.9384	NY	20260603194500	https://njbiz.com/new-jersey-lawsuit-canceled-offshore-wind-leases/
1307318953	20260603	202606	2026	2026.4192	GOV	PREMIER						GOV													0	036	036	03	1	4.0	1	1	1	0.64655172413793	4	Ottawa, Ontario, Canada	CA	CA08	12755	45.4167	-75.7	-570760	0								4	Ottawa, Ontario, Canada	CA	CA08	12755	45.4167	-75.7	-570760	20260603194500	https://www.theglobeandmail.com/canada/article-alberta-premier-danielle-smith-quebec-visit/
1307318954	20260603	202606	2026	2026.4192	GOV	GOVERNMENT COMMISSION						GOV													1	036	036	03	1	4.0	5	1	5	3.6144578313253	2	Pennsylvania, United States	US	USPA		40.5773	-77.264	PA	0								2	Pennsylvania, United States	US	USPA		40.5773	-77.264	PA	20260603194500	https://www.erienewsnow.com/news/pa-senate-approves-child-online-safety-task-force/article_a3c33502-d0e5-478c-ba53-090bf54f1d49.html
1307318955	20260603	202606	2026	2026.4192	GOV	ADMINISTRATION						GOV													0	040	040	04	1	1.0	10	1	10	0.4523956405511	4	Bakassi, Sud-Ouest, Cameroon	CM	CM09	18585	4.6694	8.5744	-3145804	0								4	Bakassi, Sud-Ouest, Cameroon	CM	CM09	18585	4.6694	8.5744	-3145804	20260603194500	https://gnnliberia.com/governance-as-dignity-ottis-3-yrs-of-impact-shaping-abias-future/
1307318956	20260603	202606	2026	2026.4192	GOV	MAYOR						GOV													0	040	040	04	1	1.0	6	1	6	3.24963072378139	3	Sacramento, California, United States	US	USCA	CA067	38.5816	-121.494	1659564	0								3	Sacramento, California, United States	US	USCA	CA067	38.5816	-121.494	1659564	20260603194500	https://gnnliberia.com/president-boakais-california-visit-setting-the-record-straight/
1307318957	20260603	202606	2026	2026.4192	GOV	MAYOR						GOV													1	042	042	04	1	1.9	6	1	6	5.74074074074074	2	Michigan, United States	US	USMI		43.3504	-84.5603	MI	0								2	Michigan, United States	US	USMI		43.3504	-84.5603	MI	20260603194500	https://www.candgnews.com/news/may-we-honor-their-memory-11175
1307318958	20260603	202606	2026	2026.4192	GOV	GOVERNMENT COMMISSION						GOV													1	042	042	04	1	1.9	5	1	5	3.6144578313253	2	Pennsylvania, United States	US	USPA		40.5773	-77.264	PA	0								2	Pennsylvania, United States	US	USPA		40.5773	-77.264	PA	20260603194500	https://www.erienewsnow.com/news/pa-senate-approves-child-online-safety-task-force/article_a3c33502-d0e5-478c-ba53-090bf54f1d49.html
1307318959	20260603	202606	2026	2026.4192	GOV	MINISTRY						GOV													0	043	043	04	1	2.8	2	1	2	7.02781844802343	4	Igbagun, Nigeria (general), Nigeria	NI	NI00	191154	8.78333	4.28333	-2010987	0								4	Igbagun, Nigeria (general), Nigeria	NI	NI00	191154	8.78333	4.28333	-2010987	20260603194500	https://statehouse.gov.ng/you-are-a-national-asset-gbajabiamila-tells-minister-designate-amb-enikanolaiye-at-send-off-ceremony/
1307318960	20260603	202606	2026	2026.4192	GOV	GOVERNMENT						GOV													1	043	043	04	1	2.8	6	1	6	-2.61506276150627	4	Isiolo, Eastern, Kenya	KE	KE03	18585	0.354615	37.5822	-2246531	0								4	Isiolo, Eastern, Kenya	KE	KE03	18585	0.354615	37.5822	-2246531	20260603194500	https://www.standardmedia.co.ke/opinion/article/2001549467/of-wajir-madaraka-and-the-painted-road
1307318961	20260603	202606	2026	2026.4192	GOV	MINISTRY						GOV													0	046	046	04	1	7.0	2	1	2	7.02781844802343	4	Igbagun, Nigeria (general), Nigeria	NI	NI00	191154	8.78333	4.28333	-2010987	0								4	Igbagun, Nigeria (general), Nigeria	NI	NI00	191154	8.78333	4.28333	-2010987	20260603194500	https://statehouse.gov.ng/you-are-a-national-asset-gbajabiamila-tells-minister-designate-amb-enikanolaiye-at-send-off-ceremony/
1307318962	20260603	202606	2026	2026.4192	GOV	MINISTRY						GOV													0	046	046	04	1	7.0	8	1	8	7.02781844802343	4	Lagos, Lagos, Nigeria	NI	NI05	191416	6.45306	3.39583	-2017355	0								4	Lagos, Lagos, Nigeria	NI	NI05	191416	6.45306	3.39583	-2017355	20260603194500	https://statehouse.gov.ng/you-are-a-national-asset-gbajabiamila-tells-minister-designate-amb-enikanolaiye-at-send-off-ceremony/
1307318963	20260603	202606	2026	2026.4192	GOV	AMBASSADOR						GOV													0	051	051	05	1	3.4	6	1	6	7.02781844802343	4	Lagos, Lagos, Nigeria	NI	NI05	191416	6.45306	3.39583	-2017355	0								4	Lagos, Lagos, Nigeria	NI	NI05	191416	6.45306	3.39583	-2017355	20260603194500	https://statehouse.gov.ng/you-are-a-national-asset-gbajabiamila-tells-minister-designate-amb-enikanolaiye-at-send-off-ceremony/
1307318964	20260603	202606	2026	2026.4192	GOV	ADMINISTRATION						GOV													1	051	051	05	1	3.4	10	1	10	-1.10497237569061	4	Kinshasa, Kinshasa, Democratic Republic Of The Congo	CG	CG06	18585	-4.32972	15.315	-2049111	0								4	Kinshasa, Kinshasa, Democratic Republic Of The Congo	CG	CG06	18585	-4.32972	15.315	-2049111	20260603194500	https://medafricatimes.com/45664-us-imposes-sanctions-on-senior-fdlr-and-m23-commanders-over-human-rights-abuses-in-drc.html
1307318965	20260603	202606	2026	2026.4192	GOV	MAYOR						GOV													1	051	051	05	1	3.4	6	1	6	5.74074074074074	3	First Presbyterian Church, Michigan, United States	US	USMI	MI053	46.4556	-90.1664	2126125	0								3	First Presbyterian Church, Michigan, United States	US	USMI		46.4556	-90.1664	2126125	20260603194500	https://www.candgnews.com/news/may-we-honor-their-memory-11175
1307318966	20260603	202606	2026	2026.4192	GOV	STATE SECRETARY						GOV													0	060	060	06	2	6.0	10	1	10	0.07598784194529	2	New Mexico, United States	US	USNM		34.8375	-106.237	NM	0								2	New Mexico, United States	US	USNM		34.8375	-106.237	NM	20260603194500	https://smallbiztrends.com/define-llc/
1307318967	20260603	202606	2026	2026.4192	GOV	GOVERNMENT						GOV													0	071	071	07	2	7.4	1	1	1	-7.00160342063068	4	Kruglov, Khabarovskiy Kray, Russia	RS	RS30	25057	51.4167	140.833	-2938630	0								4	Kruglov, Khabarovskiy Kray, Russia	RS	RS30	25057	51.4167	140.833	-2938630	20260603194500	https://www.greanvillepost.com/the-truth-about-the-soviet-gulag-surprisingly-revealed-by-the-cia/
1307318968	20260603	202606	2026	2026.4192	GOV	PUBLIC SECTOR						GOV													0	071	071	07	2	7.4	10	1	10	-5.35420098846788	4	Baghdad, Baghdad, Iraq	IZ	IZ07	36785	33.3386	44.3939	-3103581	0								4	Baghdad, Baghdad, Iraq	IZ	IZ07	36785	33.3386	44.3939	-3103581	20260603194500	https://weeklyblitz.net/2026/06/04/iraqs-anti-corruption-crackdown-intensifies-as-deputy-oil-minister-arrested-with-millions-in-cash-gold-and-weapons/
1307318969	20260603	202606	2026	2026.4192	GOV	PRESIDENT						GOV													0	075	075	07	2	7.0	3	1	3	-7.32984293193718	3	Washington, District of Columbia, United States	US	USDC	DC001	38.8951	-77.0364	531871	0								4	Quito, Pichincha, Ecuador	EC	EC18	18585	-0.216667	-78.5	-932573	20260603194500	https://www.greanvillepost.com/assange-defamers-and-defenders-slugging-it-out-on-divers-media-platforms-part-1/
1307318970	20260603	202606	2026	2026.4192	GOV	FIREFIGHTER						GOV													1	090	090	09	2	-2.0	3	1	3	-2.32558139534884	3	Molalla, Oregon, United States	US	USOR	OR005	45.1473	-122.577	1124282	0								3	Molalla, Oregon, United States	US	USOR	OR005	45.1473	-122.577	1124282	20260603194500	https://kpic.com/news/local/barn-fire-near-molalla-kills-several-animals-displaces-one-person-clackamas-county-oregon-pets-dogs-cat
1307318971	20260603	202606	2026	2026.4192	GOV	MAYOR						GOV													0	090	090	09	2	-2.0	8	1	8	-5.83941605839416	3	Kern County, California, United States	US	USCA	CA029	35.2961	-118.668	2054176	0								3	Kern County, California, United States	US	USCA		35.2961	-118.668	2054176	20260603194500	https://www.wptv.com/us-news/crime/2-hostages-released-but-standoff-with-man-after-bomb-threat-at-california-bank-continues
1307318972	20260603	202606	2026	2026.4192	GOV	GOVERNMENT						GOV													0	110	110	11	3	-2.0	10	1	10	0	4	Manila, Manila, Philippines	RP	RPD9	24210	14.6042	120.982	-2437894	0								4	Manila, Manila, Philippines	RP	RPD9	24210	14.6042	120.982	-2437894	20260603194500	https://www.manilatimes.net/2026/06/04/opinion/columns/parents-first-child-protection-without-state-substitution/2358054
1307318973	20260603	202606	2026	2026.4192	GOV	PRIME MINISTER						GOV													0	111	111	11	3	-2.0	6	1	6	-4.7696038803557	4	Vlora, Vlore, Albania	AL	AL51	4148	40.4667	19.4897	-109054	0								4	Vlora, Vlore, Albania	AL	AL51	4148	40.4667	19.4897	-109054	20260603194500	https://weeklyblitz.net/2026/06/04/albania-freezes-assets-in-kushner-linked-resort-probe-amid-growing-backlash/
1307318974	20260603	202606	2026	2026.4192	GOV	GOVERNMENT						GOV													0	141	141	14	3	-6.5	5	1	5	-1.62887959498129	4	Beijing, Beijing, China	CH	CH22	13001	39.9289	116.388	-1898541	0								4	Beijing, Beijing, China	CH	CH22	13001	39.9289	116.388	-1898541	20260603194500	https://www.greanvillepost.com/leo-zhao-brilliantly-explains-all-the-hidden-forces-behind-our-headlines-and-what-to-expect-for-the-future/
1307318975	20260603	202606	2026	2026.4192	GOV	ADMINISTRATION						GOV													0	141	141	14	3	-6.5	10	1	10	0.4523956405511	4	Umuahia, Abia, Nigeria	NI	NI45	191355	5.52627	7.48959	-2029249	0								4	Umuahia, Abia, Nigeria	NI	NI45	191355	5.52627	7.48959	-2029249	20260603194500	https://gnnliberia.com/governance-as-dignity-ottis-3-yrs-of-impact-shaping-abias-future/
1307318976	20260603	202606	2026	2026.4192	GOV	AUTHORITIES						GOV													0	172	172	17	4	-5.0	10	1	10	-4.98783454987835	4	Tiananmen, Beijing, China	CH	CH22	13001	39.9072	116.391	-1928471	0								4	Tiananmen, Beijing, China	CH	CH22	13001	39.9072	116.391	-1928471	20260603194500	https://www.wsbradio.com/news/world/hong-kong-artist/DMFX6N66V4Z5NFHFXDS2LXQ3G4/
1307318977	20260603	202606	2026	2026.4192	GOV	AUTHORITIES						GOV													1	173	173	17	4	-5.0	10	1	10	-5.92383638928068	5	Grand Cape Mount County, Grand Cape Mount, Liberia	LI	LI12	147244	7.16667	-11	-2132275	0								5	Grand Cape Mount County, Grand Cape Mount, Liberia	LI	LI12	147244	7.16667	-11	-2132275	20260603194500	https://gnnliberia.com/ldea-reports-233-drug-related-arrests/
1307318978	20260603	202606	2026	2026.4192	GOV	AUTHORITIES						GOV													1	180	180	18	4	-9.0	6	1	6	-10.5058365758755	2	Texas, United States	US	USTX		31.106	-97.6475	TX	0								2	Texas, United States	US	USTX		31.106	-97.6475	TX	20260603194500	https://www.myspiritfm.com/News?view=post&blogid=Catholic%2DNews&articleid=299983
1307318979	20260603	202606	2026	2026.4192	GOV	PRESIDENT						GOV													0	186	186	18	4	-10.0	1	1	1	-0.235849056603773	3	Capitol Hill, District of Columbia, United States	US	USDC	DC001	38.889	-77.0003	529313	0								4	Taipei, T'ai-pei, Taiwan	TW	TW03	13277	25.0478	121.532	-2637882	20260603194500	https://news.ltn.com.tw/news/focus/breakingnews/5459915
1307318980	20260603	202606	2026	2026.4192	GOV	PRESIDENT						GOV													0	186	186	18	4	-10.0	3	1	3	-0.235849056603773	3	White House, District of Columbia, United States	US	USDC		38.8951	-77.0364	531871	0								4	Taipei, T'ai-pei, Taiwan	TW	TW03	13277	25.0478	121.532	-2637882	20260603194500	https://news.ltn.com.tw/news/focus/breakingnews/5459915
1307318981	20260603	202606	2026	2026.4192	GOV	FIREFIGHTER						GOV													1	190	190	19	4	-10.0	3	1	3	-1.21951219512195	4	Tecate, Baja California, Mexico	MX	MX02	19588	32.5667	-116.633	-1704478	0								4	Tecate, Baja California, Mexico	MX	MX02	19588	32.5667	-116.633	-1704478	20260603194500	https://www.sandiegouniontribune.com/2026/06/03/600-firefighters-aided-by-helicopters-and-air-tankers-battle-fire-south-of-dulzura/
1307318982	20260603	202606	2026	2026.4192	GOV	AUTHORITIES						GOV													1	190	190	19	4	-10.0	5	1	5	-6.60225442834139	3	Philadelphia, Pennsylvania, United States	US	USPA	PA101	39.9523	-75.1638	1209052	0								3	Philadelphia, Pennsylvania, United States	US	USPA	PA101	39.9523	-75.1638	1209052	20260603194500	https://www.wsbradio.com/news/national/fbi-fatally-shoots/VAG4PVMSWU4YFMUFVI3C3PZBGY/
1307318983	20260603	202606	2026	2026.4192	GOV	FIREFIGHTER						GOV													1	195	195	19	4	-10.0	3	1	3	-1.21951219512195	3	Dulzura, California, United States	US	USCA	CA073	32.6442	-116.781	270936	0								3	Dulzura, California, United States	US	USCA	CA073	32.6442	-116.781	270936	20260603194500	https://www.sandiegouniontribune.com/2026/06/03/600-firefighters-aided-by-helicopters-and-air-tankers-battle-fire-south-of-dulzura/
1307318984	20260603	202606	2026	2026.4192	GOV	PRIME MINISTER						GOV			ALB	ALBANIA	ALB								0	111	111	11	3	-2.0	2	1	2	-4.7696038803557	4	Vlora, Vlore, Albania	AL	AL51	4148	40.4667	19.4897	-109054	4	Vlora, Vlore, Albania	AL	AL51	4148	40.4667	19.4897	-109054	4	Vlora, Vlore, Albania	AL	AL51	4148	40.4667	19.4897	-109054	20260603194500	https://weeklyblitz.net/2026/06/04/albania-freezes-assets-in-kushner-linked-resort-probe-amid-growing-backlash/
1307318985	20260603	202606	2026	2026.4192	GOV	PREMIER						GOV			AUS	AUSTRALIA	AUS								0	010	010	01	1	0.0	4	2	4	-1.71503957783641	4	Pilbara, Western Australia, Australia	AS	AS08	5536	-21.25	118.3	-1594999	4	Pilbara, Western Australia, Australia	AS	AS08	5536	-21.25	118.3	-1594999	4	Pilbara, Western Australia, Australia	AS	AS08	5536	-21.25	118.3	-1594999	20260603194500	https://www.watoday.com.au/national/western-australia/experts-fear-wa-s-nature-is-unravelling-before-our-eyes-a-new-report-sets-out-to-turn-the-tide-20260603-p603ps.html
1307318986	20260603	202606	2026	2026.4192	GOV	MINIST OF PETROLEUM						GOV			BUS	COMPANIES						BUS			1	020	020	02	1	3.0	10	1	10	-0.790513833992093	4	New Delhi, Delhi, India	IN	IN07	17911	28.6	77.2	-2106102	4	New Delhi, Delhi, India	IN	IN07	17911	28.6	77.2	-2106102	4	New Delhi, Delhi, India	IN	IN07	17911	28.6	77.2	-2106102	20260603194500	https://www.thehindu.com/archives/from-the-hindu-archives-june-4-1976-full-take-over-of-oil-india-planned/article71058086.ece
1307318987	20260603	202606	2026	2026.4192	GOV	MINIST						GOV			CAN	CANADIAN	CAN								0	036	036	03	1	4.0	10	1	10	2.56410256410256	4	Quebec, Quebec, Canada	CA	CA10	12750	47.5	-72	-571850	4	Quebec, Quebec, Canada	CA	CA10	12750	47.5	-72	-571850	4	Quebec, Quebec, Canada	CA	CA10	12750	47.5	-72	-571850	20260603194500	https://www.lesprom.com/en/news/Canada_announces_130_million_for_56_forest-sector_transformation_projects_123549/
1307318988	20260603	202606	2026	2026.4192	GOV	AUTHORITIES						GOV			CHE	SWISS	CHE								0	1711	171	17	4	-9.2	5	1	5	-8.68263473053896	1	Switzerland	SZ	SZ		47	8	SZ	1	Switzerland	SZ	SZ		47	8	SZ	1	Switzerland	SZ	SZ		47	8	SZ	20260603194500	https://weeklyblitz.net/2026/06/04/armenia-under-pressure-to-freeze-funds-linked-to-magnitsky-tax-fraud/
1307318989	20260603	202606	2026	2026.4192	GOV	KINGDOM						GOV			CHN	CHINA	CHN								0	061	061	06	2	6.4	2	1	2	1.08055009823182	4	Niagara Falls, Ontario, Canada	CA	CA08	30536	43.1	-79.05	-570141	4	Niagara Falls, Ontario, Canada	CA	CA08	30536	43.1	-79.05	-570141	2	Colorado, United States	US	USCO		39.0646	-105.327	CO	20260603194500	https://www.cp24.com/local/niagara/2026/06/03/ottawa-endorses-plan-to-move-marinelands-whales-to-us-and-spain/
1307318990	20260603	202606	2026	2026.4192	GOV	GOVERNMENT						GOV			CHN	CHINESE	CHN								0	110	110	11	3	-2.0	5	1	5	-1.62887959498129	4	Beijing, Beijing, China	CH	CH22	13001	39.9289	116.388	-1898541	4	Beijing, Beijing, China	CH	CH22	13001	39.9289	116.388	-1898541	4	Beijing, Beijing, China	CH	CH22	13001	39.9289	116.388	-1898541	20260603194500	https://www.greanvillepost.com/leo-zhao-brilliantly-explains-all-the-hidden-forces-behind-our-headlines-and-what-to-expect-for-the-future/
1307318991	20260603	202606	2026	2026.4192	GOV	GOVERNMENT						GOV			CHN	CHINESE	CHN								0	141	141	14	3	-6.5	5	1	5	-1.62887959498129	4	Beijing, Beijing, China	CH	CH22	13001	39.9289	116.388	-1898541	4	Beijing, Beijing, China	CH	CH22	13001	39.9289	116.388	-1898541	4	Beijing, Beijing, China	CH	CH22	13001	39.9289	116.388	-1898541	20260603194500	https://www.greanvillepost.com/leo-zhao-brilliantly-explains-all-the-hidden-forces-behind-our-headlines-and-what-to-expect-for-the-future/
1307318992	20260603	202606	2026	2026.4192	GOV	AUTHORITIES						GOV			CRM	DRUG DEALER						CRM			1	112	112	11	3	-2.0	6	1	6	-14.1242937853108	3	Maricopa County, Arizona, United States	US	USAZ	AZ013	33.5	-112.501	37026	3	Maricopa County, Arizona, United States	US	USAZ		33.5	-112.501	37026	3	Maricopa County, Arizona, United States	US	USAZ		33.5	-112.501	37026	20260603194500	https://ktar.com/arizona-news/father-fatal-overdose-prescott/5876539/
1307318993	20260603	202606	2026	2026.4192	GOV	AUTHORITIES						GOV			CRM	DRUG DEALER						CRM			1	112	112	11	3	-2.0	4	1	4	-14.1242937853108	2	Arizona, United States	US	USAZ		33.7712	-111.388	AZ	2	Arizona, United States	US	USAZ		33.7712	-111.388	AZ	2	Arizona, United States	US	USAZ		33.7712	-111.388	AZ	20260603194500	https://ktar.com/arizona-news/father-fatal-overdose-prescott/5876539/
1307318994	20260603	202606	2026	2026.4192	GOV	GOVERNMENT						GOV			CVL	COMMUNITY						CVL			0	010	010	01	1	0.0	6	1	6	2.37580993520518	2	Indiana, United States	US	USIN		39.8647	-86.2604	IN	2	Indiana, United States	US	USIN		39.8647	-86.2604	IN	2	Indiana, United States	US	USIN		39.8647	-86.2604	IN	20260603194500	https://www.wthitv.com:443/2026/06/02/montezuma-elementary-reborn-tuition-free-ag-charter-school/
1307318995	20260603	202606	2026	2026.4192	GOV	PREMIER						GOV			CVL	VILLAGE						CVL			1	036	036	03	1	4.0	10	1	10	1.96078431372549	1	United States	US	US		39.828175	-98.5795	US	1	United States	US	US		39.828175	-98.5795	US	1	United States	US	US		39.828175	-98.5795	US	20260603194500	https://variety.com/2026/film/news/the-odyssey-70mm-westwood-village-theatre-1236765198/
1307318996	20260603	202606	2026	2026.4192	GOV	PRIME MINISTER						GOV			CVL	CITIZEN						CVL			1	051	051	05	1	3.4	10	1	10	3.21285140562249	4	Amhara, Amara, Ethiopia	ET	ET46	149281	11.1667	39.1667	-603950	4	Amhara, Amara, Ethiopia	ET	ET46	149281	11.1667	39.1667	-603950	4	Amhara, Amara, Ethiopia	ET	ET46	149281	11.1667	39.1667	-603950	20260603194500	https://medafricatimes.com/45670-ethiopia-concludes-7th-general-election-as-vote-counting-continues-nationwide.html
1307318997	20260603	202606	2026	2026.4192	GOV	PRIME MINISTER						GOV			ETH	ETHIOPIA	ETH								1	010	010	01	1	0.0	10	1	10	3.21285140562249	4	Amhara, Amara, Ethiopia	ET	ET46	149281	11.1667	39.1667	-603950	4	Amhara, Amara, Ethiopia	ET	ET46	149281	11.1667	39.1667	-603950	4	Amhara, Amara, Ethiopia	ET	ET46	149281	11.1667	39.1667	-603950	20260603194500	https://medafricatimes.com/45670-ethiopia-concludes-7th-general-election-as-vote-counting-continues-nationwide.html
1307318998	20260603	202606	2026	2026.4192	GOV	PRESIDENT						GOV			GBR	UNITED KINGDOM	GBR								0	075	075	07	2	7.0	1	1	1	-7.32984293193718	4	London, London, City of, United Kingdom	UK	UKH9	40110	51.5	-0.116667	-2601889	4	London, London, City of, United Kingdom	UK	UKH9	40110	51.5	-0.116667	-2601889	4	London, London, City of, United Kingdom	UK	UKH9	40110	51.5	-0.116667	-2601889	20260603194500	https://www.greanvillepost.com/assange-defamers-and-defenders-slugging-it-out-on-divers-media-platforms-part-1/
1307318999	20260603	202606	2026	2026.4192	GOV	PRESIDENT						GOV			GBR	UNITED KINGDOM	GBR								0	075	075	07	2	7.0	1	1	1	-7.32984293193718	4	London, London, City of, United Kingdom	UK	UKH9	40110	51.5	-0.116667	-2601889	4	London, London, City of, United Kingdom	UK	UKH9	40110	51.5	-0.116667	-2601889	4	Quito, Pichincha, Ecuador	EC	EC18	18585	-0.216667	-78.5	-932573	20260603194500	https://www.greanvillepost.com/assange-defamers-and-defenders-slugging-it-out-on-divers-media-platforms-part-1/
1307319000	20260603	202606	2026	2026.4192	GOV	PRESIDENT						GOV			GOVGOV	GOVERNMENT						GOV	GOV		1	040	040	04	1	1.0	10	1	10	4.34782608695652	4	Dublin, Dublin, Ireland	EI	EI07	18288	53.3331	-6.24889	-1502554	4	Dublin, Dublin, Ireland	EI	EI07	18288	53.3331	-6.24889	-1502554	4	Dublin, Dublin, Ireland	EI	EI07	18288	53.3331	-6.24889	-1502554	20260603194500	https://www.dublincity.ie/news/meeting-vice-president-european-investment-bank
1307319001	20260603	202606	2026	2026.4192	GOV	CHANCELLOR						GOV			HIN	HINDU				HIN					1	010	010	01	1	0.0	10	1	10	-2.47747747747748	0								0								0								20260603194500	https://www.thehindu.com/news/national/kerala/thousands-of-teachers-likely-to-lose-jobs-in-calicut-varsitys-self-financing-colleges/article71057653.ece
1307319002	20260603	202606	2026	2026.4192	GOV	PRESIDENT						GOV			IGOUNOLEG	UNITED NATIONS		UNO				IGO	LEG		1	051	051	05	1	3.4	3	1	3	9.69899665551835	1	Nigeria	NI	NI		10	8	NI	1	Nigeria	NI	NI		10	8	NI	1	Nigeria	NI	NI		10	8	NI	20260603194500	https://statehouse.gov.ng/president-tinubu-congratulates-ambassador-jimoh-ibrahim-on-election-as-chair-of-un-budget-and-administration-committee/
1307319003	20260603	202606	2026	2026.4192	GOV	MINIST						GOV			IRL	IRELAND	IRL								1	010	010	01	1	0.0	2	1	2	-0.15847860538827	1	Ireland	EI	EI		53	-8	EI	1	Ireland	EI	EI		53	-8	EI	1	Ireland	EI	EI		53	-8	EI	20260603194500	https://www.irishmirror.ie/news/irish-news/politics/major-update-irish-schools-after-37244791
1307319004	20260603	202606	2026	2026.4192	GOV	MINIST						GOV			IRL	IRELAND	IRL								0	013	013	01	1	0.4	2	1	2	-0.15847860538827	1	Ireland	EI	EI		53	-8	EI	1	Ireland	EI	EI		53	-8	EI	1	Ireland	EI	EI		53	-8	EI	20260603194500	https://www.irishmirror.ie/news/irish-news/politics/major-update-irish-schools-after-37244791
1307319005	20260603	202606	2026	2026.4192	GOV	GOVERNMENT						GOV			IRL	IRELAND	IRL								0	020	020	02	1	3.0	1	1	1	-5.16751845542306	4	Coagh, Cookstown, United Kingdom	UK	UKR7	40151	54.65	-6.61667	-2592898	1	Iraq	IZ	IZ		33	44	IZ	4	Coagh, Cookstown, United Kingdom	UK	UKR7	40151	54.65	-6.61667	-2592898	20260603194500	https://www.dailymail.com/news/article-15839501/Veterans-fury-Al-Carns-betrayed-British-war-heroes.html
1307319006	20260603	202606	2026	2026.4192	GOV	GOVERNMENT						GOV			IRL	IRELAND	IRL								0	020	020	02	1	3.0	4	1	4	-5.16751845542306	1	Ireland	EI	EI		53	-8	EI	1	Ireland	EI	EI		53	-8	EI	1	Ireland	EI	EI		53	-8	EI	20260603194500	https://www.dailymail.com/news/article-15839501/Veterans-fury-Al-Carns-betrayed-British-war-heroes.html
1307319007	20260603	202606	2026	2026.4192	GOV	PRESIDENT						GOV			IRL	DUBLIN	IRL								1	036	036	03	1	4.0	6	1	6	4.34782608695652	5	Dublin City, Dublin City, Ireland	EI	EI33	18288	53.3551	-6.24922	10934239	5	Dublin City, Dublin City, Ireland	EI	EI33	18288	53.3551	-6.24922	10934239	5	Dublin City, Dublin City, Ireland	EI	EI33	18288	53.3551	-6.24922	10934239	20260603194500	https://www.dublincity.ie/news/meeting-vice-president-european-investment-bank
1307319008	20260603	202606	2026	2026.4192	GOV	PRESIDENT						GOV			IRLGOV	DUBLIN	IRL					GOV			1	036	036	03	1	4.0	4	1	4	4.34782608695652	5	Dublin City, Dublin City, Ireland	EI	EI33	18288	53.3551	-6.24922	10934239	4	Dublin, Dublin, Ireland	EI	EI07	18288	53.3331	-6.24889	-1502554	5	Dublin City, Dublin City, Ireland	EI	EI33	18288	53.3551	-6.24922	10934239	20260603194500	https://www.dublincity.ie/news/meeting-vice-president-european-investment-bank
1307319009	20260603	202606	2026	2026.4192	GOV	PRESIDENT						GOV			IRN	IRAN	IRN								1	120	120	12	3	-4.0	2	1	2	-3.07692307692308	1	Israel	IS	IS		31.5	34.75	IS	1	Israel	IS	IS		31.5	34.75	IS	1	Israel	IS	IS		31.5	34.75	IS	20260603194500	https://theconservativetreehouse.com/blog/2026/06/03/president-trump-gives-extensive-interview-on-iran-issues-confirms-testy-conversation-with-benjamin-netanyahu/comment-page-1/
1307319010	20260603	202606	2026	2026.4192	GOV	GOVERNMENT						GOV			KEN	KENYA	KEN								1	043	043	04	1	2.8	4	1	4	-2.61506276150627	4	Isiolo, Eastern, Kenya	KE	KE03	18585	0.354615	37.5822	-2246531	4	Isiolo, Eastern, Kenya	KE	KE03	18585	0.354615	37.5822	-2246531	4	Isiolo, Eastern, Kenya	KE	KE03	18585	0.354615	37.5822	-2246531	20260603194500	https://www.standardmedia.co.ke/opinion/article/2001549467/of-wajir-madaraka-and-the-painted-road
1307319011	20260603	202606	2026	2026.4192	GOV	EMBASSY						GOV			KWT	KUWAIT	KWT								1	018	018	01	1	3.4	5	1	5	-9.09090909090909	3	Washington, District of Columbia, United States	US	USDC	DC001	38.8951	-77.0364	531871	4	Tehran, Tehran, Iran	IR	IR26	41130	35.75	51.5148	10074674	4	Tehran, Tehran, Iran	IR	IR26	41130	35.75	51.5148	10074674	20260603194500	https://kashmirlife.net/indian-national-killed-in-iranian-drone-attack-on-kuwait-airport-438723/
1307319012	20260603	202606	2026	2026.4192	GOV	MINIST						GOV			LAB	STAFF MEMBER						LAB			0	020	020	02	1	3.0	5	1	5	7.02781844802343	4	Igbagun, Nigeria (general), Nigeria	NI	NI00	191154	8.78333	4.28333	-2010987	4	Igbagun, Nigeria (general), Nigeria	NI	NI00	191154	8.78333	4.28333	-2010987	4	Igbagun, Nigeria (general), Nigeria	NI	NI00	191154	8.78333	4.28333	-2010987	20260603194500	https://statehouse.gov.ng/you-are-a-national-asset-gbajabiamila-tells-minister-designate-amb-enikanolaiye-at-send-off-ceremony/
1307319013	20260603	202606	2026	2026.4192	GOV	PRESIDENT						GOV			LEG	CONGRESS						LEG			1	030	030	03	1	4.0	5	1	5	4	1	Vietnam, Republic Of	VM	VM		16.166667	107.833333	VM	1	Vietnam, Republic Of	VM	VM		16.166667	107.833333	VM	1	Vietnam, Republic Of	VM	VM		16.166667	107.833333	VM	20260603194500	https://sanangelolive.com/news/politics/2026-06-03/pfluger-pushes-posthumous-medal-honor-vietnam-pilot-who-died-protecting-secrets
1307319014	20260603	202606	2026	2026.4192	GOV	AUTHORITIES						GOV			MED	JOURNALIST						MED			0	016	016	01	1	-2.0	5	1	5	-7.66666666666667	1	Israel	IS	IS		31.5	34.75	IS	1	Israel	IS	IS		31.5	34.75	IS	1	Israel	IS	IS		31.5	34.75	IS	20260603194500	https://www.scoop.co.nz/stories/WO2606/S00058/release-the-footage-israels-cover-up-begins-with-denial.htm
1307319015	20260603	202606	2026	2026.4192	GOV	FIREFIGHTER						GOV			MEX	MEXICO	MEX								1	190	190	19	4	-10.0	5	1	5	-1.21951219512195	3	Dulzura, California, United States	US	USCA	CA073	32.6442	-116.781	270936	4	Tecate, Baja California, Mexico	MX	MX02	19588	32.5667	-116.633	-1704478	4	Tecate, Baja California, Mexico	MX	MX02	19588	32.5667	-116.633	-1704478	20260603194500	https://www.sandiegouniontribune.com/2026/06/03/600-firefighters-aided-by-helicopters-and-air-tankers-battle-fire-south-of-dulzura/
1307319016	20260603	202606	2026	2026.4192	GOV	FIREFIGHTER						GOV			MEX	MEXICO	MEX								1	195	195	19	4	-10.0	5	1	5	-1.21951219512195	3	Dulzura, California, United States	US	USCA	CA073	32.6442	-116.781	270936	4	Tecate, Baja California, Mexico	MX	MX02	19588	32.5667	-116.633	-1704478	4	Tecate, Baja California, Mexico	MX	MX02	19588	32.5667	-116.633	-1704478	20260603194500	https://www.sandiegouniontribune.com/2026/06/03/600-firefighters-aided-by-helicopters-and-air-tankers-battle-fire-south-of-dulzura/
1307319017	20260603	202606	2026	2026.4192	GOV	PRESIDENT						GOV			MIL	MILITARY						MIL			0	051	051	05	1	3.4	8	1	8	-2.13930348258706	1	Saudi Arabia	SA	SA		25	45	SA	1	Iraq	IZ	IZ		33	44	IZ	1	Iraq	IZ	IZ		33	44	IZ	20260603194500	https://foreignpolicy.com/2026/06/03/america-africa-adventurism-emirates-qatar/
1307319018	20260603	202606	2026	2026.4192	GOV	PRESIDENT						GOV			MIL	MILITARY						MIL			0	051	051	05	1	3.4	2	1	2	-2.13930348258706	1	Saudi Arabia	SA	SA		25	45	SA	1	Saudi Arabia	SA	SA		25	45	SA	1	Saudi Arabia	SA	SA		25	45	SA	20260603194500	https://foreignpolicy.com/2026/06/03/america-africa-adventurism-emirates-qatar/
1307319019	20260603	202606	2026	2026.4192	GOV	MINIST						GOV			MOS	MUSLIM				MOS					1	010	010	01	1	0.0	10	1	10	-1.74291938997821	4	Jerusalem, Israel (general), Israel	IS	IS00	18315	31.7667	35.2333	-797092	4	Jerusalem, Israel (general), Israel	IS	IS00	18315	31.7667	35.2333	-797092	4	Jerusalem, Israel (general), Israel	IS	IS00	18315	31.7667	35.2333	-797092	20260603194500	https://en.tempo.co/read/2106692/indonesia-seven-nations-denounce-israeli-settlers-attack-on-al-aqsa-mosque
1307319020	20260603	202606	2026	2026.4192	GOV	FIREFIGHTER						GOV			NGA	NIGERIA	NGA								1	043	043	04	1	2.8	2	1	2	-2.75590551181103	5	Kano State, Kano, Nigeria	NI	NI29	191066	11.5	8.5	-2014618	5	Kano State, Kano, Nigeria	NI	NI29	191066	11.5	8.5	-2014618	5	Kano State, Kano, Nigeria	NI	NI29	191066	11.5	8.5	-2014618	20260603194500	https://dailytrust.com/man-dies-attempting-to-retrieve-phone-from-abandoned-well/
1307319021	20260603	202606	2026	2026.4192	GOV	PRESIDENT						GOV			NGA	NIGERIA	NGA								1	043	043	04	1	2.8	2	1	2	0	4	Algiers, Alger, Algeria	AG	AG01	37774	36.7631	3.05056	-458371	1	Nigeria	NI	NI		10	8	NI	4	Algiers, Alger, Algeria	AG	AG01	37774	36.7631	3.05056	-458371	20260603194500	https://www.aps.dz:443/en/presidency-news/mpy8lxs1-president-tebboune-receives-hydrocarbon-ministers-of-sisterly-nigeria-niger
1307319022	20260603	202606	2026	2026.4192	GOV	PRESIDENT						GOV			NGA	NIGERIA	NGA								1	043	043	04	1	2.8	6	1	6	0	1	Nigeria	NI	NI		10	8	NI	1	Nigeria	NI	NI		10	8	NI	1	Nigeria	NI	NI		10	8	NI	20260603194500	https://www.aps.dz:443/en/presidency-news/mpy8lxs1-president-tebboune-receives-hydrocarbon-ministers-of-sisterly-nigeria-niger
1307319023	20260603	202606	2026	2026.4192	GOV	AMBASSADOR						GOV			NGA	NIGERIA	NGA								0	051	051	05	1	3.4	2	1	2	7.02781844802343	4	Igbagun, Nigeria (general), Nigeria	NI	NI00	191154	8.78333	4.28333	-2010987	4	Igbagun, Nigeria (general), Nigeria	NI	NI00	191154	8.78333	4.28333	-2010987	4	Igbagun, Nigeria (general), Nigeria	NI	NI00	191154	8.78333	4.28333	-2010987	20260603194500	https://statehouse.gov.ng/you-are-a-national-asset-gbajabiamila-tells-minister-designate-amb-enikanolaiye-at-send-off-ceremony/
1307319024	20260603	202606	2026	2026.4192	GOV	PRESIDENT						GOV			NGAGOV	NIGERIA	NGA					GOV			1	051	051	05	1	3.4	5	1	5	9.69899665551835	1	Nigeria	NI	NI		10	8	NI	1	Nigeria	NI	NI		10	8	NI	1	Nigeria	NI	NI		10	8	NI	20260603194500	https://statehouse.gov.ng/president-tinubu-congratulates-ambassador-jimoh-ibrahim-on-election-as-chair-of-un-budget-and-administration-committee/
1307319025	20260603	202606	2026	2026.4192	GOV	KINGDOM						GOV			SAU	SAUDI ARABIA	SAU								1	043	043	04	1	2.8	2	1	2	0.546448087431696	4	Jazan, Jizan, Saudi Arabia	SA	SA17	25310	16.8892	42.5511	-3096152	5	Asir, Asir, Saudi Arabia	SA	SA11	25312	19.1667	43.1667	-3093241	4	Makkah, Makkah, Saudi Arabia	SA	SA14	25312	21.4267	39.8261	-3096949	20260603194500	https://www.arabnews.com/node/2645919/saudi-arabia
1307319026	20260603	202606	2026	2026.4192	GOV	PRIME MINISTER						GOV			UKRGOV	UKRAINE	UKR					GOV			1	040	040	04	1	1.0	2	1	2	0	4	Kremlin, Moskva, Russia	RS	RS48	25106	55.7522	37.6156	-2960561	4	Kremlin, Moskva, Russia	RS	RS48	25106	55.7522	37.6156	-2960561	4	Kremlin, Moskva, Russia	RS	RS48	25106	55.7522	37.6156	-2960561	20260603194500	https://www.gov.uk/government/news/pm-call-with-president-volodymyr-zelenskyy-of-ukraine-3-june-2026
1307319027	20260603	202606	2026	2026.4192	GOV	TREASURY SECRETARY						GOV			USA	UNITED STATES	USA								1	011	011	01	1	-0.1	6	3	6	-5.09074983551039	3	Washington, District of Columbia, United States	US	USDC	DC001	38.8951	-77.0364	531871	3	Washington, District of Columbia, United States	US	USDC	DC001	38.8951	-77.0364	531871	3	Washington, District of Columbia, United States	US	USDC	DC001	38.8951	-77.0364	531871	20260603194500	https://www.yoursourceone.com/news/national_news/treasury-secretary-scott-bessent-refuses-to-say-whether-trump-remains-exempt-from-irs-audits/article_e39e880e-def8-5023-9114-8620d8299df4.html
1307319028	20260603	202606	2026	2026.4192	GOV	STATE GOVERNOR						GOV			USA	UNITED STATES	USA								0	042	042	04	1	1.9	2	1	2	0.77881619937695	2	Montana, United States	US	USMT		46.9048	-110.326	MT	2	Montana, United States	US	USMT		46.9048	-110.326	MT	2	New Mexico, United States	US	USNM		34.8375	-106.237	NM	20260603194500	https://www.aol.co.uk/articles/us-primary-voters-choose-midterm-090047622.html
1307319029	20260603	202606	2026	2026.4192	GOV	AUTHORITIES						GOV			USA	TEXAS	USA								1	042	042	04	1	1.9	10	1	10	-10.5058365758755	2	Texas, United States	US	USTX		31.106	-97.6475	TX	2	Texas, United States	US	USTX		31.106	-97.6475	TX	2	Texas, United States	US	USTX		31.106	-97.6475	TX	20260603194500	https://www.myspiritfm.com/News?view=post&blogid=Catholic%2DNews&articleid=299983
1307319030	20260603	202606	2026	2026.4192	GOV	GOVERNMENT						GOV			USA	UNITED STATES	USA								1	051	051	05	1	3.4	1	1	1	0.23455824863174	3	Royal Gorge, Colorado, United States	US	USCO	CO043	38.4311	-105.269	191861	3	Fremont County, Colorado, United States	US	USCO		38.4833	-105.401	198137	3	Fremont County, Colorado, United States	US	USCO		38.4833	-105.401	198137	20260603194500	https://www.canoncitydailyrecord.com/2026/06/03/candidates-for-fremont-county-sheriff-house-district-60-share-differing-views-during-forum/
1307319031	20260603	202606	2026	2026.4192	GOV	MAYOR						GOV			USA	UNITED STATES	USA								1	051	051	05	1	3.4	2	1	2	5.74074074074074	3	First Presbyterian Church, Michigan, United States	US	USMI	MI053	46.4556	-90.1664	2126125	3	First Presbyterian Church, Michigan, United States	US	USMI		46.4556	-90.1664	2126125	3	First Presbyterian Church, Michigan, United States	US	USMI		46.4556	-90.1664	2126125	20260603194500	https://www.candgnews.com/news/may-we-honor-their-memory-11175
1307319032	20260603	202606	2026	2026.4192	GOV	PRESIDENT						GOV			USA	NEW YORK	USA								1	060	060	06	2	6.0	6	1	6	1.31233595800525	3	Washington, District of Columbia, United States	US	USDC	DC001	38.8951	-77.0364	531871	3	Washington, District of Columbia, United States	US	USDC	DC001	38.8951	-77.0364	531871	3	Washington, District of Columbia, United States	US	USDC	DC001	38.8951	-77.0364	531871	20260603194500	https://townhall.com/tipsheet/jeff-charles/2026/06/03/trump-slams-boring-artists-who-bailed-on-freedom-250-concerts-heres-what-hes-got-planned-n2677177
1307319033	20260603	202606	2026	2026.4192	GOV	PRESIDENT						GOV			USA	NEW YORK	USA								1	060	060	06	2	6.0	4	1	4	1.31233595800525	2	New York, United States	US	USNY		42.1497	-74.9384	NY	2	New York, United States	US	USNY		42.1497	-74.9384	NY	2	New York, United States	US	USNY		42.1497	-74.9384	NY	20260603194500	https://townhall.com/tipsheet/jeff-charles/2026/06/03/trump-slams-boring-artists-who-bailed-on-freedom-250-concerts-heres-what-hes-got-planned-n2677177
1307319034	20260603	202606	2026	2026.4192	GOV	PRESIDENT						GOV			USA	UNITED STATES	USA								0	090	090	09	2	-2.0	2	1	2	-3.62875087229589	3	Los Alamos, New Mexico, United States	US	USNM	NM028	35.8881	-106.307	901357	3	Los Alamos, New Mexico, United States	US	USNM		35.8881	-106.307	901357	3	Los Alamos, New Mexico, United States	US	USNM		35.8881	-106.307	901357	20260603194500	https://www.greanvillepost.com/unsung-heroes-of-los-alamos-rethinking-manhattan-project-spies-and-the-cold-war/
1307319035	20260603	202606	2026	2026.4192	GOV	AUTHORITIES						GOV			USA	NEW YORK	USA								1	173	173	17	4	-5.0	20	2	20	-11.6279069767442	3	Saint Barnabas Hospital, New York, United States	US	USNY	NY005	40.8535	-73.8912	963362	3	Saint Barnabas Hospital, New York, United States	US	USNY		40.8535	-73.8912	963362	3	Saint Barnabas Hospital, New York, United States	US	USNY		40.8535	-73.8912	963362	20260603194500	https://news3lv.com/news/nation-world/16-year-old-boy-accused-of-fatally-shooting-woman-in-eye-near-ny-playground-police-murder-homicide-investigation-death-dead-shot-killed-guns-weapons-new-york-bronx-teenager-violence-true-crime
1307319036	20260603	202606	2026	2026.4192	GOV	AUTHORITIES						GOV			USA	UNITED STATES	USA								1	180	180	18	4	-9.0	2	1	2	-10.5058365758755	3	Mclennan County, Texas, United States	US	USTX	TX309	31.5502	-97.1836	1383946	3	Mclennan County, Texas, United States	US	USTX		31.5502	-97.1836	1383946	3	Mclennan County, Texas, United States	US	USTX		31.5502	-97.1836	1383946	20260603194500	https://www.myspiritfm.com/News?view=post&blogid=Catholic%2DNews&articleid=299983
1307319037	20260603	202606	2026	2026.4192	GOV	AUTHORITIES						GOV			USA	UNITED STATES	USA								1	180	180	18	4	-9.0	1	1	1	-10.5058365758755	3	Ave Maria, Florida, United States	US	USFL	FL021	26.3367	-81.4381	2056437	3	Mclennan County, Texas, United States	US	USTX		31.5502	-97.1836	1383946	2	Florida, United States	US	USFL		27.8333	-81.717	FL	20260603194500	https://www.myspiritfm.com/News?view=post&blogid=Catholic%2DNews&articleid=299983
1307319038	20260603	202606	2026	2026.4192	GOV	AUTHORITIES						GOV			USA	UNITED STATES	USA								1	180	180	18	4	-9.0	1	1	1	-10.5058365758755	2	Florida, United States	US	USFL		27.8333	-81.717	FL	3	Mclennan County, Texas, United States	US	USTX		31.5502	-97.1836	1383946	3	Mclennan County, Texas, United States	US	USTX		31.5502	-97.1836	1383946	20260603194500	https://www.myspiritfm.com/News?view=post&blogid=Catholic%2DNews&articleid=299983
1307319039	20260603	202606	2026	2026.4192	GOV	FIREFIGHTER						GOV			USA	UNITED STATES	USA								1	190	190	19	4	-10.0	2	1	2	-1.21951219512195	4	Tecate, Baja California, Mexico	MX	MX02	19588	32.5667	-116.633	-1704478	4	Tecate, Baja California, Mexico	MX	MX02	19588	32.5667	-116.633	-1704478	4	Tecate, Baja California, Mexico	MX	MX02	19588	32.5667	-116.633	-1704478	20260603194500	https://www.sandiegouniontribune.com/2026/06/03/600-firefighters-aided-by-helicopters-and-air-tankers-battle-fire-south-of-dulzura/
1307319040	20260603	202606	2026	2026.4192	GOV	AUTHORITIES						GOV			USA	NEW YORK	USA								1	193	193	19	4	-10.0	20	2	20	-11.6279069767442	2	New York, United States	US	USNY		42.1497	-74.9384	NY	2	New York, United States	US	USNY		42.1497	-74.9384	NY	2	New York, United States	US	USNY		42.1497	-74.9384	NY	20260603194500	https://news3lv.com/news/nation-world/16-year-old-boy-accused-of-fatally-shooting-woman-in-eye-near-ny-playground-police-murder-homicide-investigation-death-dead-shot-killed-guns-weapons-new-york-bronx-teenager-violence-true-crime
1307319041	20260603	202606	2026	2026.4192	GOV	FIREFIGHTER						GOV			USA	UNITED STATES	USA								1	195	195	19	4	-10.0	2	1	2	-1.21951219512195	3	Dulzura, California, United States	US	USCA	CA073	32.6442	-116.781	270936	3	Dulzura, California, United States	US	USCA	CA073	32.6442	-116.781	270936	3	Dulzura, California, United States	US	USCA	CA073	32.6442	-116.781	270936	20260603194500	https://www.sandiegouniontribune.com/2026/06/03/600-firefighters-aided-by-helicopters-and-air-tankers-battle-fire-south-of-dulzura/
1307319042	20260603	202606	2026	2026.4192	GOVAGR	DEPARTMENT OF AGRICULTURE						GOV	AGR												1	190	190	19	4	-10.0	10	1	10	0.4149377593361	2	Pennsylvania, United States	US	USPA		40.5773	-77.264	PA	0								2	Pennsylvania, United States	US	USPA		40.5773	-77.264	PA	20260603194500	https://www.erienewsnow.com/news/harrisburg/native-species-celebrated-in-pennsylvania-capitol/article_14dce565-5fe2-5074-9a0c-9d71dd08ff39.html
1307319043	20260603	202606	2026	2026.4192	GOVGOV	MINIST OF FOREIGN						GOV	GOV		FRAGOV	FRENCH	FRA					GOV			1	040	040	04	1	1.0	6	1	6	5.1980198019802	1	New Zealand	NZ	NZ		-42	174	NZ	1	New Zealand	NZ	NZ		-42	174	NZ	1	New Zealand	NZ	NZ		-42	174	NZ	20260603194500	https://www.scoop.co.nz/stories/PA2606/S00024/nz-french-trade-ministers-to-meet-yearly.htm
1307319044	20260603	202606	2026	2026.4192	GOVGOV	GOVERNMENT						GOV	GOV		GOV	PRESIDENT						GOV			1	040	040	04	1	1.0	10	1	10	4.34782608695652	4	Dublin, Dublin, Ireland	EI	EI07	18288	53.3331	-6.24889	-1502554	4	Dublin, Dublin, Ireland	EI	EI07	18288	53.3331	-6.24889	-1502554	4	Dublin, Dublin, Ireland	EI	EI07	18288	53.3331	-6.24889	-1502554	20260603194500	https://www.dublincity.ie/news/meeting-vice-president-european-investment-bank
1307319045	20260603	202606	2026	2026.4192	GOVMIL	DEPARTMENT OF DEFENSE						GOV	MIL												0	010	010	01	1	0.0	10	1	10	-3.37837837837838	2	New Jersey, United States	US	USNJ		40.314	-74.5089	NJ	0								2	New Jersey, United States	US	USNJ		40.314	-74.5089	NJ	20260603194500	https://njbiz.com/new-jersey-lawsuit-canceled-offshore-wind-leases/
1307319046	20260603	202606	2026	2026.4192	GOVMIL	MINIST OF NATIONAL DEFENCE						GOV	MIL		DZA	ALGIERS	DZA								1	043	043	04	1	2.8	8	1	8	0	1	Oman	MU	MU		21	57	MU	4	Algiers, Alger, Algeria	AG	AG01	37774	36.7631	3.05056	-458371	1	Oman	MU	MU		21	57	MU	20260603194500	https://www.aps.dz:443/en/algeria/national-news/mpy9kbcj-general-said-chanegriha-visits-military-technical-college-in-muscat
1307319047	20260603	202606	2026	2026.4192	GOVPTY	RULING PARTY						GOV													0	043	043	04	1	2.8	10	1	10	-0.27416038382454	5	Kerala, Kerala, India	IN	IN13	17699	10	76.5	-2100307	0								5	Kerala, Kerala, India	IN	IN13	17699	10	76.5	-2100307	20260603194500	https://www.thehindu.com/opinion/lead/assembly-poll-results-that-recast-the-political-landscape/article71057990.ece
1307319048	20260603	202606	2026	2026.4192	GRC	GREECE	GRC																		1	036	036	03	1	4.0	12	1	10	5.24475524475525	4	Santorini, Perifereia Notiou Aigaiou, Greece	GR	GR61	16709	36.3956	25.4592	-829276	0								4	Santorini, Perifereia Notiou Aigaiou, Greece	GR	GR61	16709	36.3956	25.4592	-829276	20260603194500	https://www.express.co.uk/travel/articles/2213094/major-airline-new-route-flights
1307319049	20260603	202606	2026	2026.4192	GRC	GREEK	GRC								ALB	ALBANIA	ALB								0	060	060	06	2	6.0	1	1	1	-4.7696038803557	4	Athens, AttikíR, Greece	GR	GR35	16716	37.9833	23.7333	-814876	4	Tirana, Tirane, Albania	AL	AL50	4124	41.3275	19.8189	-108649	4	Tirana, Tirane, Albania	AL	AL50	4124	41.3275	19.8189	-108649	20260603194500	https://weeklyblitz.net/2026/06/04/albania-freezes-assets-in-kushner-linked-resort-probe-amid-growing-backlash/
1307319050	20260603	202606	2026	2026.4192	GRC	GREEK	GRC								ALB	ALBANIA	ALB								0	060	060	06	2	6.0	1	1	1	-4.7696038803557	4	Athens, AttikíR, Greece	GR	GR35	16716	37.9833	23.7333	-814876	4	Athens, AttikíR, Greece	GR	GR35	16716	37.9833	23.7333	-814876	4	Athens, AttikíR, Greece	GR	GR35	16716	37.9833	23.7333	-814876	20260603194500	https://weeklyblitz.net/2026/06/04/albania-freezes-assets-in-kushner-linked-resort-probe-amid-growing-backlash/
1307319051	20260603	202606	2026	2026.4192	GRC	GREEK	GRC								ALB	ALBANIA	ALB								0	070	070	07	2	7.0	1	1	1	-4.7696038803557	4	Athens, AttikíR, Greece	GR	GR35	16716	37.9833	23.7333	-814876	4	Tirana, Tirane, Albania	AL	AL50	4124	41.3275	19.8189	-108649	4	Tirana, Tirane, Albania	AL	AL50	4124	41.3275	19.8189	-108649	20260603194500	https://weeklyblitz.net/2026/06/04/albania-freezes-assets-in-kushner-linked-resort-probe-amid-growing-backlash/
1307319052	20260603	202606	2026	2026.4192	GRC	GREEK	GRC								ALB	ALBANIA	ALB								0	070	070	07	2	7.0	1	1	1	-4.7696038803557	4	Athens, AttikíR, Greece	GR	GR35	16716	37.9833	23.7333	-814876	4	Athens, AttikíR, Greece	GR	GR35	16716	37.9833	23.7333	-814876	4	Athens, AttikíR, Greece	GR	GR35	16716	37.9833	23.7333	-814876	20260603194500	https://weeklyblitz.net/2026/06/04/albania-freezes-assets-in-kushner-linked-resort-probe-amid-growing-backlash/
1307319053	20260603	202606	2026	2026.4192	GRC	GREEK	GRC								GBR	LEEDS	GBR								1	036	036	03	1	4.0	8	1	8	5.24475524475525	4	Preveza, Perifereia Ipeirou, Greece	GR	GR58	16693	39.4944	21.0386	-827043	4	Santorini, Perifereia Notiou Aigaiou, Greece	GR	GR61	16709	36.3956	25.4592	-829276	4	Preveza, Perifereia Ipeirou, Greece	GR	GR58	16693	39.4944	21.0386	-827043	20260603194500	https://www.express.co.uk/travel/articles/2213094/major-airline-new-route-flights
1307319054	20260603	202606	2026	2026.4192	GRC	GREEK	GRC								OPP	PROTESTER						OPP			0	012	012	01	1	-0.4	2	1	2	-4.7696038803557	4	Tirana, Tirane, Albania	AL	AL50	4124	41.3275	19.8189	-108649	4	Tirana, Tirane, Albania	AL	AL50	4124	41.3275	19.8189	-108649	4	Tirana, Tirane, Albania	AL	AL50	4124	41.3275	19.8189	-108649	20260603194500	https://weeklyblitz.net/2026/06/04/albania-freezes-assets-in-kushner-linked-resort-probe-amid-growing-backlash/
1307319055	20260603	202606	2026	2026.4192	GRC	GREEK	GRC								OPP	PROTESTER						OPP			0	012	012	01	1	-0.4	2	1	2	-4.7696038803557	4	Athens, AttikíR, Greece	GR	GR35	16716	37.9833	23.7333	-814876	4	Athens, AttikíR, Greece	GR	GR35	16716	37.9833	23.7333	-814876	4	Athens, AttikíR, Greece	GR	GR35	16716	37.9833	23.7333	-814876	20260603194500	https://weeklyblitz.net/2026/06/04/albania-freezes-assets-in-kushner-linked-resort-probe-amid-growing-backlash/
1307319056	20260603	202606	2026	2026.4192	GRCGOV	GREEK	GRC					GOV			OPP	PROTESTER						OPP			0	012	012	01	1	-0.4	6	1	6	-4.7696038803557	4	Athens, AttikíR, Greece	GR	GR35	16716	37.9833	23.7333	-814876	4	Athens, AttikíR, Greece	GR	GR35	16716	37.9833	23.7333	-814876	4	Athens, AttikíR, Greece	GR	GR35	16716	37.9833	23.7333	-814876	20260603194500	https://weeklyblitz.net/2026/06/04/albania-freezes-assets-in-kushner-linked-resort-probe-amid-growing-backlash/
1307319057	20260603	202606	2026	2026.4192	HIN	HINDU				HIN															1	040	040	04	1	1.0	3	1	3	0.75471698113207	4	Patiala, Punjab, India	IN	IN23	17831	30.3267	76.4003	-2107479	0								4	Patiala, Punjab, India	IN	IN23	17831	30.3267	76.4003	-2107479	20260603194500	https://www.thehindu.com/opinion/letters/letters-to-the-editor-june-4-2026/article71058220.ece
1307319058	20260603	202606	2026	2026.4192	HIN	HINDU				HIN															1	040	040	04	1	1.0	2	1	2	0.75471698113207	4	Patiala, Punjab, India	IN	IN23	17831	30.3267	76.4003	-2107479	0								4	Secunderabad, Andhra Pradesh, India	IN	IN02	17564	17.45	78.5	-2110681	20260603194500	https://www.thehindu.com/opinion/letters/letters-to-the-editor-june-4-2026/article71058220.ece
1307319059	20260603	202606	2026	2026.4192	HLH	HOSPITAL						HLH													1	090	090	09	2	-2.0	3	1	3	-3.16091954022989	4	Manila, Manila, Philippines	RP	RPD9	24210	14.6042	120.982	-2437894	0								4	Manila, Manila, Philippines	RP	RPD9	24210	14.6042	120.982	-2437894	20260603194500	https://www.manilatimes.net/2026/06/04/news/national/bonoan-transferred-to-private-hospital/2358056
1307319060	20260603	202606	2026	2026.4192	HLH	SURGEON						HLH			GBR	UNITED KINGDOM	GBR								1	040	040	04	1	1.0	2	1	2	-6.62983425414368	1	United Kingdom	UK	UK		54	-4	UK	1	United Kingdom	UK	UK		54	-4	UK	1	United Kingdom	UK	UK		54	-4	UK	20260603194500	https://www.boredpanda.com/professional-surgeon-thrown-in-prison-after-getting-legs-amputated/
1307319061	20260603	202606	2026	2026.4192	HLH	HOSPITAL						HLH			INT	FOREIGN NATIONAL						INT			1	182	182	18	4	-9.5	6	1	6	-4.85175202156334	1	Bangladesh	BG	BG		24	90	BG	1	Bangladesh	BG	BG		24	90	BG	1	Bangladesh	BG	BG		24	90	BG	20260603194500	https://economictimes.indiatimes.com/news/india/delhi-hotel-fire-toll-rises-to-21-19-remain-critical-including-10-foreigners-on-ventilators/articleshow/131491058.cms
1307319062	20260603	202606	2026	2026.4192	HLH	HOSPITAL						HLH			MED	MEDIA						MED			1	051	051	05	1	3.4	10	1	10	7.76892430278885	0								0								0								20260603194500	https://www.soapoperadigest.com/content/general-hospital-new-scout-kayden-tokarski-calls-port-charles-role-a-dream-come-true/
1307319063	20260603	202606	2026	2026.4192	HLH	PHYSICIAN						HLH			USA	UNITED STATES	USA								1	010	010	01	1	0.0	4	1	4	-4.37017994858612	2	California, United States	US	USCA		36.17	-119.746	CA	2	California, United States	US	USCA		36.17	-119.746	CA	2	California, United States	US	USCA		36.17	-119.746	CA	20260603194500	https://www.prunderground.com/peptide-panic-bacteriostatic-water-disappears-grey-market-vials-spark-safety-scare-california-trim-clinic-says-get-a-doctor-folks/00382879/
1307319064	20260603	202606	2026	2026.4192	HTIGOVHRIGOVHLH	MARJORIE MICHEL	HTI					GOV	HRI	GOV	CANLEG	OTTAWA	CAN					LEG			1	046	046	04	1	7.0	10	1	10	-3.41151385927505	4	Bundibugyo, Bundibugyo, Uganda	UG	UG28	18585	0.741389	30.0417	-1727111	4	Bundibugyo, Bundibugyo, Uganda	UG	UG28	18585	0.741389	30.0417	-1727111	4	Bundibugyo, Bundibugyo, Uganda	UG	UG28	18585	0.741389	30.0417	-1727111	20260603194500	https://www.cp24.com/news/canada/2026/06/03/who-calls-for-travel-restrictions-on-ebola-affected-countries-to-be-lifted-days-after-canadas-comes-in-effect/
1307319065	20260603	202606	2026	2026.4192	HUN	HUNGARY	HUN																		1	112	112	11	3	-2.0	1	1	1	-5.42986425339366	1	Hungary	HU	HU		47	20	HU	0								1	Hungary	HU	HU		47	20	HU	20260603194500	https://www.thehollywoodgossip.com/2026/06/scott-pelley-fired-60-minutes-rachel-maddow-invitation/
1307319066	20260603	202606	2026	2026.4192	HUN	HUNGARY	HUN								IGOEUREEC	THE EUROPEAN UNION	EUR	EEC				IGO			1	046	046	04	1	7.0	10	1	10	-1.12781954887218	1	Hungary	HU	HU		47	20	HU	4	Kyiv, Kyyiv, Misto, Ukraine	UP	UP12	28554	50.4333	30.5167	-1044367	4	Kyiv, Kyyiv, Misto, Ukraine	UP	UP12	28554	50.4333	30.5167	-1044367	20260603194500	https://www.express.co.uk/news/world/2213098/putin-nightmare-hungary-lifts-ukraines
1307319067	20260603	202606	2026	2026.4192	HUN	HUNGARIAN	HUN								UKR	KYIV	UKR								0	050	050	05	1	3.5	2	1	2	-1.12781954887218	1	Hungary	HU	HU		47	20	HU	4	Kyiv, Kyyiv, Misto, Ukraine	UP	UP12	28554	50.4333	30.5167	-1044367	4	Kyiv, Kyyiv, Misto, Ukraine	UP	UP12	28554	50.4333	30.5167	-1044367	20260603194500	https://www.express.co.uk/news/world/2213098/putin-nightmare-hungary-lifts-ukraines
1307319068	20260603	202606	2026	2026.4192	HUN	HUNGARY	HUN								UKR	UKRAINE	UKR								1	080	080	08	2	5.0	10	1	10	-1.12781954887218	1	Luxembourg	LU	LU		49.75	6.166667	LU	1	Luxembourg	LU	LU		49.75	6.166667	LU	1	Luxembourg	LU	LU		49.75	6.166667	LU	20260603194500	https://www.express.co.uk/news/world/2213098/putin-nightmare-hungary-lifts-ukraines
1307319069	20260603	202606	2026	2026.4192	HUN	HUNGARY	HUN								bar	BARI			bar						1	112	112	11	3	-2.0	1	1	1	-5.42986425339366	1	Hungary	HU	HU		47	20	HU	1	Hungary	HU	HU		47	20	HU	1	Hungary	HU	HU		47	20	HU	20260603194500	https://www.thehollywoodgossip.com/2026/06/scott-pelley-fired-60-minutes-rachel-maddow-invitation/
1307319070	20260603	202606	2026	2026.4192	HUNGOV	HUNGARIAN	HUN					GOV			UKR	KYIV	UKR								0	050	050	05	1	3.5	6	1	6	-1.12781954887218	1	Hungary	HU	HU		47	20	HU	4	Kyiv, Kyyiv, Misto, Ukraine	UP	UP12	28554	50.4333	30.5167	-1044367	4	Kyiv, Kyyiv, Misto, Ukraine	UP	UP12	28554	50.4333	30.5167	-1044367	20260603194500	https://www.express.co.uk/news/world/2213098/putin-nightmare-hungary-lifts-ukraines
1307319071	20260603	202606	2026	2026.4192	IDN	INDONESIA	IDN																		1	010	010	01	1	0.0	1	1	1	-1.74291938997821	4	Antara, Aceh, Indonesia	ID	ID01	18585	3.5292	99.0184	10119106	0								4	Jerusalem, Israel (general), Israel	IS	IS00	18315	31.7667	35.2333	-797092	20260603194500	https://en.tempo.co/read/2106692/indonesia-seven-nations-denounce-israeli-settlers-attack-on-al-aqsa-mosque
1307319072	20260603	202606	2026	2026.4192	IDN	JAKARTA	IDN																		1	020	020	02	1	3.0	2	1	2	0.8298755186722	4	Wang Qian, Fujian, China	CH	CH07	13009	24.8819	118.158	9157402	0								4	Wang Qian, Fujian, China	CH	CH07	13009	24.8819	118.158	9157402	20260603194500	https://en.tempo.co/read/2106704/un-urges-immediate-climate-action-as-global-temperatures-rise
1307319073	20260603	202606	2026	2026.4192	IDN	JAKARTA	IDN								ISR	ISRAELI	ISR								1	111	111	11	3	-2.0	3	1	3	-4.88322717622081	4	Bavarian Forest, Bayern, Germany	GM	GM02	16534	49	12.6667	-1744749	4	Bavarian Forest, Bayern, Germany	GM	GM02	16534	49	12.6667	-1744749	4	Bavarian Forest, Bayern, Germany	GM	GM02	16534	49	12.6667	-1744749	20260603194500	https://en.tempo.co/read/2106697/german-hotel-apologizes-for-no-jews-allowed-message
1307319074	20260603	202606	2026	2026.4192	IDN	JAKARTA	IDN								ISR	ISRAELI	ISR								1	111	111	11	3	-2.0	4	1	4	-4.88322717622081	4	Hirschen, Baden-Wüberg, Germany	GM	GM01	16535	47.7333	10.0167	-1792937	4	Hirschen, Baden-Wüberg, Germany	GM	GM01	16535	47.7333	10.0167	-1792937	4	Hirschen, Baden-Wüberg, Germany	GM	GM01	16535	47.7333	10.0167	-1792937	20260603194500	https://en.tempo.co/read/2106697/german-hotel-apologizes-for-no-jews-allowed-message
1307319075	20260603	202606	2026	2026.4192	IDN	JAKARTA	IDN								ISRRAD	ISRAELI	ISR					RAD			1	111	111	11	3	-2.0	4	1	4	-1.74291938997821	4	Jerusalem, Israel (general), Israel	IS	IS00	18315	31.7667	35.2333	-797092	4	Jerusalem, Israel (general), Israel	IS	IS00	18315	31.7667	35.2333	-797092	4	Jerusalem, Israel (general), Israel	IS	IS00	18315	31.7667	35.2333	-797092	20260603194500	https://en.tempo.co/read/2106692/indonesia-seven-nations-denounce-israeli-settlers-attack-on-al-aqsa-mosque
1307319076	20260603	202606	2026	2026.4192	IDN	JAKARTA	IDN								ISRRAD	ISRAELI	ISR					RAD			1	190	190	19	4	-10.0	4	1	4	-1.74291938997821	4	Jakarta, Jakarta Raya, Indonesia	ID	ID04	18585	-6.17444	106.829	-2679652	4	Jerusalem, Israel (general), Israel	IS	IS00	18315	31.7667	35.2333	-797092	4	Jerusalem, Israel (general), Israel	IS	IS00	18315	31.7667	35.2333	-797092	20260603194500	https://en.tempo.co/read/2106692/indonesia-seven-nations-denounce-israeli-settlers-attack-on-al-aqsa-mosque
1307319077	20260603	202606	2026	2026.4192	IDN	INDONESIA	IDN								ISRSET	ISRAELI	ISR					SET			1	190	190	19	4	-10.0	4	1	4	-1.74291938997821	4	Jakarta, Jakarta Raya, Indonesia	ID	ID04	18585	-6.17444	106.829	-2679652	4	Jerusalem, Israel (general), Israel	IS	IS00	18315	31.7667	35.2333	-797092	4	Jerusalem, Israel (general), Israel	IS	IS00	18315	31.7667	35.2333	-797092	20260603194500	https://en.tempo.co/read/2106692/indonesia-seven-nations-denounce-israeli-settlers-attack-on-al-aqsa-mosque
1307319078	20260603	202606	2026	2026.4192	IDN	INDONESIA	IDN								ISRSET	ISRAEL	ISR					SET			1	190	190	19	4	-10.0	2	1	2	-1.74291938997821	4	Jakarta, Jakarta Raya, Indonesia	ID	ID04	18585	-6.17444	106.829	-2679652	4	Jerusalem, Israel (general), Israel	IS	IS00	18315	31.7667	35.2333	-797092	1	United Arab Emirates	AE	AE		24	54	AE	20260603194500	https://en.tempo.co/read/2106692/indonesia-seven-nations-denounce-israeli-settlers-attack-on-al-aqsa-mosque
1307319079	20260603	202606	2026	2026.4192	IDN	JAKARTA	IDN								PRTELI	ANTONIO GUTERRES	PRT					ELI			1	020	020	02	1	3.0	5	1	5	0.8298755186722	4	Wang Qian, Fujian, China	CH	CH07	13009	24.8819	118.158	9157402	4	Wang Qian, Fujian, China	CH	CH07	13009	24.8819	118.158	9157402	4	Wang Qian, Fujian, China	CH	CH07	13009	24.8819	118.158	9157402	20260603194500	https://en.tempo.co/read/2106704/un-urges-immediate-climate-action-as-global-temperatures-rise
1307319080	20260603	202606	2026	2026.4192	IDN	JAKARTA	IDN								THA	THAI	THA								1	080	080	08	2	5.0	2	1	2	1.25523012552301	4	Jakarta, Jakarta Raya, Indonesia	ID	ID04	18585	-6.17444	106.829	-2679652	4	Klong, Songkhla, Thailand	TH	TH68	27039	6.80205	100.621	-3236673	4	Klong, Songkhla, Thailand	TH	TH68	27039	6.80205	100.621	-3236673	20260603194500	https://en.tempo.co/read/2106703/former-thai-pm-thaksin-granted-royal-pardon-fully-freed
1307319081	20260603	202606	2026	2026.4192	IDN	JAKARTA	IDN								THA	THAI	THA								1	081	081	08	2	5.0	2	1	2	1.25523012552301	4	Klong, Songkhla, Thailand	TH	TH68	27039	6.80205	100.621	-3236673	4	Klong, Songkhla, Thailand	TH	TH68	27039	6.80205	100.621	-3236673	4	Klong, Songkhla, Thailand	TH	TH68	27039	6.80205	100.621	-3236673	20260603194500	https://en.tempo.co/read/2106703/former-thai-pm-thaksin-granted-royal-pardon-fully-freed
1307319082	20260603	202606	2026	2026.4192	IDN	JAKARTA	IDN								THA	THAI	THA								1	100	100	10	3	-5.0	2	1	2	1.25523012552301	4	Jakarta, Jakarta Raya, Indonesia	ID	ID04	18585	-6.17444	106.829	-2679652	4	Klong, Songkhla, Thailand	TH	TH68	27039	6.80205	100.621	-3236673	4	Klong, Songkhla, Thailand	TH	TH68	27039	6.80205	100.621	-3236673	20260603194500	https://en.tempo.co/read/2106703/former-thai-pm-thaksin-granted-royal-pardon-fully-freed
1307319083	20260603	202606	2026	2026.4192	IGOEURCOE	COUNCIL OF EUROPE	EUR	COE				IGO			CHE	SWISS	CHE								0	012	012	01	1	-0.4	5	1	5	-8.68263473053896	1	Switzerland	SZ	SZ		47	8	SZ	1	Switzerland	SZ	SZ		47	8	SZ	1	Switzerland	SZ	SZ		47	8	SZ	20260603194500	https://weeklyblitz.net/2026/06/04/armenia-under-pressure-to-freeze-funds-linked-to-magnitsky-tax-fraud/
1307319084	20260603	202606	2026	2026.4192	IGOEURCOE	COUNCIL OF EUROPE	EUR	COE				IGO			RUS	RUSSIA	RUS								0	0874	087	08	2	10.0	2	1	2	-8.68263473053896	1	Switzerland	SZ	SZ		47	8	SZ	4	Moscow, Moskva, Russia	RS	RS48	25106	55.7522	37.6156	-2960561	4	Moscow, Moskva, Russia	RS	RS48	25106	55.7522	37.6156	-2960561	20260603194500	https://weeklyblitz.net/2026/06/04/armenia-under-pressure-to-freeze-funds-linked-to-magnitsky-tax-fraud/
1307319085	20260603	202606	2026	2026.4192	IGOEUREEC	THE EUROPEAN UNION	EUR	EEC				IGO													0	110	110	11	3	-2.0	8	1	8	-1.12781954887218	4	Kyiv, Kyyiv, Misto, Ukraine	UP	UP12	28554	50.4333	30.5167	-1044367	0								1	Luxembourg	LU	LU		49.75	6.166667	LU	20260603194500	https://www.express.co.uk/news/world/2213098/putin-nightmare-hungary-lifts-ukraines
1307319086	20260603	202606	2026	2026.4192	IGOEUREEC	THE EUROPEAN UNION	EUR	EEC				IGO													0	110	110	11	3	-2.0	2	1	2	-1.12781954887218	1	Luxembourg	LU	LU		49.75	6.166667	LU	0								1	Luxembourg	LU	LU		49.75	6.166667	LU	20260603194500	https://www.express.co.uk/news/world/2213098/putin-nightmare-hungary-lifts-ukraines
1307319087	20260603	202606	2026	2026.4192	IGOEUREEC	THE EUROPEAN UNION	EUR	EEC				IGO			HUN	HUNGARY	HUN								1	046	046	04	1	7.0	10	1	10	-1.12781954887218	4	Kyiv, Kyyiv, Misto, Ukraine	UP	UP12	28554	50.4333	30.5167	-1044367	1	Hungary	HU	HU		47	20	HU	4	Kyiv, Kyyiv, Misto, Ukraine	UP	UP12	28554	50.4333	30.5167	-1044367	20260603194500	https://www.express.co.uk/news/world/2213098/putin-nightmare-hungary-lifts-ukraines
1307319088	20260603	202606	2026	2026.4192	IND	ASSAM	IND								BGD	BANGLADESH	BGD								1	203	203	20	4	-10.0	1	1	1	-0.27416038382454	5	Tamil Nadu, Tamil Nadu, India	IN	IN25	70248	11	78	-2112557	1	Bangladesh	BG	BG		24	90	BG	5	Tamil Nadu, Tamil Nadu, India	IN	IN25	70248	11	78	-2112557	20260603194500	https://www.thehindu.com/opinion/lead/assembly-poll-results-that-recast-the-political-landscape/article71057990.ece
1307319089	20260603	202606	2026	2026.4192	IND	ASSAM	IND								BGD	BANGLADESH	BGD								1	203	203	20	4	-10.0	1	1	1	-0.27416038382454	1	Bangladesh	BG	BG		24	90	BG	1	Bangladesh	BG	BG		24	90	BG	5	Tamil Nadu, Tamil Nadu, India	IN	IN25	70248	11	78	-2112557	20260603194500	https://www.thehindu.com/opinion/lead/assembly-poll-results-that-recast-the-political-landscape/article71057990.ece
1307319090	20260603	202606	2026	2026.4192	IND	SRINAGAR	IND								IRN	IRAN	IRN								1	043	043	04	1	2.8	1	1	1	-9.09090909090909	1	Kuwait	KU	KU		29.5	47.75	KU	4	Qeshm, Kordestan, Iran	IR	IR16	41068	35.4421	47.3506	-3080448	4	Qeshm, Kordestan, Iran	IR	IR16	41068	35.4421	47.3506	-3080448	20260603194500	https://kashmirlife.net/indian-national-killed-in-iranian-drone-attack-on-kuwait-airport-438723/
1307319091	20260603	202606	2026	2026.4192	IND	SRINAGAR	IND								IRN	IRANIAN	IRN								1	043	043	04	1	2.8	2	1	2	-9.09090909090909	1	Kuwait	KU	KU		29.5	47.75	KU	4	Qeshm, Kordestan, Iran	IR	IR16	41068	35.4421	47.3506	-3080448	3	Embassy Of India, District of Columbia, United States	US	USDC		38.9112	-77.0478	529857	20260603194500	https://kashmirlife.net/indian-national-killed-in-iranian-drone-attack-on-kuwait-airport-438723/
1307319092	20260603	202606	2026	2026.4192	IND	SRINAGAR	IND								KWT	KUWAIT	KWT								1	190	190	19	4	-10.0	3	1	3	-9.09090909090909	1	Kuwait	KU	KU		29.5	47.75	KU	1	Kuwait	KU	KU		29.5	47.75	KU	1	Kuwait	KU	KU		29.5	47.75	KU	20260603194500	https://kashmirlife.net/indian-national-killed-in-iranian-drone-attack-on-kuwait-airport-438723/
1307319093	20260603	202606	2026	2026.4192	IND	ASSAM	IND								MIL	ECHELON						MIL			1	090	090	09	2	-2.0	1	1	1	-0.27416038382454	5	Tamil Nadu, Tamil Nadu, India	IN	IN25	70248	11	78	-2112557	1	Bangladesh	BG	BG		24	90	BG	1	Bangladesh	BG	BG		24	90	BG	20260603194500	https://www.thehindu.com/opinion/lead/assembly-poll-results-that-recast-the-political-landscape/article71057990.ece
1307319094	20260603	202606	2026	2026.4192	IND	ASSAM	IND								MIL	ECHELON						MIL			1	090	090	09	2	-2.0	3	1	3	-0.27416038382454	1	Bangladesh	BG	BG		24	90	BG	5	Tamil Nadu, Tamil Nadu, India	IN	IN25	70248	11	78	-2112557	5	Tamil Nadu, Tamil Nadu, India	IN	IN25	70248	11	78	-2112557	20260603194500	https://www.thehindu.com/opinion/lead/assembly-poll-results-that-recast-the-political-landscape/article71057990.ece
1307319095	20260603	202606	2026	2026.4192	IND	ASSAM	IND								MIL	ECHELON						MIL			1	090	090	09	2	-2.0	1	1	1	-0.27416038382454	1	Bangladesh	BG	BG		24	90	BG	1	Bangladesh	BG	BG		24	90	BG	5	Tamil Nadu, Tamil Nadu, India	IN	IN25	70248	11	78	-2112557	20260603194500	https://www.thehindu.com/opinion/lead/assembly-poll-results-that-recast-the-political-landscape/article71057990.ece
1307319096	20260603	202606	2026	2026.4192	IND	ASSAM	IND								MOS	MUSLIM				MOS					1	203	203	20	4	-10.0	3	1	3	-0.27416038382454	1	Bangladesh	BG	BG		24	90	BG	1	Bangladesh	BG	BG		24	90	BG	1	Bangladesh	BG	BG		24	90	BG	20260603194500	https://www.thehindu.com/opinion/lead/assembly-poll-results-that-recast-the-political-landscape/article71057990.ece
1307319097	20260603	202606	2026	2026.4192	IND	TAMIL NADU	IND								dra	DRAVIDIAN			dra						1	042	042	04	1	1.9	6	1	6	-0.27416038382454	5	Kerala, Kerala, India	IN	IN13	17699	10	76.5	-2100307	5	Kerala, Kerala, India	IN	IN13	17699	10	76.5	-2100307	5	Kerala, Kerala, India	IN	IN13	17699	10	76.5	-2100307	20260603194500	https://www.thehindu.com/opinion/lead/assembly-poll-results-that-recast-the-political-landscape/article71057990.ece
1307319098	20260603	202606	2026	2026.4192	IRL	IRELAND	IRL								AFG	AFGHANISTAN	AFG								1	130	130	13	3	-4.4	4	1	4	-5.16751845542306	1	Ireland	EI	EI		53	-8	EI	4	Sunak, Daykondi, Afghanistan	AF	AF41	100027	33.9224	65.8281	-3393903	1	Ireland	EI	EI		53	-8	EI	20260603194500	https://www.dailymail.com/news/article-15839501/Veterans-fury-Al-Carns-betrayed-British-war-heroes.html
1307319099	20260603	202606	2026	2026.4192	IRL	IRELAND	IRL								AFG	AFGHANISTAN	AFG								1	130	130	13	3	-4.4	1	1	1	-5.16751845542306	1	Ireland	EI	EI		53	-8	EI	1	Iraq	IZ	IZ		33	44	IZ	1	Ireland	EI	EI		53	-8	EI	20260603194500	https://www.dailymail.com/news/article-15839501/Veterans-fury-Al-Carns-betrayed-British-war-heroes.html
1307319100	20260603	202606	2026	2026.4192	IRL	IRELAND	IRL								BUS	BANK						BUS			0	018	018	01	1	3.4	4	1	4	-5.08274231678487	4	Dublin, Dublin, Ireland	EI	EI07	18288	53.3331	-6.24889	-1502554	4	Dublin, Dublin, Ireland	EI	EI07	18288	53.3331	-6.24889	-1502554	4	Dublin, Dublin, Ireland	EI	EI07	18288	53.3331	-6.24889	-1502554	20260603194500	https://www.irishmirror.ie/news/world-news/teenager-15-drowned-formby-beach-37244457
1307319101	20260603	202606	2026	2026.4192	IRL	DUBLIN	IRL								CRB	WEST INDIES	CRB								1	042	042	04	1	1.9	10	1	10	-1.88087774294671	4	Dublin, Dublin, Ireland	EI	EI07	18288	53.3331	-6.24889	-1502554	1	Pakistan	PK	PK		30	70	PK	4	Dublin, Dublin, Ireland	EI	EI07	18288	53.3331	-6.24889	-1502554	20260603194500	https://www.geosuper.tv/latest/56506-pakistan-knocked-out-of-t20i-tri-series-after-washout-against-west-indies
1307319102	20260603	202606	2026	2026.4192	IRL	DUBLIN	IRL								CRB	WEST INDIES	CRB								1	043	043	04	1	2.8	10	1	10	-1.88087774294671	4	Dublin, Dublin, Ireland	EI	EI07	18288	53.3331	-6.24889	-1502554	4	Dublin, Dublin, Ireland	EI	EI07	18288	53.3331	-6.24889	-1502554	4	Dublin, Dublin, Ireland	EI	EI07	18288	53.3331	-6.24889	-1502554	20260603194500	https://www.geosuper.tv/latest/56506-pakistan-knocked-out-of-t20i-tri-series-after-washout-against-west-indies
1307319103	20260603	202606	2026	2026.4192	IRL	IRELAND	IRL								GBR	UNITED KINGDOM	GBR								0	112	112	11	3	-2.0	2	1	2	-5.16751845542306	4	Coagh, Cookstown, United Kingdom	UK	UKR7	40151	54.65	-6.61667	-2592898	4	Coagh, Cookstown, United Kingdom	UK	UKR7	40151	54.65	-6.61667	-2592898	4	Coagh, Cookstown, United Kingdom	UK	UKR7	40151	54.65	-6.61667	-2592898	20260603194500	https://www.dailymail.com/news/article-15839501/Veterans-fury-Al-Carns-betrayed-British-war-heroes.html
1307319104	20260603	202606	2026	2026.4192	IRL	IRELAND	IRL								GBR	UNITED KINGDOM	GBR								0	112	112	11	3	-2.0	2	1	2	-5.16751845542306	1	Ireland	EI	EI		53	-8	EI	4	Coagh, Cookstown, United Kingdom	UK	UKR7	40151	54.65	-6.61667	-2592898	4	Coagh, Cookstown, United Kingdom	UK	UKR7	40151	54.65	-6.61667	-2592898	20260603194500	https://www.dailymail.com/news/article-15839501/Veterans-fury-Al-Carns-betrayed-British-war-heroes.html
1307319105	20260603	202606	2026	2026.4192	IRL	DUBLIN	IRL								GOV	PRESIDENT						GOV			1	036	036	03	1	4.0	6	1	6	4.34782608695652	5	Dublin City, Dublin City, Ireland	EI	EI33	18288	53.3551	-6.24922	10934239	5	Dublin City, Dublin City, Ireland	EI	EI33	18288	53.3551	-6.24922	10934239	5	Dublin City, Dublin City, Ireland	EI	EI33	18288	53.3551	-6.24922	10934239	20260603194500	https://www.dublincity.ie/news/meeting-vice-president-european-investment-bank
1307319106	20260603	202606	2026	2026.4192	IRL	IRELAND	IRL								IRLJUD	IRELAND	IRL					JUD			0	012	012	01	1	-0.4	2	1	2	-4.58911419423692	4	Moneymore, Wicklow, Ireland	EI	EI31	18309	52.9753	-6.76694	407030	4	Moneymore, Wicklow, Ireland	EI	EI31	18309	52.9753	-6.76694	407030	4	Moneymore, Wicklow, Ireland	EI	EI31	18309	52.9753	-6.76694	407030	20260603194500	https://www.irishmirror.ie/news/irish-news/drogheda-mum-daughter-jailed-laundering-37244618
1307319107	20260603	202606	2026	2026.4192	IRL	IRELAND	IRL								IRLMIL	IRELAND	IRL					MIL			0	013	013	01	1	0.4	1	1	1	-5.16751845542306	1	Ireland	EI	EI		53	-8	EI	1	Ireland	EI	EI		53	-8	EI	1	Ireland	EI	EI		53	-8	EI	20260603194500	https://www.dailymail.com/news/article-15839501/Veterans-fury-Al-Carns-betrayed-British-war-heroes.html
1307319108	20260603	202606	2026	2026.4192	IRL	IRELAND	IRL								IRQ	IRAQ	IRQ								1	130	130	13	3	-4.4	5	1	5	-5.16751845542306	4	Coagh, Cookstown, United Kingdom	UK	UKR7	40151	54.65	-6.61667	-2592898	4	Coagh, Cookstown, United Kingdom	UK	UKR7	40151	54.65	-6.61667	-2592898	4	Coagh, Cookstown, United Kingdom	UK	UKR7	40151	54.65	-6.61667	-2592898	20260603194500	https://www.dailymail.com/news/article-15839501/Veterans-fury-Al-Carns-betrayed-British-war-heroes.html
1307319109	20260603	202606	2026	2026.4192	IRL	IRELAND	IRL								MIL	MARINES						MIL			0	020	020	02	1	3.0	2	1	2	-5.16751845542306	1	Ireland	EI	EI		53	-8	EI	4	Sunak, Daykondi, Afghanistan	AF	AF41	100027	33.9224	65.8281	-3393903	1	Ireland	EI	EI		53	-8	EI	20260603194500	https://www.dailymail.com/news/article-15839501/Veterans-fury-Al-Carns-betrayed-British-war-heroes.html
1307319110	20260603	202606	2026	2026.4192	IRL	IRELAND	IRL								MILELI	COLONEL						MIL	ELI		0	013	013	01	1	0.4	4	1	4	-5.16751845542306	1	Ireland	EI	EI		53	-8	EI	1	Ireland	EI	EI		53	-8	EI	1	Ireland	EI	EI		53	-8	EI	20260603194500	https://www.dailymail.com/news/article-15839501/Veterans-fury-Al-Carns-betrayed-British-war-heroes.html
1307319111	20260603	202606	2026	2026.4192	IRLGOV	DUBLIN	IRL					GOV			GOV	PRESIDENT						GOV			1	036	036	03	1	4.0	4	1	4	4.34782608695652	4	Dublin, Dublin, Ireland	EI	EI07	18288	53.3331	-6.24889	-1502554	5	Dublin City, Dublin City, Ireland	EI	EI33	18288	53.3551	-6.24922	10934239	5	Dublin City, Dublin City, Ireland	EI	EI33	18288	53.3551	-6.24922	10934239	20260603194500	https://www.dublincity.ie/news/meeting-vice-president-european-investment-bank
1307319112	20260603	202606	2026	2026.4192	IRLGOV	IRELAND	IRL					GOV			IRL	IRELAND	IRL								1	010	010	01	1	0.0	1	1	1	-0.15847860538827	1	Ireland	EI	EI		53	-8	EI	1	Ireland	EI	EI		53	-8	EI	1	Ireland	EI	EI		53	-8	EI	20260603194500	https://www.irishmirror.ie/news/irish-news/politics/major-update-irish-schools-after-37244791
1307319113	20260603	202606	2026	2026.4192	IRLGOV	IRELAND	IRL					GOV			IRL	IRELAND	IRL								0	013	013	01	1	0.4	2	1	2	-0.15847860538827	1	Ireland	EI	EI		53	-8	EI	1	Ireland	EI	EI		53	-8	EI	1	Ireland	EI	EI		53	-8	EI	20260603194500	https://www.irishmirror.ie/news/irish-news/politics/major-update-irish-schools-after-37244791
1307319114	20260603	202606	2026	2026.4192	IRLREL	IRELAND	IRL								IRL	IRELAND	IRL								1	020	020	02	1	3.0	1	1	1	0.54525627044711	1	Ireland	EI	EI		53	-8	EI	1	Ireland	EI	EI		53	-8	EI	1	Ireland	EI	EI		53	-8	EI	20260603194500	https://www.myspiritfm.com/News?view=post&blogid=Catholic%2DNews&articleid=299986
1307319115	20260603	202606	2026	2026.4192	IRN	IRAN	IRN																		0	040	040	04	1	1.0	2	1	2	-2.57936507936508	4	Marad, Khuzestan, Iran	IR	IR15	36787	30.5033	48.3142	-3074020	0								4	Marad, Khuzestan, Iran	IR	IR15	36787	30.5033	48.3142	-3074020	20260603194500	https://gcaptain.com/maritime-action-plan-takes-center-stage-as-congress-reviews-marad-fmc-budgets/
1307319116	20260603	202606	2026	2026.4192	IRN	IRAN	IRN																		0	120	120	12	3	-4.0	4	1	4	-2.57936507936508	4	Marad, Khuzestan, Iran	IR	IR15	36787	30.5033	48.3142	-3074020	0								4	Marad, Khuzestan, Iran	IR	IR15	36787	30.5033	48.3142	-3074020	20260603194500	https://gcaptain.com/maritime-action-plan-takes-center-stage-as-congress-reviews-marad-fmc-budgets/
1307319117	20260603	202606	2026	2026.4192	IRN	IRANIAN	IRN								COP	SECURITY OFFICIAL						COP			1	190	190	19	4	-10.0	6	1	6	-6.30252100840336	1	France	FR	FR		46	2	FR	4	Limbe, Sud-Ouest, Cameroon	CM	CM09	18585	4.0242	9.2149	-3151541	1	France	FR	FR		46	2	FR	20260603194500	http://www.theuknews.com/news/279099861/france-arrests-russian-captain-of-moscow-linked-oil-tanker
1307319118	20260603	202606	2026	2026.4192	IRN	IRAN	IRN								GOV	ADMINISTRATION						GOV			0	010	010	01	1	0.0	2	1	2	-2.57936507936508	4	Marad, Khuzestan, Iran	IR	IR15	36787	30.5033	48.3142	-3074020	4	Marad, Khuzestan, Iran	IR	IR15	36787	30.5033	48.3142	-3074020	4	Marad, Khuzestan, Iran	IR	IR15	36787	30.5033	48.3142	-3074020	20260603194500	https://gcaptain.com/maritime-action-plan-takes-center-stage-as-congress-reviews-marad-fmc-budgets/
1307319119	20260603	202606	2026	2026.4192	IRN	IRAN	IRN								GOV	ADMINISTRATION						GOV			0	010	010	01	1	0.0	2	1	2	-2.57936507936508	3	Washington, District of Columbia, United States	US	USDC	DC001	38.8951	-77.0364	531871	3	Washington, District of Columbia, United States	US	USDC	DC001	38.8951	-77.0364	531871	3	Washington, District of Columbia, United States	US	USDC	DC001	38.8951	-77.0364	531871	20260603194500	https://gcaptain.com/maritime-action-plan-takes-center-stage-as-congress-reviews-marad-fmc-budgets/
1307319120	20260603	202606	2026	2026.4192	IRN	IRAN	IRN								GOV	ADMINISTRATION						GOV			0	071	071	07	2	7.4	2	1	2	-2.57936507936508	4	Marad, Khuzestan, Iran	IR	IR15	36787	30.5033	48.3142	-3074020	4	Marad, Khuzestan, Iran	IR	IR15	36787	30.5033	48.3142	-3074020	3	Washington, District of Columbia, United States	US	USDC	DC001	38.8951	-77.0364	531871	20260603194500	https://gcaptain.com/maritime-action-plan-takes-center-stage-as-congress-reviews-marad-fmc-budgets/
1307319121	20260603	202606	2026	2026.4192	IRN	IRAN	IRN								GOV	REGIME						GOV			1	190	190	19	4	-10.0	2	1	2	-3.69318181818182	3	White House, District of Columbia, United States	US	USDC		38.8951	-77.0364	531871	3	White House, District of Columbia, United States	US	USDC		38.8951	-77.0364	531871	3	White House, District of Columbia, United States	US	USDC		38.8951	-77.0364	531871	20260603194500	https://www.greanvillepost.com/iran-decides-to-take-matters-in-hand/
1307319122	20260603	202606	2026	2026.4192	IRN	IRAN	IRN								GOV	REGIME						GOV			1	190	190	19	4	-10.0	2	1	2	-3.69318181818182	1	Israel	IS	IS		31.5	34.75	IS	1	Israel	IS	IS		31.5	34.75	IS	1	Israel	IS	IS		31.5	34.75	IS	20260603194500	https://www.greanvillepost.com/iran-decides-to-take-matters-in-hand/
1307319123	20260603	202606	2026	2026.4192	IRN	IRAN	IRN								GOVMIL	MINIST OF DEFENSE						GOV	MIL		0	010	010	01	1	0.0	10	1	10	-6.41711229946524	4	Tehran, Tehran, Iran	IR	IR26	41130	35.75	51.5148	10074674	4	Tehran, Tehran, Iran	IR	IR26	41130	35.75	51.5148	10074674	4	Tehran, Tehran, Iran	IR	IR26	41130	35.75	51.5148	10074674	20260603194500	https://theconservativetreehouse.com/blog/2026/06/03/june-3rd-2026-presidential-politics-trump-administration-day-500/comment-page-2/
1307319124	20260603	202606	2026	2026.4192	IRN	IRAN	IRN								IND	SRINAGAR	IND								1	042	042	04	1	1.9	1	1	1	-9.09090909090909	4	Qeshm, Kordestan, Iran	IR	IR16	41068	35.4421	47.3506	-3080448	1	Kuwait	KU	KU		29.5	47.75	KU	4	Qeshm, Kordestan, Iran	IR	IR16	41068	35.4421	47.3506	-3080448	20260603194500	https://kashmirlife.net/indian-national-killed-in-iranian-drone-attack-on-kuwait-airport-438723/
1307319125	20260603	202606	2026	2026.4192	IRN	IRANIAN	IRN								IND	SRINAGAR	IND								1	042	042	04	1	1.9	2	1	2	-9.09090909090909	4	Qeshm, Kordestan, Iran	IR	IR16	41068	35.4421	47.3506	-3080448	1	Kuwait	KU	KU		29.5	47.75	KU	3	Embassy Of India, District of Columbia, United States	US	USDC		38.9112	-77.0478	529857	20260603194500	https://kashmirlife.net/indian-national-killed-in-iranian-drone-attack-on-kuwait-airport-438723/
1307319126	20260603	202606	2026	2026.4192	IRN	IRAN	IRN								JUD	PROSECUTOR						JUD			1	112	112	11	3	-2.0	1	1	1	-10.1313320825516	3	Newport Beach, California, United States	US	USCA	CA059	33.6189	-117.929	1661104	3	Newport Beach, California, United States	US	USCA		33.6189	-117.929	1661104	3	Newport Beach, California, United States	US	USCA		33.6189	-117.929	1661104	20260603194500	https://www.sbsun.com/2026/06/03/owner-of-newport-coast-mansion-accused-of-improperly-supplying-iran-with-u-s-equipment/
1307319127	20260603	202606	2026	2026.4192	IRN	IRAN	IRN								JUD	PROSECUTOR						JUD			1	112	112	11	3	-2.0	2	1	2	-10.1313320825516	1	Iran	IR	IR		32	53	IR	1	Iran	IR	IR		32	53	IR	1	Iran	IR	IR		32	53	IR	20260603194500	https://www.sbsun.com/2026/06/03/owner-of-newport-coast-mansion-accused-of-improperly-supplying-iran-with-u-s-equipment/
1307319128	20260603	202606	2026	2026.4192	IRN	IRAN	IRN								LEG	LAWMAKER						LEG			0	013	013	01	1	0.4	2	1	2	-2.57936507936508	3	Washington, District of Columbia, United States	US	USDC	DC001	38.8951	-77.0364	531871	3	Washington, District of Columbia, United States	US	USDC	DC001	38.8951	-77.0364	531871	3	Washington, District of Columbia, United States	US	USDC	DC001	38.8951	-77.0364	531871	20260603194500	https://gcaptain.com/maritime-action-plan-takes-center-stage-as-congress-reviews-marad-fmc-budgets/
1307319129	20260603	202606	2026	2026.4192	IRN	IRAN	IRN								MIL	MILITARY						MIL			1	190	190	19	4	-10.0	2	1	2	-2.85035629453682	4	Jerusalem, Israel (general), Israel	IS	IS00	18315	31.7667	35.2333	-797092	4	Hezbollah, Kerman, Iran	IR	IR29	40994	29.8628	56.8848	10496676	4	Jerusalem, Israel (general), Israel	IS	IS00	18315	31.7667	35.2333	-797092	20260603194500	https://www.albawaba.net/news/netanyahu-calls-lebanons-1629156
1307319130	20260603	202606	2026	2026.4192	IRN	IRAN	IRN								MIL	MILITARY						MIL			1	190	190	19	4	-10.0	2	1	2	-2.85035629453682	4	Hezbollah, Kerman, Iran	IR	IR29	40994	29.8628	56.8848	10496676	4	Jerusalem, Israel (general), Israel	IS	IS00	18315	31.7667	35.2333	-797092	4	Hezbollah, Kerman, Iran	IR	IR29	40994	29.8628	56.8848	10496676	20260603194500	https://www.albawaba.net/news/netanyahu-calls-lebanons-1629156
1307319131	20260603	202606	2026	2026.4192	IRN	IRAN	IRN								MIL	MILITARY						MIL			1	190	190	19	4	-10.0	6	1	6	-2.85035629453682	4	Hezbollah, Kerman, Iran	IR	IR29	40994	29.8628	56.8848	10496676	1	Bahrain	BA	BA		26	50.5	BA	4	Hezbollah, Kerman, Iran	IR	IR29	40994	29.8628	56.8848	10496676	20260603194500	https://www.albawaba.net/news/netanyahu-calls-lebanons-1629156
1307319132	20260603	202606	2026	2026.4192	IRN	IRAN	IRN								QAT	QATAR	QAT								0	061	061	06	2	6.4	1	1	1	-2.13930348258706	3	White House, District of Columbia, United States	US	USDC		38.8951	-77.0364	531871	1	Iran	IR	IR		32	53	IR	1	Iran	IR	IR		32	53	IR	20260603194500	https://foreignpolicy.com/2026/06/03/america-africa-adventurism-emirates-qatar/
1307319133	20260603	202606	2026	2026.4192	IRN	IRAN	IRN								QAT	QATAR	QAT								0	061	061	06	2	6.4	1	1	1	-2.13930348258706	1	Iran	IR	IR		32	53	IR	1	Qatar	QA	QA		25.5	51.25	QA	1	Iran	IR	IR		32	53	IR	20260603194500	https://foreignpolicy.com/2026/06/03/america-africa-adventurism-emirates-qatar/
1307319134	20260603	202606	2026	2026.4192	IRN	IRAN	IRN								QAT	QATAR	QAT								0	061	061	06	2	6.4	3	1	3	-2.13930348258706	1	Iran	IR	IR		32	53	IR	1	Qatar	QA	QA		25.5	51.25	QA	1	Qatar	QA	QA		25.5	51.25	QA	20260603194500	https://foreignpolicy.com/2026/06/03/america-africa-adventurism-emirates-qatar/
1307319135	20260603	202606	2026	2026.4192	IRN	IRAN	IRN								SAU	SAUDI ARABIA	SAU								0	061	061	06	2	6.4	1	1	1	-2.13930348258706	3	White House, District of Columbia, United States	US	USDC		38.8951	-77.0364	531871	1	Iran	IR	IR		32	53	IR	1	Iran	IR	IR		32	53	IR	20260603194500	https://foreignpolicy.com/2026/06/03/america-africa-adventurism-emirates-qatar/
1307319136	20260603	202606	2026	2026.4192	IRN	IRAN	IRN								SAU	SAUDI ARABIA	SAU								0	061	061	06	2	6.4	1	1	1	-2.13930348258706	1	Iran	IR	IR		32	53	IR	1	Qatar	QA	QA		25.5	51.25	QA	1	Iran	IR	IR		32	53	IR	20260603194500	https://foreignpolicy.com/2026/06/03/america-africa-adventurism-emirates-qatar/
1307319137	20260603	202606	2026	2026.4192	IRN	IRAN	IRN								SAU	SAUDI ARABIA	SAU								0	061	061	06	2	6.4	3	1	3	-2.13930348258706	1	Iran	IR	IR		32	53	IR	1	Saudi Arabia	SA	SA		25	45	SA	1	Qatar	QA	QA		25.5	51.25	QA	20260603194500	https://foreignpolicy.com/2026/06/03/america-africa-adventurism-emirates-qatar/
1307319138	20260603	202606	2026	2026.4192	IRN	IRAN	IRN								USA	UNITED STATES	USA								0	050	050	05	1	3.5	3	1	3	-6.60660660660661	4	Khaldeh, Fars, Iran	IR	IR07	25307	27.6	53.1333	-3070401	3	Washington, District of Columbia, United States	US	USDC	DC001	38.8951	-77.0364	531871	4	Khaldeh, Fars, Iran	IR	IR07	25307	27.6	53.1333	-3070401	20260603194500	https://dominicanrepublicpost.com/israeli-attacks-kill-nine-in-lebanon-reach-beirut-outskirts/
1307319139	20260603	202606	2026	2026.4192	IRN	IRAN	IRN								USA	WASHINGTON	USA								0	050	050	05	1	3.5	4	1	4	-6.60660660660661	4	Khaldeh, Fars, Iran	IR	IR07	25307	27.6	53.1333	-3070401	3	Washington, District of Columbia, United States	US	USDC	DC001	38.8951	-77.0364	531871	3	Washington, District of Columbia, United States	US	USDC	DC001	38.8951	-77.0364	531871	20260603194500	https://dominicanrepublicpost.com/israeli-attacks-kill-nine-in-lebanon-reach-beirut-outskirts/
1307319140	20260603	202606	2026	2026.4192	IRN	IRAN	IRN								USA	WASHINGTON	USA								0	050	050	05	1	3.5	1	1	1	-6.60660660660661	1	Israel	IS	IS		31.5	34.75	IS	1	Israel	IS	IS		31.5	34.75	IS	1	Israel	IS	IS		31.5	34.75	IS	20260603194500	https://dominicanrepublicpost.com/israeli-attacks-kill-nine-in-lebanon-reach-beirut-outskirts/
1307319141	20260603	202606	2026	2026.4192	IRN	IRAN	IRN								USA	THE US	USA								0	111	111	11	3	-2.0	2	1	2	-6.6304347826087	4	Qeshm, Kordestan, Iran	IR	IR16	41068	35.4421	47.3506	-3080448	4	Qeshm, Kordestan, Iran	IR	IR16	41068	35.4421	47.3506	-3080448	1	Israel	IS	IS		31.5	34.75	IS	20260603194500	https://www.manilatimes.net/2026/06/04/world/iran-strikes-kuwaits-main-airport-and-kills-1-as-ceasefire-is-tested-again/2358244
1307319142	20260603	202606	2026	2026.4192	IRN	IRAN	IRN								USA	THE US	USA								0	111	111	11	3	-2.0	6	1	6	-6.6304347826087	4	Qeshm, Kordestan, Iran	IR	IR16	41068	35.4421	47.3506	-3080448	4	Kuwait International, Kuwait (general), Kuwait	KU	KU00	18589	29.2356	47.975	187710	4	Qeshm, Kordestan, Iran	IR	IR16	41068	35.4421	47.3506	-3080448	20260603194500	https://www.manilatimes.net/2026/06/04/world/iran-strikes-kuwaits-main-airport-and-kills-1-as-ceasefire-is-tested-again/2358244
1307319143	20260603	202606	2026	2026.4192	IRN	IRAN	IRN								USA	THE US	USA								0	111	111	11	3	-2.0	2	1	2	-6.6304347826087	4	Qeshm, Kordestan, Iran	IR	IR16	41068	35.4421	47.3506	-3080448	4	Kuwait International, Kuwait (general), Kuwait	KU	KU00	18589	29.2356	47.975	187710	1	Israel	IS	IS		31.5	34.75	IS	20260603194500	https://www.manilatimes.net/2026/06/04/world/iran-strikes-kuwaits-main-airport-and-kills-1-as-ceasefire-is-tested-again/2358244
1307319144	20260603	202606	2026	2026.4192	IRN	IRAN	IRN								USA	UNITED STATES	USA								1	112	112	11	3	-2.0	4	1	4	-10.1313320825516	3	Newport Beach, California, United States	US	USCA	CA059	33.6189	-117.929	1661104	3	Newport Beach, California, United States	US	USCA		33.6189	-117.929	1661104	3	Newport Beach, California, United States	US	USCA		33.6189	-117.929	1661104	20260603194500	https://www.sbsun.com/2026/06/03/owner-of-newport-coast-mansion-accused-of-improperly-supplying-iran-with-u-s-equipment/
1307319145	20260603	202606	2026	2026.4192	IRN	IRAN	IRN								USA	UNITED STATES	USA								1	112	112	11	3	-2.0	2	1	2	-10.1313320825516	3	Newport Beach, California, United States	US	USCA	CA059	33.6189	-117.929	1661104	1	Iran	IR	IR		32	53	IR	1	Iran	IR	IR		32	53	IR	20260603194500	https://www.sbsun.com/2026/06/03/owner-of-newport-coast-mansion-accused-of-improperly-supplying-iran-with-u-s-equipment/
1307319146	20260603	202606	2026	2026.4192	IRN	IRAN	IRN								USAMED	REUTERS	USA					MED			1	010	010	01	1	0.0	6	1	6	-6.60660660660661	4	Khaldeh, Fars, Iran	IR	IR07	25307	27.6	53.1333	-3070401	4	Beirut, Beyrouth, Lebanon	LE	LE04	18808	33.8719	35.5097	-801546	4	Beirut, Beyrouth, Lebanon	LE	LE04	18808	33.8719	35.5097	-801546	20260603194500	https://dominicanrepublicpost.com/israeli-attacks-kill-nine-in-lebanon-reach-beirut-outskirts/
1307319147	20260603	202606	2026	2026.4192	IRQ	IRAQ	IRQ																		0	040	040	04	1	1.0	2	1	2	-5.35420098846788	4	Baghdad, Baghdad, Iraq	IZ	IZ07	36785	33.3386	44.3939	-3103581	0								4	Baghdad, Baghdad, Iraq	IZ	IZ07	36785	33.3386	44.3939	-3103581	20260603194500	https://weeklyblitz.net/2026/06/04/iraqs-anti-corruption-crackdown-intensifies-as-deputy-oil-minister-arrested-with-millions-in-cash-gold-and-weapons/
1307319148	20260603	202606	2026	2026.4192	IRQ	IRAQI	IRQ																		1	180	180	18	4	-9.0	5	1	5	-5.35420098846788	4	Baghdad, Baghdad, Iraq	IZ	IZ07	36785	33.3386	44.3939	-3103581	0								4	Baghdad, Baghdad, Iraq	IZ	IZ07	36785	33.3386	44.3939	-3103581	20260603194500	https://weeklyblitz.net/2026/06/04/iraqs-anti-corruption-crackdown-intensifies-as-deputy-oil-minister-arrested-with-millions-in-cash-gold-and-weapons/
1307319149	20260603	202606	2026	2026.4192	IRQ	IRAQ	IRQ								GBR	BRITISH	GBR								0	112	112	11	3	-2.0	4	1	4	-5.16751845542306	1	Iraq	IZ	IZ		33	44	IZ	4	Coagh, Cookstown, United Kingdom	UK	UKR7	40151	54.65	-6.61667	-2592898	4	Coagh, Cookstown, United Kingdom	UK	UKR7	40151	54.65	-6.61667	-2592898	20260603194500	https://www.dailymail.com/news/article-15839501/Veterans-fury-Al-Carns-betrayed-British-war-heroes.html
1307319150	20260603	202606	2026	2026.4192	IRQ	IRAQ	IRQ								GBR	UNITED KINGDOM	GBR								0	112	112	11	3	-2.0	1	1	1	-5.16751845542306	1	Iraq	IZ	IZ		33	44	IZ	4	Coagh, Cookstown, United Kingdom	UK	UKR7	40151	54.65	-6.61667	-2592898	1	Iraq	IZ	IZ		33	44	IZ	20260603194500	https://www.dailymail.com/news/article-15839501/Veterans-fury-Al-Carns-betrayed-British-war-heroes.html
1307319151	20260603	202606	2026	2026.4192	IRQ	IRAQ	IRQ								GOV	SOVEREIGN						GOV			0	010	010	01	1	0.0	4	1	4	-5.35420098846788	4	Baghdad, Baghdad, Iraq	IZ	IZ07	36785	33.3386	44.3939	-3103581	4	Baghdad, Baghdad, Iraq	IZ	IZ07	36785	33.3386	44.3939	-3103581	4	Baghdad, Baghdad, Iraq	IZ	IZ07	36785	33.3386	44.3939	-3103581	20260603194500	https://weeklyblitz.net/2026/06/04/iraqs-anti-corruption-crackdown-intensifies-as-deputy-oil-minister-arrested-with-millions-in-cash-gold-and-weapons/
1307319152	20260603	202606	2026	2026.4192	IRQ	IRAQ	IRQ								USA	UNITED STATES	USA								0	061	061	06	2	6.4	6	1	6	-2.13930348258706	1	Iraq	IZ	IZ		33	44	IZ	3	White House, District of Columbia, United States	US	USDC		38.8951	-77.0364	531871	3	White House, District of Columbia, United States	US	USDC		38.8951	-77.0364	531871	20260603194500	https://foreignpolicy.com/2026/06/03/america-africa-adventurism-emirates-qatar/
1307319153	20260603	202606	2026	2026.4192	IRQ	IRAQ	IRQ								USA	UNITED STATES	USA								0	061	061	06	2	6.4	2	1	2	-2.13930348258706	1	Iraq	IZ	IZ		33	44	IZ	3	White House, District of Columbia, United States	US	USDC		38.8951	-77.0364	531871	1	Iraq	IZ	IZ		33	44	IZ	20260603194500	https://foreignpolicy.com/2026/06/03/america-africa-adventurism-emirates-qatar/
1307319154	20260603	202606	2026	2026.4192	IRQ	IRAQ	IRQ								USA	UNITED STATES	USA								0	061	061	06	2	6.4	2	1	2	-2.13930348258706	1	Iraq	IZ	IZ		33	44	IZ	1	Iraq	IZ	IZ		33	44	IZ	1	Iraq	IZ	IZ		33	44	IZ	20260603194500	https://foreignpolicy.com/2026/06/03/america-africa-adventurism-emirates-qatar/
1307319155	20260603	202606	2026	2026.4192	ISR	ISRAEL	ISR																		1	010	010	01	1	0.0	1	1	1	-2.85035629453682	4	Jerusalem, Israel (general), Israel	IS	IS00	18315	31.7667	35.2333	-797092	0								1	Kuwait	KU	KU		29.5	47.75	KU	20260603194500	https://www.albawaba.net/news/netanyahu-calls-lebanons-1629156
1307319156	20260603	202606	2026	2026.4192	ISR	ISRAEL	ISR																		1	020	020	02	1	3.0	1	1	1	-2.85035629453682	4	Jerusalem, Israel (general), Israel	IS	IS00	18315	31.7667	35.2333	-797092	0								1	Bahrain	BA	BA		26	50.5	BA	20260603194500	https://www.albawaba.net/news/netanyahu-calls-lebanons-1629156
1307319157	20260603	202606	2026	2026.4192	ISR	ISRAEL	ISR																		0	194	194	19	4	-10.0	2	1	2	-6.60660660660661	3	Washington, District of Columbia, United States	US	USDC	DC001	38.8951	-77.0364	531871	0								1	Israel	IS	IS		31.5	34.75	IS	20260603194500	https://dominicanrepublicpost.com/israeli-attacks-kill-nine-in-lebanon-reach-beirut-outskirts/
1307319158	20260603	202606	2026	2026.4192	ISR	ISRAEL	ISR																		0	196	196	19	4	-9.5	3	1	3	-3.69318181818182	1	Israel	IS	IS		31.5	34.75	IS	0								1	Israel	IS	IS		31.5	34.75	IS	20260603194500	https://www.greanvillepost.com/iran-decides-to-take-matters-in-hand/
1307319159	20260603	202606	2026	2026.4192	ISR	ISRAEL	ISR								GOV	PRESIDENT						GOV			1	020	020	02	1	3.0	4	1	4	-3.07692307692308	1	Israel	IS	IS		31.5	34.75	IS	1	Iran	IR	IR		32	53	IR	1	Iran	IR	IR		32	53	IR	20260603194500	https://theconservativetreehouse.com/blog/2026/06/03/president-trump-gives-extensive-interview-on-iran-issues-confirms-testy-conversation-with-benjamin-netanyahu/comment-page-1/
1307319160	20260603	202606	2026	2026.4192	ISR	ISRAEL	ISR								GOVMED	STATE MEDIA						GOV	MED		1	195	195	19	4	-10.0	1	1	1	-6.60660660660661	3	Washington, District of Columbia, United States	US	USDC	DC001	38.8951	-77.0364	531871	4	Beirut, Beyrouth, Lebanon	LE	LE04	18808	33.8719	35.5097	-801546	1	Israel	IS	IS		31.5	34.75	IS	20260603194500	https://dominicanrepublicpost.com/israeli-attacks-kill-nine-in-lebanon-reach-beirut-outskirts/
1307319161	20260603	202606	2026	2026.4192	ISR	ISRAELI	ISR								GOVMED	STATE MEDIA						GOV	MED		1	195	195	19	4	-10.0	2	1	2	-6.60660660660661	1	Israel	IS	IS		31.5	34.75	IS	4	Beirut, Beyrouth, Lebanon	LE	LE04	18808	33.8719	35.5097	-801546	1	Israel	IS	IS		31.5	34.75	IS	20260603194500	https://dominicanrepublicpost.com/israeli-attacks-kill-nine-in-lebanon-reach-beirut-outskirts/
1307319162	20260603	202606	2026	2026.4192	ISR	ISRAELI	ISR								IRN	IRAN	IRN								1	020	020	02	1	3.0	1	1	1	-2.85035629453682	4	Jerusalem, Israel (general), Israel	IS	IS00	18315	31.7667	35.2333	-797092	4	Jerusalem, Israel (general), Israel	IS	IS00	18315	31.7667	35.2333	-797092	4	Jerusalem, Israel (general), Israel	IS	IS00	18315	31.7667	35.2333	-797092	20260603194500	https://www.albawaba.net/news/netanyahu-calls-lebanons-1629156
1307319163	20260603	202606	2026	2026.4192	ISR	ISRAELI	ISR								IRN	IRAN	IRN								1	020	020	02	1	3.0	2	1	2	-2.85035629453682	4	Jerusalem, Israel (general), Israel	IS	IS00	18315	31.7667	35.2333	-797092	4	Hezbollah, Kerman, Iran	IR	IR29	40994	29.8628	56.8848	10496676	4	Jerusalem, Israel (general), Israel	IS	IS00	18315	31.7667	35.2333	-797092	20260603194500	https://www.albawaba.net/news/netanyahu-calls-lebanons-1629156
1307319164	20260603	202606	2026	2026.4192	ISR	ISRAELI	ISR								IRN	IRAN	IRN								0	072	072	07	2	8.3	1	1	1	-3.69318181818182	1	Iran	IR	IR		32	53	IR	1	Israel	IS	IS		31.5	34.75	IS	1	Iran	IR	IR		32	53	IR	20260603194500	https://www.greanvillepost.com/iran-decides-to-take-matters-in-hand/
1307319165	20260603	202606	2026	2026.4192	ISR	ISRAELI	ISR								IRN	IRAN	IRN								0	072	072	07	2	8.3	4	1	4	-3.69318181818182	1	Israel	IS	IS		31.5	34.75	IS	1	Iran	IR	IR		32	53	IR	1	Israel	IS	IS		31.5	34.75	IS	20260603194500	https://www.greanvillepost.com/iran-decides-to-take-matters-in-hand/
1307319166	20260603	202606	2026	2026.4192	ISR	ISRAELI	ISR								IRN	IRANIAN	IRN								1	186	186	18	4	-10.0	1	1	1	-3.69318181818182	4	Beirut, Beyrouth, Lebanon	LE	LE04	18808	33.8719	35.5097	-801546	1	Israel	IS	IS		31.5	34.75	IS	4	Beirut, Beyrouth, Lebanon	LE	LE04	18808	33.8719	35.5097	-801546	20260603194500	https://www.greanvillepost.com/iran-decides-to-take-matters-in-hand/
1307319167	20260603	202606	2026	2026.4192	ISR	ISRAELI	ISR								IRN	IRANIAN	IRN								1	186	186	18	4	-10.0	1	1	1	-3.69318181818182	1	Israel	IS	IS		31.5	34.75	IS	1	Iran	IR	IR		32	53	IR	1	Israel	IS	IS		31.5	34.75	IS	20260603194500	https://www.greanvillepost.com/iran-decides-to-take-matters-in-hand/
1307319168	20260603	202606	2026	2026.4192	ISR	ISRAELI	ISR								IRN	IRANIAN	IRN								1	186	186	18	4	-10.0	6	1	6	-3.69318181818182	1	Israel	IS	IS		31.5	34.75	IS	1	Israel	IS	IS		31.5	34.75	IS	1	Israel	IS	IS		31.5	34.75	IS	20260603194500	https://www.greanvillepost.com/iran-decides-to-take-matters-in-hand/
1307319169	20260603	202606	2026	2026.4192	ISR	ISRAELI	ISR								IRN	IRAN	IRN								0	196	196	19	4	-9.5	1	1	1	-3.69318181818182	1	Iran	IR	IR		32	53	IR	1	Israel	IS	IS		31.5	34.75	IS	1	Iran	IR	IR		32	53	IR	20260603194500	https://www.greanvillepost.com/iran-decides-to-take-matters-in-hand/
1307319170	20260603	202606	2026	2026.4192	ISR	ISRAELI	ISR								IRN	IRAN	IRN								0	196	196	19	4	-9.5	4	1	4	-3.69318181818182	1	Israel	IS	IS		31.5	34.75	IS	1	Iran	IR	IR		32	53	IR	1	Israel	IS	IS		31.5	34.75	IS	20260603194500	https://www.greanvillepost.com/iran-decides-to-take-matters-in-hand/
1307319171	20260603	202606	2026	2026.4192	ISR	ISRAEL	ISR								IRNGOV	IRAN	IRN					GOV			1	020	020	02	1	3.0	4	1	4	-3.07692307692308	1	Israel	IS	IS		31.5	34.75	IS	1	Iran	IR	IR		32	53	IR	1	Iran	IR	IR		32	53	IR	20260603194500	https://theconservativetreehouse.com/blog/2026/06/03/president-trump-gives-extensive-interview-on-iran-issues-confirms-testy-conversation-with-benjamin-netanyahu/comment-page-1/
1307319172	20260603	202606	2026	2026.4192	ISR	ISRAEL	ISR								IRNMIL	IRAN	IRN					MIL			1	010	010	01	1	0.0	1	1	1	-2.85035629453682	4	Jerusalem, Israel (general), Israel	IS	IS00	18315	31.7667	35.2333	-797092	4	Jerusalem, Israel (general), Israel	IS	IS00	18315	31.7667	35.2333	-797092	1	Kuwait	KU	KU		29.5	47.75	KU	20260603194500	https://www.albawaba.net/news/netanyahu-calls-lebanons-1629156
1307319173	20260603	202606	2026	2026.4192	ISR	ISRAEL	ISR								IRNMIL	IRAN	IRN					MIL			1	010	010	01	1	0.0	1	1	1	-2.85035629453682	4	Jerusalem, Israel (general), Israel	IS	IS00	18315	31.7667	35.2333	-797092	4	Hezbollah, Kerman, Iran	IR	IR29	40994	29.8628	56.8848	10496676	4	Jerusalem, Israel (general), Israel	IS	IS00	18315	31.7667	35.2333	-797092	20260603194500	https://www.albawaba.net/news/netanyahu-calls-lebanons-1629156
1307319174	20260603	202606	2026	2026.4192	ISR	ISRAEL	ISR								IRNMIL	IRAN	IRN					MIL			1	020	020	02	1	3.0	1	1	1	-2.85035629453682	4	Jerusalem, Israel (general), Israel	IS	IS00	18315	31.7667	35.2333	-797092	4	Jerusalem, Israel (general), Israel	IS	IS00	18315	31.7667	35.2333	-797092	1	Bahrain	BA	BA		26	50.5	BA	20260603194500	https://www.albawaba.net/news/netanyahu-calls-lebanons-1629156
1307319175	20260603	202606	2026	2026.4192	ISR	ISRAEL	ISR								IRNMIL	IRAN	IRN					MIL			1	020	020	02	1	3.0	1	1	1	-2.85035629453682	4	Jerusalem, Israel (general), Israel	IS	IS00	18315	31.7667	35.2333	-797092	4	Hezbollah, Kerman, Iran	IR	IR29	40994	29.8628	56.8848	10496676	4	Jerusalem, Israel (general), Israel	IS	IS00	18315	31.7667	35.2333	-797092	20260603194500	https://www.albawaba.net/news/netanyahu-calls-lebanons-1629156
1307319176	20260603	202606	2026	2026.4192	ISR	ISRAEL	ISR								LBN	LEBANON	LBN								1	016	016	01	1	-2.0	1	1	1	-2.85035629453682	4	Jerusalem, Israel (general), Israel	IS	IS00	18315	31.7667	35.2333	-797092	4	Jerusalem, Israel (general), Israel	IS	IS00	18315	31.7667	35.2333	-797092	4	Beirut, Beyrouth, Lebanon	LE	LE04	18808	33.8719	35.5097	-801546	20260603194500	https://www.albawaba.net/news/netanyahu-calls-lebanons-1629156
1307319177	20260603	202606	2026	2026.4192	ISR	ISRAEL	ISR								LBN	LEBANON	LBN								1	016	016	01	1	-2.0	1	1	1	-2.85035629453682	4	Jerusalem, Israel (general), Israel	IS	IS00	18315	31.7667	35.2333	-797092	4	Beirut, Beyrouth, Lebanon	LE	LE04	18808	33.8719	35.5097	-801546	4	Beirut, Beyrouth, Lebanon	LE	LE04	18808	33.8719	35.5097	-801546	20260603194500	https://www.albawaba.net/news/netanyahu-calls-lebanons-1629156
1307319178	20260603	202606	2026	2026.4192	ISR	ISRAEL	ISR								LBN	LEBANON	LBN								1	020	020	02	1	3.0	4	1	4	-2.85035629453682	4	Jerusalem, Israel (general), Israel	IS	IS00	18315	31.7667	35.2333	-797092	4	Jerusalem, Israel (general), Israel	IS	IS00	18315	31.7667	35.2333	-797092	4	Jerusalem, Israel (general), Israel	IS	IS00	18315	31.7667	35.2333	-797092	20260603194500	https://www.albawaba.net/news/netanyahu-calls-lebanons-1629156
1307319179	20260603	202606	2026	2026.4192	ISR	ISRAEL	ISR								LBN	LEBANON	LBN								0	0356	035	03	1	7.0	1	1	1	-6.60660660660661	4	Beirut, Beyrouth, Lebanon	LE	LE04	18808	33.8719	35.5097	-801546	4	Beirut, Beyrouth, Lebanon	LE	LE04	18808	33.8719	35.5097	-801546	4	Beirut, Beyrouth, Lebanon	LE	LE04	18808	33.8719	35.5097	-801546	20260603194500	https://dominicanrepublicpost.com/israeli-attacks-kill-nine-in-lebanon-reach-beirut-outskirts/
1307319180	20260603	202606	2026	2026.4192	ISR	ISRAEL	ISR								LBN	LEBANON	LBN								0	0356	035	03	1	7.0	3	1	3	-6.60660660660661	1	Israel	IS	IS		31.5	34.75	IS	4	Beirut, Beyrouth, Lebanon	LE	LE04	18808	33.8719	35.5097	-801546	4	Beirut, Beyrouth, Lebanon	LE	LE04	18808	33.8719	35.5097	-801546	20260603194500	https://dominicanrepublicpost.com/israeli-attacks-kill-nine-in-lebanon-reach-beirut-outskirts/
1307319181	20260603	202606	2026	2026.4192	ISR	ISRAEL	ISR								LBN	LEBANON	LBN								0	0356	035	03	1	7.0	1	1	1	-6.60660660660661	1	Israel	IS	IS		31.5	34.75	IS	1	Israel	IS	IS		31.5	34.75	IS	4	Beirut, Beyrouth, Lebanon	LE	LE04	18808	33.8719	35.5097	-801546	20260603194500	https://dominicanrepublicpost.com/israeli-attacks-kill-nine-in-lebanon-reach-beirut-outskirts/
1307319182	20260603	202606	2026	2026.4192	ISR	ISRAEL	ISR								LBNGOVHLH	LEBANON	LBN					GOV	HLH		1	190	190	19	4	-10.0	1	1	1	-6.60660660660661	3	Washington, District of Columbia, United States	US	USDC	DC001	38.8951	-77.0364	531871	4	Beirut, Beyrouth, Lebanon	LE	LE04	18808	33.8719	35.5097	-801546	1	Israel	IS	IS		31.5	34.75	IS	20260603194500	https://dominicanrepublicpost.com/israeli-attacks-kill-nine-in-lebanon-reach-beirut-outskirts/
1307319183	20260603	202606	2026	2026.4192	ISR	ISRAEL	ISR								USA	UNITED STATES	USA								0	040	040	04	1	1.0	2	1	2	-6.60660660660661	1	Israel	IS	IS		31.5	34.75	IS	3	Washington, District of Columbia, United States	US	USDC	DC001	38.8951	-77.0364	531871	4	Beirut, Beyrouth, Lebanon	LE	LE04	18808	33.8719	35.5097	-801546	20260603194500	https://dominicanrepublicpost.com/israeli-attacks-kill-nine-in-lebanon-reach-beirut-outskirts/
1307319184	20260603	202606	2026	2026.4192	ISR	ISRAEL	ISR								USA	THE US	USA								0	196	196	19	4	-9.5	2	1	2	-3.69318181818182	1	Iran	IR	IR		32	53	IR	1	Israel	IS	IS		31.5	34.75	IS	1	Iran	IR	IR		32	53	IR	20260603194500	https://www.greanvillepost.com/iran-decides-to-take-matters-in-hand/
1307319185	20260603	202606	2026	2026.4192	ISR	ISRAEL	ISR								USA	THE US	USA								0	196	196	19	4	-9.5	6	1	6	-3.69318181818182	1	Israel	IS	IS		31.5	34.75	IS	1	Iran	IR	IR		32	53	IR	1	Israel	IS	IS		31.5	34.75	IS	20260603194500	https://www.greanvillepost.com/iran-decides-to-take-matters-in-hand/
1307319186	20260603	202606	2026	2026.4192	ISR	ISRAEL	ISR								USA	THE US	USA								0	196	196	19	4	-9.5	2	1	2	-3.69318181818182	1	Israel	IS	IS		31.5	34.75	IS	1	Israel	IS	IS		31.5	34.75	IS	1	Israel	IS	IS		31.5	34.75	IS	20260603194500	https://www.greanvillepost.com/iran-decides-to-take-matters-in-hand/
1307319187	20260603	202606	2026	2026.4192	ISRGOV	ISRAELI	ISR					GOV													1	020	020	02	1	3.0	2	1	2	-2.85035629453682	4	Jerusalem, Israel (general), Israel	IS	IS00	18315	31.7667	35.2333	-797092	0								4	Jerusalem, Israel (general), Israel	IS	IS00	18315	31.7667	35.2333	-797092	20260603194500	https://www.albawaba.net/news/netanyahu-calls-lebanons-1629156
1307319188	20260603	202606	2026	2026.4192	ISRGOV	ISRAELI	ISR					GOV													1	0841	084	08	2	7.0	10	1	10	-7.66666666666667	1	Israel	IS	IS		31.5	34.75	IS	0								1	Israel	IS	IS		31.5	34.75	IS	20260603194500	https://www.scoop.co.nz/stories/WO2606/S00058/release-the-footage-israels-cover-up-begins-with-denial.htm
1307319189	20260603	202606	2026	2026.4192	ISRGOV	ISRAELI	ISR					GOV													1	1053	105	10	3	-5.0	10	1	10	-7.66666666666667	1	Israel	IS	IS		31.5	34.75	IS	0								1	Israel	IS	IS		31.5	34.75	IS	20260603194500	https://www.scoop.co.nz/stories/WO2606/S00058/release-the-footage-israels-cover-up-begins-with-denial.htm
1307319190	20260603	202606	2026	2026.4192	ISRGOV	ISRAELI	ISR					GOV													1	181	181	18	4	-9.0	10	1	10	-7.66666666666667	1	Israel	IS	IS		31.5	34.75	IS	0								1	Israel	IS	IS		31.5	34.75	IS	20260603194500	https://www.scoop.co.nz/stories/WO2606/S00058/release-the-footage-israels-cover-up-begins-with-denial.htm
1307319191	20260603	202606	2026	2026.4192	ISRGOV	ISRAEL	ISR					GOV			DEU	GERMANY	DEU								1	010	010	01	1	0.0	5	1	5	-4.88322717622081	1	Israel	IS	IS		31.5	34.75	IS	4	Hirschen, Baden-Wüberg, Germany	GM	GM01	16535	47.7333	10.0167	-1792937	4	Hirschen, Baden-Wüberg, Germany	GM	GM01	16535	47.7333	10.0167	-1792937	20260603194500	https://en.tempo.co/read/2106697/german-hotel-apologizes-for-no-jews-allowed-message
1307319192	20260603	202606	2026	2026.4192	ISRGOV	ISRAEL	ISR					GOV			IRN	IRAN	IRN								1	020	020	02	1	3.0	4	1	4	-2.85035629453682	4	Jerusalem, Israel (general), Israel	IS	IS00	18315	31.7667	35.2333	-797092	4	Hezbollah, Kerman, Iran	IR	IR29	40994	29.8628	56.8848	10496676	4	Jerusalem, Israel (general), Israel	IS	IS00	18315	31.7667	35.2333	-797092	20260603194500	https://www.albawaba.net/news/netanyahu-calls-lebanons-1629156
1307319193	20260603	202606	2026	2026.4192	ISRGOV	ISRAELI	ISR					GOV			ISR	ISRAELI	ISR								0	084	084	08	2	7.0	5	1	5	-7.66666666666667	1	Israel	IS	IS		31.5	34.75	IS	1	Israel	IS	IS		31.5	34.75	IS	1	Israel	IS	IS		31.5	34.75	IS	20260603194500	https://www.scoop.co.nz/stories/WO2606/S00058/release-the-footage-israels-cover-up-begins-with-denial.htm
1307319194	20260603	202606	2026	2026.4192	ITA	NAPLES	ITA																		0	042	042	04	1	1.9	20	2	20	1.7067494181536	1	Singapore	SN	SN		1.366667	103.8	SN	0								1	Singapore	SN	SN		1.366667	103.8	SN	20260603194500	https://www.theage.com.au/traveller/inspiration/the-world-s-10-must-try-dishes-so-iconic-the-un-recognises-them-20260601-p602tn.html
1307319195	20260603	202606	2026	2026.4192	ITA	ITALIAN	ITA																		1	111	111	11	3	-2.0	8	1	8	1.8716577540107	4	Tonale, Lombardia, Italy	IT	IT09	18410	46.25	10.5833	-130887	0								4	Tonale, Lombardia, Italy	IT	IT09	18410	46.25	10.5833	-130887	20260603194500	https://www.motor1.com:443/features/797701/new-alfa-romeo-suv-price-spec-details/
1307319196	20260603	202606	2026	2026.4192	ITA	ITALIAN	ITA								ITACVL	ITALY	ITA					CVL			1	020	020	02	1	3.0	4	1	4	-1.8450184501845	1	Italy	IT	IT		42.833333	12.833333	IT	1	Italy	IT	IT		42.833333	12.833333	IT	1	Italy	IT	IT		42.833333	12.833333	IT	20260603194500	https://engineeringevil.com/2012/08/04/red-wine-ingredient-resveratrol-stops-breast-cancer-growth-faseb-journal/
1307319197	20260603	202606	2026	2026.4192	ITA	MILAN	ITA								TUR	TURKEY	TUR								0	111	111	11	3	-2.0	6	1	6	4.49438202247191	1	Turkey	TU	TU		39.059012	34.911546	TU	1	Turkey	TU	TU		39.059012	34.911546	TU	1	Turkey	TU	TU		39.059012	34.911546	TU	20260603194500	https://thewhiskeywash.com/whiskey-news/russells-reserve-13-year-bourbon-returns-to-celebrate-eddie-russells-45-years/
1307319198	20260603	202606	2026	2026.4192	JAM	KINGSTON	JAM																		1	080	080	08	2	5.0	10	1	10	-7.07070707070707	0								0								0								20260603194500	https://www.chroniclelive.co.uk/news/north-east-news/section-a1-closed-both-directions-34061190
1307319199	20260603	202606	2026	2026.4192	JOR	JORDAN	JOR																		1	020	020	02	1	3.0	4	1	4	-1.50564617314931	1	Jordan	JO	JO		31	36	JO	0								1	Jordan	JO	JO		31	36	JO	20260603194500	https://www.tvguide.co.uk/eastenders-insider/episode-recaps/as-max-sleeps-with-priya-eastenders-fans-predict-cindy-wont-care-that-he-cheated-heres-why/
1307319200	20260603	202606	2026	2026.4192	JOR	JORDAN	JOR								ISRSET	ISRAEL	ISR					SET			1	111	111	11	3	-2.0	1	1	1	-1.74291938997821	1	Egypt	EG	EG		27	30	EG	4	Jerusalem, Israel (general), Israel	IS	IS00	18315	31.7667	35.2333	-797092	1	United Arab Emirates	AE	AE		24	54	AE	20260603194500	https://en.tempo.co/read/2106692/indonesia-seven-nations-denounce-israeli-settlers-attack-on-al-aqsa-mosque
1307319201	20260603	202606	2026	2026.4192	JOR	JORDAN	JOR								ISRSET	ISRAEL	ISR					SET			1	190	190	19	4	-10.0	1	1	1	-1.74291938997821	1	Egypt	EG	EG		27	30	EG	4	Jerusalem, Israel (general), Israel	IS	IS00	18315	31.7667	35.2333	-797092	1	United Arab Emirates	AE	AE		24	54	AE	20260603194500	https://en.tempo.co/read/2106692/indonesia-seven-nations-denounce-israeli-settlers-attack-on-al-aqsa-mosque
1307319202	20260603	202606	2026	2026.4192	JPN	JAPAN	JPN																		1	051	051	05	1	3.4	6	1	6	1.82421227197347	4	Isekai, Japan (general), Japan	JA	JA00		34.7167	136.717	-230700	0								4	Isekai, Japan (general), Japan	JA	JA00		34.7167	136.717	-230700	20260603194500	https://comicbook.com/anime/news/a-crunchyroll-hidden-gem-isekai-just-confirmed-its-season-2-release-date-after-4-years/
1307319203	20260603	202606	2026	2026.4192	JPN	JAPAN	JPN																		1	084	084	08	2	7.0	8	1	8	1.82421227197347	4	Shinomiya, Kyoto, Japan	JA	JA22	36032	34.9833	135.817	-225513	0								4	Shinomiya, Kyoto, Japan	JA	JA22	36032	34.9833	135.817	-225513	20260603194500	https://comicbook.com/anime/news/a-crunchyroll-hidden-gem-isekai-just-confirmed-its-season-2-release-date-after-4-years/
1307319204	20260603	202606	2026	2026.4192	JPN	JAPAN	JPN																		1	084	084	08	2	7.0	6	1	6	1.82421227197347	4	Isekai, Japan (general), Japan	JA	JA00		34.7167	136.717	-230700	0								4	Isekai, Japan (general), Japan	JA	JA00		34.7167	136.717	-230700	20260603194500	https://comicbook.com/anime/news/a-crunchyroll-hidden-gem-isekai-just-confirmed-its-season-2-release-date-after-4-years/
1307319205	20260603	202606	2026	2026.4192	JPN	SAGA	JPN								EDU	SCHOOL						EDU			1	172	172	17	4	-5.0	4	1	4	-0.37593984962406	3	Allegheny County, Pennsylvania, United States	US	USPA	PA003	40.6253	-80.1251	1213657	3	Allegheny County, Pennsylvania, United States	US	USPA		40.6253	-80.1251	1213657	3	Allegheny County, Pennsylvania, United States	US	USPA		40.6253	-80.1251	1213657	20260603194500	https://www.erienewsnow.com/news/harrisburg/school-phone-ban-saga-continues-in-pennsylvania-legislature/article_3c70e9cb-c889-5c44-8338-a0ed553537e7.html
1307319206	20260603	202606	2026	2026.4192	JPN	SAGA	JPN								EDU	SCHOOL						EDU			1	172	172	17	4	-5.0	6	1	6	-0.37593984962406	3	Washington, District of Columbia, United States	US	USDC	DC001	38.8951	-77.0364	531871	3	Washington, District of Columbia, United States	US	USDC	DC001	38.8951	-77.0364	531871	3	Washington, District of Columbia, United States	US	USDC	DC001	38.8951	-77.0364	531871	20260603194500	https://www.erienewsnow.com/news/harrisburg/school-phone-ban-saga-continues-in-pennsylvania-legislature/article_3c70e9cb-c889-5c44-8338-a0ed553537e7.html
1307319207	20260603	202606	2026	2026.4192	JUD	ADVOCATE						JUD													0	010	010	01	1	0.0	10	1	10	-0.42553191489362	4	Manila, Manila, Philippines	RP	RPD9	24210	14.6042	120.982	-2437894	0								4	Manila, Manila, Philippines	RP	RPD9	24210	14.6042	120.982	-2437894	20260603194500	https://www.manilatimes.net/2026/06/04/supplements/bridging-the-great-learning-gap-the-challenge-of-rebuilding-philippine-education/2358123
1307319208	20260603	202606	2026	2026.4192	JUD	PROSECUTOR						JUD													0	010	010	01	1	0.0	3	1	3	-7.23830734966592	3	Clermont County, Ohio, United States	US	USOH	OH025	39.0501	-84.1499	1074025	0								3	Clermont County, Ohio, United States	US	USOH		39.0501	-84.1499	1074025	20260603194500	https://www.wlwt.com/article/cody-winn-grand-theft-market-modern-batavia-sentence/71485153
1307319209	20260603	202606	2026	2026.4192	JUD	ATTORNEY						JUD													1	010	010	01	1	0.0	10	1	10	-3.37837837837838	2	New Jersey, United States	US	USNJ		40.314	-74.5089	NJ	0								2	New Jersey, United States	US	USNJ		40.314	-74.5089	NJ	20260603194500	https://njbiz.com/new-jersey-lawsuit-canceled-offshore-wind-leases/
1307319210	20260603	202606	2026	2026.4192	JUD	JUDGE						JUD													0	012	012	01	1	-0.4	6	1	6	-4.58911419423692	4	Dundalk, Louth, Ireland	EI	EI19	18297	54	-6.41667	-1502588	0								4	Dundalk, Louth, Ireland	EI	EI19	18297	54	-6.41667	-1502588	20260603194500	https://www.irishmirror.ie/news/irish-news/drogheda-mum-daughter-jailed-laundering-37244618
1307319211	20260603	202606	2026	2026.4192	JUD	JUDGE						JUD													0	012	012	01	1	-0.4	2	1	2	-4.58911419423692	4	Moneymore, Wicklow, Ireland	EI	EI31	18309	52.9753	-6.76694	407030	0								4	Moneymore, Wicklow, Ireland	EI	EI31	18309	52.9753	-6.76694	407030	20260603194500	https://www.irishmirror.ie/news/irish-news/drogheda-mum-daughter-jailed-laundering-37244618
1307319212	20260603	202606	2026	2026.4192	JUD	DISTRICT COURT						JUD													1	015	015	01	1	0.0	6	1	6	-9.39947780678847	2	Arizona, United States	US	USAZ		33.7712	-111.388	AZ	0								2	Arizona, United States	US	USAZ		33.7712	-111.388	AZ	20260603194500	https://1037theloon.com/ixp/67/p/aaron-wright-plea-deal/
1307319213	20260603	202606	2026	2026.4192	JUD	LAWYER						JUD													0	020	020	02	1	3.0	6	1	6	-5.16751845542306	4	Belfast, Belfast, United Kingdom	UK	UKR3	40158	54.5833	-5.93333	-2589607	0								4	Belfast, Belfast, United Kingdom	UK	UKR3	40158	54.5833	-5.93333	-2589607	20260603194500	https://www.dailymail.com/news/article-15839501/Veterans-fury-Al-Carns-betrayed-British-war-heroes.html
1307319214	20260603	202606	2026	2026.4192	JUD	ATTORNEY						JUD													1	036	036	03	1	4.0	6	1	6	-2.24215246636771	2	South Carolina, United States	US	USSC		33.8191	-80.9066	SC	0								2	South Carolina, United States	US	USSC		33.8191	-80.9066	SC	20260603194500	https://www.wrhi.com/2026/06/democratic-gubernatorial-candidates-to-meet-in-televised-debate-213224
1307319215	20260603	202606	2026	2026.4192	JUD	ATTORNEY						JUD													1	040	040	04	1	1.0	6	1	6	-10.1449275362319	2	Nevada, United States	US	USNV		38.4199	-117.122	NV	0								2	Nevada, United States	US	USNV		38.4199	-117.122	NV	20260603194500	https://news3lv.com/features/breaking-down-the-law/rebas-law-set-for-early-test-as-teen-faces-15-felony-counts-in-horse-stabbing-case
1307319216	20260603	202606	2026	2026.4192	JUD	FEDERAL COURT						JUD													1	042	042	04	1	1.9	6	1	6	-10.4803493449782	2	Hawaii, United States	US	USHI		21.1098	-157.531	HI	0								2	Hawaii, United States	US	USHI		21.1098	-157.531	HI	20260603194500	https://www.hawaiinewsnow.com/2026/06/03/honolulu-man-charged-with-threatening-michigan-governor-capitol/
1307319217	20260603	202606	2026	2026.4192	JUD	FEDERAL COURT						JUD													1	042	042	04	1	1.9	4	1	4	-10.4803493449782	2	Michigan, United States	US	USMI		43.3504	-84.5603	MI	0								2	Michigan, United States	US	USMI		43.3504	-84.5603	MI	20260603194500	https://www.hawaiinewsnow.com/2026/06/03/honolulu-man-charged-with-threatening-michigan-governor-capitol/
1307319218	20260603	202606	2026	2026.4192	JUD	ATTORNEY						JUD													1	071	071	07	2	7.4	10	1	10	-3.37837837837838	2	New Jersey, United States	US	USNJ		40.314	-74.5089	NJ	0								2	New Jersey, United States	US	USNJ		40.314	-74.5089	NJ	20260603194500	https://njbiz.com/new-jersey-lawsuit-canceled-offshore-wind-leases/
1307319219	20260603	202606	2026	2026.4192	JUD	JUDGE						JUD													0	081	081	08	2	5.0	3	1	3	-4.58911419423692	4	Dundalk, Louth, Ireland	EI	EI19	18297	54	-6.41667	-1502588	0								4	Dundalk, Louth, Ireland	EI	EI19	18297	54	-6.41667	-1502588	20260603194500	https://www.irishmirror.ie/news/irish-news/drogheda-mum-daughter-jailed-laundering-37244618
1307319220	20260603	202606	2026	2026.4192	JUD	JUDGE						JUD													0	081	081	08	2	5.0	2	1	2	-4.58911419423692	4	Moneymore, Wicklow, Ireland	EI	EI31	18309	52.9753	-6.76694	407030	0								4	Moneymore, Wicklow, Ireland	EI	EI31	18309	52.9753	-6.76694	407030	20260603194500	https://www.irishmirror.ie/news/irish-news/drogheda-mum-daughter-jailed-laundering-37244618
1307319221	20260603	202606	2026	2026.4192	JUD	JUDGE						JUD													0	172	172	17	4	-5.0	3	1	3	-4.58911419423692	4	Dundalk, Louth, Ireland	EI	EI19	18297	54	-6.41667	-1502588	0								4	Dundalk, Louth, Ireland	EI	EI19	18297	54	-6.41667	-1502588	20260603194500	https://www.irishmirror.ie/news/irish-news/drogheda-mum-daughter-jailed-laundering-37244618
1307319222	20260603	202606	2026	2026.4192	JUD	JUDGE						JUD													0	172	172	17	4	-5.0	2	1	2	-4.58911419423692	4	Moneymore, Wicklow, Ireland	EI	EI31	18309	52.9753	-6.76694	407030	0								4	Moneymore, Wicklow, Ireland	EI	EI31	18309	52.9753	-6.76694	407030	20260603194500	https://www.irishmirror.ie/news/irish-news/drogheda-mum-daughter-jailed-laundering-37244618
1307319223	20260603	202606	2026	2026.4192	JUD	JUDGE						JUD													1	173	173	17	4	-5.0	6	1	6	-6.9164265129683	3	Horry County, South Carolina, United States	US	USSC	SC051	33.9168	-78.9831	1248005	0								3	Horry County, South Carolina, United States	US	USSC		33.9168	-78.9831	1248005	20260603194500	https://www.wmbfnews.com/2026/06/03/4-sentenced-after-mexico-based-drug-trafficking-ring-dismantled-myrtle-beach/
1307319224	20260603	202606	2026	2026.4192	JUD	PROSECUTING ATTORNEY						JUD													0	173	173	17	4	-5.0	20	2	20	-14.8627405873782	3	Waialee, Hawaii, United States	US	USHI	HI003	21.6897	-158.026	364536	0								3	Waialee, Hawaii, United States	US	USHI	HI003	21.6897	-158.026	364536	20260603194500	https://www.kitv.com/news/crime/north-shore-beach-assault-leads-to-kidnapping-arrests-of-3-juveniles/article_787bc902-f7d1-4fc7-b1f8-a058c8afec79.html
1307319225	20260603	202606	2026	2026.4192	JUD	PROSECUTOR						JUD			ALB	ALBANIA	ALB								0	173	173	17	4	-5.0	4	1	4	-4.7696038803557	4	Vlora, Vlore, Albania	AL	AL51	4148	40.4667	19.4897	-109054	4	Vlora, Vlore, Albania	AL	AL51	4148	40.4667	19.4897	-109054	4	Vlora, Vlore, Albania	AL	AL51	4148	40.4667	19.4897	-109054	20260603194500	https://weeklyblitz.net/2026/06/04/albania-freezes-assets-in-kushner-linked-resort-probe-amid-growing-backlash/
1307319226	20260603	202606	2026	2026.4192	JUD	TRIBUNAL						JUD			CHR	CHRISTIAN				CHR					1	020	020	02	1	3.0	4	1	4	-7.77338603425556	4	New Delhi, Delhi, India	IN	IN07	17911	28.6	77.2	-2106102	4	New Delhi, Delhi, India	IN	IN07	17911	28.6	77.2	-2106102	4	New Delhi, Delhi, India	IN	IN07	17911	28.6	77.2	-2106102	20260603194500	https://www.myspiritfm.com/News?view=post&blogid=Catholic%2DNews&articleid=299984
1307319227	20260603	202606	2026	2026.4192	JUD	TRIBUNAL						JUD			CHR	CHRISTIAN				CHR					1	020	020	02	1	3.0	6	1	6	-7.77338603425556	5	Odisha, Orissa, India	IN	IN21	70217	20.5	84.4167	-2106554	5	Odisha, Orissa, India	IN	IN21	70217	20.5	84.4167	-2106554	5	Odisha, Orissa, India	IN	IN21	70217	20.5	84.4167	-2106554	20260603194500	https://www.myspiritfm.com/News?view=post&blogid=Catholic%2DNews&articleid=299984
1307319228	20260603	202606	2026	2026.4192	JUD	BARRISTER						JUD			CHR	CHRISTIAN				CHR					1	036	036	03	1	4.0	10	1	10	-4.72972972972973	0								0								0								20260603194500	https://www.tvguide.co.uk/schedule/03c9f149-c85e-55e0-86aa-dde08211b28f/see-no-evil
1307319229	20260603	202606	2026	2026.4192	JUD	ATTORNEY						JUD			CRM	ILLEGAL IMMIGRANT						CRM			0	112	112	11	3	-2.0	6	1	6	-12.5550660792952	2	Virginia, United States	US	USVA		37.768	-78.2057	VA	2	Virginia, United States	US	USVA		37.768	-78.2057	VA	2	Virginia, United States	US	USVA		37.768	-78.2057	VA	20260603194500	https://wtmj.com/news/2026/06/03/considering-the-conviction-in-judge-hannah-dugans-federal-immigration-case/
1307319230	20260603	202606	2026	2026.4192	JUD	ATTORNEY						JUD			GBR	UNITED KINGDOM	GBR								1	010	010	01	1	0.0	2	1	2	3.8135593220339	3	Boston, Massachusetts, United States	US	USMA	MA025	42.3584	-71.0598	617565	3	Boston, Massachusetts, United States	US	USMA	MA025	42.3584	-71.0598	617565	4	Cambridge, Cambridgeshire, United Kingdom	UK	UKC3	40098	52.2	0.116667	-2591658	20260603194500	https://bankerandtradesman.com/another-hotel-project-approved-in-allston/
1307319231	20260603	202606	2026	2026.4192	JUD	ATTORNEY						JUD			GBR	UNITED KINGDOM	GBR								1	010	010	01	1	0.0	4	1	4	3.8135593220339	3	Boston, Massachusetts, United States	US	USMA	MA025	42.3584	-71.0598	617565	3	Boston, Massachusetts, United States	US	USMA	MA025	42.3584	-71.0598	617565	3	Boston, Massachusetts, United States	US	USMA	MA025	42.3584	-71.0598	617565	20260603194500	https://bankerandtradesman.com/another-hotel-project-approved-in-allston/
1307319232	20260603	202606	2026	2026.4192	JUD	LAWYER						JUD			GBR	UNITED KINGDOM	GBR								0	020	020	02	1	3.0	2	1	2	-5.16751845542306	4	Belfast, Belfast, United Kingdom	UK	UKR3	40158	54.5833	-5.93333	-2589607	4	Belfast, Belfast, United Kingdom	UK	UKR3	40158	54.5833	-5.93333	-2589607	4	Belfast, Belfast, United Kingdom	UK	UKR3	40158	54.5833	-5.93333	-2589607	20260603194500	https://www.dailymail.com/news/article-15839501/Veterans-fury-Al-Carns-betrayed-British-war-heroes.html
1307319233	20260603	202606	2026	2026.4192	JUD	PROSECUTOR						JUD			GBR	UNITED KINGDOM	GBR								0	111	111	11	3	-2.0	2	1	2	-6.62983425414368	1	United Kingdom	UK	UK		54	-4	UK	1	United Kingdom	UK	UK		54	-4	UK	1	United Kingdom	UK	UK		54	-4	UK	20260603194500	https://www.boredpanda.com/professional-surgeon-thrown-in-prison-after-getting-legs-amputated/
1307319234	20260603	202606	2026	2026.4192	JUD	PROSECUTOR						JUD			IRN	IRAN	IRN								1	112	112	11	3	-2.0	2	1	2	-10.1313320825516	1	Iran	IR	IR		32	53	IR	1	Iran	IR	IR		32	53	IR	1	Iran	IR	IR		32	53	IR	20260603194500	https://www.sbsun.com/2026/06/03/owner-of-newport-coast-mansion-accused-of-improperly-supplying-iran-with-u-s-equipment/
1307319235	20260603	202606	2026	2026.4192	JUD	PROSECUTOR						JUD			IRN	IRAN	IRN								1	192	192	19	4	-9.5	1	1	1	-10.1313320825516	3	Newport Beach, California, United States	US	USCA	CA059	33.6189	-117.929	1661104	3	Newport Beach, California, United States	US	USCA		33.6189	-117.929	1661104	3	Newport Beach, California, United States	US	USCA		33.6189	-117.929	1661104	20260603194500	https://www.sbsun.com/2026/06/03/owner-of-newport-coast-mansion-accused-of-improperly-supplying-iran-with-u-s-equipment/
1307319236	20260603	202606	2026	2026.4192	JUD	PROSECUTOR						JUD			IRN	IRAN	IRN								1	192	192	19	4	-9.5	7	1	7	-10.1313320825516	1	Iran	IR	IR		32	53	IR	1	Iran	IR	IR		32	53	IR	3	Newport Coast, California, United States	US	USCA		33.5961	-117.84	2413651	20260603194500	https://www.sbsun.com/2026/06/03/owner-of-newport-coast-mansion-accused-of-improperly-supplying-iran-with-u-s-equipment/
1307319237	20260603	202606	2026	2026.4192	JUD	PROSECUTOR						JUD			IRN	IRAN	IRN								1	192	192	19	4	-9.5	2	1	2	-10.1313320825516	1	Iran	IR	IR		32	53	IR	1	Iran	IR	IR		32	53	IR	1	Iran	IR	IR		32	53	IR	20260603194500	https://www.sbsun.com/2026/06/03/owner-of-newport-coast-mansion-accused-of-improperly-supplying-iran-with-u-s-equipment/
1307319238	20260603	202606	2026	2026.4192	JUD	PROSECUTOR						JUD			LAB	EMPLOYEE						LAB			0	173	173	17	4	-5.0	3	1	3	-4.7696038803557	4	Vlora, Vlore, Albania	AL	AL51	4148	40.4667	19.4897	-109054	4	Vlora, Vlore, Albania	AL	AL51	4148	40.4667	19.4897	-109054	4	Vlora, Vlore, Albania	AL	AL51	4148	40.4667	19.4897	-109054	20260603194500	https://weeklyblitz.net/2026/06/04/albania-freezes-assets-in-kushner-linked-resort-probe-amid-growing-backlash/
1307319239	20260603	202606	2026	2026.4192	JUD	JUDGE						JUD			LEG	LAWMAKER						LEG			0	030	030	03	1	4.0	32	4	32	-5.13011911422144	2	New Jersey, United States	US	USNJ		40.314	-74.5089	NJ	2	New Jersey, United States	US	USNJ		40.314	-74.5089	NJ	2	New Jersey, United States	US	USNJ		40.314	-74.5089	NJ	20260603194500	https://www.yoursourceone.com/news/national_news/treasury-secretary-scott-bessent-refuses-to-say-whether-trump-remains-exempt-from-irs-audits/article_e39e880e-def8-5023-9114-8620d8299df4.html
1307319240	20260603	202606	2026	2026.4192	JUD	JUDGE						JUD			MEX	MEXICO	MEX								1	173	173	17	4	-5.0	1	1	1	-6.9164265129683	3	Horry County, South Carolina, United States	US	USSC	SC051	33.9168	-78.9831	1248005	3	Horry County, South Carolina, United States	US	USSC		33.9168	-78.9831	1248005	3	Horry County, South Carolina, United States	US	USSC		33.9168	-78.9831	1248005	20260603194500	https://www.wmbfnews.com/2026/06/03/4-sentenced-after-mexico-based-drug-trafficking-ring-dismantled-myrtle-beach/
1307319241	20260603	202606	2026	2026.4192	JUD	JUDGE						JUD			MEX	MEXICO	MEX								1	173	173	17	4	-5.0	2	1	2	-6.9164265129683	1	Mexico	MX	MX		23	-102	MX	1	Mexico	MX	MX		23	-102	MX	1	Mexico	MX	MX		23	-102	MX	20260603194500	https://www.wmbfnews.com/2026/06/03/4-sentenced-after-mexico-based-drug-trafficking-ring-dismantled-myrtle-beach/
1307319242	20260603	202606	2026	2026.4192	JUD	JUDGE						JUD			MEX	MEXICO	MEX								1	173	173	17	4	-5.0	1	1	1	-6.9164265129683	1	Mexico	MX	MX		23	-102	MX	2	South Carolina, United States	US	USSC		33.8191	-80.9066	SC	2	South Carolina, United States	US	USSC		33.8191	-80.9066	SC	20260603194500	https://www.wmbfnews.com/2026/06/03/4-sentenced-after-mexico-based-drug-trafficking-ring-dismantled-myrtle-beach/
1307319243	20260603	202606	2026	2026.4192	JUD	PROSECUTOR						JUD			USA	UNITED STATES	USA								0	010	010	01	1	0.0	3	1	3	-7.23830734966592	3	Batavia, Ohio, United States	US	USOH	OH025	39.077	-84.1769	1037672	3	Batavia, Ohio, United States	US	USOH	OH025	39.077	-84.1769	1037672	3	Batavia, Ohio, United States	US	USOH	OH025	39.077	-84.1769	1037672	20260603194500	https://www.wlwt.com/article/cody-winn-grand-theft-market-modern-batavia-sentence/71485153
1307319244	20260603	202606	2026	2026.4192	JUD	PROSECUTOR						JUD			USA	UNITED STATES	USA								0	010	010	01	1	0.0	2	1	2	-12.5550660792952	2	Wisconsin, United States	US	USWI		44.2563	-89.6385	WI	2	Wisconsin, United States	US	USWI		44.2563	-89.6385	WI	2	Wisconsin, United States	US	USWI		44.2563	-89.6385	WI	20260603194500	https://wtmj.com/news/2026/06/03/considering-the-conviction-in-judge-hannah-dugans-federal-immigration-case/
1307319245	20260603	202606	2026	2026.4192	JUD	ATTORNEY						JUD			USA	UNITED STATES	USA								1	040	040	04	1	1.0	2	1	2	-10.1449275362319	2	Nevada, United States	US	USNV		38.4199	-117.122	NV	2	Nevada, United States	US	USNV		38.4199	-117.122	NV	2	Nevada, United States	US	USNV		38.4199	-117.122	NV	20260603194500	https://news3lv.com/features/breaking-down-the-law/rebas-law-set-for-early-test-as-teen-faces-15-felony-counts-in-horse-stabbing-case
1307319246	20260603	202606	2026	2026.4192	JUD	PROSECUTOR						JUD			USA	UNITED STATES	USA								0	081	081	08	2	5.0	2	1	2	-12.5550660792952	2	Wisconsin, United States	US	USWI		44.2563	-89.6385	WI	3	Milwaukee County, Wisconsin, United States	US	USWI		43.0006	-87.9668	1581100	3	Milwaukee County, Wisconsin, United States	US	USWI		43.0006	-87.9668	1581100	20260603194500	https://wtmj.com/news/2026/06/03/considering-the-conviction-in-judge-hannah-dugans-federal-immigration-case/
1307319247	20260603	202606	2026	2026.4192	JUD	ATTORNEY						JUD			USA	UNITED STATES	USA								0	138	138	13	3	-7.0	1	1	1	-7.32984293193718	4	London, London, City of, United Kingdom	UK	UKH9	40110	51.5	-0.116667	-2601889	4	London, London, City of, United Kingdom	UK	UKH9	40110	51.5	-0.116667	-2601889	4	London, London, City of, United Kingdom	UK	UKH9	40110	51.5	-0.116667	-2601889	20260603194500	https://www.greanvillepost.com/assange-defamers-and-defenders-slugging-it-out-on-divers-media-platforms-part-1/
1307319248	20260603	202606	2026	2026.4192	JUD	JUDGE						JUD			USA	UNITED STATES	USA								0	173	173	17	4	-5.0	3	1	3	-7.23830734966592	3	Batavia, Ohio, United States	US	USOH	OH025	39.077	-84.1769	1037672	3	Batavia, Ohio, United States	US	USOH	OH025	39.077	-84.1769	1037672	3	Batavia, Ohio, United States	US	USOH	OH025	39.077	-84.1769	1037672	20260603194500	https://www.wlwt.com/article/cody-winn-grand-theft-market-modern-batavia-sentence/71485153
1307319249	20260603	202606	2026	2026.4192	JUD	FEDERAL COURT						JUD			USA	UNITED STATES	USA								1	173	173	17	4	-5.0	1	1	1	-8.33333333333333	3	Kailua, Hawaii, United States	US	USHI	HI009	20.8944	-156.217	359893	3	Kailua, Hawaii, United States	US	USHI	HI009	20.8944	-156.217	359893	3	Kailua, Hawaii, United States	US	USHI	HI009	20.8944	-156.217	359893	20260603194500	https://www.kitv.com/news/crime/oahu-man-charged-for-allegedly-threatening-michigan-governor-and-capitol/article_d1805df6-d165-4f1a-8a53-5bfe462ed458.html
1307319250	20260603	202606	2026	2026.4192	JUD	FEDERAL COURT						JUD			USA	UNITED STATES	USA								1	173	173	17	4	-5.0	1	1	1	-8.33333333333333	2	Hawaii, United States	US	USHI		21.1098	-157.531	HI	3	Honolulu, Hawaii, United States	US	USHI	HI003	21.3069	-157.858	366212	3	Honolulu, Hawaii, United States	US	USHI	HI003	21.3069	-157.858	366212	20260603194500	https://www.kitv.com/news/crime/oahu-man-charged-for-allegedly-threatening-michigan-governor-and-capitol/article_d1805df6-d165-4f1a-8a53-5bfe462ed458.html
1307319251	20260603	202606	2026	2026.4192	JUD	FEDERAL COURT						JUD			USA	UNITED STATES	USA								1	173	173	17	4	-5.0	1	1	1	-8.33333333333333	2	Hawaii, United States	US	USHI		21.1098	-157.531	HI	2	Hawaii, United States	US	USHI		21.1098	-157.531	HI	2	Hawaii, United States	US	USHI		21.1098	-157.531	HI	20260603194500	https://www.kitv.com/news/crime/oahu-man-charged-for-allegedly-threatening-michigan-governor-and-capitol/article_d1805df6-d165-4f1a-8a53-5bfe462ed458.html
1307319252	20260603	202606	2026	2026.4192	JUD	LAWYER						JUD			USAJUD	UNITED STATES	USA					JUD			1	040	040	04	1	1.0	2	1	2	-10.1449275362319	2	Nevada, United States	US	USNV		38.4199	-117.122	NV	2	Nevada, United States	US	USNV		38.4199	-117.122	NV	2	Nevada, United States	US	USNV		38.4199	-117.122	NV	20260603194500	https://news3lv.com/features/breaking-down-the-law/rebas-law-set-for-early-test-as-teen-faces-15-felony-counts-in-horse-stabbing-case
1307319253	20260603	202606	2026	2026.4192	KEN	KENYA	KEN																		1	040	040	04	1	1.0	8	1	8	-2.61506276150627	4	Northern Frontier, North-Eastern, Kenya	KE	KE06	18585	1	40.25	-2259593	0								4	Northern Frontier, North-Eastern, Kenya	KE	KE06	18585	1	40.25	-2259593	20260603194500	https://www.standardmedia.co.ke/opinion/article/2001549467/of-wajir-madaraka-and-the-painted-road
1307319254	20260603	202606	2026	2026.4192	KEN	KENYA	KEN																		1	130	130	13	3	-4.4	5	1	5	-2.79069767441861	3	Montpelier, Vermont, United States	US	USVT	VT023	44.2601	-72.5754	1461834	0								3	Montpelier, Vermont, United States	US	USVT	VT023	44.2601	-72.5754	1461834	20260603194500	https://www.sevendaysvt.com/arts-culture/visualart/extinction-level-event-a-montpelier-art-show-depicts-endangered-avians/
1307319255	20260603	202606	2026	2026.4192	KEN	KENYA	KEN								GOV	GOVERNMENT						GOV			1	042	042	04	1	1.9	4	1	4	-2.61506276150627	4	Nairobi, Nairobi Area, Kenya	KE	KE05	18585	-1.28333	36.8167	-2258072	4	Nairobi, Nairobi Area, Kenya	KE	KE05	18585	-1.28333	36.8167	-2258072	4	Nairobi, Nairobi Area, Kenya	KE	KE05	18585	-1.28333	36.8167	-2258072	20260603194500	https://www.standardmedia.co.ke/opinion/article/2001549467/of-wajir-madaraka-and-the-painted-road
1307319256	20260603	202606	2026	2026.4192	KWT	KUWAIT	KWT								IND	SRINAGAR	IND								1	190	190	19	4	-10.0	3	1	3	-9.09090909090909	4	Tehran, Tehran, Iran	IR	IR26	41130	35.75	51.5148	10074674	3	Washington, District of Columbia, United States	US	USDC	DC001	38.8951	-77.0364	531871	4	Tehran, Tehran, Iran	IR	IR26	41130	35.75	51.5148	10074674	20260603194500	https://kashmirlife.net/indian-national-killed-in-iranian-drone-attack-on-kuwait-airport-438723/
1307319257	20260603	202606	2026	2026.4192	KWT	KUWAIT	KWT								IRN	TEHRAN	IRN								1	194	194	19	4	-10.0	4	2	4	-9.45626477541373	4	Tehran, Tehran, Iran	IR	IR26	41130	35.75	51.5148	10074674	4	Tehran, Tehran, Iran	IR	IR26	41130	35.75	51.5148	10074674	1	Israel	IS	IS		31.5	34.75	IS	20260603194500	http://www.middleeaststar.com/news/279100452/us-patriot-missile-devastated-gulf-state-airport-iran
1307319258	20260603	202606	2026	2026.4192	KWTGOVMIL	KUWAIT	KWT					GOV	MIL		KWT	KUWAIT	KWT								0	130	130	13	3	-4.4	1	1	1	-6.6304347826087	1	Israel	IS	IS		31.5	34.75	IS	1	Lebanon	LE	LE		33.833333	35.833333	LE	1	Lebanon	LE	LE		33.833333	35.833333	LE	20260603194500	https://www.manilatimes.net/2026/06/04/world/iran-strikes-kuwaits-main-airport-and-kills-1-as-ceasefire-is-tested-again/2358244
1307319259	20260603	202606	2026	2026.4192	KWTGOVMIL	KUWAIT	KWT					GOV	MIL		KWT	KUWAIT	KWT								0	130	130	13	3	-4.4	1	1	1	-6.6304347826087	1	Lebanon	LE	LE		33.833333	35.833333	LE	1	Israel	IS	IS		31.5	34.75	IS	1	Lebanon	LE	LE		33.833333	35.833333	LE	20260603194500	https://www.manilatimes.net/2026/06/04/world/iran-strikes-kuwaits-main-airport-and-kills-1-as-ceasefire-is-tested-again/2358244
1307319260	20260603	202606	2026	2026.4192	LAB	WORKER						LAB													0	010	010	01	1	0.0	6	1	6	-4.58911419423692	4	Dundalk, Louth, Ireland	EI	EI19	18297	54	-6.41667	-1502588	0								4	Dundalk, Louth, Ireland	EI	EI19	18297	54	-6.41667	-1502588	20260603194500	https://www.irishmirror.ie/news/irish-news/drogheda-mum-daughter-jailed-laundering-37244618
1307319261	20260603	202606	2026	2026.4192	LAB	WORKER						LAB													0	010	010	01	1	0.0	2	1	2	-4.58911419423692	4	Moneymore, Wicklow, Ireland	EI	EI31	18309	52.9753	-6.76694	407030	0								4	Dubai, Dubayy, United Arab Emirates	AE	AE03	28575	25.2522	55.28	-782831	20260603194500	https://www.irishmirror.ie/news/irish-news/drogheda-mum-daughter-jailed-laundering-37244618
1307319262	20260603	202606	2026	2026.4192	LAB	WORKER						LAB													0	010	010	01	1	0.0	2	1	2	-4.58911419423692	4	Moneymore, Wicklow, Ireland	EI	EI31	18309	52.9753	-6.76694	407030	0								4	Moneymore, Wicklow, Ireland	EI	EI31	18309	52.9753	-6.76694	407030	20260603194500	https://www.irishmirror.ie/news/irish-news/drogheda-mum-daughter-jailed-laundering-37244618
1307319263	20260603	202606	2026	2026.4192	LAB	EMPLOYEE						LAB													0	017	017	01	1	0.0	10	1	10	0.24968789013733	1	United States	US	US		39.828175	-98.5795	US	0								1	United States	US	US		39.828175	-98.5795	US	20260603194500	https://www.kut.org/austin/2026-06-03/travis-county-austin-tx-margaret-gomez-retires
1307319264	20260603	202606	2026	2026.4192	LAB	WORKER						LAB													1	020	020	02	1	3.0	5	1	5	4.45765230312035	1	Denmark	DA	DA		56	10	DA	0								1	Denmark	DA	DA		56	10	DA	20260603194500	https://smallbiztrends.com/citrix-launches-platform-flex-redefining-secure-access-for-diverse-workforces/
1307319265	20260603	202606	2026	2026.4192	LAB	EMPLOYEE						LAB													1	030	030	03	1	4.0	4	1	4	0.24968789013733	1	Mexico	MX	MX		23	-102	MX	0								1	Mexico	MX	MX		23	-102	MX	20260603194500	https://www.kut.org/austin/2026-06-03/travis-county-austin-tx-margaret-gomez-retires
1307319266	20260603	202606	2026	2026.4192	LAB	EMPLOYEE						LAB													1	030	030	03	1	4.0	6	1	6	0.24968789013733	1	United States	US	US		39.828175	-98.5795	US	0								1	United States	US	US		39.828175	-98.5795	US	20260603194500	https://www.kut.org/austin/2026-06-03/travis-county-austin-tx-margaret-gomez-retires
1307319267	20260603	202606	2026	2026.4192	LAB	EMPLOYEE						LAB													1	0831	083	08	2	5.0	10	1	10	0.24968789013733	1	Mexico	MX	MX		23	-102	MX	0								1	Mexico	MX	MX		23	-102	MX	20260603194500	https://www.kut.org/austin/2026-06-03/travis-county-austin-tx-margaret-gomez-retires
1307319268	20260603	202606	2026	2026.4192	LAB	WORKER						LAB													1	173	173	17	4	-5.0	10	1	10	-10.6529209621993	2	California, United States	US	USCA		36.17	-119.746	CA	0								2	California, United States	US	USCA		36.17	-119.746	CA	20260603194500	https://www.nbcbayarea.com/news/local/san-jose-man-sentenced-more-than-10-years-postal-worker-attack/4094037/
1307319269	20260603	202606	2026	2026.4192	LAB	EMPLOYEE						LAB			GOV	GOVERNMENT						GOV			1	071	071	07	2	7.4	6	1	6	-0.1980198019802	4	Wellington, New Zealand (general), New Zealand	NZ	NZ00	22391	-41.3	174.783	-1521348	4	Wellington, New Zealand (general), New Zealand	NZ	NZ00	22391	-41.3	174.783	-1521348	4	Wellington, New Zealand (general), New Zealand	NZ	NZ00	22391	-41.3	174.783	-1521348	20260603194500	https://www.theobserver.ca/news/local-news/mpp-will-bouma-removed-as-caucus-chair-by-premier-doug-ford
1307319270	20260603	202606	2026	2026.4192	LAB	STAFF MEMBER						LAB			USA	UNITED STATES	USA								0	182	182	18	4	-9.5	2	1	2	-5.08613617719442	3	Kern County, California, United States	US	USCA	CA029	35.2961	-118.668	2054176	3	Kern County, California, United States	US	USCA		35.2961	-118.668	2054176	3	Kern County, California, United States	US	USCA		35.2961	-118.668	2054176	20260603194500	https://news3lv.com/news/local/fbi-neutralizes-man-in-bomb-threat-at-chase-building-in-bakersfield-10-hostages-rescued-bakersfield-chester-and-17th-street-police-department-kern-county-california
1307319271	20260603	202606	2026	2026.4192	LBN	LEBANON	LBN																		1	016	016	01	1	-2.0	3	1	3	-2.85035629453682	4	Beirut, Beyrouth, Lebanon	LE	LE04	18808	33.8719	35.5097	-801546	0								4	Beirut, Beyrouth, Lebanon	LE	LE04	18808	33.8719	35.5097	-801546	20260603194500	https://www.albawaba.net/news/netanyahu-calls-lebanons-1629156
1307319272	20260603	202606	2026	2026.4192	LBN	LEBANON	LBN																		1	020	020	02	1	3.0	6	1	6	-2.85035629453682	4	Jerusalem, Israel (general), Israel	IS	IS00	18315	31.7667	35.2333	-797092	0								4	Jerusalem, Israel (general), Israel	IS	IS00	18315	31.7667	35.2333	-797092	20260603194500	https://www.albawaba.net/news/netanyahu-calls-lebanons-1629156
1307319273	20260603	202606	2026	2026.4192	LBN	LEBANON	LBN																		0	042	042	04	1	1.9	1	1	1	-4.11764705882353	2	New York, United States	US	USNY		42.1497	-74.9384	NY	0								2	New York, United States	US	USNY		42.1497	-74.9384	NY	20260603194500	https://dominicanrepublicpost.com/netanyahu-downplays-us-israel-rift-after-trump-confirms-criticism/
1307319274	20260603	202606	2026	2026.4192	LBN	LEBANON	LBN																		1	051	051	05	1	3.4	6	1	6	7.76699029126214	4	Asmara, Ma'akel, Eritrea	ER	ER05	15888	15.3333	38.9333	-604780	0								4	Asmara, Ma'akel, Eritrea	ER	ER05	15888	15.3333	38.9333	-604780	20260603194500	https://shabait.com/2026/06/03/messages-of-congratulations-89/
1307319275	20260603	202606	2026	2026.4192	LBN	LEBANESE	LBN																		1	062	062	06	2	7.4	1	1	1	-6.60660660660661	4	Beirut, Beyrouth, Lebanon	LE	LE04	18808	33.8719	35.5097	-801546	0								1	Israel	IS	IS		31.5	34.75	IS	20260603194500	https://dominicanrepublicpost.com/israeli-attacks-kill-nine-in-lebanon-reach-beirut-outskirts/
1307319276	20260603	202606	2026	2026.4192	LBN	LEBANESE	LBN																		1	062	062	06	2	7.4	3	1	3	-6.60660660660661	4	Chehour, Liban-Sud, Lebanon	LE	LE06	18806	33.3	35.3706	-810948	0								4	Chehour, Liban-Sud, Lebanon	LE	LE06	18806	33.3	35.3706	-810948	20260603194500	https://dominicanrepublicpost.com/israeli-attacks-kill-nine-in-lebanon-reach-beirut-outskirts/
1307319277	20260603	202606	2026	2026.4192	LBN	LEBANESE	LBN																		1	062	062	06	2	7.4	1	1	1	-6.60660660660661	1	Israel	IS	IS		31.5	34.75	IS	0								1	Israel	IS	IS		31.5	34.75	IS	20260603194500	https://dominicanrepublicpost.com/israeli-attacks-kill-nine-in-lebanon-reach-beirut-outskirts/
1307319278	20260603	202606	2026	2026.4192	LBN	LEBANESE	LBN								ISR	ISRAELI	ISR								0	012	012	01	1	-0.4	2	1	2	-6.60660660660661	1	Israel	IS	IS		31.5	34.75	IS	1	Israel	IS	IS		31.5	34.75	IS	1	Israel	IS	IS		31.5	34.75	IS	20260603194500	https://dominicanrepublicpost.com/israeli-attacks-kill-nine-in-lebanon-reach-beirut-outskirts/
1307319279	20260603	202606	2026	2026.4192	LBN	LEBANON	LBN								ISR	ISRAEL	ISR								0	0356	035	03	1	7.0	4	1	4	-6.60660660660661	4	Beirut, Beyrouth, Lebanon	LE	LE04	18808	33.8719	35.5097	-801546	1	Israel	IS	IS		31.5	34.75	IS	4	Beirut, Beyrouth, Lebanon	LE	LE04	18808	33.8719	35.5097	-801546	20260603194500	https://dominicanrepublicpost.com/israeli-attacks-kill-nine-in-lebanon-reach-beirut-outskirts/
1307319280	20260603	202606	2026	2026.4192	LBN	LEBANON	LBN								ISR	ISRAEL	ISR								0	0356	035	03	1	7.0	1	1	1	-6.60660660660661	1	Israel	IS	IS		31.5	34.75	IS	1	Israel	IS	IS		31.5	34.75	IS	4	Beirut, Beyrouth, Lebanon	LE	LE04	18808	33.8719	35.5097	-801546	20260603194500	https://dominicanrepublicpost.com/israeli-attacks-kill-nine-in-lebanon-reach-beirut-outskirts/
1307319281	20260603	202606	2026	2026.4192	LBN	LEBANON	LBN								ISRGOV	ISRAEL	ISR					GOV			0	120	120	12	3	-4.0	2	1	2	-6.60660660660661	4	Beirut, Beyrouth, Lebanon	LE	LE04	18808	33.8719	35.5097	-801546	1	Israel	IS	IS		31.5	34.75	IS	1	Israel	IS	IS		31.5	34.75	IS	20260603194500	https://dominicanrepublicpost.com/israeli-attacks-kill-nine-in-lebanon-reach-beirut-outskirts/
1307319282	20260603	202606	2026	2026.4192	LBN	LEBANESE	LBN								LBNMIL	LEBANESE	LBN					MIL			1	062	062	06	2	7.4	5	1	5	-6.60660660660661	4	Chehour, Liban-Sud, Lebanon	LE	LE06	18806	33.3	35.3706	-810948	4	Beirut, Beyrouth, Lebanon	LE	LE04	18808	33.8719	35.5097	-801546	4	Chehour, Liban-Sud, Lebanon	LE	LE06	18806	33.3	35.3706	-810948	20260603194500	https://dominicanrepublicpost.com/israeli-attacks-kill-nine-in-lebanon-reach-beirut-outskirts/
1307319283	20260603	202606	2026	2026.4192	LBN	LEBANESE	LBN								USA	WASHINGTON	USA								0	040	040	04	1	1.0	6	1	6	-6.60660660660661	4	Beirut, Beyrouth, Lebanon	LE	LE04	18808	33.8719	35.5097	-801546	3	Washington, District of Columbia, United States	US	USDC	DC001	38.8951	-77.0364	531871	3	Washington, District of Columbia, United States	US	USDC	DC001	38.8951	-77.0364	531871	20260603194500	https://dominicanrepublicpost.com/israeli-attacks-kill-nine-in-lebanon-reach-beirut-outskirts/
1307319284	20260603	202606	2026	2026.4192	LBN	LEBANON	LBN								USA	UNITED STATES	USA								0	040	040	04	1	1.0	2	1	2	-6.60660660660661	1	Israel	IS	IS		31.5	34.75	IS	3	Washington, District of Columbia, United States	US	USDC	DC001	38.8951	-77.0364	531871	4	Beirut, Beyrouth, Lebanon	LE	LE04	18808	33.8719	35.5097	-801546	20260603194500	https://dominicanrepublicpost.com/israeli-attacks-kill-nine-in-lebanon-reach-beirut-outskirts/
1307319285	20260603	202606	2026	2026.4192	LBN	LEBANON	LBN								USA	WASHINGTON	USA								0	040	040	04	1	1.0	2	1	2	-6.60660660660661	1	Israel	IS	IS		31.5	34.75	IS	1	Israel	IS	IS		31.5	34.75	IS	1	Israel	IS	IS		31.5	34.75	IS	20260603194500	https://dominicanrepublicpost.com/israeli-attacks-kill-nine-in-lebanon-reach-beirut-outskirts/
1307319286	20260603	202606	2026	2026.4192	LBNMIL	LEBANESE	LBN					MIL			LBN	LEBANESE	LBN								1	190	190	19	4	-10.0	3	1	3	-6.60660660660661	4	Beirut, Beyrouth, Lebanon	LE	LE04	18808	33.8719	35.5097	-801546	4	Chehour, Liban-Sud, Lebanon	LE	LE06	18806	33.3	35.3706	-810948	4	Chehour, Liban-Sud, Lebanon	LE	LE06	18806	33.3	35.3706	-810948	20260603194500	https://dominicanrepublicpost.com/israeli-attacks-kill-nine-in-lebanon-reach-beirut-outskirts/
1307319287	20260603	202606	2026	2026.4192	LBR	LIBERIA	LBR																		1	040	040	04	1	1.0	4	1	4	3.11750599520383	4	Monrovia, Montserrado, Liberia	LI	LI14	147290	6.31056	-10.8047	-2134012	0								4	Grand Bassa, Grand Bassa, Liberia	LI	LI11	147175	5.88083	-10.0467	-2130737	20260603194500	https://gnnliberia.com/advancing-fiscal-decentralization-and-local-revenue-in-liberia/
1307319288	20260603	202606	2026	2026.4192	LBR	MONROVIA	LBR								LEG	HOUSE OF REPRESENTATIVES						LEG			1	130	130	13	3	-4.4	3	1	3	-8.78787878787879	4	Monrovia, Montserrado, Liberia	LI	LI14	147290	6.31056	-10.8047	-2134012	4	Monrovia, Montserrado, Liberia	LI	LI14	147290	6.31056	-10.8047	-2134012	4	Monrovia, Montserrado, Liberia	LI	LI14	147290	6.31056	-10.8047	-2134012	20260603194500	https://gnnliberia.com/speaker-koon-threatens-salary-deductions-for-absentee-lawmakers/
1307319289	20260603	202606	2026	2026.4192	LBR	MONROVIA	LBR								SWEGOV	SWEDEN	SWE					GOV			1	051	051	05	1	3.4	10	1	10	3.11750599520383	4	Nimba, Nimba, Liberia	LI	LI09	40744	7.48889	-8.57083	-2132286	4	Nimba, Nimba, Liberia	LI	LI09	40744	7.48889	-8.57083	-2132286	4	Nimba, Nimba, Liberia	LI	LI09	40744	7.48889	-8.57083	-2132286	20260603194500	https://gnnliberia.com/advancing-fiscal-decentralization-and-local-revenue-in-liberia/
1307319290	20260603	202606	2026	2026.4192	LBR	MONROVIA	LBR								bas	BASSA			bas						1	040	040	04	1	1.0	6	1	6	3.11750599520383	4	Monrovia, Montserrado, Liberia	LI	LI14	147290	6.31056	-10.8047	-2134012	4	Grand Bassa, Grand Bassa, Liberia	LI	LI11	147175	5.88083	-10.0467	-2130737	4	Grand Bassa, Grand Bassa, Liberia	LI	LI11	147175	5.88083	-10.0467	-2130737	20260603194500	https://gnnliberia.com/advancing-fiscal-decentralization-and-local-revenue-in-liberia/
1307319291	20260603	202606	2026	2026.4192	LEG	CONGRESS						LEG													1	015	015	01	1	0.0	20	2	20	-3.81348698250107	0								0								0								20260603194500	https://www.wsbradio.com/news/politics/polymarket-cuts-ties/LIBES55YJY7OZITBA3BHEYGNNE/
1307319292	20260603	202606	2026	2026.4192	LEG	CONGRESSWOMAN						LEG													1	020	020	02	1	3.0	5	1	5	-3.41685649202733	2	New Jersey, United States	US	USNJ		40.314	-74.5089	NJ	0								2	New Jersey, United States	US	USNJ		40.314	-74.5089	NJ	20260603194500	https://wobm.com/ixp/385/p/nj-teen-popup-response/
1307319293	20260603	202606	2026	2026.4192	LEG	SENATE						LEG													1	036	036	03	1	4.0	10	1	10	2.95857988165681	2	Pennsylvania, United States	US	USPA		40.5773	-77.264	PA	0								2	Pennsylvania, United States	US	USPA		40.5773	-77.264	PA	20260603194500	https://www.erienewsnow.com/news/pa-senators-work-to-advance-statewide-electrician-licensing/article_105f9525-9336-4256-8345-f897455cfd32.html
1307319294	20260603	202606	2026	2026.4192	LEG	SENATE						LEG													1	070	070	07	2	7.0	5	1	5	-6.69077757685349	4	Philippine, Benguet, Philippines	RP	RP10	24213	16.45	120.55	-2445611	0								4	Philippine, Benguet, Philippines	RP	RP10	24213	16.45	120.55	-2445611	20260603194500	https://www.manilatimes.net/2026/06/04/opinion/columns/the-politics-of-absurdity/2358081
1307319295	20260603	202606	2026	2026.4192	LEG	LAWMAKER						LEG													0	112	112	11	3	-2.0	5	1	5	0	2	Georgia, United States	US	USGA		32.9866	-83.6487	GA	0								2	Georgia, United States	US	USGA		32.9866	-83.6487	GA	20260603194500	https://ktar.com/national-news/district-attorney-challenges-new-georgia-law-that-removes-party-labels-in-atlanta-area-elections/5876572/
1307319296	20260603	202606	2026	2026.4192	LEG	CONGRESS						LEG													0	161	161	16	4	-4.0	10	1	10	-2.9535864978903	3	Washington, District of Columbia, United States	US	USDC	DC001	38.8951	-77.0364	531871	0								3	Washington, District of Columbia, United States	US	USDC	DC001	38.8951	-77.0364	531871	20260603194500	https://www.winnipegfreepress.com/arts-and-life/life/sci-tech/2026/06/03/polymarket-cuts-ties-with-george-santos-as-regulators-probe-trades-on-rival-prediction-market
1307319297	20260603	202606	2026	2026.4192	LEG	CONGRESS						LEG			CVL	CONSTITUENT						CVL			0	090	090	09	2	-2.0	1	1	1	0.77881619937695	2	New Jersey, United States	US	USNJ		40.314	-74.5089	NJ	2	New Jersey, United States	US	USNJ		40.314	-74.5089	NJ	2	New Jersey, United States	US	USNJ		40.314	-74.5089	NJ	20260603194500	https://www.aol.co.uk/articles/us-primary-voters-choose-midterm-090047622.html
1307319298	20260603	202606	2026	2026.4192	LEG	LAWMAKER						LEG			EDU	SCHOOL						EDU			1	110	110	11	3	-2.0	10	1	10	-0.37593984962406	3	Allegheny County, Pennsylvania, United States	US	USPA	PA003	40.6253	-80.1251	1213657	3	Allegheny County, Pennsylvania, United States	US	USPA		40.6253	-80.1251	1213657	3	Allegheny County, Pennsylvania, United States	US	USPA		40.6253	-80.1251	1213657	20260603194500	https://www.erienewsnow.com/news/harrisburg/school-phone-ban-saga-continues-in-pennsylvania-legislature/article_3c70e9cb-c889-5c44-8338-a0ed553537e7.html
1307319299	20260603	202606	2026	2026.4192	LEG	SENATE						LEG			GOV	ADMINISTRATION						GOV			1	010	010	01	1	0.0	10	1	10	-4.75113122171946	1	United States	US	US		39.828175	-98.5795	US	1	United States	US	US		39.828175	-98.5795	US	1	United States	US	US		39.828175	-98.5795	US	20260603194500	https://fox11online.com/news/nation-world/president-trump-says-doj-going-forward-with-lawfare-weaponization-compensation-fund-despite-acting-ags-todd-blanche-testimony
1307319300	20260603	202606	2026	2026.4192	LEG	SENATE						LEG			GOV	PRESIDENT						GOV			0	112	112	11	3	-2.0	10	1	10	-4.75113122171946	1	United States	US	US		39.828175	-98.5795	US	1	United States	US	US		39.828175	-98.5795	US	1	United States	US	US		39.828175	-98.5795	US	20260603194500	https://fox11online.com/news/nation-world/president-trump-says-doj-going-forward-with-lawfare-weaponization-compensation-fund-despite-acting-ags-todd-blanche-testimony
1307319301	20260603	202606	2026	2026.4192	LEG	LAWMAKER						LEG			JUD	JUDGE						JUD			0	030	030	03	1	4.0	26	4	26	-5.10286345972917	2	New Jersey, United States	US	USNJ		40.314	-74.5089	NJ	2	New Jersey, United States	US	USNJ		40.314	-74.5089	NJ	2	New Jersey, United States	US	USNJ		40.314	-74.5089	NJ	20260603194500	https://www.yoursourceone.com/news/national_news/treasury-secretary-scott-bessent-refuses-to-say-whether-trump-remains-exempt-from-irs-audits/article_e39e880e-def8-5023-9114-8620d8299df4.html
1307319302	20260603	202606	2026	2026.4192	LEG	LAWMAKER						LEG			JUD	JUDGE						JUD			0	030	030	03	1	4.0	6	1	6	-5.24822695035461	2	New York, United States	US	USNY		42.1497	-74.9384	NY	2	New York, United States	US	USNY		42.1497	-74.9384	NY	2	New York, United States	US	USNY		42.1497	-74.9384	NY	20260603194500	https://www.wsbradio.com/news/politics/treasury-secretary/PUYKWBJHJY7HRNVM4CMS5TPRAM/
1307319303	20260603	202606	2026	2026.4192	LEG	GENERAL ASSEMBLY						LEG			SPY	INTELLIGENCE						SPY			1	190	190	19	4	-10.0	5	1	5	3.6144578313253	2	Pennsylvania, United States	US	USPA		40.5773	-77.264	PA	2	Pennsylvania, United States	US	USPA		40.5773	-77.264	PA	2	Pennsylvania, United States	US	USPA		40.5773	-77.264	PA	20260603194500	https://www.erienewsnow.com/news/pa-senate-approves-child-online-safety-task-force/article_a3c33502-d0e5-478c-ba53-090bf54f1d49.html
1307319304	20260603	202606	2026	2026.4192	LEG	CONGRESSWOMAN						LEG			USA	NEW JERSEY	USA								0	043	043	04	1	2.8	2	1	2	0.77881619937695	4	Gaza, Israel (general), Israel	IS	IS00	18315	31.4167	34.3333	-797156	2	New Jersey, United States	US	USNJ		40.314	-74.5089	NJ	2	New Jersey, United States	US	USNJ		40.314	-74.5089	NJ	20260603194500	https://www.aol.co.uk/articles/us-primary-voters-choose-midterm-090047622.html
1307319305	20260603	202606	2026	2026.4192	MDV	MALE	MDV																		1	040	040	04	1	1.0	8	1	8	-8.80503144654087	3	Martin County, Indiana, United States	US	USIN	IN101	38.6664	-86.7911	451679	0								3	Martin County, Indiana, United States	US	USIN		38.6664	-86.7911	451679	20260603194500	https://www.wthitv.com:443/2026/06/01/police-worthington-man-was-drunk-had-drugs-child-car-after-crash/
1307319306	20260603	202606	2026	2026.4192	MED	MEDIA						MED													1	012	012	01	1	-0.4	10	1	10	-0.85910652920962	4	Madras, Tamil Nadu, India	IN	IN25	70251	13.0833	80.2833	-2103041	0								4	Madras, Tamil Nadu, India	IN	IN25	70251	13.0833	80.2833	-2103041	20260603194500	https://economictimes.indiatimes.com/news/india/claude-other-ai-tools-used-to-breach-cbse-portals-iit-panel/articleshow/131491324.cms
1307319307	20260603	202606	2026	2026.4192	MED	JOURNALIST						MED													1	043	043	04	1	2.8	10	1	10	-2.37247924080664	1	Egypt	EG	EG		27	30	EG	0								1	Egypt	EG	EG		27	30	EG	20260603194500	https://www.comingsoon.net/movies/features/2142430-lee-cronin-the-mummy-twist-ending-explained-interview
1307319308	20260603	202606	2026	2026.4192	MED	MEDIA						MED													0	084	084	08	2	7.0	10	1	10	0.75471698113207	4	Accra, Greater Accra, Ghana	GH	GH01	190655	5.55	-0.216667	-2067935	0								4	Accra, Greater Accra, Ghana	GH	GH01	190655	5.55	-0.216667	-2067935	20260603194500	https://www.africa-newsroom.com/press/many-africans-see-justice-system-as-unequal-costly-and-slow-afrobarometer-survey-reveals
1307319309	20260603	202606	2026	2026.4192	MED	PUBLISHER						MED													1	111	111	11	3	-2.0	10	1	10	5.03597122302158	4	Cambridge, Cambridgeshire, United Kingdom	UK	UKC3	40098	52.2	0.116667	-2591658	0								4	Cambridge, Cambridgeshire, United Kingdom	UK	UKC3	40098	52.2	0.116667	-2591658	20260603194500	https://njbiz.com/wiley-acquires-emerald-publishing-452m-deal/
1307319310	20260603	202606	2026	2026.4192	MED	MEDIA						MED													1	128	128	12	3	-5.0	5	1	5	-0.85910652920962	4	Madras, Tamil Nadu, India	IN	IN25	70251	13.0833	80.2833	-2103041	0								4	Madras, Tamil Nadu, India	IN	IN25	70251	13.0833	80.2833	-2103041	20260603194500	https://economictimes.indiatimes.com/news/india/claude-other-ai-tools-used-to-breach-cbse-portals-iit-panel/articleshow/131491324.cms
1307319311	20260603	202606	2026	2026.4192	MED	MEDIA						MED			BUS	INVESTOR						BUS			0	015	015	01	1	0.0	8	1	8	-7.23830734966592	2	Ohio, United States	US	USOH		40.3736	-82.7755	OH	2	Ohio, United States	US	USOH		40.3736	-82.7755	OH	2	Ohio, United States	US	USOH		40.3736	-82.7755	OH	20260603194500	https://www.wlwt.com/article/cody-winn-grand-theft-market-modern-batavia-sentence/71485153
1307319312	20260603	202606	2026	2026.4192	MED	CORRESPONDENT						MED			BUS	BOSS						BUS			0	036	036	03	1	4.0	6	1	6	0	3	Alameda County, California, United States	US	USCA	CA001	37.5999	-121.884	1675839	3	Alameda County, California, United States	US	USCA		37.5999	-121.884	1675839	3	Alameda County, California, United States	US	USCA		37.5999	-121.884	1675839	20260603194500	https://sfist.com/2026/06/03/post-election-headlines-governors-race-too-close-to-call/
1307319313	20260603	202606	2026	2026.4192	MED	JOURNALIST						MED			BUS	BUSINESS						BUS			0	090	090	09	2	-2.0	10	1	10	-1.88679245283019	2	New York, United States	US	USNY		42.1497	-74.9384	NY	2	New York, United States	US	USNY		42.1497	-74.9384	NY	2	New York, United States	US	USNY		42.1497	-74.9384	NY	20260603194500	https://www.journalismpakistan.com/what-the-60-minutes-controversy-means-for-tv-journalism
1307319314	20260603	202606	2026	2026.4192	MED	MEDIA						MED			LEG	CONGRESSMAN						LEG			1	010	010	01	1	0.0	4	1	4	1.73410404624278	1	United States	US	US		39.828175	-98.5795	US	1	United States	US	US		39.828175	-98.5795	US	1	United States	US	US		39.828175	-98.5795	US	20260603194500	https://www.yahoo.com/news/politics/articles/johnson-untoward-homosexuality-post-supposed-154549730.html
1307319315	20260603	202606	2026	2026.4192	MED	MEDIA						MED			USA	UNITED STATES	USA								0	010	010	01	1	0.0	1	1	1	-1.62887959498129	2	New York, United States	US	USNY		42.1497	-74.9384	NY	2	New York, United States	US	USNY		42.1497	-74.9384	NY	3	Hollywood, California, United States	US	USCA	CA037	34.0983	-118.327	1660757	20260603194500	https://www.greanvillepost.com/leo-zhao-brilliantly-explains-all-the-hidden-forces-behind-our-headlines-and-what-to-expect-for-the-future/
1307319316	20260603	202606	2026	2026.4192	MED	CORRESPONDENT						MED			USA	UNITED STATES	USA								0	036	036	03	1	4.0	2	1	2	0	3	Alameda County, California, United States	US	USCA	CA001	37.5999	-121.884	1675839	3	Alameda County, California, United States	US	USCA		37.5999	-121.884	1675839	3	Alameda County, California, United States	US	USCA		37.5999	-121.884	1675839	20260603194500	https://sfist.com/2026/06/03/post-election-headlines-governors-race-too-close-to-call/
1307319317	20260603	202606	2026	2026.4192	MED	NEWSPAPER						MED			USA	CALIFORNIA	USA								0	051	051	05	1	3.4	3	1	3	7.32984293193717	3	Placerville, California, United States	US	USCA	CA017	38.7296	-120.799	277577	2	California, United States	US	USCA		36.17	-119.746	CA	2	California, United States	US	USCA		36.17	-119.746	CA	20260603194500	https://www.mtdemocrat.com/prospecting/golden-history-days-return-to-main-street/article_61fc463b-258a-47e0-81b9-731a3dc9dd32.html
1307319318	20260603	202606	2026	2026.4192	MED	NEWSPAPER						MED			USA	CALIFORNIA	USA								0	060	060	06	2	6.0	3	1	3	7.32984293193717	3	El Dorado County, California, United States	US	USCA	CA017	38.7666	-120.518	277273	3	El Dorado County, California, United States	US	USCA		38.7666	-120.518	277273	3	El Dorado County, California, United States	US	USCA		38.7666	-120.518	277273	20260603194500	https://www.mtdemocrat.com/prospecting/golden-history-days-return-to-main-street/article_61fc463b-258a-47e0-81b9-731a3dc9dd32.html
1307319319	20260603	202606	2026	2026.4192	MEX	MEXICO	MEX																		1	010	010	01	1	0.0	6	1	4	-1.21951219512195	4	Tecate, Baja California, Mexico	MX	MX02	19588	32.5667	-116.633	-1704478	0								4	Tecate, Baja California, Mexico	MX	MX02	19588	32.5667	-116.633	-1704478	20260603194500	https://www.sandiegouniontribune.com/2026/06/03/600-firefighters-aided-by-helicopters-and-air-tankers-battle-fire-south-of-dulzura/
1307319320	20260603	202606	2026	2026.4192	MEX	MEXICO	MEX																		1	010	010	01	1	0.0	2	1	2	-1.21951219512195	4	Tecate, Baja California, Mexico	MX	MX02	19588	32.5667	-116.633	-1704478	0								3	San Diego, California, United States	US	USCA		32.7153	-117.157	1661377	20260603194500	https://www.sandiegouniontribune.com/2026/06/03/600-firefighters-aided-by-helicopters-and-air-tankers-battle-fire-south-of-dulzura/
1307319321	20260603	202606	2026	2026.4192	MEX	MEXICO	MEX								BUS	TANKER						BUS			1	190	190	19	4	-10.0	2	1	2	-1.21951219512195	4	Tecate, Baja California, Mexico	MX	MX02	19588	32.5667	-116.633	-1704478	4	Tecate, Baja California, Mexico	MX	MX02	19588	32.5667	-116.633	-1704478	4	Tecate, Baja California, Mexico	MX	MX02	19588	32.5667	-116.633	-1704478	20260603194500	https://www.sandiegouniontribune.com/2026/06/03/600-firefighters-aided-by-helicopters-and-air-tankers-battle-fire-south-of-dulzura/
1307319322	20260603	202606	2026	2026.4192	MEX	MEXICO	MEX								BUS	TANKER						BUS			1	190	190	19	4	-10.0	3	1	3	-1.21951219512195	4	Tecate, Baja California, Mexico	MX	MX02	19588	32.5667	-116.633	-1704478	3	Dulzura, California, United States	US	USCA	CA073	32.6442	-116.781	270936	4	Tecate, Baja California, Mexico	MX	MX02	19588	32.5667	-116.633	-1704478	20260603194500	https://www.sandiegouniontribune.com/2026/06/03/600-firefighters-aided-by-helicopters-and-air-tankers-battle-fire-south-of-dulzura/
1307319323	20260603	202606	2026	2026.4192	MEX	MEXICO	MEX								GOV	FIREFIGHTER						GOV			1	190	190	19	4	-10.0	5	1	5	-1.21951219512195	4	Tecate, Baja California, Mexico	MX	MX02	19588	32.5667	-116.633	-1704478	3	Dulzura, California, United States	US	USCA	CA073	32.6442	-116.781	270936	4	Tecate, Baja California, Mexico	MX	MX02	19588	32.5667	-116.633	-1704478	20260603194500	https://www.sandiegouniontribune.com/2026/06/03/600-firefighters-aided-by-helicopters-and-air-tankers-battle-fire-south-of-dulzura/
1307319324	20260603	202606	2026	2026.4192	MIL	NAVY						MIL													1	010	010	01	1	0.0	5	1	5	0	2	Maine, United States	US	USME		44.6074	-69.3977	ME	0								2	Maine, United States	US	USME		44.6074	-69.3977	ME	20260603194500	https://www.naval-technology.com/news/us-navy-final-arleigh-burke-ddg/
1307319325	20260603	202606	2026	2026.4192	MIL	MILITARY						MIL													0	020	020	02	1	3.0	6	1	6	6.89075630252101	4	Abuja, Abuja Federal Capital Territory, Nigeria	NI	NI11	191147	9.08333	7.53333	-1997013	0								4	Abuja, Abuja Federal Capital Territory, Nigeria	NI	NI11	191147	9.08333	7.53333	-1997013	20260603194500	https://thesun.ng/naf-reaffirms-commitment-to-civilian-protection-at-maiden-harm-mitigation-seminar/
1307319326	20260603	202606	2026	2026.4192	MIL	MILITARY						MIL													0	100	100	10	3	-5.0	1	1	1	-3.16091954022989	5	Federal Capital Territory, Abuja Federal Capital Territory, Nigeria	NI	NI11	22778	8.83333	7.16667	-1997015	0								5	Federal Capital Territory, Abuja Federal Capital Territory, Nigeria	NI	NI11	22778	8.83333	7.16667	-1997015	20260603194500	https://gnnliberia.com/before-judicial-anarchy-returns-to-nigeria-2/
1307319327	20260603	202606	2026	2026.4192	MIL	MILITARY						MIL													0	100	100	10	3	-5.0	9	1	9	-3.16091954022989	4	Kano, Kano, Nigeria	NI	NI29	191030	11.9964	8.51667	-2014610	0								4	Kano, Kano, Nigeria	NI	NI29	191030	11.9964	8.51667	-2014610	20260603194500	https://gnnliberia.com/before-judicial-anarchy-returns-to-nigeria-2/
1307319328	20260603	202606	2026	2026.4192	MIL	CARRIER						MIL													0	124	124	12	3	-4.0	6	1	6	-2.57936507936508	3	Washington, District of Columbia, United States	US	USDC	DC001	38.8951	-77.0364	531871	0								3	Washington, District of Columbia, United States	US	USDC	DC001	38.8951	-77.0364	531871	20260603194500	https://gcaptain.com/maritime-action-plan-takes-center-stage-as-congress-reviews-marad-fmc-budgets/
1307319329	20260603	202606	2026	2026.4192	MIL	MILITARY						MIL													0	150	150	15	4	-7.2	5	1	5	-1.84331797235023	4	Taipei, T'ai-pei, Taiwan	TW	TW03	13277	25.0478	121.532	-2637882	0								4	Taipei, T'ai-pei, Taiwan	TW	TW03	13277	25.0478	121.532	-2637882	20260603194500	https://foreignpolicy.com/2026/06/03/taiwan-china-us-invasion-war-military-arms-weapons/
1307319330	20260603	202606	2026	2026.4192	MIL	ARMY						MIL													0	190	190	19	4	-10.0	10	1	10	-5.03693754197448	4	Srebrenica, Republika Srpska, Bosnia-Herzegovina	BK	BK02	47653	44.1075	19.2967	-96608	0								4	Srebrenica, Republika Srpska, Bosnia-Herzegovina	BK	BK02	47653	44.1075	19.2967	-96608	20260603194500	https://www.greanvillepost.com/108895/
1307319331	20260603	202606	2026	2026.4192	MIL	MILITARY						MIL			AFG	AFGHANISTAN	AFG								1	130	130	13	3	-4.4	4	1	4	-5.16751845542306	1	Ireland	EI	EI		53	-8	EI	4	Sunak, Daykondi, Afghanistan	AF	AF41	100027	33.9224	65.8281	-3393903	1	Ireland	EI	EI		53	-8	EI	20260603194500	https://www.dailymail.com/news/article-15839501/Veterans-fury-Al-Carns-betrayed-British-war-heroes.html
1307319332	20260603	202606	2026	2026.4192	MIL	MILITARY						MIL			AFG	AFGHANISTAN	AFG								1	130	130	13	3	-4.4	1	1	1	-5.16751845542306	1	Ireland	EI	EI		53	-8	EI	1	Iraq	IZ	IZ		33	44	IZ	1	Ireland	EI	EI		53	-8	EI	20260603194500	https://www.dailymail.com/news/article-15839501/Veterans-fury-Al-Carns-betrayed-British-war-heroes.html
1307319333	20260603	202606	2026	2026.4192	MIL	MILITARY						MIL			COP	POLICE						COP			0	051	051	05	1	3.4	10	1	10	5.74074074074074	3	First Presbyterian Church, Michigan, United States	US	USMI	MI053	46.4556	-90.1664	2126125	3	First Presbyterian Church, Michigan, United States	US	USMI		46.4556	-90.1664	2126125	3	First Presbyterian Church, Michigan, United States	US	USMI		46.4556	-90.1664	2126125	20260603194500	https://www.candgnews.com/news/may-we-honor-their-memory-11175
1307319334	20260603	202606	2026	2026.4192	MIL	MILITARY						MIL			ETH	ETHIOPIAN	ETH								0	050	050	05	1	3.5	1	1	1	-2.13930348258706	4	Assab, Debubawi K'eyih Bahri, Eritrea	ER	ER03	15862	13.0092	42.7394	-604694	4	Assab, Debubawi K'eyih Bahri, Eritrea	ER	ER03	15862	13.0092	42.7394	-604694	4	Assab, Debubawi K'eyih Bahri, Eritrea	ER	ER03	15862	13.0092	42.7394	-604694	20260603194500	https://foreignpolicy.com/2026/06/03/america-africa-adventurism-emirates-qatar/
1307319335	20260603	202606	2026	2026.4192	MIL	MILITARY						MIL			ETH	ETHIOPIAN	ETH								0	050	050	05	1	3.5	1	1	1	-2.13930348258706	4	Tigray, Tigray, Ethiopia	ET	ET53	149298	13.5	39.5	-620571	4	Tigray, Tigray, Ethiopia	ET	ET53	149298	13.5	39.5	-620571	4	Tigray, Tigray, Ethiopia	ET	ET53	149298	13.5	39.5	-620571	20260603194500	https://foreignpolicy.com/2026/06/03/america-africa-adventurism-emirates-qatar/
1307319336	20260603	202606	2026	2026.4192	MIL	CAPTAIN						MIL			FRA	FRANCE	FRA								0	190	190	19	4	-10.0	2	1	2	-0.37293553542888	1	France	FR	FR		46	2	FR	1	France	FR	FR		46	2	FR	1	France	FR	FR		46	2	FR	20260603194500	https://screenrant.com/star-trek-generations-every-death-explained/
1307319337	20260603	202606	2026	2026.4192	MIL	REGIMENT						MIL			IRQ	IRAQ	IRQ								1	070	070	07	2	7.0	8	1	8	1.5748031496063	2	Wisconsin, United States	US	USWI		44.2563	-89.6385	WI	1	Iraq	IZ	IZ		33	44	IZ	2	Wisconsin, United States	US	USWI		44.2563	-89.6385	WI	20260603194500	https://fox11online.com/news/local/final-group-of-deployed-wisconsin-national-guard-soldiers-return-home-2nd-battalion-127th-infantry-welcome-ceremony-appleton-airport-middle-east-deployment-iraq-kuwait-operation-epic-fury-strait-of-hormuz-iran
1307319338	20260603	202606	2026	2026.4192	MIL	REGIMENT						MIL			IRQ	IRAQ	IRQ								1	070	070	07	2	7.0	2	1	2	1.5748031496063	2	Wisconsin, United States	US	USWI		44.2563	-89.6385	WI	1	Kuwait	KU	KU		29.5	47.75	KU	2	Wisconsin, United States	US	USWI		44.2563	-89.6385	WI	20260603194500	https://fox11online.com/news/local/final-group-of-deployed-wisconsin-national-guard-soldiers-return-home-2nd-battalion-127th-infantry-welcome-ceremony-appleton-airport-middle-east-deployment-iraq-kuwait-operation-epic-fury-strait-of-hormuz-iran
1307319339	20260603	202606	2026	2026.4192	MIL	MILITARY						MIL			IRQ	IRAQ	IRQ								1	130	130	13	3	-4.4	5	1	5	-5.16751845542306	4	Coagh, Cookstown, United Kingdom	UK	UKR7	40151	54.65	-6.61667	-2592898	4	Coagh, Cookstown, United Kingdom	UK	UKR7	40151	54.65	-6.61667	-2592898	4	Coagh, Cookstown, United Kingdom	UK	UKR7	40151	54.65	-6.61667	-2592898	20260603194500	https://www.dailymail.com/news/article-15839501/Veterans-fury-Al-Carns-betrayed-British-war-heroes.html
1307319340	20260603	202606	2026	2026.4192	MIL	REGIMENT						MIL			KWT	KUWAIT	KWT								1	070	070	07	2	7.0	10	1	10	1.5748031496063	2	Wisconsin, United States	US	USWI		44.2563	-89.6385	WI	1	Kuwait	KU	KU		29.5	47.75	KU	2	Wisconsin, United States	US	USWI		44.2563	-89.6385	WI	20260603194500	https://fox11online.com/news/local/final-group-of-deployed-wisconsin-national-guard-soldiers-return-home-2nd-battalion-127th-infantry-welcome-ceremony-appleton-airport-middle-east-deployment-iraq-kuwait-operation-epic-fury-strait-of-hormuz-iran
1307319341	20260603	202606	2026	2026.4192	MILELI	LAND FORCE						MIL	ELI		GBRMIL	BRITISH	GBR					MIL			0	043	043	04	1	2.8	3	1	3	-5.16751845542306	4	Coagh, Cookstown, United Kingdom	UK	UKR7	40151	54.65	-6.61667	-2592898	4	Coagh, Cookstown, United Kingdom	UK	UKR7	40151	54.65	-6.61667	-2592898	4	Coagh, Cookstown, United Kingdom	UK	UKR7	40151	54.65	-6.61667	-2592898	20260603194500	https://www.dailymail.com/news/article-15839501/Veterans-fury-Al-Carns-betrayed-British-war-heroes.html
1307319342	20260603	202606	2026	2026.4192	MNCNMR	MOLSON COORS	NMR					MNC													1	051	051	05	1	3.4	10	1	10	3.84615384615385	0								0								0								20260603194500	https://investingnews.com/stocks/tsx-tpx-a/molson-coors-canada/
1307319343	20260603	202606	2026	2026.4192	MNCUSA	COSTCO	USA					MNC			AUS	MELBOURNE	AUS								1	042	042	04	1	1.9	8	1	8	3.2520325203252	4	Dayali, Shaanxi, China	CH	CH26	13221	33.2723	106.867	10726932	4	Dayali, Shaanxi, China	CH	CH26	13221	33.2723	106.867	10726932	4	Dayali, Shaanxi, China	CH	CH26	13221	33.2723	106.867	10726932	20260603194500	https://www.theage.com.au/goodfood/melbourne-eating-out/the-costco-of-chinese-dining-lands-in-melbourne-s-east-20260601-p602t3.html
1307319344	20260603	202606	2026	2026.4192	MNCUSA	DISNEY	USA					MNC			USA	UNITED STATES	USA								1	173	173	17	4	-5.0	5	1	4	-7.1599045346062	3	Walt Disney World, Florida, United States	US	USFL	FL095	28.4117	-81.5826	292855	3	Walt Disney World, Florida, United States	US	USFL		28.4117	-81.5826	292855	3	Walt Disney World, Florida, United States	US	USFL		28.4117	-81.5826	292855	20260603194500	https://www.aol.co.uk/articles/irate-disney-customer-ripped-worker-191624185.html
1307319345	20260603	202606	2026	2026.4192	MNCUSA	DISNEY	USA					MNC			USA	UNITED STATES	USA								1	173	173	17	4	-5.0	1	1	1	-7.1599045346062	2	Florida, United States	US	USFL		27.8333	-81.717	FL	3	Walt Disney World, Florida, United States	US	USFL		28.4117	-81.5826	292855	3	Walt Disney World, Florida, United States	US	USFL		28.4117	-81.5826	292855	20260603194500	https://www.aol.co.uk/articles/irate-disney-customer-ripped-worker-191624185.html
1307319346	20260603	202606	2026	2026.4192	MOSSHI	SHIA				MOS	SHI														0	051	051	05	1	3.4	3	1	3	-8.38709677419355	1	France	FR	FR		46	2	FR	0								1	France	FR	FR		46	2	FR	20260603194500	https://deadline.com/2026/06/shia-labeouf-pleads-guilty-mardi-gras-1236940105/
1307319347	20260603	202606	2026	2026.4192	MOSSHI	SHIA				MOS	SHI														1	081	081	08	2	5.0	6	1	6	-8.38709677419355	1	France	FR	FR		46	2	FR	0								1	France	FR	FR		46	2	FR	20260603194500	https://deadline.com/2026/06/shia-labeouf-pleads-guilty-mardi-gras-1236940105/
1307319348	20260603	202606	2026	2026.4192	MOSSHI	SHIA				MOS	SHI				FRA	FRANCE	FRA								0	042	042	04	1	1.9	1	1	1	-8.38709677419355	1	France	FR	FR		46	2	FR	1	France	FR	FR		46	2	FR	1	France	FR	FR		46	2	FR	20260603194500	https://deadline.com/2026/06/shia-labeouf-pleads-guilty-mardi-gras-1236940105/
1307319349	20260603	202606	2026	2026.4192	MOSSHI	SHIA				MOS	SHI				FRA	FRANCE	FRA								0	051	051	05	1	3.4	1	1	1	-8.38709677419355	1	France	FR	FR		46	2	FR	1	France	FR	FR		46	2	FR	1	France	FR	FR		46	2	FR	20260603194500	https://deadline.com/2026/06/shia-labeouf-pleads-guilty-mardi-gras-1236940105/
1307319350	20260603	202606	2026	2026.4192	MOSSHI	SHIA				MOS	SHI				FRA	FRANCE	FRA								1	081	081	08	2	5.0	2	1	2	-8.38709677419355	1	France	FR	FR		46	2	FR	1	France	FR	FR		46	2	FR	1	France	FR	FR		46	2	FR	20260603194500	https://deadline.com/2026/06/shia-labeouf-pleads-guilty-mardi-gras-1236940105/
1307319351	20260603	202606	2026	2026.4192	MOSSHI	SHIA				MOS	SHI				FRA	FRANCE	FRA								0	173	173	17	4	-5.0	1	1	1	-8.38709677419355	1	France	FR	FR		46	2	FR	1	France	FR	FR		46	2	FR	1	France	FR	FR		46	2	FR	20260603194500	https://deadline.com/2026/06/shia-labeouf-pleads-guilty-mardi-gras-1236940105/
1307319352	20260603	202606	2026	2026.4192	MOSSHI	SHIA				MOS	SHI				FRAJUD	FRANCE	FRA					JUD			1	172	172	17	4	-5.0	2	1	2	-8.38709677419355	1	France	FR	FR		46	2	FR	1	France	FR	FR		46	2	FR	1	France	FR	FR		46	2	FR	20260603194500	https://deadline.com/2026/06/shia-labeouf-pleads-guilty-mardi-gras-1236940105/
1307319353	20260603	202606	2026	2026.4192	MOSSHI	SHIA				MOS	SHI				JUD	ATTORNEY						JUD			1	172	172	17	4	-5.0	6	1	6	-8.38709677419355	1	France	FR	FR		46	2	FR	1	France	FR	FR		46	2	FR	1	France	FR	FR		46	2	FR	20260603194500	https://deadline.com/2026/06/shia-labeouf-pleads-guilty-mardi-gras-1236940105/
1307319354	20260603	202606	2026	2026.4192	NER	NIGER	NER								DZA	ALGERIA	DZA								1	043	043	04	1	2.8	10	1	10	2.17391304347826	4	Niamey, Niamey, Niger	NG	NG08	22581	13.5167	2.11667	-1084956	1	Algeria	AG	AG		28	3	AG	4	Niamey, Niamey, Niger	NG	NG08	22581	13.5167	2.11667	-1084956	20260603194500	https://www.aps.dz:443/en/algeria/national-news/mpyb1kzb-pm-departs-niamey-following-official-visit-to-niger
1307319355	20260603	202606	2026	2026.4192	NGA	NIGERIA	NGA																		0	010	010	01	1	0.0	10	1	10	0.4523956405511	4	Umuahia, Abia, Nigeria	NI	NI45	191355	5.52627	7.48959	-2029249	0								4	Umuahia, Abia, Nigeria	NI	NI45	191355	5.52627	7.48959	-2029249	20260603194500	https://gnnliberia.com/governance-as-dignity-ottis-3-yrs-of-impact-shaping-abias-future/
1307319356	20260603	202606	2026	2026.4192	NGA	NIGERIA	NGA								AFR	AFRICA	AFR								1	046	046	04	1	7.0	8	1	8	6.54761904761904	4	Lagos, Lagos, Nigeria	NI	NI05	191416	6.45306	3.39583	-2017355	4	Kano, Kano, Nigeria	NI	NI29	191030	11.9964	8.51667	-2014610	4	Lagos, Lagos, Nigeria	NI	NI05	191416	6.45306	3.39583	-2017355	20260603194500	https://wbfafrica.org/wbfa-dettol-hygiene-quest-phase3-flag-off/
1307319357	20260603	202606	2026	2026.4192	NGA	NIGERIA	NGA								AFR	AFRICA	AFR								1	046	046	04	1	7.0	2	1	2	6.54761904761904	4	Lagos, Lagos, Nigeria	NI	NI05	191416	6.45306	3.39583	-2017355	4	Lagos, Lagos, Nigeria	NI	NI05	191416	6.45306	3.39583	-2017355	4	Lagos, Lagos, Nigeria	NI	NI05	191416	6.45306	3.39583	-2017355	20260603194500	https://wbfafrica.org/wbfa-dettol-hygiene-quest-phase3-flag-off/
1307319358	20260603	202606	2026	2026.4192	NGA	NIGERIA	NGA								DZAGOV	ALGERIA	DZA					GOV			1	042	042	04	1	1.9	2	1	2	0	1	Nigeria	NI	NI		10	8	NI	4	Algiers, Alger, Algeria	AG	AG01	37774	36.7631	3.05056	-458371	4	Algiers, Alger, Algeria	AG	AG01	37774	36.7631	3.05056	-458371	20260603194500	https://www.aps.dz:443/en/presidency-news/mpy8lxs1-president-tebboune-receives-hydrocarbon-ministers-of-sisterly-nigeria-niger
1307319359	20260603	202606	2026	2026.4192	NGA	KANO	NGA								GOV	FIRE SERVICE						GOV			1	010	010	01	1	0.0	2	1	2	-2.75590551181103	5	Kano State, Kano, Nigeria	NI	NI29	191066	11.5	8.5	-2014618	5	Kano State, Kano, Nigeria	NI	NI29	191066	11.5	8.5	-2014618	5	Kano State, Kano, Nigeria	NI	NI29	191066	11.5	8.5	-2014618	20260603194500	https://dailytrust.com/man-dies-attempting-to-retrieve-phone-from-abandoned-well/
1307319360	20260603	202606	2026	2026.4192	NGA	NIGERIA	NGA								GOV	MINIST FOR FOREIGN						GOV			1	010	010	01	1	0.0	1	1	1	7.02781844802343	4	Ahmadu, Borno, Nigeria	NI	NI27	191097	10.4892	12.1675	10295470	4	Zaria, Kaduna, Nigeria	NI	NI23	22834	11.1132	7.72518	-2032065	4	Ahmadu, Borno, Nigeria	NI	NI27	191097	10.4892	12.1675	10295470	20260603194500	https://statehouse.gov.ng/you-are-a-national-asset-gbajabiamila-tells-minister-designate-amb-enikanolaiye-at-send-off-ceremony/
1307319361	20260603	202606	2026	2026.4192	NGA	NIGERIA	NGA								GOV	FIREFIGHTER						GOV			1	042	042	04	1	1.9	2	1	2	-2.75590551181103	5	Kano State, Kano, Nigeria	NI	NI29	191066	11.5	8.5	-2014618	5	Kano State, Kano, Nigeria	NI	NI29	191066	11.5	8.5	-2014618	5	Kano State, Kano, Nigeria	NI	NI29	191066	11.5	8.5	-2014618	20260603194500	https://dailytrust.com/man-dies-attempting-to-retrieve-phone-from-abandoned-well/
1307319362	20260603	202606	2026	2026.4192	NGA	NIGERIA	NGA								GOV	PRESIDENT						GOV			1	042	042	04	1	1.9	2	1	2	0	1	Nigeria	NI	NI		10	8	NI	4	Algiers, Alger, Algeria	AG	AG01	37774	36.7631	3.05056	-458371	4	Algiers, Alger, Algeria	AG	AG01	37774	36.7631	3.05056	-458371	20260603194500	https://www.aps.dz:443/en/presidency-news/mpy8lxs1-president-tebboune-receives-hydrocarbon-ministers-of-sisterly-nigeria-niger
1307319363	20260603	202606	2026	2026.4192	NGA	NIGERIA	NGA								GOV	PRESIDENT						GOV			1	042	042	04	1	1.9	6	1	6	0	1	Nigeria	NI	NI		10	8	NI	1	Nigeria	NI	NI		10	8	NI	1	Nigeria	NI	NI		10	8	NI	20260603194500	https://www.aps.dz:443/en/presidency-news/mpy8lxs1-president-tebboune-receives-hydrocarbon-ministers-of-sisterly-nigeria-niger
1307319364	20260603	202606	2026	2026.4192	NGA	NIGERIA	NGA								GOV	AMBASSADOR						GOV			1	051	051	05	1	3.4	2	1	2	7.02781844802343	4	Igbagun, Nigeria (general), Nigeria	NI	NI00	191154	8.78333	4.28333	-2010987	4	Igbagun, Nigeria (general), Nigeria	NI	NI00	191154	8.78333	4.28333	-2010987	4	Igbagun, Nigeria (general), Nigeria	NI	NI00	191154	8.78333	4.28333	-2010987	20260603194500	https://statehouse.gov.ng/you-are-a-national-asset-gbajabiamila-tells-minister-designate-amb-enikanolaiye-at-send-off-ceremony/
1307319365	20260603	202606	2026	2026.4192	NGA	NIGERIA	NGA								GOV	AMBASSADOR						GOV			1	051	051	05	1	3.4	1	1	1	7.02781844802343	4	Ahmadu, Borno, Nigeria	NI	NI27	191097	10.4892	12.1675	10295470	4	Zaria, Kaduna, Nigeria	NI	NI23	22834	11.1132	7.72518	-2032065	4	Zaria, Kaduna, Nigeria	NI	NI23	22834	11.1132	7.72518	-2032065	20260603194500	https://statehouse.gov.ng/you-are-a-national-asset-gbajabiamila-tells-minister-designate-amb-enikanolaiye-at-send-off-ceremony/
1307319366	20260603	202606	2026	2026.4192	NGA	NIGERIA	NGA								MIL	MILITARY						MIL			0	020	020	02	1	3.0	4	1	4	6.89075630252101	4	Abuja, Abuja Federal Capital Territory, Nigeria	NI	NI11	191147	9.08333	7.53333	-1997013	4	Abuja, Abuja Federal Capital Territory, Nigeria	NI	NI11	191147	9.08333	7.53333	-1997013	4	Abuja, Abuja Federal Capital Territory, Nigeria	NI	NI11	191147	9.08333	7.53333	-1997013	20260603194500	https://thesun.ng/naf-reaffirms-commitment-to-civilian-protection-at-maiden-harm-mitigation-seminar/
1307319367	20260603	202606	2026	2026.4192	NGA	KANO	NGA								NGAGOV	NIGERIA	NGA					GOV			1	010	010	01	1	0.0	2	1	2	-2.75590551181103	5	Kano State, Kano, Nigeria	NI	NI29	191066	11.5	8.5	-2014618	5	Kano State, Kano, Nigeria	NI	NI29	191066	11.5	8.5	-2014618	5	Kano State, Kano, Nigeria	NI	NI29	191066	11.5	8.5	-2014618	20260603194500	https://dailytrust.com/man-dies-attempting-to-retrieve-phone-from-abandoned-well/
1307319368	20260603	202606	2026	2026.4192	NGA	NIGERIAN	NGA								NGAMIL	NIGERIA	NGA					MIL			1	051	051	05	1	3.4	2	1	2	6.89075630252101	4	Abuja, Abuja Federal Capital Territory, Nigeria	NI	NI11	191147	9.08333	7.53333	-1997013	4	Abuja, Abuja Federal Capital Territory, Nigeria	NI	NI11	191147	9.08333	7.53333	-1997013	4	Abuja, Abuja Federal Capital Territory, Nigeria	NI	NI11	191147	9.08333	7.53333	-1997013	20260603194500	https://thesun.ng/naf-reaffirms-commitment-to-civilian-protection-at-maiden-harm-mitigation-seminar/
1307319369	20260603	202606	2026	2026.4192	NGA	NIGERIA	NGA								PTY	POLITICIAN									0	042	042	04	1	1.9	10	1	10	-3.16091954022989	4	Kano, Kano, Nigeria	NI	NI29	191030	11.9964	8.51667	-2014610	4	Kano, Kano, Nigeria	NI	NI29	191030	11.9964	8.51667	-2014610	4	Kano, Kano, Nigeria	NI	NI29	191030	11.9964	8.51667	-2014610	20260603194500	https://gnnliberia.com/before-judicial-anarchy-returns-to-nigeria-2/
1307319370	20260603	202606	2026	2026.4192	NGA	NIGERIA	NGA								PTY	POLITICIAN									0	080	080	08	2	5.0	10	1	10	-3.16091954022989	4	Kano, Kano, Nigeria	NI	NI29	191030	11.9964	8.51667	-2014610	4	Kano, Kano, Nigeria	NI	NI29	191030	11.9964	8.51667	-2014610	4	Kano, Kano, Nigeria	NI	NI29	191030	11.9964	8.51667	-2014610	20260603194500	https://gnnliberia.com/before-judicial-anarchy-returns-to-nigeria-2/
1307319371	20260603	202606	2026	2026.4192	NGACVL	NIGERIA	NGA					CVL													0	014	014	01	1	0.0	5	1	5	0.4523956405511	4	Nnewi, Anambra, Nigeria	NI	NI25	191329	6.01986	6.91477	-2021053	0								4	Nnewi, Anambra, Nigeria	NI	NI25	191329	6.01986	6.91477	-2021053	20260603194500	https://gnnliberia.com/governance-as-dignity-ottis-3-yrs-of-impact-shaping-abias-future/
1307319372	20260603	202606	2026	2026.4192	NGAGOV	NIGERIA	NGA					GOV													1	010	010	01	1	0.0	6	1	6	-2.75590551181103	5	Kano State, Kano, Nigeria	NI	NI29	191066	11.5	8.5	-2014618	0								5	Kano State, Kano, Nigeria	NI	NI29	191066	11.5	8.5	-2014618	20260603194500	https://dailytrust.com/man-dies-attempting-to-retrieve-phone-from-abandoned-well/
1307319373	20260603	202606	2026	2026.4192	NGAGOV	NIGERIA	NGA					GOV			NGAGOV	NIGERIA	NGA					GOV			0	051	051	05	1	3.4	2	1	2	7.02781844802343	4	Igbagun, Nigeria (general), Nigeria	NI	NI00	191154	8.78333	4.28333	-2010987	4	Igbagun, Nigeria (general), Nigeria	NI	NI00	191154	8.78333	4.28333	-2010987	4	Igbagun, Nigeria (general), Nigeria	NI	NI00	191154	8.78333	4.28333	-2010987	20260603194500	https://statehouse.gov.ng/you-are-a-national-asset-gbajabiamila-tells-minister-designate-amb-enikanolaiye-at-send-off-ceremony/
1307319374	20260603	202606	2026	2026.4192	NGAMIL	NIGERIAN	NGA					MIL													1	051	051	05	1	3.4	6	1	6	6.89075630252101	4	Abuja, Abuja Federal Capital Territory, Nigeria	NI	NI11	191147	9.08333	7.53333	-1997013	0								4	Abuja, Abuja Federal Capital Territory, Nigeria	NI	NI11	191147	9.08333	7.53333	-1997013	20260603194500	https://thesun.ng/naf-reaffirms-commitment-to-civilian-protection-at-maiden-harm-mitigation-seminar/
1307319375	20260603	202606	2026	2026.4192	NGOXFM	OXFAM		XFM				NGO			GOV	GOVERNMENT						GOV			0	020	020	02	1	3.0	5	1	5	-0.554016620498619	1	Colombia	CO	CO		4	-72	CO	1	Colombia	CO	CO		4	-72	CO	1	Colombia	CO	CO		4	-72	CO	20260603194500	https://www.ipsnews.net/2026/06/governments-falling-90-percent-short-of-climate-adaptation-finance-needs/
1307319376	20260603	202606	2026	2026.4192	NLD	THE NETHERLAND	NLD								FRA	FRANCE	FRA								0	043	043	04	1	2.8	1	1	1	-0.554016620498619	1	Turkey	TU	TU		39.059012	34.911546	TU	1	United Kingdom	UK	UK		54	-4	UK	1	United Kingdom	UK	UK		54	-4	UK	20260603194500	https://www.ipsnews.net/2026/06/governments-falling-90-percent-short-of-climate-adaptation-finance-needs/
1307319377	20260603	202606	2026	2026.4192	NLDJUD	AMSTERDAM	NLD					JUD													1	172	172	17	4	-5.0	2	1	2	-5.10510510510511	1	Netherlands	NL	NL		52.5	5.75	NL	0								4	Burnham, Somerset, United Kingdom	UK	UKM3	40129	51.2417	-2.99528	-2591330	20260603194500	https://www.burnhamandhighbridgeweeklynews.co.uk/news/national/26164420.dutch-judge-rejects-jewish-groups-bid-block-kanye-west-concerts/
1307319378	20260603	202606	2026	2026.4192	NLDJUD	AMSTERDAM	NLD					JUD													1	172	172	17	4	-5.0	3	1	3	-5.10510510510511	1	Netherlands	NL	NL		52.5	5.75	NL	0								4	Highbridge, Somerset, United Kingdom	UK	UKM3	40129	51.2167	-2.98333	-2598645	20260603194500	https://www.burnhamandhighbridgeweeklynews.co.uk/news/national/26164420.dutch-judge-rejects-jewish-groups-bid-block-kanye-west-concerts/
1307319379	20260603	202606	2026	2026.4192	NLDJUD	AMSTERDAM	NLD					JUD													1	172	172	17	4	-5.0	5	1	5	-5.12048192771085	1	Netherlands	NL	NL		52.5	5.75	NL	0								4	Twickenham, Richmond upon Thames, United Kingdom	UK	UKL1	40133	51.4333	-0.316667	-2610350	20260603194500	https://www.richmondandtwickenhamtimes.co.uk/news/national/26164420.dutch-judge-rejects-jewish-groups-bid-block-kanye-west-concerts/
1307319380	20260603	202606	2026	2026.4192	NLDJUD	AMSTERDAM	NLD					JUD			JEW	JEWISH				JEW					1	120	120	12	3	-4.0	3	1	3	-2.79898218829517	4	Amsterdam, Noord-Holland, Netherlands	NL	NL07	22373	52.35	4.91667	-2140479	4	Amsterdam, Noord-Holland, Netherlands	NL	NL07	22373	52.35	4.91667	-2140479	4	Amsterdam, Noord-Holland, Netherlands	NL	NL07	22373	52.35	4.91667	-2140479	20260603194500	https://www.aol.co.uk/articles/court-allows-kanye-west-perform-191501854.html
1307319381	20260603	202606	2026	2026.4192	NZL	NEW ZEALAND	NZL								FRA	FRENCH	FRA								1	040	040	04	1	1.0	4	1	4	5.1980198019802	1	New Zealand	NZ	NZ		-42	174	NZ	1	New Zealand	NZ	NZ		-42	174	NZ	1	New Zealand	NZ	NZ		-42	174	NZ	20260603194500	https://www.scoop.co.nz/stories/PA2606/S00024/nz-french-trade-ministers-to-meet-yearly.htm
1307319382	20260603	202606	2026	2026.4192	OPP	PROTESTER						OPP			ALB	ALBANIA	ALB								0	012	012	01	1	-0.4	5	1	5	-4.7696038803557	4	Tirana, Tirane, Albania	AL	AL50	4124	41.3275	19.8189	-108649	4	Tirana, Tirane, Albania	AL	AL50	4124	41.3275	19.8189	-108649	4	Tirana, Tirane, Albania	AL	AL50	4124	41.3275	19.8189	-108649	20260603194500	https://weeklyblitz.net/2026/06/04/albania-freezes-assets-in-kushner-linked-resort-probe-amid-growing-backlash/
1307319383	20260603	202606	2026	2026.4192	OPP	PROTESTER						OPP			ALB	ALBANIA	ALB								0	042	042	04	1	1.9	10	1	10	-4.7696038803557	4	Tirana, Tirane, Albania	AL	AL50	4124	41.3275	19.8189	-108649	4	Tirana, Tirane, Albania	AL	AL50	4124	41.3275	19.8189	-108649	4	Tirana, Tirane, Albania	AL	AL50	4124	41.3275	19.8189	-108649	20260603194500	https://weeklyblitz.net/2026/06/04/albania-freezes-assets-in-kushner-linked-resort-probe-amid-growing-backlash/
1307319384	20260603	202606	2026	2026.4192	OPP	RIOTER						OPP			LEG	CONGRESS						LEG			0	080	080	08	2	5.0	6	1	6	-4.75113122171946	1	United States	US	US		39.828175	-98.5795	US	1	United States	US	US		39.828175	-98.5795	US	1	United States	US	US		39.828175	-98.5795	US	20260603194500	https://fox11online.com/news/nation-world/president-trump-says-doj-going-forward-with-lawfare-weaponization-compensation-fund-despite-acting-ags-todd-blanche-testimony
1307319385	20260603	202606	2026	2026.4192	PAK	PAKISTAN	PAK								ISRSET	ISRAELI	ISR					SET			1	111	111	11	3	-2.0	2	1	2	-1.74291938997821	4	Haram, North-West Frontier, Pakistan	PK	PK03	40352	35.6983	72.042	9172241	4	Jerusalem, Israel (general), Israel	IS	IS00	18315	31.7667	35.2333	-797092	1	United Arab Emirates	AE	AE		24	54	AE	20260603194500	https://en.tempo.co/read/2106692/indonesia-seven-nations-denounce-israeli-settlers-attack-on-al-aqsa-mosque
1307319386	20260603	202606	2026	2026.4192	PAK	PAKISTAN	PAK								ISRSET	ISRAEL	ISR					SET			1	111	111	11	3	-2.0	1	1	1	-1.74291938997821	1	Jordan	JO	JO		31	36	JO	4	Jerusalem, Israel (general), Israel	IS	IS00	18315	31.7667	35.2333	-797092	1	United Arab Emirates	AE	AE		24	54	AE	20260603194500	https://en.tempo.co/read/2106692/indonesia-seven-nations-denounce-israeli-settlers-attack-on-al-aqsa-mosque
1307319387	20260603	202606	2026	2026.4192	PAK	PAKISTAN	PAK								ISRSET	ISRAELI	ISR					SET			1	190	190	19	4	-10.0	2	1	2	-1.74291938997821	4	Haram, North-West Frontier, Pakistan	PK	PK03	40352	35.6983	72.042	9172241	4	Jerusalem, Israel (general), Israel	IS	IS00	18315	31.7667	35.2333	-797092	4	Jerusalem, Israel (general), Israel	IS	IS00	18315	31.7667	35.2333	-797092	20260603194500	https://en.tempo.co/read/2106692/indonesia-seven-nations-denounce-israeli-settlers-attack-on-al-aqsa-mosque
1307319388	20260603	202606	2026	2026.4192	PAK	PAKISTAN	PAK								ISRSET	ISRAEL	ISR					SET			1	190	190	19	4	-10.0	1	1	1	-1.74291938997821	1	Jordan	JO	JO		31	36	JO	4	Jerusalem, Israel (general), Israel	IS	IS00	18315	31.7667	35.2333	-797092	1	United Arab Emirates	AE	AE		24	54	AE	20260603194500	https://en.tempo.co/read/2106692/indonesia-seven-nations-denounce-israeli-settlers-attack-on-al-aqsa-mosque
1307319389	20260603	202606	2026	2026.4192	PGS	PERSIAN GULF	PGS								ISR	ISRAEL	ISR								0	060	060	06	2	6.0	10	1	10	-3.69318181818182	1	Israel	IS	IS		31.5	34.75	IS	1	Israel	IS	IS		31.5	34.75	IS	1	Israel	IS	IS		31.5	34.75	IS	20260603194500	https://www.greanvillepost.com/iran-decides-to-take-matters-in-hand/
1307319390	20260603	202606	2026	2026.4192	PHL	PHILIPPINE	PHL																		1	010	010	01	1	0.0	2	1	2	-1.7220172201722	4	Tochigi, Hokkaido, Japan	JA	JA12	34319	43.9333	143.717	-245977	0								4	Tochigi, Hokkaido, Japan	JA	JA12	34319	43.9333	143.717	-245977	20260603194500	https://www.manilatimes.net/2026/06/04/news/world/japans-samurai-spirit-still-burns-in-cooler-conditions/2358250
1307319391	20260603	202606	2026	2026.4192	PHL	VISAYAS	PHL								MIL	NAVAL						MIL			0	051	051	05	1	3.4	2	1	2	4.24448217317488	4	Philippine, Benguet, Philippines	RP	RP10	24213	16.45	120.55	-2445611	4	Philippine, Benguet, Philippines	RP	RP10	24213	16.45	120.55	-2445611	4	Philippine, Benguet, Philippines	RP	RP10	24213	16.45	120.55	-2445611	20260603194500	https://www.manilatimes.net/2026/06/04/news/national/filipinos-back-patrols-diplomacy/2358045
1307319392	20260603	202606	2026	2026.4192	PRTELI	ANTONIO GUTERRES	PRT					ELI													1	020	020	02	1	3.0	3	1	3	0.8298755186722	4	Wang Qian, Fujian, China	CH	CH07	13009	24.8819	118.158	9157402	0								4	Wang Qian, Fujian, China	CH	CH07	13009	24.8819	118.158	9157402	20260603194500	https://en.tempo.co/read/2106704/un-urges-immediate-climate-action-as-global-temperatures-rise
1307319393	20260603	202606	2026	2026.4192	PTY	POLITICIAN									NGA	NIGERIA	NGA								0	043	043	04	1	2.8	10	1	10	-3.16091954022989	4	Kano, Kano, Nigeria	NI	NI29	191030	11.9964	8.51667	-2014610	4	Kano, Kano, Nigeria	NI	NI29	191030	11.9964	8.51667	-2014610	4	Kano, Kano, Nigeria	NI	NI29	191030	11.9964	8.51667	-2014610	20260603194500	https://gnnliberia.com/before-judicial-anarchy-returns-to-nigeria-2/
1307319394	20260603	202606	2026	2026.4192	QAT	QATAR	QAT																		0	046	046	04	1	7.0	1	1	1	-2.13930348258706	1	Saudi Arabia	SA	SA		25	45	SA	0								1	Saudi Arabia	SA	SA		25	45	SA	20260603194500	https://foreignpolicy.com/2026/06/03/america-africa-adventurism-emirates-qatar/
1307319395	20260603	202606	2026	2026.4192	QAT	QATAR	QAT								ISRSET	ISRAEL	ISR					SET			1	111	111	11	3	-2.0	1	1	1	-1.74291938997821	4	Haram, North-West Frontier, Pakistan	PK	PK03	40352	35.6983	72.042	9172241	4	Jerusalem, Israel (general), Israel	IS	IS00	18315	31.7667	35.2333	-797092	1	United Arab Emirates	AE	AE		24	54	AE	20260603194500	https://en.tempo.co/read/2106692/indonesia-seven-nations-denounce-israeli-settlers-attack-on-al-aqsa-mosque
1307319396	20260603	202606	2026	2026.4192	QAT	QATAR	QAT								ISRSET	ISRAEL	ISR					SET			1	190	190	19	4	-10.0	1	1	1	-1.74291938997821	4	Haram, North-West Frontier, Pakistan	PK	PK03	40352	35.6983	72.042	9172241	4	Jerusalem, Israel (general), Israel	IS	IS00	18315	31.7667	35.2333	-797092	1	United Arab Emirates	AE	AE		24	54	AE	20260603194500	https://en.tempo.co/read/2106692/indonesia-seven-nations-denounce-israeli-settlers-attack-on-al-aqsa-mosque
1307319397	20260603	202606	2026	2026.4192	REL	ABBOT																			0	023	023	02	1	3.4	12	2	12	-3.40196956132498	4	Central Coast, New South Wales, Australia	AS	AS02	5004	-33.4298	151.371	11430413	0								4	Central Coast, New South Wales, Australia	AS	AS02	5004	-33.4298	151.371	11430413	20260603194500	https://www.watoday.com.au/politics/federal/abbott-s-ineptitude-meant-he-didn-t-last-two-years-as-pm-now-he-s-back-with-four-new-slogans-20260603-p603eq.html
1307319398	20260603	202606	2026	2026.4192	REL	ABBOT																			0	111	111	11	3	-2.0	12	2	12	-3.40196956132498	4	Central Coast, New South Wales, Australia	AS	AS02	5004	-33.4298	151.371	11430413	0								4	Central Coast, New South Wales, Australia	AS	AS02	5004	-33.4298	151.371	11430413	20260603194500	https://www.watoday.com.au/politics/federal/abbott-s-ineptitude-meant-he-didn-t-last-two-years-as-pm-now-he-s-back-with-four-new-slogans-20260603-p603eq.html
1307319399	20260603	202606	2026	2026.4192	REL	SAINT									FRA	NANTES	FRA								1	036	036	03	1	4.0	6	1	6	-1.44927536231884	4	Saint Florentin, Centre, France	FR	FRA3	16262	47.0782	1.80066	-1465351	4	Saint Florentin, Centre, France	FR	FRA3	16262	47.0782	1.80066	-1465351	4	Saint Florentin, Centre, France	FR	FRA3	16262	47.0782	1.80066	-1465351	20260603194500	https://www.manilatimes.net/2026/06/04/tmt-newswire/globenewswire/annual-general-meeting-on-june-24-2026-procedures-for-obtaining-preparatory-documents-for-the-general-meeting/2358247
1307319400	20260603	202606	2026	2026.4192	REL	SAINT									FRA	NANTES	FRA								1	046	046	04	1	7.0	6	1	6	-1.44927536231884	4	Saint Florentin, Centre, France	FR	FRA3	16262	47.0782	1.80066	-1465351	4	Saint Florentin, Centre, France	FR	FRA3	16262	47.0782	1.80066	-1465351	4	Saint Florentin, Centre, France	FR	FRA3	16262	47.0782	1.80066	-1465351	20260603194500	https://www.manilatimes.net/2026/06/04/tmt-newswire/globenewswire/annual-general-meeting-on-june-24-2026-procedures-for-obtaining-preparatory-documents-for-the-general-meeting/2358247
1307319401	20260603	202606	2026	2026.4192	REL	ARCHBISHOP									IRL	IRELAND	IRL								1	020	020	02	1	3.0	1	1	1	0.54525627044711	1	Ireland	EI	EI		53	-8	EI	1	Ireland	EI	EI		53	-8	EI	1	Ireland	EI	EI		53	-8	EI	20260603194500	https://www.myspiritfm.com/News?view=post&blogid=Catholic%2DNews&articleid=299986
1307319402	20260603	202606	2026	2026.4192	RUS	RUSSIA	RUS																		0	010	010	01	1	0.0	6	1	6	-7.00160342063068	4	Kruglov, Khabarovskiy Kray, Russia	RS	RS30	25057	51.4167	140.833	-2938630	0								4	Kruglov, Khabarovskiy Kray, Russia	RS	RS30	25057	51.4167	140.833	-2938630	20260603194500	https://www.greanvillepost.com/the-truth-about-the-soviet-gulag-surprisingly-revealed-by-the-cia/
1307319403	20260603	202606	2026	2026.4192	RUS	RUSSIA	RUS																		0	084	084	08	2	7.0	4	1	4	-7.00160342063068	4	Kruglov, Khabarovskiy Kray, Russia	RS	RS30	25057	51.4167	140.833	-2938630	0								4	Kruglov, Khabarovskiy Kray, Russia	RS	RS30	25057	51.4167	140.833	-2938630	20260603194500	https://www.greanvillepost.com/the-truth-about-the-soviet-gulag-surprisingly-revealed-by-the-cia/
1307319404	20260603	202606	2026	2026.4192	RUS	RUSSIA	RUS																		0	173	173	17	4	-5.0	6	1	6	-7.00160342063068	4	Kruglov, Khabarovskiy Kray, Russia	RS	RS30	25057	51.4167	140.833	-2938630	0								4	Kruglov, Khabarovskiy Kray, Russia	RS	RS30	25057	51.4167	140.833	-2938630	20260603194500	https://www.greanvillepost.com/the-truth-about-the-soviet-gulag-surprisingly-revealed-by-the-cia/
1307319405	20260603	202606	2026	2026.4192	RUS	RUSSIA	RUS								ARM	ARMENIA	ARM								1	100	100	10	3	-5.0	4	1	4	-8.68263473053896	4	Yerevan, Yerevan*, Armenia	AM	AM11	4936	40.1811	44.5136	-2325645	4	Yerevan, Yerevan*, Armenia	AM	AM11	4936	40.1811	44.5136	-2325645	4	Yerevan, Yerevan*, Armenia	AM	AM11	4936	40.1811	44.5136	-2325645	20260603194500	https://weeklyblitz.net/2026/06/04/armenia-under-pressure-to-freeze-funds-linked-to-magnitsky-tax-fraud/
1307319406	20260603	202606	2026	2026.4192	RUS	RUSSIA	RUS								CHN	CHINA	CHN								0	020	020	02	1	3.0	2	1	2	-1.62887959498129	4	Beijing, Beijing, China	CH	CH22	13001	39.9289	116.388	-1898541	4	Beijing, Beijing, China	CH	CH22	13001	39.9289	116.388	-1898541	4	Beijing, Beijing, China	CH	CH22	13001	39.9289	116.388	-1898541	20260603194500	https://www.greanvillepost.com/leo-zhao-brilliantly-explains-all-the-hidden-forces-behind-our-headlines-and-what-to-expect-for-the-future/
1307319407	20260603	202606	2026	2026.4192	RUS	RUSSIA	RUS								CHN	CHINA	CHN								0	020	020	02	1	3.0	2	1	2	-1.62887959498129	1	Iran	IR	IR		32	53	IR	1	Iran	IR	IR		32	53	IR	1	Iran	IR	IR		32	53	IR	20260603194500	https://www.greanvillepost.com/leo-zhao-brilliantly-explains-all-the-hidden-forces-behind-our-headlines-and-what-to-expect-for-the-future/
1307319408	20260603	202606	2026	2026.4192	RUS	RUSSIA	RUS								CHN	CHINA	CHN								0	020	020	02	1	3.0	6	1	6	-1.62887959498129	1	Russia	RS	RS		60	100	RS	4	Beijing, Beijing, China	CH	CH22	13001	39.9289	116.388	-1898541	4	Beijing, Beijing, China	CH	CH22	13001	39.9289	116.388	-1898541	20260603194500	https://www.greanvillepost.com/leo-zhao-brilliantly-explains-all-the-hidden-forces-behind-our-headlines-and-what-to-expect-for-the-future/
1307319409	20260603	202606	2026	2026.4192	RUS	RUSSIA	RUS								CVL	NEIGHBOURHOOD						CVL			0	194	194	19	4	-10.0	4	1	4	-5.89430894308944	4	Kremlin, Moskva, Russia	RS	RS48	25106	55.7522	37.6156	-2960561	4	Kremlin, Moskva, Russia	RS	RS48	25106	55.7522	37.6156	-2960561	4	Kremlin, Moskva, Russia	RS	RS48	25106	55.7522	37.6156	-2960561	20260603194500	https://www.theglobeandmail.com/world/article-russia-ukraine-chornobyl-musem-kyiv-st-petersburg/
1307319410	20260603	202606	2026	2026.4192	RUS	RUSSIA	RUS								OPP	PRISONER						OPP			1	010	010	01	1	0.0	4	1	4	-7.00160342063068	4	Moscow, Moskva, Russia	RS	RS48	25106	55.7522	37.6156	-2960561	4	Moscow, Moskva, Russia	RS	RS48	25106	55.7522	37.6156	-2960561	4	Moscow, Moskva, Russia	RS	RS48	25106	55.7522	37.6156	-2960561	20260603194500	https://www.greanvillepost.com/the-truth-about-the-soviet-gulag-surprisingly-revealed-by-the-cia/
1307319411	20260603	202606	2026	2026.4192	RUS	RUSSIAN	RUS								UKR	UKRAINE	UKR								0	138	138	13	3	-7.0	2	1	2	-4.14258188824663	1	Ukraine	UP	UP		49	32	UP	1	Ukraine	UP	UP		49	32	UP	4	Kremlin, Moskva, Russia	RS	RS48	25106	55.7522	37.6156	-2960561	20260603194500	https://foreignpolicy.com/2026/06/03/ukraine-mid-range-drones-russia-war-success/
1307319412	20260603	202606	2026	2026.4192	RUS	RUSSIAN	RUS								UKR	UKRAINE	UKR								0	190	190	19	4	-10.0	2	1	2	-4.14258188824663	1	Ukraine	UP	UP		49	32	UP	1	Ukraine	UP	UP		49	32	UP	4	Kremlin, Moskva, Russia	RS	RS48	25106	55.7522	37.6156	-2960561	20260603194500	https://foreignpolicy.com/2026/06/03/ukraine-mid-range-drones-russia-war-success/
1307319413	20260603	202606	2026	2026.4192	RUS	MOSCOW	RUS								USA	UNITED STATES	USA								0	010	010	01	1	0.0	1	1	1	-7.00160342063068	4	Moscow, Moskva, Russia	RS	RS48	25106	55.7522	37.6156	-2960561	4	Moscow, Moskva, Russia	RS	RS48	25106	55.7522	37.6156	-2960561	2	New York, United States	US	USNY		42.1497	-74.9384	NY	20260603194500	https://www.greanvillepost.com/the-truth-about-the-soviet-gulag-surprisingly-revealed-by-the-cia/
1307319414	20260603	202606	2026	2026.4192	RUS	MOSCOW	RUS								USA	UNITED STATES	USA								0	010	010	01	1	0.0	1	1	1	-7.00160342063068	4	Moscow, Moskva, Russia	RS	RS48	25106	55.7522	37.6156	-2960561	2	New York, United States	US	USNY		42.1497	-74.9384	NY	2	New York, United States	US	USNY		42.1497	-74.9384	NY	20260603194500	https://www.greanvillepost.com/the-truth-about-the-soviet-gulag-surprisingly-revealed-by-the-cia/
1307319415	20260603	202606	2026	2026.4192	RUSGOV	RUSSIA	RUS					GOV													0	071	071	07	2	7.4	4	1	4	-7.00160342063068	4	Kruglov, Khabarovskiy Kray, Russia	RS	RS30	25057	51.4167	140.833	-2938630	0								4	Kruglov, Khabarovskiy Kray, Russia	RS	RS30	25057	51.4167	140.833	-2938630	20260603194500	https://www.greanvillepost.com/the-truth-about-the-soviet-gulag-surprisingly-revealed-by-the-cia/
1307319416	20260603	202606	2026	2026.4192	RUSGOV	RUSSIAN	RUS					GOV			RUS	RUSSIA	RUS								1	071	071	07	2	7.4	6	1	6	-8.68263473053896	4	Moscow, Moskva, Russia	RS	RS48	25106	55.7522	37.6156	-2960561	4	Moscow, Moskva, Russia	RS	RS48	25106	55.7522	37.6156	-2960561	4	Moscow, Moskva, Russia	RS	RS48	25106	55.7522	37.6156	-2960561	20260603194500	https://weeklyblitz.net/2026/06/04/armenia-under-pressure-to-freeze-funds-linked-to-magnitsky-tax-fraud/
1307319417	20260603	202606	2026	2026.4192	RUSMED	RUSSIA	RUS					MED			USA	UNITED STATES	USA								0	010	010	01	1	0.0	1	1	1	-7.00160342063068	4	Moscow, Moskva, Russia	RS	RS48	25106	55.7522	37.6156	-2960561	4	Moscow, Moskva, Russia	RS	RS48	25106	55.7522	37.6156	-2960561	2	New York, United States	US	USNY		42.1497	-74.9384	NY	20260603194500	https://www.greanvillepost.com/the-truth-about-the-soviet-gulag-surprisingly-revealed-by-the-cia/
1307319418	20260603	202606	2026	2026.4192	RUSMED	MOSCOW	RUS					MED			USA	NEW YORK	USA								0	010	010	01	1	0.0	7	1	7	-7.00160342063068	4	Moscow, Moskva, Russia	RS	RS48	25106	55.7522	37.6156	-2960561	2	New York, United States	US	USNY		42.1497	-74.9384	NY	2	New York, United States	US	USNY		42.1497	-74.9384	NY	20260603194500	https://www.greanvillepost.com/the-truth-about-the-soviet-gulag-surprisingly-revealed-by-the-cia/
1307319419	20260603	202606	2026	2026.4192	SAU	SAUDI ARABIA	SAU								GOV	KINGDOM						GOV			1	042	042	04	1	1.9	2	1	2	0.546448087431696	4	Makkah, Makkah, Saudi Arabia	SA	SA14	25312	21.4267	39.8261	-3096949	4	Makkah, Makkah, Saudi Arabia	SA	SA14	25312	21.4267	39.8261	-3096949	4	Makkah, Makkah, Saudi Arabia	SA	SA14	25312	21.4267	39.8261	-3096949	20260603194500	https://www.arabnews.com/node/2645919/saudi-arabia
1307319420	20260603	202606	2026	2026.4192	SAU	SAUDI ARABIA	SAU								ISRSET	ISRAEL	ISR					SET			1	111	111	11	3	-2.0	1	1	1	-1.74291938997821	1	Qatar	QA	QA		25.5	51.25	QA	4	Jerusalem, Israel (general), Israel	IS	IS00	18315	31.7667	35.2333	-797092	1	United Arab Emirates	AE	AE		24	54	AE	20260603194500	https://en.tempo.co/read/2106692/indonesia-seven-nations-denounce-israeli-settlers-attack-on-al-aqsa-mosque
1307319421	20260603	202606	2026	2026.4192	SAU	SAUDI ARABIA	SAU								ISRSET	ISRAEL	ISR					SET			1	190	190	19	4	-10.0	1	1	1	-1.74291938997821	1	Qatar	QA	QA		25.5	51.25	QA	4	Jerusalem, Israel (general), Israel	IS	IS00	18315	31.7667	35.2333	-797092	1	United Arab Emirates	AE	AE		24	54	AE	20260603194500	https://en.tempo.co/read/2106692/indonesia-seven-nations-denounce-israeli-settlers-attack-on-al-aqsa-mosque
1307319422	20260603	202606	2026	2026.4192	SAUGOV	SAUDI	SAU					GOV			USA	UNITED STATES	USA								1	042	042	04	1	1.9	4	1	4	-2.13930348258706	3	White House, District of Columbia, United States	US	USDC		38.8951	-77.0364	531871	3	White House, District of Columbia, United States	US	USDC		38.8951	-77.0364	531871	3	White House, District of Columbia, United States	US	USDC		38.8951	-77.0364	531871	20260603194500	https://foreignpolicy.com/2026/06/03/america-africa-adventurism-emirates-qatar/
1307319423	20260603	202606	2026	2026.4192	SAUGOV	SAUDI	SAU					GOV			USAGOV	THE WHITE HOUSE	USA					GOV			1	042	042	04	1	1.9	2	1	2	-2.13930348258706	3	White House, District of Columbia, United States	US	USDC		38.8951	-77.0364	531871	3	White House, District of Columbia, United States	US	USDC		38.8951	-77.0364	531871	3	White House, District of Columbia, United States	US	USDC		38.8951	-77.0364	531871	20260603194500	https://foreignpolicy.com/2026/06/03/america-africa-adventurism-emirates-qatar/
1307319424	20260603	202606	2026	2026.4192	SDN	SUDAN	SDN								USAGOV	THE WHITE HOUSE	USA					GOV			1	042	042	04	1	1.9	4	1	4	-2.13930348258706	4	El Fasher, Shamal Darfur, Sudan	SU	SU55	37080	13.6333	25.35	-1684	3	White House, District of Columbia, United States	US	USDC		38.8951	-77.0364	531871	3	White House, District of Columbia, United States	US	USDC		38.8951	-77.0364	531871	20260603194500	https://foreignpolicy.com/2026/06/03/america-africa-adventurism-emirates-qatar/
1307319425	20260603	202606	2026	2026.4192	SYR	SYRIAN	SYR																		1	072	072	07	2	8.3	10	1	10	-3.40715502555366	1	United States	US	US		39.828175	-98.5795	US	0								1	United States	US	US		39.828175	-98.5795	US	20260603194500	https://www.greanvillepost.com/thousands-of-us-troops-arrive-near-syrian-shore-on-uss-eisenhower/
1307319426	20260603	202606	2026	2026.4192	SYR	SYRIAN	SYR								USA	THE US	USA								0	043	043	04	1	2.8	7	1	7	-3.40715502555366	1	Syria	SY	SY		35	38	SY	1	Syria	SY	SY		35	38	SY	1	Syria	SY	SY		35	38	SY	20260603194500	https://www.greanvillepost.com/thousands-of-us-troops-arrive-near-syrian-shore-on-uss-eisenhower/
1307319427	20260603	202606	2026	2026.4192	SYR	SYRIAN	SYR								USA	THE US	USA								0	043	043	04	1	2.8	1	1	1	-3.40715502555366	1	Syria	SY	SY		35	38	SY	1	United States	US	US		39.828175	-98.5795	US	1	Syria	SY	SY		35	38	SY	20260603194500	https://www.greanvillepost.com/thousands-of-us-troops-arrive-near-syrian-shore-on-uss-eisenhower/
1307319428	20260603	202606	2026	2026.4192	THA	THAI	THA																		1	090	090	09	2	-2.0	2	1	2	1.25523012552301	4	Klong, Songkhla, Thailand	TH	TH68	27039	6.80205	100.621	-3236673	0								4	Klong, Songkhla, Thailand	TH	TH68	27039	6.80205	100.621	-3236673	20260603194500	https://en.tempo.co/read/2106703/former-thai-pm-thaksin-granted-royal-pardon-fully-freed
1307319429	20260603	202606	2026	2026.4192	THAELI	THAILAND	THA					ELI			IDN	INDONESIA	IDN								1	080	080	08	2	5.0	2	1	2	1.25523012552301	4	Klong, Songkhla, Thailand	TH	TH68	27039	6.80205	100.621	-3236673	4	Antara, Aceh, Indonesia	ID	ID01	18585	3.5292	99.0184	10119106	4	Klong, Songkhla, Thailand	TH	TH68	27039	6.80205	100.621	-3236673	20260603194500	https://en.tempo.co/read/2106703/former-thai-pm-thaksin-granted-royal-pardon-fully-freed
1307319430	20260603	202606	2026	2026.4192	THAELI	THAILAND	THA					ELI			IDN	INDONESIA	IDN								1	081	081	08	2	5.0	2	1	2	1.25523012552301	4	Klong, Songkhla, Thailand	TH	TH68	27039	6.80205	100.621	-3236673	4	Klong, Songkhla, Thailand	TH	TH68	27039	6.80205	100.621	-3236673	4	Klong, Songkhla, Thailand	TH	TH68	27039	6.80205	100.621	-3236673	20260603194500	https://en.tempo.co/read/2106703/former-thai-pm-thaksin-granted-royal-pardon-fully-freed
1307319431	20260603	202606	2026	2026.4192	THAELI	THAILAND	THA					ELI			IDN	INDONESIA	IDN								1	100	100	10	3	-5.0	2	1	2	1.25523012552301	4	Klong, Songkhla, Thailand	TH	TH68	27039	6.80205	100.621	-3236673	4	Antara, Aceh, Indonesia	ID	ID01	18585	3.5292	99.0184	10119106	4	Klong, Songkhla, Thailand	TH	TH68	27039	6.80205	100.621	-3236673	20260603194500	https://en.tempo.co/read/2106703/former-thai-pm-thaksin-granted-royal-pardon-fully-freed
1307319432	20260603	202606	2026	2026.4192	THAELI	THAI	THA					ELI			THAELIGOV	THAKSIN SHINAWATRA	THA					ELI	GOV		1	080	080	08	2	5.0	1	1	1	1.25523012552301	4	Klong, Songkhla, Thailand	TH	TH68	27039	6.80205	100.621	-3236673	4	Klong, Songkhla, Thailand	TH	TH68	27039	6.80205	100.621	-3236673	4	Klong, Songkhla, Thailand	TH	TH68	27039	6.80205	100.621	-3236673	20260603194500	https://en.tempo.co/read/2106703/former-thai-pm-thaksin-granted-royal-pardon-fully-freed
1307319433	20260603	202606	2026	2026.4192	THAELI	THAI	THA					ELI			THAELIGOV	THAKSIN SHINAWATRA	THA					ELI	GOV		1	081	081	08	2	5.0	1	1	1	1.25523012552301	4	Klong, Songkhla, Thailand	TH	TH68	27039	6.80205	100.621	-3236673	4	Klong, Songkhla, Thailand	TH	TH68	27039	6.80205	100.621	-3236673	4	Klong, Songkhla, Thailand	TH	TH68	27039	6.80205	100.621	-3236673	20260603194500	https://en.tempo.co/read/2106703/former-thai-pm-thaksin-granted-royal-pardon-fully-freed
1307319434	20260603	202606	2026	2026.4192	THAELI	THAI	THA					ELI			THAELIGOV	THAKSIN SHINAWATRA	THA					ELI	GOV		1	100	100	10	3	-5.0	1	1	1	1.25523012552301	4	Klong, Songkhla, Thailand	TH	TH68	27039	6.80205	100.621	-3236673	4	Klong, Songkhla, Thailand	TH	TH68	27039	6.80205	100.621	-3236673	4	Klong, Songkhla, Thailand	TH	TH68	27039	6.80205	100.621	-3236673	20260603194500	https://en.tempo.co/read/2106703/former-thai-pm-thaksin-granted-royal-pardon-fully-freed
1307319435	20260603	202606	2026	2026.4192	TUR	TURKEY	TUR								BUS	COMPANY						BUS			0	111	111	11	3	-2.0	4	1	4	4.49438202247191	1	Turkey	TU	TU		39.059012	34.911546	TU	1	Turkey	TU	TU		39.059012	34.911546	TU	1	Turkey	TU	TU		39.059012	34.911546	TU	20260603194500	https://thewhiskeywash.com/whiskey-news/russells-reserve-13-year-bourbon-returns-to-celebrate-eddie-russells-45-years/
1307319436	20260603	202606	2026	2026.4192	TUR	TURKEY	TUR								FRA	FRANCE	FRA								0	043	043	04	1	2.8	1	1	1	-0.554016620498619	1	France	FR	FR		46	2	FR	1	United Kingdom	UK	UK		54	-4	UK	1	United Kingdom	UK	UK		54	-4	UK	20260603194500	https://www.ipsnews.net/2026/06/governments-falling-90-percent-short-of-climate-adaptation-finance-needs/
1307319437	20260603	202606	2026	2026.4192	TUR	TURKEY	TUR								ISRSET	ISRAEL	ISR					SET			1	111	111	11	3	-2.0	1	1	1	-1.74291938997821	1	Saudi Arabia	SA	SA		25	45	SA	4	Jerusalem, Israel (general), Israel	IS	IS00	18315	31.7667	35.2333	-797092	1	United Arab Emirates	AE	AE		24	54	AE	20260603194500	https://en.tempo.co/read/2106692/indonesia-seven-nations-denounce-israeli-settlers-attack-on-al-aqsa-mosque
1307319438	20260603	202606	2026	2026.4192	TUR	TURKEY	TUR								ISRSET	ISRAELI	ISR					SET			1	111	111	11	3	-2.0	2	1	2	-1.74291938997821	1	Turkey	TU	TU		39.059012	34.911546	TU	4	Jerusalem, Israel (general), Israel	IS	IS00	18315	31.7667	35.2333	-797092	1	United Arab Emirates	AE	AE		24	54	AE	20260603194500	https://en.tempo.co/read/2106692/indonesia-seven-nations-denounce-israeli-settlers-attack-on-al-aqsa-mosque
1307319439	20260603	202606	2026	2026.4192	TUR	TURKEY	TUR								ISRSET	ISRAEL	ISR					SET			1	190	190	19	4	-10.0	1	1	1	-1.74291938997821	1	Saudi Arabia	SA	SA		25	45	SA	4	Jerusalem, Israel (general), Israel	IS	IS00	18315	31.7667	35.2333	-797092	1	United Arab Emirates	AE	AE		24	54	AE	20260603194500	https://en.tempo.co/read/2106692/indonesia-seven-nations-denounce-israeli-settlers-attack-on-al-aqsa-mosque
1307319440	20260603	202606	2026	2026.4192	TUR	TURKEY	TUR								ISRSET	ISRAELI	ISR					SET			1	190	190	19	4	-10.0	2	1	2	-1.74291938997821	1	Turkey	TU	TU		39.059012	34.911546	TU	4	Jerusalem, Israel (general), Israel	IS	IS00	18315	31.7667	35.2333	-797092	4	Jerusalem, Israel (general), Israel	IS	IS00	18315	31.7667	35.2333	-797092	20260603194500	https://en.tempo.co/read/2106692/indonesia-seven-nations-denounce-israeli-settlers-attack-on-al-aqsa-mosque
1307319441	20260603	202606	2026	2026.4192	TUR	TURKEY	TUR								SYR	SYRIAN	SYR								0	154	154	15	4	-7.2	2	1	2	-2.13930348258706	4	Ankara, Ankara, Turkey	TU	TU68	27516	39.9272	32.8644	-735338	4	Ankara, Ankara, Turkey	TU	TU68	27516	39.9272	32.8644	-735338	4	Ankara, Ankara, Turkey	TU	TU68	27516	39.9272	32.8644	-735338	20260603194500	https://foreignpolicy.com/2026/06/03/america-africa-adventurism-emirates-qatar/
1307319442	20260603	202606	2026	2026.4192	TUR	TURKEY	TUR								SYR	SYRIAN	SYR								0	154	154	15	4	-7.2	2	1	2	-2.13930348258706	4	Ankara, Ankara, Turkey	TU	TU68	27516	39.9272	32.8644	-735338	1	Syria	SY	SY		35	38	SY	4	Ankara, Ankara, Turkey	TU	TU68	27516	39.9272	32.8644	-735338	20260603194500	https://foreignpolicy.com/2026/06/03/america-africa-adventurism-emirates-qatar/
1307319443	20260603	202606	2026	2026.4192	TUR	TURKEY	TUR								SYRUAF	SYRIAN	SYR					UAF			0	154	154	15	4	-7.2	6	1	6	-2.13930348258706	4	Ankara, Ankara, Turkey	TU	TU68	27516	39.9272	32.8644	-735338	1	Syria	SY	SY		35	38	SY	4	Ankara, Ankara, Turkey	TU	TU68	27516	39.9272	32.8644	-735338	20260603194500	https://foreignpolicy.com/2026/06/03/america-africa-adventurism-emirates-qatar/
1307319444	20260603	202606	2026	2026.4192	TUR	TURKEY	TUR								USA	KENTUCKY	USA								1	051	051	05	1	3.4	4	1	4	4.49438202247191	1	Turkey	TU	TU		39.059012	34.911546	TU	1	Turkey	TU	TU		39.059012	34.911546	TU	1	Turkey	TU	TU		39.059012	34.911546	TU	20260603194500	https://thewhiskeywash.com/whiskey-news/russells-reserve-13-year-bourbon-returns-to-celebrate-eddie-russells-45-years/
1307319445	20260603	202606	2026	2026.4192	TWN	TAIWANESE	TWN																		0	0871	087	08	2	9.0	10	1	10	-1.84331797235023	4	Taipei, T'ai-pei, Taiwan	TW	TW03	13277	25.0478	121.532	-2637882	0								4	Taipei, T'ai-pei, Taiwan	TW	TW03	13277	25.0478	121.532	-2637882	20260603194500	https://foreignpolicy.com/2026/06/03/taiwan-china-us-invasion-war-military-arms-weapons/
1307319446	20260603	202606	2026	2026.4192	TWN	TAIWAN	TWN								CHN	CHINA	CHN								1	046	046	04	1	7.0	7	1	7	-0.235849056603773	4	Taipei, T'ai-pei, Taiwan	TW	TW03	13277	25.0478	121.532	-2637882	4	Beijing, Beijing, China	CH	CH22	13001	39.9289	116.388	-1898541	4	Taipei, T'ai-pei, Taiwan	TW	TW03	13277	25.0478	121.532	-2637882	20260603194500	https://news.ltn.com.tw/news/focus/breakingnews/5459915
1307319447	20260603	202606	2026	2026.4192	TWN	TAIWAN	TWN								CHN	CHINA	CHN								1	046	046	04	1	7.0	1	1	1	-0.235849056603773	4	Taipei, T'ai-pei, Taiwan	TW	TW03	13277	25.0478	121.532	-2637882	3	Capitol Hill, District of Columbia, United States	US	USDC		38.889	-77.0003	529313	4	Taipei, T'ai-pei, Taiwan	TW	TW03	13277	25.0478	121.532	-2637882	20260603194500	https://news.ltn.com.tw/news/focus/breakingnews/5459915
1307319448	20260603	202606	2026	2026.4192	TWN	TAIWAN	TWN								CHN	CHINA	CHN								1	046	046	04	1	7.0	1	1	1	-0.235849056603773	3	Capitol Hill, District of Columbia, United States	US	USDC	DC001	38.889	-77.0003	529313	4	Taipei, T'ai-pei, Taiwan	TW	TW03	13277	25.0478	121.532	-2637882	3	Capitol Hill, District of Columbia, United States	US	USDC		38.889	-77.0003	529313	20260603194500	https://news.ltn.com.tw/news/focus/breakingnews/5459915
1307319449	20260603	202606	2026	2026.4192	TWN	TAIWAN	TWN								CHN	CHINA	CHN								1	050	050	05	1	3.5	2	1	2	-0.235849056603773	4	Taipei, T'ai-pei, Taiwan	TW	TW03	13277	25.0478	121.532	-2637882	3	Capitol Hill, District of Columbia, United States	US	USDC		38.889	-77.0003	529313	4	Taipei, T'ai-pei, Taiwan	TW	TW03	13277	25.0478	121.532	-2637882	20260603194500	https://news.ltn.com.tw/news/focus/breakingnews/5459915
1307319450	20260603	202606	2026	2026.4192	TWN	TAIPEI	TWN								USA	WASHINGTON	USA								1	051	051	05	1	3.4	3	1	3	-0.235849056603773	4	Taipei, T'ai-pei, Taiwan	TW	TW03	13277	25.0478	121.532	-2637882	4	Taipei, T'ai-pei, Taiwan	TW	TW03	13277	25.0478	121.532	-2637882	3	White House, District of Columbia, United States	US	USDC		38.8951	-77.0364	531871	20260603194500	https://news.ltn.com.tw/news/focus/breakingnews/5459915
1307319451	20260603	202606	2026	2026.4192	TWN	TAIPEI	TWN								USA	UNITED STATES	USA								1	051	051	05	1	3.4	1	1	1	-0.235849056603773	3	Capitol Hill, District of Columbia, United States	US	USDC	DC001	38.889	-77.0003	529313	4	Taipei, T'ai-pei, Taiwan	TW	TW03	13277	25.0478	121.532	-2637882	3	Capitol Hill, District of Columbia, United States	US	USDC		38.889	-77.0003	529313	20260603194500	https://news.ltn.com.tw/news/focus/breakingnews/5459915
1307319452	20260603	202606	2026	2026.4192	TWN	TAIPEI	TWN								USA	WASHINGTON	USA								1	051	051	05	1	3.4	3	1	3	-0.235849056603773	3	White House, District of Columbia, United States	US	USDC		38.8951	-77.0364	531871	4	Taipei, T'ai-pei, Taiwan	TW	TW03	13277	25.0478	121.532	-2637882	3	White House, District of Columbia, United States	US	USDC		38.8951	-77.0364	531871	20260603194500	https://news.ltn.com.tw/news/focus/breakingnews/5459915
1307319453	20260603	202606	2026	2026.4192	TWN	TAIPEI	TWN								USAGOV	UNITED STATES	USA					GOV			1	051	051	05	1	3.4	1	1	1	-0.235849056603773	4	Taipei, T'ai-pei, Taiwan	TW	TW03	13277	25.0478	121.532	-2637882	4	Taipei, T'ai-pei, Taiwan	TW	TW03	13277	25.0478	121.532	-2637882	4	Taipei, T'ai-pei, Taiwan	TW	TW03	13277	25.0478	121.532	-2637882	20260603194500	https://news.ltn.com.tw/news/focus/breakingnews/5459915
1307319454	20260603	202606	2026	2026.4192	UAF	TERRORIST						UAF													0	014	014	01	1	0.0	2	1	2	-7.45644599303136	4	Golders Green, Barnet, United Kingdom	UK	UKA2	40110	51.5667	-0.216667	-2597271	0								4	Golders Green, Barnet, United Kingdom	UK	UKA2	40110	51.5667	-0.216667	-2597271	20260603194500	https://www.dailymail.com/news/article-15787483/Iran-recruit-sleeper-agents-Britain-motivated-kill-Jews-expert.html
1307319455	20260603	202606	2026	2026.4192	UAF	TERRORIST						UAF													0	014	014	01	1	0.0	1	1	1	-7.45644599303136	4	Golders Green, Barnet, United Kingdom	UK	UKA2	40110	51.5667	-0.216667	-2597271	0								4	Southwark, Southwark, United Kingdom	UK	UKM8	40110	51.5	-0.083333	-2608353	20260603194500	https://www.dailymail.com/news/article-15787483/Iran-recruit-sleeper-agents-Britain-motivated-kill-Jews-expert.html
1307319456	20260603	202606	2026	2026.4192	UAF	GUNMEN						UAF													1	145	145	14	3	-7.5	1	1	1	-3.09278350515464	5	Oyo State, Oyo, Nigeria	NI	NI32	191166	8	4	-2024630	0								5	Oyo State, Oyo, Nigeria	NI	NI32	191166	8	4	-2024630	20260603194500	https://dailytrust.com/gunmen-attack-immigration-office-in-ogbomoso-disarm-officers/
1307319457	20260603	202606	2026	2026.4192	UAF	GUNMEN						UAF			NGA	NIGERIA	NGA								1	145	145	14	3	-7.5	6	1	6	-3.09278350515464	5	Oyo State, Oyo, Nigeria	NI	NI32	191166	8	4	-2024630	5	Oyo State, Oyo, Nigeria	NI	NI32	191166	8	4	-2024630	5	Oyo State, Oyo, Nigeria	NI	NI32	191166	8	4	-2024630	20260603194500	https://dailytrust.com/gunmen-attack-immigration-office-in-ogbomoso-disarm-officers/
1307319458	20260603	202606	2026	2026.4192	UKR	UKRAINE	UKR																		0	037	037	03	1	5.0	5	1	5	-1.12781954887218	4	Kyiv, Kyyiv, Misto, Ukraine	UP	UP12	28554	50.4333	30.5167	-1044367	0								4	Kyiv, Kyyiv, Misto, Ukraine	UP	UP12	28554	50.4333	30.5167	-1044367	20260603194500	https://www.express.co.uk/news/world/2213098/putin-nightmare-hungary-lifts-ukraines
1307319459	20260603	202606	2026	2026.4192	UKR	ODESSA	UKR																		1	080	080	08	2	5.0	10	1	10	-7.2463768115942	0								0								0								20260603194500	https://sanangelolive.com/news/crashes/2026-06-03/san-angelo-woman-dies-highway-crash-odessa
1307319460	20260603	202606	2026	2026.4192	UKR	UKRAINE	UKR								CVL	NEIGHBOURHOOD						CVL			0	194	194	19	4	-10.0	2	1	2	-5.89430894308944	4	Chornobyl, Kyyivs'ka Oblast', Ukraine	UP	UP13	39914	51.2736	30.2225	-1037390	4	Chornobyl, Kyyivs'ka Oblast', Ukraine	UP	UP13	39914	51.2736	30.2225	-1037390	4	Chornobyl, Kyyivs'ka Oblast', Ukraine	UP	UP13	39914	51.2736	30.2225	-1037390	20260603194500	https://www.theglobeandmail.com/world/article-russia-ukraine-chornobyl-musem-kyiv-st-petersburg/
1307319461	20260603	202606	2026	2026.4192	UKR	UKRAINE	UKR								CVL	NEIGHBOURHOOD						CVL			0	194	194	19	4	-10.0	4	1	4	-5.89430894308944	4	Chornobyl, Kyyivs'ka Oblast', Ukraine	UP	UP13	39914	51.2736	30.2225	-1037390	4	Kremlin, Moskva, Russia	RS	RS48	25106	55.7522	37.6156	-2960561	4	Kremlin, Moskva, Russia	RS	RS48	25106	55.7522	37.6156	-2960561	20260603194500	https://www.theglobeandmail.com/world/article-russia-ukraine-chornobyl-musem-kyiv-st-petersburg/
1307319462	20260603	202606	2026	2026.4192	UKR	UKRAINE	UKR								GOV	PRESIDENT						GOV			1	040	040	04	1	1.0	8	1	8	0	4	Kremlin, Moskva, Russia	RS	RS48	25106	55.7522	37.6156	-2960561	4	Kremlin, Moskva, Russia	RS	RS48	25106	55.7522	37.6156	-2960561	4	Kremlin, Moskva, Russia	RS	RS48	25106	55.7522	37.6156	-2960561	20260603194500	https://www.gov.uk/government/news/pm-call-with-president-volodymyr-zelenskyy-of-ukraine-3-june-2026
1307319463	20260603	202606	2026	2026.4192	UKR	UKRAINE	UKR								RUS	RUSSIA	RUS								0	012	012	01	1	-0.4	1	1	1	-4.14258188824663	4	Kremlin, Moskva, Russia	RS	RS48	25106	55.7522	37.6156	-2960561	4	Kremlin, Moskva, Russia	RS	RS48	25106	55.7522	37.6156	-2960561	4	Kremlin, Moskva, Russia	RS	RS48	25106	55.7522	37.6156	-2960561	20260603194500	https://foreignpolicy.com/2026/06/03/ukraine-mid-range-drones-russia-war-success/
1307319464	20260603	202606	2026	2026.4192	UKR	UKRAINE	UKR								RUS	RUSSIA	RUS								0	012	012	01	1	-0.4	1	1	1	-4.14258188824663	1	Ukraine	UP	UP		49	32	UP	4	Kremlin, Moskva, Russia	RS	RS48	25106	55.7522	37.6156	-2960561	4	Kremlin, Moskva, Russia	RS	RS48	25106	55.7522	37.6156	-2960561	20260603194500	https://foreignpolicy.com/2026/06/03/ukraine-mid-range-drones-russia-war-success/
1307319465	20260603	202606	2026	2026.4192	UKR	UKRAINE	UKR								RUS	MOSCOW	RUS								0	194	194	19	4	-10.0	2	1	2	-5.89430894308944	4	Chornobyl, Kyyivs'ka Oblast', Ukraine	UP	UP13	39914	51.2736	30.2225	-1037390	4	Kremlin, Moskva, Russia	RS	RS48	25106	55.7522	37.6156	-2960561	4	Kremlin, Moskva, Russia	RS	RS48	25106	55.7522	37.6156	-2960561	20260603194500	https://www.theglobeandmail.com/world/article-russia-ukraine-chornobyl-musem-kyiv-st-petersburg/
1307319466	20260603	202606	2026	2026.4192	UKR	UKRAINIAN	UKR								UKRGOV	UKRAINE	UKR					GOV			0	026	026	02	1	4.0	4	1	4	-1.12781954887218	4	Kyiv, Kyyiv, Misto, Ukraine	UP	UP12	28554	50.4333	30.5167	-1044367	4	Kyiv, Kyyiv, Misto, Ukraine	UP	UP12	28554	50.4333	30.5167	-1044367	4	Kyiv, Kyyiv, Misto, Ukraine	UP	UP12	28554	50.4333	30.5167	-1044367	20260603194500	https://www.express.co.uk/news/world/2213098/putin-nightmare-hungary-lifts-ukraines
1307319467	20260603	202606	2026	2026.4192	UKRGOV	UKRAINIAN	UKR					GOV													0	026	026	02	1	4.0	6	1	6	-1.12781954887218	4	Kyiv, Kyyiv, Misto, Ukraine	UP	UP12	28554	50.4333	30.5167	-1044367	0								4	Kyiv, Kyyiv, Misto, Ukraine	UP	UP12	28554	50.4333	30.5167	-1044367	20260603194500	https://www.express.co.uk/news/world/2213098/putin-nightmare-hungary-lifts-ukraines
1307319468	20260603	202606	2026	2026.4192	UKRGOV	UKRAINE	UKR					GOV			GOV	PRIME MINISTER						GOV			1	040	040	04	1	1.0	2	1	2	0	1	Ukraine	UP	UP		49	32	UP	1	Ukraine	UP	UP		49	32	UP	1	Ukraine	UP	UP		49	32	UP	20260603194500	https://www.gov.uk/government/news/pm-call-with-president-volodymyr-zelenskyy-of-ukraine-3-june-2026
1307319469	20260603	202606	2026	2026.4192	USA	TEXAS	USA																		1	010	010	01	1	0.0	1	1	1	-6.86015831134565	3	Burnet County, Texas, United States	US	USTX	TX053	30.7835	-98.1836	1383812	0								2	Texas, United States	US	USTX		31.106	-97.6475	TX	20260603194500	https://sanangelolive.com/news/crime/2026-06-03/texas-child-predator-named-featured-fugitive-june
1307319470	20260603	202606	2026	2026.4192	USA	UNITED STATES	USA																		0	010	010	01	1	0.0	1	1	1	-1.58013544018059	3	New Orleans, Louisiana, United States	US	USLA	LA071	29.9546	-90.0751	1629985	0								3	Baton Rouge, Louisiana, United States	US	USLA		30.4507	-91.1545	1629914	20260603194500	https://www.krvs.org/louisiana-news/2026-06-03/state-lawmakers-pass-bills-to-reform-orleans-parish-courts
1307319471	20260603	202606	2026	2026.4192	USA	UNITED STATES	USA																		1	010	010	01	1	0.0	2	1	2	5.97014925373134	3	Brentwood, California, United States	US	USCA	CA013	37.9319	-121.696	277479	0								3	Brentwood, California, United States	US	USCA	CA013	37.9319	-121.696	277479	20260603194500	https://www.stlmag.com/uncategorized/honey-coffee-matcha-brentwood/
1307319472	20260603	202606	2026	2026.4192	USA	UNITED STATES	USA																		1	010	010	01	1	0.0	4	1	4	0.27397260273973	3	Gooding County, Idaho, United States	US	USID	ID047	42.9166	-114.751	395441	0								3	Gooding County, Idaho, United States	US	USID		42.9166	-114.751	395441	20260603194500	https://www.kmvt.com/2026/06/03/idaho-election-officials-audit-primary-results/
1307319473	20260603	202606	2026	2026.4192	USA	UNITED STATES	USA																		0	010	010	01	1	0.0	2	1	2	-1.58013544018059	3	Orleans Parish, Louisiana, United States	US	USLA	LA071	30.0335	-89.9501	558113	0								3	Orleans Parish, Louisiana, United States	US	USLA		30.0335	-89.9501	558113	20260603194500	https://www.krvs.org/louisiana-news/2026-06-03/state-lawmakers-pass-bills-to-reform-orleans-parish-courts
1307319474	20260603	202606	2026	2026.4192	USA	UNITED STATES	USA																		1	010	010	01	1	0.0	2	1	2	0.42553191489362	1	Japan	JA	JA		36	138	JA	0								4	London, London, City of, United Kingdom	UK	UKH9	40110	51.5	-0.116667	-2601889	20260603194500	https://thewhiskeywash.com/2026/06/03/
1307319475	20260603	202606	2026	2026.4192	USA	UNITED STATES	USA																		1	010	010	01	1	0.0	2	1	2	0.42553191489362	1	Japan	JA	JA		36	138	JA	0								1	Japan	JA	JA		36	138	JA	20260603194500	https://thewhiskeywash.com/2026/06/03/
1307319476	20260603	202606	2026	2026.4192	USA	LOUISIANA	USA																		1	010	010	01	1	0.0	2	1	2	3.57142857142857	2	Louisiana, United States	US	USLA		31.1801	-91.8749	LA	0								3	New Orleans, Louisiana, United States	US	USLA		29.9546	-90.0751	1629985	20260603194500	https://www.krvs.org/podcast/medicine-ball-caravan-in-studio-performances/2026-06-03/maggie-koerner-in-the-studio
1307319477	20260603	202606	2026	2026.4192	USA	UNITED STATES	USA																		0	010	010	01	1	0.0	2	1	2	-2.13464696223317	1	Mexico	MX	MX		23	-102	MX	0								2	Arizona, United States	US	USAZ		33.7712	-111.388	AZ	20260603194500	https://ktar.com/arizona-weather-news/hottest-spring-ever-monsoon/5876494/
1307319478	20260603	202606	2026	2026.4192	USA	UNITED STATES	USA																		0	011	011	01	1	-0.1	2	1	2	0	3	Atlanta, Georgia, United States	US	USGA	GA121	33.749	-84.388	351615	0								3	Atlanta, Georgia, United States	US	USGA	GA121	33.749	-84.388	351615	20260603194500	https://ktar.com/national-news/district-attorney-challenges-new-georgia-law-that-removes-party-labels-in-atlanta-area-elections/5876572/
1307319479	20260603	202606	2026	2026.4192	USA	UNITED STATES	USA																		0	011	011	01	1	-0.1	2	1	2	0	3	Atlanta, Georgia, United States	US	USGA	GA121	33.749	-84.388	351615	0								3	Boston, Massachusetts, United States	US	USMA	MA025	42.3584	-71.0598	617565	20260603194500	https://ktar.com/national-news/district-attorney-challenges-new-georgia-law-that-removes-party-labels-in-atlanta-area-elections/5876572/
1307319480	20260603	202606	2026	2026.4192	USA	BOSTON	USA																		0	011	011	01	1	-0.1	6	1	6	0	3	Boston, Massachusetts, United States	US	USMA	MA025	42.3584	-71.0598	617565	0								3	Boston, Massachusetts, United States	US	USMA	MA025	42.3584	-71.0598	617565	20260603194500	https://ktar.com/national-news/district-attorney-challenges-new-georgia-law-that-removes-party-labels-in-atlanta-area-elections/5876572/
1307319481	20260603	202606	2026	2026.4192	USA	UNITED STATES	USA																		1	017	017	01	1	0.0	4	1	4	2.72479564032698	1	Chad	CD	CD		15	19	CD	0								1	Chad	CD	CD		15	19	CD	20260603194500	https://www.express.co.uk/celebrity-news/2213100/duane-ollinger-dead-hospital
1307319482	20260603	202606	2026	2026.4192	USA	BOSTON	USA																		1	020	020	02	1	3.0	4	1	4	3.8135593220339	4	Cambridge, Cambridgeshire, United Kingdom	UK	UKC3	40098	52.2	0.116667	-2591658	0								3	Boston, Massachusetts, United States	US	USMA	MA025	42.3584	-71.0598	617565	20260603194500	https://bankerandtradesman.com/another-hotel-project-approved-in-allston/
1307319483	20260603	202606	2026	2026.4192	USA	UNITED STATES	USA																		0	020	020	02	1	3.0	4	1	4	-7.23830734966592	3	Batavia, Ohio, United States	US	USOH	OH025	39.077	-84.1769	1037672	0								3	Batavia, Ohio, United States	US	USOH	OH025	39.077	-84.1769	1037672	20260603194500	https://www.wlwt.com/article/cody-winn-grand-theft-market-modern-batavia-sentence/71485153
1307319484	20260603	202606	2026	2026.4192	USA	WISCONSIN	USA																		1	020	020	02	1	3.0	1	1	1	-1.53061224489796	3	Minocqua, Wisconsin, United States	US	USWI	WI085	45.8713	-89.711	1569580	0								3	Minocqua, Wisconsin, United States	US	USWI	WI085	45.8713	-89.711	1569580	20260603194500	https://wtmj.com/news/2026/06/03/minocqua-brewing-company-owner-kirk-bangstad-falls-short-of-ballot-requirement/
1307319485	20260603	202606	2026	2026.4192	USA	BOSTON	USA																		0	020	020	02	1	3.0	1	1	1	0	3	Boston, Massachusetts, United States	US	USMA	MA025	42.3584	-71.0598	617565	0								2	Georgia, United States	US	USGA		32.9866	-83.6487	GA	20260603194500	https://ktar.com/national-news/district-attorney-challenges-new-georgia-law-that-removes-party-labels-in-atlanta-area-elections/5876572/
1307319486	20260603	202606	2026	2026.4192	USA	SAN DIEGO	USA																		1	030	030	03	1	4.0	8	1	8	7.41444866920152	3	San Diego, California, United States	US	USCA	CA073	32.7153	-117.157	1661377	0								3	Chicago, Illinois, United States	US	USIL	IL031	41.85	-87.6501	423587	20260603194500	https://www.webwire.com/ViewPressRel.asp?aId=354960
1307319487	20260603	202606	2026	2026.4192	USA	UNITED STATES	USA																		1	030	030	03	1	4.0	2	1	2	7.41444866920152	3	Chicago, Illinois, United States	US	USIL	IL031	41.85	-87.6501	423587	0								3	Chicago, Illinois, United States	US	USIL	IL031	41.85	-87.6501	423587	20260603194500	https://www.webwire.com/ViewPressRel.asp?aId=354960
1307319488	20260603	202606	2026	2026.4192	USA	INDIANA	USA																		1	030	030	03	1	4.0	10	1	10	6.84931506849315	2	Indiana, United States	US	USIN		39.8647	-86.2604	IN	0								2	Indiana, United States	US	USIN		39.8647	-86.2604	IN	20260603194500	https://www.wthitv.com:443/2026/05/28/indiana-youth-institute-encourages-support-childrens-mental-health/
1307319489	20260603	202606	2026	2026.4192	USA	NEW YORK	USA																		1	0331	033	03	1	5.2	8	1	8	0	2	Oklahoma, United States	US	USOK		35.5376	-96.9247	OK	0								2	Oklahoma, United States	US	USOK		35.5376	-96.9247	OK	20260603194500	https://variety.com/2026/tv/news/tulsa-king-season-5-new-york-production-1236764975/
1307319490	20260603	202606	2026	2026.4192	USA	ARIZONA	USA																		0	036	036	03	1	4.0	6	1	6	2.26628895184136	3	White River, Arizona, United States	US	USAZ	AZ017	33.837	-109.964	13704	0								3	White River, Arizona, United States	US	USAZ		33.837	-109.964	13704	20260603194500	https://www.theheraldtimes.com/six-pieces-one-place-kracht-debuts-white-river-valley-collection-for-hopewest/meeker/
1307319491	20260603	202606	2026	2026.4192	USA	UNITED STATES	USA																		1	036	036	03	1	4.0	4	1	4	0.27397260273973	3	Gooding County, Idaho, United States	US	USID	ID047	42.9166	-114.751	395441	0								3	Gooding County, Idaho, United States	US	USID		42.9166	-114.751	395441	20260603194500	https://www.kmvt.com/2026/06/03/idaho-election-officials-audit-primary-results/
1307319492	20260603	202606	2026	2026.4192	USA	UNITED STATES	USA																		1	036	036	03	1	4.0	4	1	4	5.91133004926109	3	Erie, Michigan, United States	US	USMI	MI115	41.7942	-83.4963	625631	0								3	Erie, Michigan, United States	US	USMI	MI115	41.7942	-83.4963	625631	20260603194500	https://www.erienewsnow.com/news/zot-artz-experience-comes-erie-to-inspire-inclusivity/article_8f02b103-3d8f-45cf-9149-9fefd9dbce9c.html
1307319493	20260603	202606	2026	2026.4192	USA	ARIZONA	USA																		0	036	036	03	1	4.0	2	1	2	2.26628895184136	3	Kalispell, Montana, United States	US	USMT	MT029	48.1958	-114.313	785622	0								3	Kalispell, Montana, United States	US	USMT	MT029	48.1958	-114.313	785622	20260603194500	https://www.theheraldtimes.com/six-pieces-one-place-kracht-debuts-white-river-valley-collection-for-hopewest/meeker/
1307319494	20260603	202606	2026	2026.4192	USA	UNITED STATES	USA																		1	036	036	03	1	4.0	2	1	2	7.26256983240224	3	Boulder City, Nevada, United States	US	USNV	NV003	35.9786	-114.832	858617	0								2	Nevada, United States	US	USNV		38.4199	-117.122	NV	20260603194500	https://news3lv.com/news/local/ndow-community-free-fishing-day-boulder-city-southern-nevada-wildlife-outdoors
1307319495	20260603	202606	2026	2026.4192	USA	UNITED STATES	USA																		0	040	040	04	1	1.0	4	1	4	-7.23830734966592	3	Batavia, Ohio, United States	US	USOH	OH025	39.077	-84.1769	1037672	0								3	Batavia, Ohio, United States	US	USOH	OH025	39.077	-84.1769	1037672	20260603194500	https://www.wlwt.com/article/cody-winn-grand-theft-market-modern-batavia-sentence/71485153
1307319496	20260603	202606	2026	2026.4192	USA	UNITED STATES	USA																		1	042	042	04	1	1.9	4	1	4	3.87755102040816	3	Crooks Park, Colorado, United States	US	USCO	CO103	39.9972	-107.544	202156	0								3	Crooks Park, Colorado, United States	US	USCO		39.9972	-107.544	202156	20260603194500	https://www.theheraldtimes.com/community-calendar-june-4th-2026/rio-blanco-county/
1307319497	20260603	202606	2026	2026.4192	USA	UNITED STATES	USA																		0	042	042	04	1	1.9	2	1	2	1.08055009823182	3	Shedd Aquarium, Illinois, United States	US	USIL	IL031	41.8678	-87.6139	418324	0								4	Niagara Falls, Ontario, Canada	CA	CA08	30536	43.1	-79.05	-570141	20260603194500	https://www.cp24.com/local/niagara/2026/06/03/ottawa-endorses-plan-to-move-marinelands-whales-to-us-and-spain/
1307319498	20260603	202606	2026	2026.4192	USA	UNITED STATES	USA																		1	042	042	04	1	1.9	3	1	3	6.34648370497427	3	Bossier Parish, Louisiana, United States	US	USLA	LA015	32.6335	-93.6002	558453	0								3	Bossier Parish, Louisiana, United States	US	USLA		32.6335	-93.6002	558453	20260603194500	https://www.ksla.com/2026/06/03/music-lineup-official-poster-unveiled-22nd-annual-highland-jazz-blues-festival-shreveport/
1307319499	20260603	202606	2026	2026.4192	USA	UNITED STATES	USA																		1	043	043	04	1	2.8	4	1	4	2.32142857142857	3	El Dorado, Texas, United States	US	USTX	TX413	30.8602	-100.601	1356891	0								3	El Dorado, Texas, United States	US	USTX		30.8602	-100.601	1356891	20260603194500	https://www.mtdemocrat.com/obituaries/james-k-veerkamp/article_23b15df4-c12b-496c-ba0b-ce10891c85f2.html
1307319500	20260603	202606	2026	2026.4192	USA	TEXAS	USA																		1	043	043	04	1	2.8	2	1	2	4.82456140350877	2	Texas, United States	US	USTX		31.106	-97.6475	TX	0								3	Texarkana, Texas, United States	US	USTX	TX037	33.4251	-94.0477	1369752	20260603194500	https://www.ksla.com/2026/06/03/25-years-911-commemorated-texarkana/
1307319501	20260603	202606	2026	2026.4192	USA	AUSTIN	USA																		0	045	045	04	1	5.0	10	1	10	1.21786197564276	3	Miami, Florida, United States	US	USFL	FL086	25.7743	-80.1937	295004	0								3	Miami, Florida, United States	US	USFL	FL086	25.7743	-80.1937	295004	20260603194500	https://everything-pr.com/real-estate-ai-visibility-guide/
1307319502	20260603	202606	2026	2026.4192	USA	UNITED STATES	USA																		0	051	051	05	1	3.4	2	1	2	5.81818181818182	3	Big Lake, Texas, United States	US	USTX	TX383	31.1915	-101.46	1352089	0								3	Big Lake, Texas, United States	US	USTX		31.1915	-101.46	1352089	20260603194500	https://sanangelolive.com/community/obituaries/2026-05-31/janet-ruth-wilburn
1307319503	20260603	202606	2026	2026.4192	USA	UNITED STATES	USA																		0	051	051	05	1	3.4	4	1	4	5.81818181818182	3	First Baptist Church, Texas, United States	US	USTX	TX167	29.3941	-94.9155	1385009	0								3	Big Lake, Texas, United States	US	USTX		31.1915	-101.46	1352089	20260603194500	https://sanangelolive.com/community/obituaries/2026-05-31/janet-ruth-wilburn
1307319504	20260603	202606	2026	2026.4192	USA	UNITED STATES	USA																		0	051	051	05	1	3.4	2	1	2	5.81818181818182	3	First Baptist Church, Texas, United States	US	USTX	TX167	29.3941	-94.9155	1385009	0								3	First Baptist Church, Texas, United States	US	USTX		29.3941	-94.9155	1385009	20260603194500	https://sanangelolive.com/community/obituaries/2026-05-31/janet-ruth-wilburn
1307319505	20260603	202606	2026	2026.4192	USA	UNITED STATES	USA																		1	051	051	05	1	3.4	1	1	1	0.23455824863174	3	Royal Gorge, Colorado, United States	US	USCO	CO043	38.4311	-105.269	191861	0								3	Fremont County, Colorado, United States	US	USCO		38.4833	-105.401	198137	20260603194500	https://www.canoncitydailyrecord.com/2026/06/03/candidates-for-fremont-county-sheriff-house-district-60-share-differing-views-during-forum/
1307319506	20260603	202606	2026	2026.4192	USA	UNITED STATES	USA																		1	051	051	05	1	3.4	4	1	4	3.87755102040816	3	Crooks Park, Colorado, United States	US	USCO	CO103	39.9972	-107.544	202156	0								3	Crooks Park, Colorado, United States	US	USCO		39.9972	-107.544	202156	20260603194500	https://www.theheraldtimes.com/community-calendar-june-4th-2026/rio-blanco-county/
1307319507	20260603	202606	2026	2026.4192	USA	UNITED STATES	USA																		1	061	061	06	2	6.4	10	1	10	4.03422982885085	2	Louisiana, United States	US	USLA		31.1801	-91.8749	LA	0								2	Louisiana, United States	US	USLA		31.1801	-91.8749	LA	20260603194500	https://www.manilatimes.net/2026/06/04/tmt-newswire/globenewswire/delfin-midstream-announces-5-billion-final-investment-decision-for-first-flng-vessel/2358251
1307319508	20260603	202606	2026	2026.4192	USA	UNITED STATES	USA																		1	080	080	08	2	5.0	4	1	4	-9.21052631578948	2	Pennsylvania, United States	US	USPA		40.5773	-77.264	PA	0								2	Pennsylvania, United States	US	USPA		40.5773	-77.264	PA	20260603194500	https://www.legalnewsline.com/pennsylvania-record/pennsylvania-record/ding-dong-ditch-revenge-lands-man-in-criminal-civil-court/article_c583e4ba-b6c3-4164-8c3d-e5a1acd6296d.html
1307319509	20260603	202606	2026	2026.4192	USA	ATLANTA	USA																		1	0874	087	08	2	10.0	10	1	10	-0.72815533980582	2	Texas, United States	US	USTX		31.106	-97.6475	TX	0								2	Texas, United States	US	USTX		31.106	-97.6475	TX	20260603194500	https://news.wfsu.org/people/rodney-carmichael
1307319510	20260603	202606	2026	2026.4192	USA	SACRAMENTO	USA																		0	090	090	09	2	-2.0	6	1	6	-5.08613617719442	3	Sacramento, California, United States	US	USCA	CA067	38.5816	-121.494	1659564	0								3	Sacramento, California, United States	US	USCA	CA067	38.5816	-121.494	1659564	20260603194500	https://news3lv.com/news/local/fbi-neutralizes-man-in-bomb-threat-at-chase-building-in-bakersfield-10-hostages-rescued-bakersfield-chester-and-17th-street-police-department-kern-county-california
1307319511	20260603	202606	2026	2026.4192	USA	UNITED STATES	USA																		0	090	090	09	2	-2.0	4	1	4	-5.08613617719442	3	Kern County, California, United States	US	USCA	CA029	35.2961	-118.668	2054176	0								3	Kern County, California, United States	US	USCA		35.2961	-118.668	2054176	20260603194500	https://news3lv.com/news/local/fbi-neutralizes-man-in-bomb-threat-at-chase-building-in-bakersfield-10-hostages-rescued-bakersfield-chester-and-17th-street-police-department-kern-county-california
1307319512	20260603	202606	2026	2026.4192	USA	UNITED STATES	USA																		1	090	090	09	2	-2.0	1	1	1	-9.79591836734695	3	Oakland, California, United States	US	USCA	CA001	37.8044	-122.271	277566	0								3	Oakland, California, United States	US	USCA	CA001	37.8044	-122.271	277566	20260603194500	https://sfist.com/2026/06/03/authorities-probe-death-of-sf-man-found-unresponsive-day-after-transfer-to-santa-rita-jail/
1307319513	20260603	202606	2026	2026.4192	USA	UNITED STATES	USA																		1	110	110	11	3	-2.0	1	1	1	0.23455824863174	3	Fremont County, Colorado, United States	US	USCO	CO043	38.4833	-105.401	198137	0								3	Denver, Colorado, United States	US	USCO	CO031	39.7392	-104.985	201738	20260603194500	https://www.canoncitydailyrecord.com/2026/06/03/candidates-for-fremont-county-sheriff-house-district-60-share-differing-views-during-forum/
1307319514	20260603	202606	2026	2026.4192	USA	IOWA	USA																		1	110	110	11	3	-2.0	18	3	18	-0.21186440677966	2	Iowa, United States	US	USIA		42.0046	-93.214	IA	0								2	California, United States	US	USCA		36.17	-119.746	CA	20260603194500	https://www.krtv.com/politics/dissecting-tuesdays-primaries-an-upset-in-iowa-and-clashes-in-california
1307319515	20260603	202606	2026	2026.4192	USA	UNITED STATES	USA																		0	110	110	11	3	-2.0	2	1	2	-3.1927023945268	2	Nebraska, United States	US	USNE		41.1289	-98.2883	NE	0								2	Nebraska, United States	US	USNE		41.1289	-98.2883	NE	20260603194500	https://www.citizensvoice.com/2026/06/03/lisa-jarvis-this-pancreatic-cancer-drug-is-so-good-it-got-a-standing-ovation/
1307319516	20260603	202606	2026	2026.4192	USA	UNITED STATES	USA																		0	111	111	11	3	-2.0	1	1	1	-1.58013544018059	3	New Orleans, Louisiana, United States	US	USLA	LA071	29.9546	-90.0751	1629985	0								3	Baton Rouge, Louisiana, United States	US	USLA		30.4507	-91.1545	1629914	20260603194500	https://www.krvs.org/louisiana-news/2026-06-03/state-lawmakers-pass-bills-to-reform-orleans-parish-courts
1307319517	20260603	202606	2026	2026.4192	USA	UNITED STATES	USA																		1	112	112	11	3	-2.0	10	1	10	-2.31023102310231	1	Cuba	CU	CU		22	-79.5	CU	0								1	Cuba	CU	CU		22	-79.5	CU	20260603194500	https://www.theglobeandmail.com/business/article-cuba-visa-mastercard-sanctions-economy/
1307319518	20260603	202606	2026	2026.4192	USA	UNITED STATES	USA																		0	124	124	12	3	-4.0	4	1	4	0	3	Atlanta, Georgia, United States	US	USGA	GA121	33.749	-84.388	351615	0								3	Atlanta, Georgia, United States	US	USGA	GA121	33.749	-84.388	351615	20260603194500	https://ktar.com/national-news/district-attorney-challenges-new-georgia-law-that-removes-party-labels-in-atlanta-area-elections/5876572/
1307319519	20260603	202606	2026	2026.4192	USA	BOSTON	USA																		0	124	124	12	3	-4.0	6	1	6	0	3	Boston, Massachusetts, United States	US	USMA	MA025	42.3584	-71.0598	617565	0								3	Boston, Massachusetts, United States	US	USMA	MA025	42.3584	-71.0598	617565	20260603194500	https://ktar.com/national-news/district-attorney-challenges-new-georgia-law-that-removes-party-labels-in-atlanta-area-elections/5876572/
1307319520	20260603	202606	2026	2026.4192	USA	WISCONSIN	USA																		1	154	154	15	4	-7.2	2	1	2	1.5748031496063	1	Iraq	IZ	IZ		33	44	IZ	0								1	Iraq	IZ	IZ		33	44	IZ	20260603194500	https://fox11online.com/news/local/final-group-of-deployed-wisconsin-national-guard-soldiers-return-home-2nd-battalion-127th-infantry-welcome-ceremony-appleton-airport-middle-east-deployment-iraq-kuwait-operation-epic-fury-strait-of-hormuz-iran
1307319521	20260603	202606	2026	2026.4192	USA	UNITED STATES	USA																		0	1711	171	17	4	-9.2	2	1	2	-10.1313320825516	1	Iran	IR	IR		32	53	IR	0								1	Iran	IR	IR		32	53	IR	20260603194500	https://www.sbsun.com/2026/06/03/owner-of-newport-coast-mansion-accused-of-improperly-supplying-iran-with-u-s-equipment/
1307319522	20260603	202606	2026	2026.4192	USA	UNITED STATES	USA																		0	1712	171	17	4	-9.2	2	1	2	-7.1599045346062	3	Walt Disney World, Florida, United States	US	USFL	FL095	28.4117	-81.5826	292855	0								3	Walt Disney World, Florida, United States	US	USFL		28.4117	-81.5826	292855	20260603194500	https://www.aol.co.uk/articles/irate-disney-customer-ripped-worker-191624185.html
1307319523	20260603	202606	2026	2026.4192	USA	UNITED STATES	USA																		0	173	173	17	4	-5.0	3	1	3	-11.7994100294985	4	Puna, Maharashtra, India	IN	IN16	70178	18.5333	73.8667	-2108361	0								4	Puna, Maharashtra, India	IN	IN16	70178	18.5333	73.8667	-2108361	20260603194500	https://www.kitv.com/news/crime/hilo-man-charged-for-arson-terroristic-threatening-in-kailua-kona/article_bf69808e-58e6-4b65-a332-0ca4570cd255.html
1307319524	20260603	202606	2026	2026.4192	USA	UNITED STATES	USA																		0	173	173	17	4	-5.0	4	1	4	-7.1599045346062	3	Walt Disney World, Florida, United States	US	USFL	FL095	28.4117	-81.5826	292855	0								3	Walt Disney World, Florida, United States	US	USFL		28.4117	-81.5826	292855	20260603194500	https://www.aol.co.uk/articles/irate-disney-customer-ripped-worker-191624185.html
1307319525	20260603	202606	2026	2026.4192	USA	UNITED STATES	USA																		0	173	173	17	4	-5.0	3	1	3	-11.7994100294985	3	Pahoa, Hawaii, United States	US	USHI	HI001	19.8153	-155.846	362948	0								3	Pahoa, Hawaii, United States	US	USHI	HI001	19.8153	-155.846	362948	20260603194500	https://www.kitv.com/news/crime/hilo-man-charged-for-arson-terroristic-threatening-in-kailua-kona/article_bf69808e-58e6-4b65-a332-0ca4570cd255.html
1307319526	20260603	202606	2026	2026.4192	USA	UNITED STATES	USA																		1	173	173	17	4	-5.0	6	1	4	-4.81481481481482	2	Texas, United States	US	USTX		31.106	-97.6475	TX	0								3	Amarillo, Texas, United States	US	USTX	TX375	35.222	-101.831	1351066	20260603194500	https://www.kut.org/crime-justice/2026-06-03/christopher-taylor-apd-lawsuit-austin-police-mauris-desilva
1307319527	20260603	202606	2026	2026.4192	USA	UNITED STATES	USA																		1	180	180	18	4	-9.0	6	1	6	-15.527950310559	3	Waialee, Hawaii, United States	US	USHI	HI003	21.6897	-158.026	364536	0								3	Waialee, Hawaii, United States	US	USHI	HI003	21.6897	-158.026	364536	20260603194500	https://www.kitv.com/news/crime/north-shore-beach-assault-leads-to-kidnapping-arrests-of-3-juveniles/article_787bc902-f7d1-4fc7-b1f8-a058c8afec79.html
1307319528	20260603	202606	2026	2026.4192	USA	AMERICAN	USA																		0	190	190	19	4	-10.0	6	1	6	-1.62887959498129	4	Beijing, Beijing, China	CH	CH22	13001	39.9289	116.388	-1898541	0								4	Beijing, Beijing, China	CH	CH22	13001	39.9289	116.388	-1898541	20260603194500	https://www.greanvillepost.com/leo-zhao-brilliantly-explains-all-the-hidden-forces-behind-our-headlines-and-what-to-expect-for-the-future/
1307319529	20260603	202606	2026	2026.4192	USA	AMERICAN	USA																		0	190	190	19	4	-10.0	4	1	4	-1.62887959498129	3	Greenville, California, United States	US	USCA	CA115	39.4366	-121.177	1656052	0								3	Greenville, California, United States	US	USCA	CA115	39.4366	-121.177	1656052	20260603194500	https://www.greanvillepost.com/leo-zhao-brilliantly-explains-all-the-hidden-forces-behind-our-headlines-and-what-to-expect-for-the-future/
1307319530	20260603	202606	2026	2026.4192	USA	UNITED STATES	USA																		0	190	190	19	4	-10.0	3	1	3	-11.7994100294985	3	Pahoa, Hawaii, United States	US	USHI	HI001	19.8153	-155.846	362948	0								4	Puna, Maharashtra, India	IN	IN16	70178	18.5333	73.8667	-2108361	20260603194500	https://www.kitv.com/news/crime/hilo-man-charged-for-arson-terroristic-threatening-in-kailua-kona/article_bf69808e-58e6-4b65-a332-0ca4570cd255.html
1307319531	20260603	202606	2026	2026.4192	USA	UNITED STATES	USA																		0	190	190	19	4	-10.0	3	1	3	-11.7994100294985	3	Pahoa, Hawaii, United States	US	USHI	HI001	19.8153	-155.846	362948	0								3	Pahoa, Hawaii, United States	US	USHI	HI001	19.8153	-155.846	362948	20260603194500	https://www.kitv.com/news/crime/hilo-man-charged-for-arson-terroristic-threatening-in-kailua-kona/article_bf69808e-58e6-4b65-a332-0ca4570cd255.html
1307319532	20260603	202606	2026	2026.4192	USA	IOWA	USA																		1	190	190	19	4	-10.0	24	3	24	-0.21186440677966	2	Iowa, United States	US	USIA		42.0046	-93.214	IA	0								2	California, United States	US	USCA		36.17	-119.746	CA	20260603194500	https://www.krtv.com/politics/dissecting-tuesdays-primaries-an-upset-in-iowa-and-clashes-in-california
1307319533	20260603	202606	2026	2026.4192	USA	UNITED STATES	USA																		0	193	193	19	4	-10.0	4	1	4	-4.81481481481482	2	Texas, United States	US	USTX		31.106	-97.6475	TX	0								3	Amarillo, Texas, United States	US	USTX	TX375	35.222	-101.831	1351066	20260603194500	https://www.kut.org/crime-justice/2026-06-03/christopher-taylor-apd-lawsuit-austin-police-mauris-desilva
1307319534	20260603	202606	2026	2026.4192	USA	UNITED STATES	USA								AFG	AFGHANISTAN	AFG								0	190	190	19	4	-10.0	2	1	2	-4.61847389558233	2	New York, United States	US	USNY		42.1497	-74.9384	NY	1	Afghanistan	AF	AF		33	66	AF	1	Afghanistan	AF	AF		33	66	AF	20260603194500	https://townhall.com/columnists/bradslager/2026/06/03/some-of-scott-pelleys-comments-explain-the-type-of-man-he-is-and-explain-how-journalism-was-not-attacked-n2677194
1307319535	20260603	202606	2026	2026.4192	USA	UNITED STATES	USA								AFG	AFGHANISTAN	AFG								0	190	190	19	4	-10.0	1	1	1	-4.61847389558233	2	New York, United States	US	USNY		42.1497	-74.9384	NY	2	New York, United States	US	USNY		42.1497	-74.9384	NY	2	New York, United States	US	USNY		42.1497	-74.9384	NY	20260603194500	https://townhall.com/columnists/bradslager/2026/06/03/some-of-scott-pelleys-comments-explain-the-type-of-man-he-is-and-explain-how-journalism-was-not-attacked-n2677194
1307319536	20260603	202606	2026	2026.4192	USA	UNITED STATES	USA								AFR	AFRICA	AFR								1	020	020	02	1	3.0	4	1	4	-2.13930348258706	3	White House, District of Columbia, United States	US	USDC		38.8951	-77.0364	531871	3	White House, District of Columbia, United States	US	USDC		38.8951	-77.0364	531871	3	White House, District of Columbia, United States	US	USDC		38.8951	-77.0364	531871	20260603194500	https://foreignpolicy.com/2026/06/03/america-africa-adventurism-emirates-qatar/
1307319537	20260603	202606	2026	2026.4192	USA	HOUSTON	USA								BHS	BAHAMA	BHS								0	043	043	04	1	2.8	2	1	2	-7.125	3	Houston, Texas, United States	US	USTX	TX201	29.7633	-95.3633	1380948	1	Bahamas, The	BF	BF		24	-76	BF	3	Houston, Texas, United States	US	USTX	TX201	29.7633	-95.3633	1380948	20260603194500	https://www.greanvillepost.com/assange-defamation-effort-is-old-cnn-had-to-retract-pedophile-claim-against-assange-after-wikileaks-threatened-lawsuit-in-2017/
1307319538	20260603	202606	2026	2026.4192	USA	HOUSTON	USA								BHS	BAHAMA	BHS								0	043	043	04	1	2.8	2	1	2	-7.125	1	Bahamas, The	BF	BF		24	-76	BF	1	Bahamas, The	BF	BF		24	-76	BF	1	Bahamas, The	BF	BF		24	-76	BF	20260603194500	https://www.greanvillepost.com/assange-defamation-effort-is-old-cnn-had-to-retract-pedophile-claim-against-assange-after-wikileaks-threatened-lawsuit-in-2017/
1307319539	20260603	202606	2026	2026.4192	USA	UNITED STATES	USA								BUS	INVESTOR						BUS			0	015	015	01	1	0.0	5	1	5	-7.23830734966592	3	Batavia, Ohio, United States	US	USOH	OH025	39.077	-84.1769	1037672	3	Batavia, Ohio, United States	US	USOH	OH025	39.077	-84.1769	1037672	3	Batavia, Ohio, United States	US	USOH	OH025	39.077	-84.1769	1037672	20260603194500	https://www.wlwt.com/article/cody-winn-grand-theft-market-modern-batavia-sentence/71485153
1307319540	20260603	202606	2026	2026.4192	USA	OHIO	USA								BUS	INVESTOR						BUS			1	015	015	01	1	0.0	12	1	10	-7.23830734966592	3	Clermont County, Ohio, United States	US	USOH	OH025	39.0501	-84.1499	1074025	3	Clermont County, Ohio, United States	US	USOH		39.0501	-84.1499	1074025	3	Clermont County, Ohio, United States	US	USOH		39.0501	-84.1499	1074025	20260603194500	https://www.wlwt.com/article/cody-winn-grand-theft-market-modern-batavia-sentence/71485153
1307319541	20260603	202606	2026	2026.4192	USA	OHIO	USA								BUS	INVESTOR						BUS			0	015	015	01	1	0.0	3	1	3	-7.23830734966592	2	Ohio, United States	US	USOH		40.3736	-82.7755	OH	3	Batavia, Ohio, United States	US	USOH	OH025	39.077	-84.1769	1037672	3	Batavia, Ohio, United States	US	USOH	OH025	39.077	-84.1769	1037672	20260603194500	https://www.wlwt.com/article/cody-winn-grand-theft-market-modern-batavia-sentence/71485153
1307319542	20260603	202606	2026	2026.4192	USA	OHIO	USA								BUS	INVESTOR						BUS			1	015	015	01	1	0.0	8	1	8	-7.23830734966592	2	Ohio, United States	US	USOH		40.3736	-82.7755	OH	3	Batavia, Ohio, United States	US	USOH	OH025	39.077	-84.1769	1037672	2	Ohio, United States	US	USOH		40.3736	-82.7755	OH	20260603194500	https://www.wlwt.com/article/cody-winn-grand-theft-market-modern-batavia-sentence/71485153
1307319543	20260603	202606	2026	2026.4192	USA	UNITED STATES	USA								BUS	INVESTOR						BUS			1	015	015	01	1	0.0	4	1	4	-7.23830734966592	2	Ohio, United States	US	USOH		40.3736	-82.7755	OH	2	Ohio, United States	US	USOH		40.3736	-82.7755	OH	2	Ohio, United States	US	USOH		40.3736	-82.7755	OH	20260603194500	https://www.wlwt.com/article/cody-winn-grand-theft-market-modern-batavia-sentence/71485153
1307319544	20260603	202606	2026	2026.4192	USA	DETROIT	USA								BUS	PRODUCER						BUS			1	042	042	04	1	1.9	10	1	10	2.32558139534884	3	Detroit, Michigan, United States	US	USMI	MI163	42.3314	-83.0458	1617959	3	Detroit, Michigan, United States	US	USMI	MI163	42.3314	-83.0458	1617959	3	Detroit, Michigan, United States	US	USMI	MI163	42.3314	-83.0458	1617959	20260603194500	https://wdet.org/2026/06/03/the-fight-to-save-michigans-hemlock-trees-is-far-from-over/
1307319545	20260603	202606	2026	2026.4192	USA	HOUSTON	USA								BUS	COMPANY						BUS			0	043	043	04	1	2.8	6	1	6	-7.125	3	Houston, Texas, United States	US	USTX	TX201	29.7633	-95.3633	1380948	3	Houston, Texas, United States	US	USTX	TX201	29.7633	-95.3633	1380948	3	Houston, Texas, United States	US	USTX	TX201	29.7633	-95.3633	1380948	20260603194500	https://www.greanvillepost.com/assange-defamation-effort-is-old-cnn-had-to-retract-pedophile-claim-against-assange-after-wikileaks-threatened-lawsuit-in-2017/
1307319546	20260603	202606	2026	2026.4192	USA	UNITED STATES	USA								BUS	BUSINESS						BUS			1	051	051	05	1	3.4	2	1	2	7.29295426452411	3	Hollywood, California, United States	US	USCA	CA037	34.0983	-118.327	1660757	3	Hollywood, California, United States	US	USCA	CA037	34.0983	-118.327	1660757	3	Hollywood, California, United States	US	USCA	CA037	34.0983	-118.327	1660757	20260603194500	https://www.mtdemocrat.com/prospecting/bringing-arts-industry-together/article_f19c77b8-6d46-4bf7-beb7-19d4542372d6.html
1307319547	20260603	202606	2026	2026.4192	USA	UNITED STATES	USA								BUS	BUSINESS						BUS			1	051	051	05	1	3.4	2	1	2	7.29295426452411	3	El Dorado, California, United States	US	USCA	CA017	38.6827	-120.848	223029	3	El Dorado, California, United States	US	USCA		38.6827	-120.848	223029	3	El Dorado, California, United States	US	USCA		38.6827	-120.848	223029	20260603194500	https://www.mtdemocrat.com/prospecting/bringing-arts-industry-together/article_f19c77b8-6d46-4bf7-beb7-19d4542372d6.html
1307319548	20260603	202606	2026	2026.4192	USA	UNITED STATES	USA								BUS	BUSINESS						BUS			1	051	051	05	1	3.4	2	1	2	7.29295426452411	2	California, United States	US	USCA		36.17	-119.746	CA	3	Hollywood, California, United States	US	USCA	CA037	34.0983	-118.327	1660757	3	Hollywood, California, United States	US	USCA	CA037	34.0983	-118.327	1660757	20260603194500	https://www.mtdemocrat.com/prospecting/bringing-arts-industry-together/article_f19c77b8-6d46-4bf7-beb7-19d4542372d6.html
1307319549	20260603	202606	2026	2026.4192	USA	UNITED STATES	USA								BUS	BUSINESS						BUS			1	051	051	05	1	3.4	2	1	2	7.29295426452411	2	California, United States	US	USCA		36.17	-119.746	CA	2	California, United States	US	USCA		36.17	-119.746	CA	2	California, United States	US	USCA		36.17	-119.746	CA	20260603194500	https://www.mtdemocrat.com/prospecting/bringing-arts-industry-together/article_f19c77b8-6d46-4bf7-beb7-19d4542372d6.html
1307319550	20260603	202606	2026	2026.4192	USA	CALIF	USA								BUS	BANK						BUS			1	173	173	17	4	-5.0	5	1	5	-8.3076923076923	2	Texas, United States	US	USTX		31.106	-97.6475	TX	2	Texas, United States	US	USTX		31.106	-97.6475	TX	2	Texas, United States	US	USTX		31.106	-97.6475	TX	20260603194500	https://keyt.com/news/ventura-county/2026/06/03/two-men-arrested-after-tracking-and-stealing-from-bank-customer-in-camarillo/
1307319551	20260603	202606	2026	2026.4192	USA	UNITED STATES	USA								BUS	TANKER						BUS			1	190	190	19	4	-10.0	4	1	4	-1.21951219512195	3	Dulzura, California, United States	US	USCA	CA073	32.6442	-116.781	270936	3	Dulzura, California, United States	US	USCA	CA073	32.6442	-116.781	270936	3	Dulzura, California, United States	US	USCA	CA073	32.6442	-116.781	270936	20260603194500	https://www.sandiegouniontribune.com/2026/06/03/600-firefighters-aided-by-helicopters-and-air-tankers-battle-fire-south-of-dulzura/
1307319552	20260603	202606	2026	2026.4192	USA	MICHIGAN	USA								CAN	CANADIAN	CAN								1	043	043	04	1	2.8	7	1	7	-3.91644908616188	2	Michigan, United States	US	USMI		43.3504	-84.5603	MI	1	Canada	CA	CA		60	-96	CA	1	Canada	CA	CA		60	-96	CA	20260603194500	https://wrkr.com/ixp/689/p/saharan-dust-michigan-forecast/
1307319553	20260603	202606	2026	2026.4192	USA	WASHINGTON	USA								CHN	CHINA	CHN								1	090	090	09	2	-2.0	8	1	8	-3.37301587301587	3	Washington, District of Columbia, United States	US	USDC	DC001	38.8951	-77.0364	531871	1	China	CH	CH		35	105	CH	3	Washington, District of Columbia, United States	US	USDC	DC001	38.8951	-77.0364	531871	20260603194500	http://www.theuknews.com/news/279099981/us-proposes-new-tariffs-over-forced-labor-irking-europe
1307319554	20260603	202606	2026	2026.4192	USA	UNITED STATES	USA								CHN	CHINA	CHN								0	173	173	17	4	-5.0	2	1	2	-1.62887959498129	4	Xinjiang, Jiangxi, China	CH	CH03	13167	27.7481	116.274	11065838	4	Xinjiang, Jiangxi, China	CH	CH03	13167	27.7481	116.274	11065838	4	Xinjiang, Jiangxi, China	CH	CH03	13167	27.7481	116.274	11065838	20260603194500	https://www.greanvillepost.com/leo-zhao-brilliantly-explains-all-the-hidden-forces-behind-our-headlines-and-what-to-expect-for-the-future/
1307319555	20260603	202606	2026	2026.4192	USA	UNITED STATES	USA								CHN	CHINA	CHN								0	173	173	17	4	-5.0	2	1	2	-1.62887959498129	2	New York, United States	US	USNY		42.1497	-74.9384	NY	4	Xinjiang, Jiangxi, China	CH	CH03	13167	27.7481	116.274	11065838	4	Xinjiang, Jiangxi, China	CH	CH03	13167	27.7481	116.274	11065838	20260603194500	https://www.greanvillepost.com/leo-zhao-brilliantly-explains-all-the-hidden-forces-behind-our-headlines-and-what-to-expect-for-the-future/
1307319556	20260603	202606	2026	2026.4192	USA	WASHINGTON	USA								CHN	CHINA	CHN								1	192	192	19	4	-9.5	2	1	2	-3.37301587301587	3	Washington, District of Columbia, United States	US	USDC	DC001	38.8951	-77.0364	531871	3	Washington, District of Columbia, United States	US	USDC	DC001	38.8951	-77.0364	531871	3	Washington, District of Columbia, United States	US	USDC	DC001	38.8951	-77.0364	531871	20260603194500	http://www.theuknews.com/news/279099981/us-proposes-new-tariffs-over-forced-labor-irking-europe
1307319557	20260603	202606	2026	2026.4192	USA	WASHINGTON	USA								CHN	CHINA	CHN								1	192	192	19	4	-9.5	2	1	2	-3.37301587301587	1	Greenland	GL	GL		72	-40	GL	3	Washington, District of Columbia, United States	US	USDC	DC001	38.8951	-77.0364	531871	1	Greenland	GL	GL		72	-40	GL	20260603194500	http://www.theuknews.com/news/279099981/us-proposes-new-tariffs-over-forced-labor-irking-europe
1307319558	20260603	202606	2026	2026.4192	USA	WASHINGTON	USA								CHN	CHINA	CHN								1	192	192	19	4	-9.5	6	1	6	-3.37301587301587	1	Greenland	GL	GL		72	-40	GL	1	Greenland	GL	GL		72	-40	GL	1	Greenland	GL	GL		72	-40	GL	20260603194500	http://www.theuknews.com/news/279099981/us-proposes-new-tariffs-over-forced-labor-irking-europe
1307319559	20260603	202606	2026	2026.4192	USA	UNITED STATES	USA								COP	POLICE						COP			1	013	013	01	1	0.4	1	1	1	-6.60225442834139	3	Philadelphia, Pennsylvania, United States	US	USPA	PA101	39.9523	-75.1638	1209052	3	Philadelphia, Pennsylvania, United States	US	USPA	PA101	39.9523	-75.1638	1209052	3	Philadelphia, Pennsylvania, United States	US	USPA	PA101	39.9523	-75.1638	1209052	20260603194500	https://www.wsbradio.com/news/national/fbi-fatally-shoots/VAG4PVMSWU4YFMUFVI3C3PZBGY/
1307319560	20260603	202606	2026	2026.4192	USA	UNITED STATES	USA								COP	POLICE						COP			1	013	013	01	1	0.4	1	1	1	-6.60225442834139	3	Philadelphia, Pennsylvania, United States	US	USPA	PA101	39.9523	-75.1638	1209052	3	Boise, Idaho, United States	US	USID	ID001	43.6135	-116.203	400590	3	Philadelphia, Pennsylvania, United States	US	USPA	PA101	39.9523	-75.1638	1209052	20260603194500	https://www.wsbradio.com/news/national/fbi-fatally-shoots/VAG4PVMSWU4YFMUFVI3C3PZBGY/
1307319561	20260603	202606	2026	2026.4192	USA	UNITED STATES	USA								COP	POLICE OFFICER						COP			1	050	050	05	1	3.5	4	1	4	-4.81481481481482	2	Texas, United States	US	USTX		31.106	-97.6475	TX	2	Texas, United States	US	USTX		31.106	-97.6475	TX	2	Texas, United States	US	USTX		31.106	-97.6475	TX	20260603194500	https://www.kut.org/crime-justice/2026-06-03/christopher-taylor-apd-lawsuit-austin-police-mauris-desilva
1307319562	20260603	202606	2026	2026.4192	USA	UNITED STATES	USA								COP	POLICE						COP			0	051	051	05	1	3.4	4	1	4	-5.08613617719442	3	Kern County, California, United States	US	USCA	CA029	35.2961	-118.668	2054176	3	Kern County, California, United States	US	USCA		35.2961	-118.668	2054176	3	Kern County, California, United States	US	USCA		35.2961	-118.668	2054176	20260603194500	https://news3lv.com/news/local/fbi-neutralizes-man-in-bomb-threat-at-chase-building-in-bakersfield-10-hostages-rescued-bakersfield-chester-and-17th-street-police-department-kern-county-california
1307319563	20260603	202606	2026	2026.4192	USA	UNITED STATES	USA								COP	POLICE OFFICER						COP			1	081	081	08	2	5.0	4	1	4	-4.81481481481482	2	Texas, United States	US	USTX		31.106	-97.6475	TX	2	Texas, United States	US	USTX		31.106	-97.6475	TX	2	Texas, United States	US	USTX		31.106	-97.6475	TX	20260603194500	https://www.kut.org/crime-justice/2026-06-03/christopher-taylor-apd-lawsuit-austin-police-mauris-desilva
1307319564	20260603	202606	2026	2026.4192	USA	UNITED STATES	USA								CRM	CROOK						CRM			1	043	043	04	1	2.8	2	1	2	3.87755102040816	3	Crooks Park, Colorado, United States	US	USCO	CO103	39.9972	-107.544	202156	3	Crooks Park, Colorado, United States	US	USCO		39.9972	-107.544	202156	3	Crooks Park, Colorado, United States	US	USCO		39.9972	-107.544	202156	20260603194500	https://www.theheraldtimes.com/community-calendar-june-4th-2026/rio-blanco-county/
1307319565	20260603	202606	2026	2026.4192	USA	UNITED STATES	USA								CVL	COMMUNITY						CVL			0	010	010	01	1	0.0	4	1	4	2.37580993520518	2	Indiana, United States	US	USIN		39.8647	-86.2604	IN	2	Indiana, United States	US	USIN		39.8647	-86.2604	IN	2	Indiana, United States	US	USIN		39.8647	-86.2604	IN	20260603194500	https://www.wthitv.com:443/2026/06/02/montezuma-elementary-reborn-tuition-free-ag-charter-school/
1307319566	20260603	202606	2026	2026.4192	USA	BOSTON	USA								CVL	COMMUNITY						CVL			1	031	031	03	1	5.2	10	1	10	5	3	Boston, Massachusetts, United States	US	USMA	MA025	42.3584	-71.0598	617565	3	Boston, Massachusetts, United States	US	USMA	MA025	42.3584	-71.0598	617565	3	Boston, Massachusetts, United States	US	USMA	MA025	42.3584	-71.0598	617565	20260603194500	https://bankerandtradesman.com/embrace-boston-invests-in-downtown-office-market/
1307319567	20260603	202606	2026	2026.4192	USA	DETROIT	USA								CVL	VILLAGE						CVL			0	033	033	03	1	5.2	10	1	10	1.27551020408163	0								0								0								20260603194500	https://www.candgnews.com/news/veterans-village-expected-to-open-in-october-in-southfield-11197
1307319568	20260603	202606	2026	2026.4192	USA	UNITED STATES	USA								CVL	COMMUNITY						CVL			1	036	036	03	1	4.0	2	1	2	3.87755102040816	3	Rio Blanco County, Colorado, United States	US	USCO	CO103	39.95	-108.201	198167	3	Rio Blanco County, Colorado, United States	US	USCO		39.95	-108.201	198167	3	Rio Blanco County, Colorado, United States	US	USCO		39.95	-108.201	198167	20260603194500	https://www.theheraldtimes.com/community-calendar-june-4th-2026/rio-blanco-county/
1307319569	20260603	202606	2026	2026.4192	USA	UNITED STATES	USA								CVL	COMMUNITY						CVL			1	036	036	03	1	4.0	6	1	6	7.26256983240224	3	Boulder City, Nevada, United States	US	USNV	NV003	35.9786	-114.832	858617	3	Boulder City, Nevada, United States	US	USNV		35.9786	-114.832	858617	3	Boulder City, Nevada, United States	US	USNV		35.9786	-114.832	858617	20260603194500	https://news3lv.com/news/local/ndow-community-free-fishing-day-boulder-city-southern-nevada-wildlife-outdoors
1307319570	20260603	202606	2026	2026.4192	USA	UNITED STATES	USA								CVL	RESIDENTS						CVL			1	043	043	04	1	2.8	1	1	1	3.87755102040816	3	Crooks Park, Colorado, United States	US	USCO	CO103	39.9972	-107.544	202156	3	Rio Blanco County, Colorado, United States	US	USCO		39.95	-108.201	198167	3	Crooks Park, Colorado, United States	US	USCO		39.9972	-107.544	202156	20260603194500	https://www.theheraldtimes.com/community-calendar-june-4th-2026/rio-blanco-county/
1307319571	20260603	202606	2026	2026.4192	USA	UNITED STATES	USA								CVL	RESIDENTS						CVL			1	043	043	04	1	2.8	1	1	1	3.87755102040816	3	Crooks Park, Colorado, United States	US	USCO	CO103	39.9972	-107.544	202156	3	Crooks Park, Colorado, United States	US	USCO		39.9972	-107.544	202156	3	Crooks Park, Colorado, United States	US	USCO		39.9972	-107.544	202156	20260603194500	https://www.theheraldtimes.com/community-calendar-june-4th-2026/rio-blanco-county/
1307319572	20260603	202606	2026	2026.4192	USA	COLORADO	USA								CVL	COMMUNITY						CVL			0	057	057	05	1	8.0	9	1	9	-1.41643059490085	2	Colorado, United States	US	USCO		39.0646	-105.327	CO	2	Colorado, United States	US	USCO		39.0646	-105.327	CO	2	Colorado, United States	US	USCO		39.0646	-105.327	CO	20260603194500	https://www.theheraldtimes.com/new-signage-stolen-from-historical-marker-near-meeker/meeker/
1307319573	20260603	202606	2026	2026.4192	USA	UNITED STATES	USA								EDU	SCHOOL						EDU			1	010	010	01	1	0.0	2	1	2	-9.84405458089671	3	Harris County, Texas, United States	US	USTX	TX201	29.8336	-95.4002	1383886	3	Harris County, Texas, United States	US	USTX		29.8336	-95.4002	1383886	3	Harris County, Texas, United States	US	USTX		29.8336	-95.4002	1383886	20260603194500	https://www.natureworldnews.com/articles/73012/20260603/houston-just-entered-hurricane-season-study-highlights-alarming-flood-risk-17-million-along.htm
1307319574	20260603	202606	2026	2026.4192	USA	TEXAS	USA								EDU	UNIVERSITY						EDU			1	042	042	04	1	1.9	6	1	6	5.81818181818182	3	Big Lake, Texas, United States	US	USTX	TX383	31.1915	-101.46	1352089	3	Big Lake, Texas, United States	US	USTX		31.1915	-101.46	1352089	3	Big Lake, Texas, United States	US	USTX		31.1915	-101.46	1352089	20260603194500	https://sanangelolive.com/community/obituaries/2026-05-31/janet-ruth-wilburn
1307319575	20260603	202606	2026	2026.4192	USA	UNITED STATES	USA								EDU	UNIVERSITY						EDU			1	042	042	04	1	1.9	2	1	2	5.81818181818182	3	First Baptist Church, Texas, United States	US	USTX	TX167	29.3941	-94.9155	1385009	3	Big Lake, Texas, United States	US	USTX		31.1915	-101.46	1352089	3	First Baptist Church, Texas, United States	US	USTX		29.3941	-94.9155	1385009	20260603194500	https://sanangelolive.com/community/obituaries/2026-05-31/janet-ruth-wilburn
1307319576	20260603	202606	2026	2026.4192	USA	TEXAS	USA								EDU	UNIVERSITY						EDU			1	042	042	04	1	1.9	2	1	2	5.81818181818182	3	First Baptist Church, Texas, United States	US	USTX	TX167	29.3941	-94.9155	1385009	3	First Baptist Church, Texas, United States	US	USTX		29.3941	-94.9155	1385009	3	First Baptist Church, Texas, United States	US	USTX		29.3941	-94.9155	1385009	20260603194500	https://sanangelolive.com/community/obituaries/2026-05-31/janet-ruth-wilburn
1307319577	20260603	202606	2026	2026.4192	USA	ILLINOIS	USA								EDU	SCHOOL						EDU			1	192	192	19	4	-9.5	30	1	30	3.37606837606837	2	Illinois, United States	US	USIL		40.3363	-89.0022	IL	2	Illinois, United States	US	USIL		40.3363	-89.0022	IL	2	Illinois, United States	US	USIL		40.3363	-89.0022	IL	20260603194500	https://www.wthitv.com:443/news/education/
1307319578	20260603	202606	2026	2026.4192	USA	A US	USA								GBR	LONDON	GBR								0	013	013	01	1	0.4	8	1	8	-3.40715502555366	4	London, London, City of, United Kingdom	UK	UKH9	40110	51.5	-0.116667	-2601889	4	London, London, City of, United Kingdom	UK	UKH9	40110	51.5	-0.116667	-2601889	4	London, London, City of, United Kingdom	UK	UKH9	40110	51.5	-0.116667	-2601889	20260603194500	https://www.greanvillepost.com/thousands-of-us-troops-arrive-near-syrian-shore-on-uss-eisenhower/
1307319579	20260603	202606	2026	2026.4192	USA	UNITED STATES	USA								GBR	UNITED KINGDOM	GBR								0	040	040	04	1	1.0	4	1	4	-7.32984293193718	3	Washington, District of Columbia, United States	US	USDC	DC001	38.8951	-77.0364	531871	4	London, London, City of, United Kingdom	UK	UKH9	40110	51.5	-0.116667	-2601889	3	Washington, District of Columbia, United States	US	USDC	DC001	38.8951	-77.0364	531871	20260603194500	https://www.greanvillepost.com/assange-defamers-and-defenders-slugging-it-out-on-divers-media-platforms-part-1/
1307319580	20260603	202606	2026	2026.4192	USA	UNITED STATES	USA								GBR	UNITED KINGDOM	GBR								0	111	111	11	3	-2.0	2	1	2	-7.32984293193718	3	Washington, District of Columbia, United States	US	USDC	DC001	38.8951	-77.0364	531871	4	London, London, City of, United Kingdom	UK	UKH9	40110	51.5	-0.116667	-2601889	4	London, London, City of, United Kingdom	UK	UKH9	40110	51.5	-0.116667	-2601889	20260603194500	https://www.greanvillepost.com/assange-defamers-and-defenders-slugging-it-out-on-divers-media-platforms-part-1/
1307319581	20260603	202606	2026	2026.4192	USA	UNITED STATES	USA								GBR	UNITED KINGDOM	GBR								0	111	111	11	3	-2.0	2	1	2	-7.32984293193718	3	Washington, District of Columbia, United States	US	USDC	DC001	38.8951	-77.0364	531871	4	London, London, City of, United Kingdom	UK	UKH9	40110	51.5	-0.116667	-2601889	3	Washington, District of Columbia, United States	US	USDC	DC001	38.8951	-77.0364	531871	20260603194500	https://www.greanvillepost.com/assange-defamers-and-defenders-slugging-it-out-on-divers-media-platforms-part-1/
1307319582	20260603	202606	2026	2026.4192	USA	NEW YORK	USA								GBR	UNITED KINGDOM	GBR								1	172	172	17	4	-5.0	4	1	4	-5.10510510510511	4	Burnham, Somerset, United Kingdom	UK	UKM3	40129	51.2417	-2.99528	-2591330	4	Burnham, Somerset, United Kingdom	UK	UKM3	40129	51.2417	-2.99528	-2591330	4	Burnham, Somerset, United Kingdom	UK	UKM3	40129	51.2417	-2.99528	-2591330	20260603194500	https://www.burnhamandhighbridgeweeklynews.co.uk/news/national/26164420.dutch-judge-rejects-jewish-groups-bid-block-kanye-west-concerts/
1307319583	20260603	202606	2026	2026.4192	USA	NEW YORK	USA								GBR	UNITED KINGDOM	GBR								1	172	172	17	4	-5.0	6	1	6	-5.10510510510511	4	Highbridge, Somerset, United Kingdom	UK	UKM3	40129	51.2167	-2.98333	-2598645	4	Highbridge, Somerset, United Kingdom	UK	UKM3	40129	51.2167	-2.98333	-2598645	4	Highbridge, Somerset, United Kingdom	UK	UKM3	40129	51.2167	-2.98333	-2598645	20260603194500	https://www.burnhamandhighbridgeweeklynews.co.uk/news/national/26164420.dutch-judge-rejects-jewish-groups-bid-block-kanye-west-concerts/
1307319584	20260603	202606	2026	2026.4192	USA	NEW YORK	USA								GBR	UNITED KINGDOM	GBR								1	172	172	17	4	-5.0	10	1	10	-5.12048192771085	4	Twickenham, Richmond upon Thames, United Kingdom	UK	UKL1	40133	51.4333	-0.316667	-2610350	4	Twickenham, Richmond upon Thames, United Kingdom	UK	UKL1	40133	51.4333	-0.316667	-2610350	4	Twickenham, Richmond upon Thames, United Kingdom	UK	UKL1	40133	51.4333	-0.316667	-2610350	20260603194500	https://www.richmondandtwickenhamtimes.co.uk/news/national/26164420.dutch-judge-rejects-jewish-groups-bid-block-kanye-west-concerts/
1307319585	20260603	202606	2026	2026.4192	USA	UNITED STATES	USA								GOV	MAYOR						GOV			1	043	043	04	1	2.8	2	1	2	5.74074074074074	2	Michigan, United States	US	USMI		43.3504	-84.5603	MI	2	Michigan, United States	US	USMI		43.3504	-84.5603	MI	2	Michigan, United States	US	USMI		43.3504	-84.5603	MI	20260603194500	https://www.candgnews.com/news/may-we-honor-their-memory-11175
1307319586	20260603	202606	2026	2026.4192	USA	UNITED STATES	USA								GOV	STATE GOVERNOR						GOV			0	043	043	04	1	2.8	2	1	2	0.77881619937695	2	Montana, United States	US	USMT		46.9048	-110.326	MT	2	Montana, United States	US	USMT		46.9048	-110.326	MT	2	New Mexico, United States	US	USNM		34.8375	-106.237	NM	20260603194500	https://www.aol.co.uk/articles/us-primary-voters-choose-midterm-090047622.html
1307319587	20260603	202606	2026	2026.4192	USA	TEXAS	USA								GOV	AUTHORITIES						GOV			1	043	043	04	1	2.8	10	1	10	-10.5058365758755	2	Texas, United States	US	USTX		31.106	-97.6475	TX	2	Texas, United States	US	USTX		31.106	-97.6475	TX	2	Texas, United States	US	USTX		31.106	-97.6475	TX	20260603194500	https://www.myspiritfm.com/News?view=post&blogid=Catholic%2DNews&articleid=299983
1307319588	20260603	202606	2026	2026.4192	USA	UNITED STATES	USA								GOV	FIREFIGHTER						GOV			1	190	190	19	4	-10.0	2	1	2	-1.21951219512195	3	Dulzura, California, United States	US	USCA	CA073	32.6442	-116.781	270936	3	Dulzura, California, United States	US	USCA	CA073	32.6442	-116.781	270936	3	Dulzura, California, United States	US	USCA	CA073	32.6442	-116.781	270936	20260603194500	https://www.sandiegouniontribune.com/2026/06/03/600-firefighters-aided-by-helicopters-and-air-tankers-battle-fire-south-of-dulzura/
1307319589	20260603	202606	2026	2026.4192	USA	WASHINGTON	USA								IGOEUREEC	THE EU	EUR	EEC				IGO			1	192	192	19	4	-9.5	10	1	10	-3.37301587301587	3	Washington, District of Columbia, United States	US	USDC	DC001	38.8951	-77.0364	531871	1	China	CH	CH		35	105	CH	3	Washington, District of Columbia, United States	US	USDC	DC001	38.8951	-77.0364	531871	20260603194500	http://www.theuknews.com/news/279099981/us-proposes-new-tariffs-over-forced-labor-irking-europe
1307319590	20260603	202606	2026	2026.4192	USA	UNITED STATES	USA								IRN	IRAN	IRN								0	050	050	05	1	3.5	3	1	3	-6.60660660660661	3	Washington, District of Columbia, United States	US	USDC	DC001	38.8951	-77.0364	531871	4	Khaldeh, Fars, Iran	IR	IR07	25307	27.6	53.1333	-3070401	4	Khaldeh, Fars, Iran	IR	IR07	25307	27.6	53.1333	-3070401	20260603194500	https://dominicanrepublicpost.com/israeli-attacks-kill-nine-in-lebanon-reach-beirut-outskirts/
1307319591	20260603	202606	2026	2026.4192	USA	WASHINGTON	USA								IRN	IRAN	IRN								0	050	050	05	1	3.5	4	1	4	-6.60660660660661	3	Washington, District of Columbia, United States	US	USDC	DC001	38.8951	-77.0364	531871	4	Khaldeh, Fars, Iran	IR	IR07	25307	27.6	53.1333	-3070401	3	Washington, District of Columbia, United States	US	USDC	DC001	38.8951	-77.0364	531871	20260603194500	https://dominicanrepublicpost.com/israeli-attacks-kill-nine-in-lebanon-reach-beirut-outskirts/
1307319592	20260603	202606	2026	2026.4192	USA	WASHINGTON	USA								IRN	IRAN	IRN								0	050	050	05	1	3.5	1	1	1	-6.60660660660661	1	Israel	IS	IS		31.5	34.75	IS	1	Israel	IS	IS		31.5	34.75	IS	1	Israel	IS	IS		31.5	34.75	IS	20260603194500	https://dominicanrepublicpost.com/israeli-attacks-kill-nine-in-lebanon-reach-beirut-outskirts/
1307319593	20260603	202606	2026	2026.4192	USA	UNITED STATES	USA								ISR	ISRAEL	ISR								0	040	040	04	1	1.0	2	1	2	-6.60660660660661	3	Washington, District of Columbia, United States	US	USDC	DC001	38.8951	-77.0364	531871	1	Israel	IS	IS		31.5	34.75	IS	4	Beirut, Beyrouth, Lebanon	LE	LE04	18808	33.8719	35.5097	-801546	20260603194500	https://dominicanrepublicpost.com/israeli-attacks-kill-nine-in-lebanon-reach-beirut-outskirts/
1307319594	20260603	202606	2026	2026.4192	USA	UNITED STATES	USA								ISR	ISRAEL	ISR								1	120	120	12	3	-4.0	2	1	2	-4.11764705882353	4	Gaza, Israel (general), Israel	IS	IS00	18315	31.4167	34.3333	-797156	4	Gaza, Israel (general), Israel	IS	IS00	18315	31.4167	34.3333	-797156	4	Gaza, Israel (general), Israel	IS	IS00	18315	31.4167	34.3333	-797156	20260603194500	https://dominicanrepublicpost.com/netanyahu-downplays-us-israel-rift-after-trump-confirms-criticism/
1307319595	20260603	202606	2026	2026.4192	USA	UNITED STATES	USA								ISR	ISRAEL	ISR								1	120	120	12	3	-4.0	2	1	2	-4.11764705882353	4	Gaza, Israel (general), Israel	IS	IS00	18315	31.4167	34.3333	-797156	4	Beirut, Beyrouth, Lebanon	LE	LE04	18808	33.8719	35.5097	-801546	4	Gaza, Israel (general), Israel	IS	IS00	18315	31.4167	34.3333	-797156	20260603194500	https://dominicanrepublicpost.com/netanyahu-downplays-us-israel-rift-after-trump-confirms-criticism/
1307319596	20260603	202606	2026	2026.4192	USA	AMERICAN	USA								ITACVL	ITALIAN	ITA					CVL			1	020	020	02	1	3.0	7	1	7	-1.8450184501845	1	United States	US	US		39.828175	-98.5795	US	1	United States	US	US		39.828175	-98.5795	US	1	United States	US	US		39.828175	-98.5795	US	20260603194500	https://engineeringevil.com/2012/08/04/red-wine-ingredient-resveratrol-stops-breast-cancer-growth-faseb-journal/
1307319597	20260603	202606	2026	2026.4192	USA	NEW YORK	USA								JEW	JEWISH				JEW					1	110	110	11	3	-2.0	4	1	4	-5.10510510510511	4	Burnham, Somerset, United Kingdom	UK	UKM3	40129	51.2417	-2.99528	-2591330	4	Burnham, Somerset, United Kingdom	UK	UKM3	40129	51.2417	-2.99528	-2591330	4	Burnham, Somerset, United Kingdom	UK	UKM3	40129	51.2417	-2.99528	-2591330	20260603194500	https://www.burnhamandhighbridgeweeklynews.co.uk/news/national/26164420.dutch-judge-rejects-jewish-groups-bid-block-kanye-west-concerts/
1307319598	20260603	202606	2026	2026.4192	USA	NEW YORK	USA								JEW	JEWISH				JEW					1	110	110	11	3	-2.0	6	1	6	-5.10510510510511	4	Highbridge, Somerset, United Kingdom	UK	UKM3	40129	51.2167	-2.98333	-2598645	4	Highbridge, Somerset, United Kingdom	UK	UKM3	40129	51.2167	-2.98333	-2598645	4	Highbridge, Somerset, United Kingdom	UK	UKM3	40129	51.2167	-2.98333	-2598645	20260603194500	https://www.burnhamandhighbridgeweeklynews.co.uk/news/national/26164420.dutch-judge-rejects-jewish-groups-bid-block-kanye-west-concerts/
1307319599	20260603	202606	2026	2026.4192	USA	NEW YORK	USA								JEW	JEWISH				JEW					1	110	110	11	3	-2.0	10	1	10	-5.12048192771085	4	Twickenham, Richmond upon Thames, United Kingdom	UK	UKL1	40133	51.4333	-0.316667	-2610350	4	Twickenham, Richmond upon Thames, United Kingdom	UK	UKL1	40133	51.4333	-0.316667	-2610350	4	Twickenham, Richmond upon Thames, United Kingdom	UK	UKL1	40133	51.4333	-0.316667	-2610350	20260603194500	https://www.richmondandtwickenhamtimes.co.uk/news/national/26164420.dutch-judge-rejects-jewish-groups-bid-block-kanye-west-concerts/
1307319600	20260603	202606	2026	2026.4192	USA	WASHINGTON	USA								JPN	JAPAN	JPN								1	192	192	19	4	-9.5	2	1	2	-3.37301587301587	3	Washington, District of Columbia, United States	US	USDC	DC001	38.8951	-77.0364	531871	1	China	CH	CH		35	105	CH	3	Washington, District of Columbia, United States	US	USDC	DC001	38.8951	-77.0364	531871	20260603194500	http://www.theuknews.com/news/279099981/us-proposes-new-tariffs-over-forced-labor-irking-europe
1307319601	20260603	202606	2026	2026.4192	USA	WASHINGTON	USA								JPN	JAPAN	JPN								1	192	192	19	4	-9.5	8	1	8	-3.37301587301587	3	Washington, District of Columbia, United States	US	USDC	DC001	38.8951	-77.0364	531871	1	Japan	JA	JA		36	138	JA	3	Washington, District of Columbia, United States	US	USDC	DC001	38.8951	-77.0364	531871	20260603194500	http://www.theuknews.com/news/279099981/us-proposes-new-tariffs-over-forced-labor-irking-europe
1307319602	20260603	202606	2026	2026.4192	USA	UNITED STATES	USA								JUD	DISTRICT COURT						JUD			1	015	015	01	1	0.0	4	1	4	-9.39947780678847	2	Arizona, United States	US	USAZ		33.7712	-111.388	AZ	2	Arizona, United States	US	USAZ		33.7712	-111.388	AZ	2	Arizona, United States	US	USAZ		33.7712	-111.388	AZ	20260603194500	https://1037theloon.com/ixp/67/p/aaron-wright-plea-deal/
1307319603	20260603	202606	2026	2026.4192	USA	WISCONSIN	USA								JUD	ATTORNEY						JUD			0	020	020	02	1	3.0	10	1	10	-12.5550660792952	2	Wisconsin, United States	US	USWI		44.2563	-89.6385	WI	2	Wisconsin, United States	US	USWI		44.2563	-89.6385	WI	2	Wisconsin, United States	US	USWI		44.2563	-89.6385	WI	20260603194500	https://wtmj.com/news/2026/06/03/considering-the-conviction-in-judge-hannah-dugans-federal-immigration-case/
1307319604	20260603	202606	2026	2026.4192	USA	UNITED STATES	USA								JUD	ATTORNEY						JUD			1	040	040	04	1	1.0	2	1	2	-10.1449275362319	2	Nevada, United States	US	USNV		38.4199	-117.122	NV	2	Nevada, United States	US	USNV		38.4199	-117.122	NV	2	Nevada, United States	US	USNV		38.4199	-117.122	NV	20260603194500	https://news3lv.com/features/breaking-down-the-law/rebas-law-set-for-early-test-as-teen-faces-15-felony-counts-in-horse-stabbing-case
1307319605	20260603	202606	2026	2026.4192	USA	UNITED STATES	USA								JUD	JUDGE						JUD			1	051	051	05	1	3.4	6	1	6	-1.13085621970921	3	Wayne County, Michigan, United States	US	USMI	MI163	42.2506	-83.2833	1623022	3	Wayne County, Michigan, United States	US	USMI		42.2506	-83.2833	1623022	3	Wayne County, Michigan, United States	US	USMI		42.2506	-83.2833	1623022	20260603194500	https://wdet.org/2026/06/03/detroit-evening-report-lawsuit-to-block-transit-millage-dismissed/
1307319606	20260603	202606	2026	2026.4192	USA	UNITED STATES	USA								JUD	PROSECUTOR						JUD			0	060	060	06	2	6.0	4	1	2	-7.23830734966592	3	Clermont County, Ohio, United States	US	USOH	OH025	39.0501	-84.1499	1074025	3	Clermont County, Ohio, United States	US	USOH		39.0501	-84.1499	1074025	3	Clermont County, Ohio, United States	US	USOH		39.0501	-84.1499	1074025	20260603194500	https://www.wlwt.com/article/cody-winn-grand-theft-market-modern-batavia-sentence/71485153
1307319607	20260603	202606	2026	2026.4192	USA	MILWAUKEE	USA								JUD	JUDGE						JUD			1	081	081	08	2	5.0	2	1	2	-12.5550660792952	3	Milwaukee County, Wisconsin, United States	US	USWI	WI079	43.0006	-87.9668	1581100	3	Milwaukee County, Wisconsin, United States	US	USWI		43.0006	-87.9668	1581100	3	Milwaukee County, Wisconsin, United States	US	USWI		43.0006	-87.9668	1581100	20260603194500	https://wtmj.com/news/2026/06/03/considering-the-conviction-in-judge-hannah-dugans-federal-immigration-case/
1307319608	20260603	202606	2026	2026.4192	USA	MILWAUKEE	USA								JUD	JUDGE						JUD			1	081	081	08	2	5.0	6	1	6	-12.5550660792952	2	Virginia, United States	US	USVA		37.768	-78.2057	VA	2	Virginia, United States	US	USVA		37.768	-78.2057	VA	2	Virginia, United States	US	USVA		37.768	-78.2057	VA	20260603194500	https://wtmj.com/news/2026/06/03/considering-the-conviction-in-judge-hannah-dugans-federal-immigration-case/
1307319609	20260603	202606	2026	2026.4192	USA	UNITED STATES	USA								KOR	SOUTH KOREA	KOR								1	051	051	05	1	3.4	4	1	4	1.5358361774744	2	California, United States	US	USCA		36.17	-119.746	CA	2	California, United States	US	USCA		36.17	-119.746	CA	2	California, United States	US	USCA		36.17	-119.746	CA	20260603194500	https://newuniversity.org/2026/06/03/trisha-paytas-embraces-her-k-pop-era-with-new-single-saranghae/
1307319610	20260603	202606	2026	2026.4192	USA	UNITED STATES	USA								KWT	KUWAIT	KWT								1	018	018	01	1	3.4	1	1	1	-9.09090909090909	3	Washington, District of Columbia, United States	US	USDC	DC001	38.8951	-77.0364	531871	4	Tehran, Tehran, Iran	IR	IR26	41130	35.75	51.5148	10074674	4	Tehran, Tehran, Iran	IR	IR26	41130	35.75	51.5148	10074674	20260603194500	https://kashmirlife.net/indian-national-killed-in-iranian-drone-attack-on-kuwait-airport-438723/
1307319611	20260603	202606	2026	2026.4192	USA	UNITED STATES	USA								KWT	KUWAIT	KWT								1	018	018	01	1	3.4	1	1	1	-9.09090909090909	3	Washington, District of Columbia, United States	US	USDC	DC001	38.8951	-77.0364	531871	4	Tehran, Tehran, Iran	IR	IR26	41130	35.75	51.5148	10074674	3	Washington, District of Columbia, United States	US	USDC	DC001	38.8951	-77.0364	531871	20260603194500	https://kashmirlife.net/indian-national-killed-in-iranian-drone-attack-on-kuwait-airport-438723/
1307319612	20260603	202606	2026	2026.4192	USA	WASHINGTON	USA								LBN	LEBANESE	LBN								0	040	040	04	1	1.0	6	1	6	-6.60660660660661	3	Washington, District of Columbia, United States	US	USDC	DC001	38.8951	-77.0364	531871	4	Beirut, Beyrouth, Lebanon	LE	LE04	18808	33.8719	35.5097	-801546	3	Washington, District of Columbia, United States	US	USDC	DC001	38.8951	-77.0364	531871	20260603194500	https://dominicanrepublicpost.com/israeli-attacks-kill-nine-in-lebanon-reach-beirut-outskirts/
1307319613	20260603	202606	2026	2026.4192	USA	UNITED STATES	USA								LBN	LEBANON	LBN								0	040	040	04	1	1.0	2	1	2	-6.60660660660661	3	Washington, District of Columbia, United States	US	USDC	DC001	38.8951	-77.0364	531871	1	Israel	IS	IS		31.5	34.75	IS	4	Beirut, Beyrouth, Lebanon	LE	LE04	18808	33.8719	35.5097	-801546	20260603194500	https://dominicanrepublicpost.com/israeli-attacks-kill-nine-in-lebanon-reach-beirut-outskirts/
1307319614	20260603	202606	2026	2026.4192	USA	WASHINGTON	USA								LBN	LEBANON	LBN								0	040	040	04	1	1.0	2	1	2	-6.60660660660661	1	Israel	IS	IS		31.5	34.75	IS	1	Israel	IS	IS		31.5	34.75	IS	1	Israel	IS	IS		31.5	34.75	IS	20260603194500	https://dominicanrepublicpost.com/israeli-attacks-kill-nine-in-lebanon-reach-beirut-outskirts/
1307319615	20260603	202606	2026	2026.4192	USA	CALIFORNIA	USA								LBR	LIBERIAN	LBR								1	043	043	04	1	2.8	1	1	1	3.24963072378139	2	California, United States	US	USCA		36.17	-119.746	CA	1	Liberia	LI	LI		6.5	-9.5	LI	2	California, United States	US	USCA		36.17	-119.746	CA	20260603194500	https://gnnliberia.com/president-boakais-california-visit-setting-the-record-straight/
1307319616	20260603	202606	2026	2026.4192	USA	NEW JERSEY	USA								LEG	CONGRESSWOMAN						LEG			0	042	042	04	1	1.9	2	1	2	0.77881619937695	2	New Jersey, United States	US	USNJ		40.314	-74.5089	NJ	4	Gaza, Israel (general), Israel	IS	IS00	18315	31.4167	34.3333	-797156	2	New Jersey, United States	US	USNJ		40.314	-74.5089	NJ	20260603194500	https://www.aol.co.uk/articles/us-primary-voters-choose-midterm-090047622.html
1307319617	20260603	202606	2026	2026.4192	USA	UNITED STATES	USA								MED	CORRESPONDENT						MED			0	036	036	03	1	4.0	2	1	2	0	3	Alameda County, California, United States	US	USCA	CA001	37.5999	-121.884	1675839	3	Alameda County, California, United States	US	USCA		37.5999	-121.884	1675839	3	Alameda County, California, United States	US	USCA		37.5999	-121.884	1675839	20260603194500	https://sfist.com/2026/06/03/post-election-headlines-governors-race-too-close-to-call/
1307319618	20260603	202606	2026	2026.4192	USA	UNITED STATES	USA								MED	NEWSPAPER						MED			0	051	051	05	1	3.4	6	1	6	7.32984293193717	3	Placerville, California, United States	US	USCA	CA017	38.7296	-120.799	277577	2	California, United States	US	USCA		36.17	-119.746	CA	2	California, United States	US	USCA		36.17	-119.746	CA	20260603194500	https://www.mtdemocrat.com/prospecting/golden-history-days-return-to-main-street/article_61fc463b-258a-47e0-81b9-731a3dc9dd32.html
1307319619	20260603	202606	2026	2026.4192	USA	UNITED STATES	USA								MED	NEWSPAPER						MED			0	060	060	06	2	6.0	5	1	5	7.32984293193717	3	El Dorado County, California, United States	US	USCA	CA017	38.7666	-120.518	277273	3	El Dorado County, California, United States	US	USCA		38.7666	-120.518	277273	3	El Dorado County, California, United States	US	USCA		38.7666	-120.518	277273	20260603194500	https://www.mtdemocrat.com/prospecting/golden-history-days-return-to-main-street/article_61fc463b-258a-47e0-81b9-731a3dc9dd32.html
1307319620	20260603	202606	2026	2026.4192	USA	UNITED STATES	USA								MED	NEWSPAPER						MED			0	060	060	06	2	6.0	1	1	1	7.32984293193717	3	Placerville, California, United States	US	USCA	CA017	38.7296	-120.799	277577	3	El Dorado County, California, United States	US	USCA		38.7666	-120.518	277273	3	El Dorado County, California, United States	US	USCA		38.7666	-120.518	277273	20260603194500	https://www.mtdemocrat.com/prospecting/golden-history-days-return-to-main-street/article_61fc463b-258a-47e0-81b9-731a3dc9dd32.html
1307319621	20260603	202606	2026	2026.4192	USA	UNITED STATES	USA								MIL	CARRIER						MIL			0	124	124	12	3	-4.0	4	1	4	-2.57936507936508	3	Washington, District of Columbia, United States	US	USDC	DC001	38.8951	-77.0364	531871	3	Washington, District of Columbia, United States	US	USDC	DC001	38.8951	-77.0364	531871	3	Washington, District of Columbia, United States	US	USDC	DC001	38.8951	-77.0364	531871	20260603194500	https://gcaptain.com/maritime-action-plan-takes-center-stage-as-congress-reviews-marad-fmc-budgets/
1307319622	20260603	202606	2026	2026.4192	USA	UNITED STATES	USA								MIL	COMMANDER						MIL			1	163	163	16	4	-8.0	10	1	10	-1.10497237569061	4	Kinshasa, Kinshasa, Democratic Republic Of The Congo	CG	CG06	18585	-4.32972	15.315	-2049111	4	Kinshasa, Kinshasa, Democratic Republic Of The Congo	CG	CG06	18585	-4.32972	15.315	-2049111	4	Kinshasa, Kinshasa, Democratic Republic Of The Congo	CG	CG06	18585	-4.32972	15.315	-2049111	20260603194500	https://medafricatimes.com/45664-us-imposes-sanctions-on-senior-fdlr-and-m23-commanders-over-human-rights-abuses-in-drc.html
1307319623	20260603	202606	2026	2026.4192	USA	THE US	USA								MIL	WARSHIP						MIL			0	190	190	19	4	-10.0	10	1	10	-3.40715502555366	1	Syria	SY	SY		35	38	SY	1	Syria	SY	SY		35	38	SY	1	Syria	SY	SY		35	38	SY	20260603194500	https://www.greanvillepost.com/thousands-of-us-troops-arrive-near-syrian-shore-on-uss-eisenhower/
1307319624	20260603	202606	2026	2026.4192	USA	OHIO	USA								MNCUSA	UNION PACIFIC	USA					MNC			1	036	036	03	1	4.0	7	1	7	1.58730158730159	3	Fostoria, Ohio, United States	US	USOH	OH147	41.157	-83.4169	1064668	2	Ohio, United States	US	USOH		40.3736	-82.7755	OH	2	Ohio, United States	US	USOH		40.3736	-82.7755	OH	20260603194500	https://www.13abc.com/2026/06/03/union-pacific-big-boy-traveling-through-nw-ohio-coast-to-coast-tour/
1307319625	20260603	202606	2026	2026.4192	USA	OHIO	USA								MNCUSA	UNION PACIFIC	USA					MNC			1	036	036	03	1	4.0	3	1	3	1.58730158730159	2	Ohio, United States	US	USOH		40.3736	-82.7755	OH	2	Ohio, United States	US	USOH		40.3736	-82.7755	OH	2	Ohio, United States	US	USOH		40.3736	-82.7755	OH	20260603194500	https://www.13abc.com/2026/06/03/union-pacific-big-boy-traveling-through-nw-ohio-coast-to-coast-tour/
1307319626	20260603	202606	2026	2026.4192	USA	OHIO	USA								MNCUSA	UNION PACIFIC	USA					MNC			1	051	051	05	1	3.4	7	1	7	1.58730158730159	3	Fostoria, Ohio, United States	US	USOH	OH147	41.157	-83.4169	1064668	2	Ohio, United States	US	USOH		40.3736	-82.7755	OH	3	Fostoria, Ohio, United States	US	USOH	OH147	41.157	-83.4169	1064668	20260603194500	https://www.13abc.com/2026/06/03/union-pacific-big-boy-traveling-through-nw-ohio-coast-to-coast-tour/
1307319627	20260603	202606	2026	2026.4192	USA	OHIO	USA								MNCUSA	UNION PACIFIC	USA					MNC			1	051	051	05	1	3.4	3	1	3	1.58730158730159	2	Ohio, United States	US	USOH		40.3736	-82.7755	OH	2	Ohio, United States	US	USOH		40.3736	-82.7755	OH	3	Fostoria, Ohio, United States	US	USOH	OH147	41.157	-83.4169	1064668	20260603194500	https://www.13abc.com/2026/06/03/union-pacific-big-boy-traveling-through-nw-ohio-coast-to-coast-tour/
1307319628	20260603	202606	2026	2026.4192	USA	PHILADELPHIA	USA								MNCUSA	DISNEY	USA					MNC			1	111	111	11	3	-2.0	10	1	10	7.61421319796954	3	Philadelphia, Pennsylvania, United States	US	USPA	PA101	39.9523	-75.1638	1209052	3	Philadelphia, Pennsylvania, United States	US	USPA	PA101	39.9523	-75.1638	1209052	3	Philadelphia, Pennsylvania, United States	US	USPA	PA101	39.9523	-75.1638	1209052	20260603194500	https://www.laughingplace.com/disney-parks/happy-ice-coming-to-downtown-disney/
1307319629	20260603	202606	2026	2026.4192	USA	BOSTON	USA								NGODEV	DEVELOPMENT AGENC						NGO	DEV		1	020	020	02	1	3.0	3	1	3	3.8135593220339	4	Cambridge, Cambridgeshire, United Kingdom	UK	UKC3	40098	52.2	0.116667	-2591658	3	Boston, Massachusetts, United States	US	USMA	MA025	42.3584	-71.0598	617565	3	Boston, Massachusetts, United States	US	USMA	MA025	42.3584	-71.0598	617565	20260603194500	https://bankerandtradesman.com/another-hotel-project-approved-in-allston/
1307319630	20260603	202606	2026	2026.4192	USA	BOSTON	USA								NGODEV	DEVELOPMENT AGENC						NGO	DEV		1	020	020	02	1	3.0	5	1	5	3.8135593220339	3	Boston, Massachusetts, United States	US	USMA	MA025	42.3584	-71.0598	617565	3	Boston, Massachusetts, United States	US	USMA	MA025	42.3584	-71.0598	617565	3	Boston, Massachusetts, United States	US	USMA	MA025	42.3584	-71.0598	617565	20260603194500	https://bankerandtradesman.com/another-hotel-project-approved-in-allston/
1307319631	20260603	202606	2026	2026.4192	USA	UNITED STATES	USA								OPP	RIOTER						OPP			0	080	080	08	2	5.0	4	1	4	-4.75113122171946	1	United States	US	US		39.828175	-98.5795	US	1	United States	US	US		39.828175	-98.5795	US	1	United States	US	US		39.828175	-98.5795	US	20260603194500	https://fox11online.com/news/nation-world/president-trump-says-doj-going-forward-with-lawfare-weaponization-compensation-fund-despite-acting-ags-todd-blanche-testimony
1307319632	20260603	202606	2026	2026.4192	USA	NEW YORK	USA								PTY	DEMOCRATIC PARTY									1	111	111	11	3	-2.0	2	1	2	1.96936542669585	2	New York, United States	US	USNY		42.1497	-74.9384	NY	2	New York, United States	US	USNY		42.1497	-74.9384	NY	2	New York, United States	US	USNY		42.1497	-74.9384	NY	20260603194500	https://ivn.us/author/open-primaries/
1307319633	20260603	202606	2026	2026.4192	USA	UNITED STATES	USA								SAUGOV	SAUDI	SAU					GOV			1	043	043	04	1	2.8	4	1	4	-2.13930348258706	3	White House, District of Columbia, United States	US	USDC		38.8951	-77.0364	531871	3	White House, District of Columbia, United States	US	USDC		38.8951	-77.0364	531871	3	White House, District of Columbia, United States	US	USDC		38.8951	-77.0364	531871	20260603194500	https://foreignpolicy.com/2026/06/03/america-africa-adventurism-emirates-qatar/
1307319634	20260603	202606	2026	2026.4192	USA	THE US	USA								SYR	SYRIAN	SYR								0	042	042	04	1	1.9	7	1	7	-3.40715502555366	1	Syria	SY	SY		35	38	SY	1	Syria	SY	SY		35	38	SY	1	Syria	SY	SY		35	38	SY	20260603194500	https://www.greanvillepost.com/thousands-of-us-troops-arrive-near-syrian-shore-on-uss-eisenhower/
1307319635	20260603	202606	2026	2026.4192	USA	THE US	USA								SYR	SYRIAN	SYR								0	042	042	04	1	1.9	1	1	1	-3.40715502555366	1	United States	US	US		39.828175	-98.5795	US	1	Syria	SY	SY		35	38	SY	1	Syria	SY	SY		35	38	SY	20260603194500	https://www.greanvillepost.com/thousands-of-us-troops-arrive-near-syrian-shore-on-uss-eisenhower/
1307319636	20260603	202606	2026	2026.4192	USA	NEW YORK	USA								USACOP	UNITED STATES	USA					COP			1	010	010	01	1	0.0	4	2	4	-11.6279069767442	2	New York, United States	US	USNY		42.1497	-74.9384	NY	2	New York, United States	US	USNY		42.1497	-74.9384	NY	2	New York, United States	US	USNY		42.1497	-74.9384	NY	20260603194500	https://news3lv.com/news/nation-world/16-year-old-boy-accused-of-fatally-shooting-woman-in-eye-near-ny-playground-police-murder-homicide-investigation-death-dead-shot-killed-guns-weapons-new-york-bronx-teenager-violence-true-crime
1307319637	20260603	202606	2026	2026.4192	USA	INDIANA	USA								USACOP	UNITED STATES	USA					COP			1	017	017	01	1	0.0	4	1	4	0	2	Indiana, United States	US	USIN		39.8647	-86.2604	IN	2	Indiana, United States	US	USIN		39.8647	-86.2604	IN	2	Indiana, United States	US	USIN		39.8647	-86.2604	IN	20260603194500	https://www.wthitv.com:443/politics/
1307319638	20260603	202606	2026	2026.4192	USA	UNITED STATES	USA								USACOP	UNITED STATES	USA					COP			1	090	090	09	2	-2.0	2	1	2	-11.7994100294985	3	Kailua, Hawaii, United States	US	USHI	HI009	20.8944	-156.217	359893	2	Hawaii, United States	US	USHI		21.1098	-157.531	HI	2	Hawaii, United States	US	USHI		21.1098	-157.531	HI	20260603194500	https://www.kitv.com/news/crime/hilo-man-charged-for-arson-terroristic-threatening-in-kailua-kona/article_bf69808e-58e6-4b65-a332-0ca4570cd255.html
1307319639	20260603	202606	2026	2026.4192	USA	UNITED STATES	USA								USACOP	UNITED STATES	USA					COP			1	173	173	17	4	-5.0	2	1	2	-11.7994100294985	4	Puna, Maharashtra, India	IN	IN16	70178	18.5333	73.8667	-2108361	4	Puna, Maharashtra, India	IN	IN16	70178	18.5333	73.8667	-2108361	4	Puna, Maharashtra, India	IN	IN16	70178	18.5333	73.8667	-2108361	20260603194500	https://www.kitv.com/news/crime/hilo-man-charged-for-arson-terroristic-threatening-in-kailua-kona/article_bf69808e-58e6-4b65-a332-0ca4570cd255.html
1307319640	20260603	202606	2026	2026.4192	USA	CALIFORNIA	USA								USACVL	UNITED STATES	USA					CVL			1	014	014	01	1	0.0	4	1	4	1.96936542669585	3	Miami, Florida, United States	US	USFL	FL086	25.7743	-80.1937	295004	3	Miami, Florida, United States	US	USFL	FL086	25.7743	-80.1937	295004	3	Miami, Florida, United States	US	USFL	FL086	25.7743	-80.1937	295004	20260603194500	https://ivn.us/author/open-primaries/
1307319641	20260603	202606	2026	2026.4192	USA	UNITED STATES	USA								USAGOV	BARACK OBAMA	USA					GOV			1	042	042	04	1	1.9	2	1	2	2.44897959183674	3	Central High School, Michigan, United States	US	USMI	MI077	42.1984	-85.5886	622990	3	Central High School, Michigan, United States	US	USMI		42.1984	-85.5886	622990	3	Central High School, Michigan, United States	US	USMI		42.1984	-85.5886	622990	20260603194500	https://www.wmuk.org/wmuk-news/2026-06-03/the-obama-presidential-center-has-a-little-shout-out-to-kalamazoo
1307319642	20260603	202606	2026	2026.4192	USA	CHICAGO	USA								USAGOV	BARACK OBAMA	USA					GOV			1	043	043	04	1	2.8	4	1	4	2.44897959183674	3	Chicago, Illinois, United States	US	USIL	IL031	41.85	-87.6501	423587	3	Chicago, Illinois, United States	US	USIL	IL031	41.85	-87.6501	423587	3	Chicago, Illinois, United States	US	USIL	IL031	41.85	-87.6501	423587	20260603194500	https://www.wmuk.org/wmuk-news/2026-06-03/the-obama-presidential-center-has-a-little-shout-out-to-kalamazoo
1307319643	20260603	202606	2026	2026.4192	USA	UNITED STATES	USA								USAGOV	BARACK OBAMA	USA					GOV			1	043	043	04	1	2.8	2	1	2	2.44897959183674	3	Chicago, Illinois, United States	US	USIL	IL031	41.85	-87.6501	423587	3	Chicago, Illinois, United States	US	USIL	IL031	41.85	-87.6501	423587	3	Oshtemo, Michigan, United States	US	USMI	MI077	42.2589	-85.6775	634138	20260603194500	https://www.wmuk.org/wmuk-news/2026-06-03/the-obama-presidential-center-has-a-little-shout-out-to-kalamazoo
1307319644	20260603	202606	2026	2026.4192	USA	CHICAGO	USA								USAGOV	BARACK OBAMA	USA					GOV			1	043	043	04	1	2.8	2	1	2	2.44897959183674	3	Chicago, Illinois, United States	US	USIL	IL031	41.85	-87.6501	423587	3	Central High School, Michigan, United States	US	USMI		42.1984	-85.5886	622990	3	Chicago, Illinois, United States	US	USIL	IL031	41.85	-87.6501	423587	20260603194500	https://www.wmuk.org/wmuk-news/2026-06-03/the-obama-presidential-center-has-a-little-shout-out-to-kalamazoo
1307319645	20260603	202606	2026	2026.4192	USA	PENNSYLVANIA	USA								USAGOV	UNITED STATES	USA					GOV			1	043	043	04	1	2.8	4	1	4	0.4149377593361	2	Pennsylvania, United States	US	USPA		40.5773	-77.264	PA	2	Pennsylvania, United States	US	USPA		40.5773	-77.264	PA	2	Pennsylvania, United States	US	USPA		40.5773	-77.264	PA	20260603194500	https://www.erienewsnow.com/news/harrisburg/native-species-celebrated-in-pennsylvania-capitol/article_14dce565-5fe2-5074-9a0c-9d71dd08ff39.html
1307319646	20260603	202606	2026	2026.4192	USA	CALIFORNIA	USA								USAGOV	UNITED STATES	USA					GOV			1	190	190	19	4	-10.0	4	1	4	0.77881619937695	4	Gaza, Israel (general), Israel	IS	IS00	18315	31.4167	34.3333	-797156	4	Gaza, Israel (general), Israel	IS	IS00	18315	31.4167	34.3333	-797156	2	New Jersey, United States	US	USNJ		40.314	-74.5089	NJ	20260603194500	https://www.aol.co.uk/articles/us-primary-voters-choose-midterm-090047622.html
1307319647	20260603	202606	2026	2026.4192	USA	MILWAUKEE	USA								USAJUD	UNITED STATES	USA					JUD			1	081	081	08	2	5.0	2	1	2	-12.5550660792952	3	Milwaukee County, Wisconsin, United States	US	USWI	WI079	43.0006	-87.9668	1581100	3	Milwaukee County, Wisconsin, United States	US	USWI		43.0006	-87.9668	1581100	3	Milwaukee County, Wisconsin, United States	US	USWI		43.0006	-87.9668	1581100	20260603194500	https://wtmj.com/news/2026/06/03/considering-the-conviction-in-judge-hannah-dugans-federal-immigration-case/
1307319648	20260603	202606	2026	2026.4192	USA	UNITED STATES	USA								USAJUD	UNITED STATES	USA					JUD			0	112	112	11	3	-2.0	8	1	8	-14.1242937853108	3	Maricopa County, Arizona, United States	US	USAZ	AZ013	33.5	-112.501	37026	3	Maricopa County, Arizona, United States	US	USAZ		33.5	-112.501	37026	3	Maricopa County, Arizona, United States	US	USAZ		33.5	-112.501	37026	20260603194500	https://ktar.com/arizona-news/father-fatal-overdose-prescott/5876539/
1307319649	20260603	202606	2026	2026.4192	USA	UNITED STATES	USA								USALEG	UNITED STATES	USA					LEG			1	043	043	04	1	2.8	4	1	4	0.23455824863174	3	Fremont County, Colorado, United States	US	USCO	CO043	38.4833	-105.401	198137	3	Royal Gorge, Colorado, United States	US	USCO		38.4311	-105.269	191861	3	Royal Gorge, Colorado, United States	US	USCO		38.4311	-105.269	191861	20260603194500	https://www.canoncitydailyrecord.com/2026/06/03/candidates-for-fremont-county-sheriff-house-district-60-share-differing-views-during-forum/
1307319650	20260603	202606	2026	2026.4192	USA	UNITED STATES	USA								USALEG	UNITED STATES	USA					LEG			1	043	043	04	1	2.8	1	1	1	0.23455824863174	3	Denver, Colorado, United States	US	USCO	CO031	39.7392	-104.985	201738	3	Denver, Colorado, United States	US	USCO	CO031	39.7392	-104.985	201738	3	Denver, Colorado, United States	US	USCO	CO031	39.7392	-104.985	201738	20260603194500	https://www.canoncitydailyrecord.com/2026/06/03/candidates-for-fremont-county-sheriff-house-district-60-share-differing-views-during-forum/
1307319651	20260603	202606	2026	2026.4192	USA	UNITED STATES	USA								USALEG	UNITED STATES	USA					LEG			1	043	043	04	1	2.8	3	1	3	0.23455824863174	2	Colorado, United States	US	USCO		39.0646	-105.327	CO	2	Colorado, United States	US	USCO		39.0646	-105.327	CO	2	Colorado, United States	US	USCO		39.0646	-105.327	CO	20260603194500	https://www.canoncitydailyrecord.com/2026/06/03/candidates-for-fremont-county-sheriff-house-district-60-share-differing-views-during-forum/
1307319652	20260603	202606	2026	2026.4192	USA	UNITED STATES	USA								USALEG	UNITED STATES	USA					LEG			0	043	043	04	1	2.8	1	1	1	0.77881619937695	2	Montana, United States	US	USMT		46.9048	-110.326	MT	2	Montana, United States	US	USMT		46.9048	-110.326	MT	2	New Mexico, United States	US	USNM		34.8375	-106.237	NM	20260603194500	https://www.aol.co.uk/articles/us-primary-voters-choose-midterm-090047622.html
1307319653	20260603	202606	2026	2026.4192	USA	UNITED STATES	USA								USAMED	REUTERS	USA					MED			1	020	020	02	1	3.0	2	1	2	-1.22448979591837	2	Texas, United States	US	USTX		31.106	-97.6475	TX	2	Texas, United States	US	USTX		31.106	-97.6475	TX	2	Texas, United States	US	USTX		31.106	-97.6475	TX	20260603194500	https://finance.yahoo.com/sectors/technology/articles/tesla-rolls-unsupervised-robotaxis-austin-165623170.html
1307319654	20260603	202606	2026	2026.4192	USA	GREENVILLE	USA								USAMIL	WISCONSIN	USA					MIL			1	154	154	15	4	-7.2	8	1	8	1.5748031496063	3	Greenville, Wisconsin, United States	US	USWI	WI087	44.3003	-88.5365	1565855	2	Wisconsin, United States	US	USWI		44.2563	-89.6385	WI	2	Wisconsin, United States	US	USWI		44.2563	-89.6385	WI	20260603194500	https://fox11online.com/news/local/final-group-of-deployed-wisconsin-national-guard-soldiers-return-home-2nd-battalion-127th-infantry-welcome-ceremony-appleton-airport-middle-east-deployment-iraq-kuwait-operation-epic-fury-strait-of-hormuz-iran
1307319655	20260603	202606	2026	2026.4192	USA	WISCONSIN	USA								USAMIL	UNITED STATES	USA					MIL			1	154	154	15	4	-7.2	2	1	2	1.5748031496063	1	Iraq	IZ	IZ		33	44	IZ	1	Iraq	IZ	IZ		33	44	IZ	1	Iraq	IZ	IZ		33	44	IZ	20260603194500	https://fox11online.com/news/local/final-group-of-deployed-wisconsin-national-guard-soldiers-return-home-2nd-battalion-127th-infantry-welcome-ceremony-appleton-airport-middle-east-deployment-iraq-kuwait-operation-epic-fury-strait-of-hormuz-iran
1307319656	20260603	202606	2026	2026.4192	USA	UNITED STATES	USA								bar	BARI			bar						0	190	190	19	4	-10.0	2	1	2	0	3	Alameda County, California, United States	US	USCA	CA001	37.5999	-121.884	1675839	3	Alameda County, California, United States	US	USCA		37.5999	-121.884	1675839	3	Alameda County, California, United States	US	USCA		37.5999	-121.884	1675839	20260603194500	https://sfist.com/2026/06/03/post-election-headlines-governors-race-too-close-to-call/
1307319657	20260603	202606	2026	2026.4192	USABUS	UNITED STATES	USA					BUS			USAMED	UNITED STATES	USA					MED			0	036	036	03	1	4.0	2	1	2	0	3	Alameda County, California, United States	US	USCA	CA001	37.5999	-121.884	1675839	3	Alameda County, California, United States	US	USCA		37.5999	-121.884	1675839	3	Alameda County, California, United States	US	USCA		37.5999	-121.884	1675839	20260603194500	https://sfist.com/2026/06/03/post-election-headlines-governors-race-too-close-to-call/
1307319658	20260603	202606	2026	2026.4192	USABUS	UNITED STATES	USA					BUS			bar	BARI			bar						0	190	190	19	4	-10.0	1	1	1	0	3	Alameda County, California, United States	US	USCA	CA001	37.5999	-121.884	1675839	3	Alameda County, California, United States	US	USCA		37.5999	-121.884	1675839	3	Alameda County, California, United States	US	USCA		37.5999	-121.884	1675839	20260603194500	https://sfist.com/2026/06/03/post-election-headlines-governors-race-too-close-to-call/
1307319659	20260603	202606	2026	2026.4192	USACOP	INDIANA	USA					COP													1	017	017	01	1	0.0	3	1	3	0	2	Indiana, United States	US	USIN		39.8647	-86.2604	IN	0								2	Indiana, United States	US	USIN		39.8647	-86.2604	IN	20260603194500	https://www.wthitv.com:443/politics/
1307319660	20260603	202606	2026	2026.4192	USACOP	NEW YORK	USA					COP			USA	NEW YORK	USA								1	010	010	01	1	0.0	12	2	12	-11.6279069767442	2	New York, United States	US	USNY		42.1497	-74.9384	NY	2	New York, United States	US	USNY		42.1497	-74.9384	NY	2	New York, United States	US	USNY		42.1497	-74.9384	NY	20260603194500	https://news3lv.com/news/nation-world/16-year-old-boy-accused-of-fatally-shooting-woman-in-eye-near-ny-playground-police-murder-homicide-investigation-death-dead-shot-killed-guns-weapons-new-york-bronx-teenager-violence-true-crime
1307319661	20260603	202606	2026	2026.4192	USACVL	CALIFORNIA	USA					CVL													1	040	040	04	1	1.0	6	1	6	-2.97397769516728	2	California, United States	US	USCA		36.17	-119.746	CA	0								2	California, United States	US	USCA		36.17	-119.746	CA	20260603194500	https://ivn.us/the-top-two-panic-wasnt-analysis-it-was-political-manipulation/
1307319662	20260603	202606	2026	2026.4192	USACVL	CALIFORNIA	USA					CVL			USA	CALIFORNIA	USA								1	014	014	01	1	0.0	6	1	6	1.96936542669585	3	Miami, Florida, United States	US	USFL	FL086	25.7743	-80.1937	295004	3	Miami, Florida, United States	US	USFL	FL086	25.7743	-80.1937	295004	3	Miami, Florida, United States	US	USFL	FL086	25.7743	-80.1937	295004	20260603194500	https://ivn.us/author/open-primaries/
1307319663	20260603	202606	2026	2026.4192	USAGOV	CALIFORNIA	USA					GOV													1	020	020	02	1	3.0	6	1	6	0	3	Alameda County, California, United States	US	USCA	CA001	37.5999	-121.884	1675839	0								3	Alameda County, California, United States	US	USCA		37.5999	-121.884	1675839	20260603194500	https://sfist.com/2026/06/03/post-election-headlines-governors-race-too-close-to-call/
1307319664	20260603	202606	2026	2026.4192	USAGOV	UNITED STATES	USA					GOV													1	020	020	02	1	3.0	1	1	1	1.31233595800525	2	New York, United States	US	USNY		42.1497	-74.9384	NY	0								3	Washington, District of Columbia, United States	US	USDC	DC001	38.8951	-77.0364	531871	20260603194500	https://townhall.com/tipsheet/jeff-charles/2026/06/03/trump-slams-boring-artists-who-bailed-on-freedom-250-concerts-heres-what-hes-got-planned-n2677177
1307319665	20260603	202606	2026	2026.4192	USAGOV	PENNSYLVANIA	USA					GOV													1	043	043	04	1	2.8	6	1	6	0.4149377593361	2	Pennsylvania, United States	US	USPA		40.5773	-77.264	PA	0								2	Pennsylvania, United States	US	USPA		40.5773	-77.264	PA	20260603194500	https://www.erienewsnow.com/news/harrisburg/native-species-celebrated-in-pennsylvania-capitol/article_14dce565-5fe2-5074-9a0c-9d71dd08ff39.html
1307319666	20260603	202606	2026	2026.4192	USAGOV	UNITED STATES	USA					GOV													1	051	051	05	1	3.4	2	1	2	5.74074074074074	3	First Presbyterian Church, Michigan, United States	US	USMI	MI053	46.4556	-90.1664	2126125	0								3	First Presbyterian Church, Michigan, United States	US	USMI		46.4556	-90.1664	2126125	20260603194500	https://www.candgnews.com/news/may-we-honor-their-memory-11175
1307319667	20260603	202606	2026	2026.4192	USAGOV	UNITED STATES	USA					GOV													0	090	090	09	2	-2.0	2	1	2	-5.83941605839416	3	Kern County, California, United States	US	USCA	CA029	35.2961	-118.668	2054176	0								3	Kern County, California, United States	US	USCA		35.2961	-118.668	2054176	20260603194500	https://www.wptv.com/us-news/crime/2-hostages-released-but-standoff-with-man-after-bomb-threat-at-california-bank-continues
1307319668	20260603	202606	2026	2026.4192	USAGOV	CALIFORNIA	USA					GOV													1	190	190	19	4	-10.0	6	1	6	0.77881619937695	4	Gaza, Israel (general), Israel	IS	IS00	18315	31.4167	34.3333	-797156	0								4	Gaza, Israel (general), Israel	IS	IS00	18315	31.4167	34.3333	-797156	20260603194500	https://www.aol.co.uk/articles/us-primary-voters-choose-midterm-090047622.html
1307319669	20260603	202606	2026	2026.4192	USAGOV	OBAMA	USA					GOV			EDU	SCHOOL						EDU			1	040	040	04	1	1.0	6	1	6	2.44897959183674	2	Michigan, United States	US	USMI		43.3504	-84.5603	MI	3	Central High School, Michigan, United States	US	USMI		42.1984	-85.5886	622990	3	Central High School, Michigan, United States	US	USMI		42.1984	-85.5886	622990	20260603194500	https://www.wmuk.org/wmuk-news/2026-06-03/the-obama-presidential-center-has-a-little-shout-out-to-kalamazoo
1307319670	20260603	202606	2026	2026.4192	USAGOV	OBAMA	USA					GOV			EDU	SCHOOL						EDU			1	040	040	04	1	1.0	4	1	4	2.44897959183674	2	Michigan, United States	US	USMI		43.3504	-84.5603	MI	3	Central High School, Michigan, United States	US	USMI		42.1984	-85.5886	622990	2	Michigan, United States	US	USMI		43.3504	-84.5603	MI	20260603194500	https://www.wmuk.org/wmuk-news/2026-06-03/the-obama-presidential-center-has-a-little-shout-out-to-kalamazoo
1307319671	20260603	202606	2026	2026.4192	USAGOV	UNITED STATES	USA					GOV			GOV	MAYOR						GOV			1	020	020	02	1	3.0	6	3	6	-0.21186440677966	2	California, United States	US	USCA		36.17	-119.746	CA	2	California, United States	US	USCA		36.17	-119.746	CA	2	California, United States	US	USCA		36.17	-119.746	CA	20260603194500	https://www.krtv.com/politics/dissecting-tuesdays-primaries-an-upset-in-iowa-and-clashes-in-california
1307319672	20260603	202606	2026	2026.4192	USAGOV	OBAMA	USA					GOV			IRN	IRAN	IRN								0	051	051	05	1	3.4	4	1	4	-2.13930348258706	1	Iran	IR	IR		32	53	IR	1	Iran	IR	IR		32	53	IR	1	Iran	IR	IR		32	53	IR	20260603194500	https://foreignpolicy.com/2026/06/03/america-africa-adventurism-emirates-qatar/
1307319673	20260603	202606	2026	2026.4192	USAGOV	OBAMA	USA					GOV			IRN	IRAN	IRN								0	051	051	05	1	3.4	1	1	1	-2.13930348258706	1	Syria	SY	SY		35	38	SY	1	Iran	IR	IR		32	53	IR	1	Iran	IR	IR		32	53	IR	20260603194500	https://foreignpolicy.com/2026/06/03/america-africa-adventurism-emirates-qatar/
1307319674	20260603	202606	2026	2026.4192	USAGOV	THE WHITE HOUSE	USA					GOV			SAUGOV	SAUDI	SAU					GOV			1	043	043	04	1	2.8	2	1	2	-2.13930348258706	3	White House, District of Columbia, United States	US	USDC		38.8951	-77.0364	531871	3	White House, District of Columbia, United States	US	USDC		38.8951	-77.0364	531871	3	White House, District of Columbia, United States	US	USDC		38.8951	-77.0364	531871	20260603194500	https://foreignpolicy.com/2026/06/03/america-africa-adventurism-emirates-qatar/
1307319675	20260603	202606	2026	2026.4192	USAGOV	THE WHITE HOUSE	USA					GOV			SDN	SUDAN	SDN								1	043	043	04	1	2.8	4	1	4	-2.13930348258706	3	White House, District of Columbia, United States	US	USDC		38.8951	-77.0364	531871	4	El Fasher, Shamal Darfur, Sudan	SU	SU55	37080	13.6333	25.35	-1684	3	White House, District of Columbia, United States	US	USDC		38.8951	-77.0364	531871	20260603194500	https://foreignpolicy.com/2026/06/03/america-africa-adventurism-emirates-qatar/
1307319676	20260603	202606	2026	2026.4192	USAGOV	UNITED STATES	USA					GOV			USA	UNITED STATES	USA								1	011	011	01	1	-0.1	2	1	2	-4.63215258855586	2	New York, United States	US	USNY		42.1497	-74.9384	NY	3	Washington, District of Columbia, United States	US	USDC	DC001	38.8951	-77.0364	531871	3	Washington, District of Columbia, United States	US	USDC	DC001	38.8951	-77.0364	531871	20260603194500	https://www.winnipegfreepress.com/business/2026/06/03/treasury-secretary-scott-bessent-refuses-to-say-whether-trump-remains-exempt-from-irs-audits
1307319677	20260603	202606	2026	2026.4192	USAGOV	UNITED STATES	USA					GOV			USA	UNITED STATES	USA								1	020	020	02	1	3.0	2	1	2	0	3	Alameda County, California, United States	US	USCA	CA001	37.5999	-121.884	1675839	3	Alameda County, California, United States	US	USCA		37.5999	-121.884	1675839	3	Alameda County, California, United States	US	USCA		37.5999	-121.884	1675839	20260603194500	https://sfist.com/2026/06/03/post-election-headlines-governors-race-too-close-to-call/
1307319678	20260603	202606	2026	2026.4192	USAGOV	BARACK OBAMA	USA					GOV			USA	CHICAGO	USA								1	042	042	04	1	1.9	2	1	2	2.44897959183674	3	Central High School, Michigan, United States	US	USMI	MI077	42.1984	-85.5886	622990	3	Central High School, Michigan, United States	US	USMI		42.1984	-85.5886	622990	3	Central High School, Michigan, United States	US	USMI		42.1984	-85.5886	622990	20260603194500	https://www.wmuk.org/wmuk-news/2026-06-03/the-obama-presidential-center-has-a-little-shout-out-to-kalamazoo
1307319679	20260603	202606	2026	2026.4192	USAGOV	BARACK OBAMA	USA					GOV			USA	CHICAGO	USA								1	042	042	04	1	1.9	6	1	6	2.44897959183674	2	Michigan, United States	US	USMI		43.3504	-84.5603	MI	2	Michigan, United States	US	USMI		43.3504	-84.5603	MI	2	Michigan, United States	US	USMI		43.3504	-84.5603	MI	20260603194500	https://www.wmuk.org/wmuk-news/2026-06-03/the-obama-presidential-center-has-a-little-shout-out-to-kalamazoo
1307319680	20260603	202606	2026	2026.4192	USAGOV	UNITED STATES	USA					GOV			USA	PENNSYLVANIA	USA								1	042	042	04	1	1.9	4	1	4	0.4149377593361	2	Pennsylvania, United States	US	USPA		40.5773	-77.264	PA	2	Pennsylvania, United States	US	USPA		40.5773	-77.264	PA	2	Pennsylvania, United States	US	USPA		40.5773	-77.264	PA	20260603194500	https://www.erienewsnow.com/news/harrisburg/native-species-celebrated-in-pennsylvania-capitol/article_14dce565-5fe2-5074-9a0c-9d71dd08ff39.html
1307319681	20260603	202606	2026	2026.4192	USAGOV	BARACK OBAMA	USA					GOV			USA	UNITED STATES	USA								1	043	043	04	1	2.8	2	1	2	2.44897959183674	3	Central High School, Michigan, United States	US	USMI	MI077	42.1984	-85.5886	622990	3	Chicago, Illinois, United States	US	USIL	IL031	41.85	-87.6501	423587	3	Chicago, Illinois, United States	US	USIL	IL031	41.85	-87.6501	423587	20260603194500	https://www.wmuk.org/wmuk-news/2026-06-03/the-obama-presidential-center-has-a-little-shout-out-to-kalamazoo
1307319682	20260603	202606	2026	2026.4192	USAGOV	MICHIGAN	USA					GOV			USA	UNITED STATES	USA								1	138	138	13	3	-7.0	1	1	1	-8.33333333333333	3	Kailua, Hawaii, United States	US	USHI	HI009	20.8944	-156.217	359893	3	Kailua, Hawaii, United States	US	USHI	HI009	20.8944	-156.217	359893	3	Kailua, Hawaii, United States	US	USHI	HI009	20.8944	-156.217	359893	20260603194500	https://www.kitv.com/news/crime/oahu-man-charged-for-allegedly-threatening-michigan-governor-and-capitol/article_d1805df6-d165-4f1a-8a53-5bfe462ed458.html
1307319683	20260603	202606	2026	2026.4192	USAGOV	MICHIGAN	USA					GOV			USA	UNITED STATES	USA								1	138	138	13	3	-7.0	1	1	1	-8.33333333333333	3	Kailua, Hawaii, United States	US	USHI	HI009	20.8944	-156.217	359893	3	Kailua, Hawaii, United States	US	USHI	HI009	20.8944	-156.217	359893	2	Hawaii, United States	US	USHI		21.1098	-157.531	HI	20260603194500	https://www.kitv.com/news/crime/oahu-man-charged-for-allegedly-threatening-michigan-governor-and-capitol/article_d1805df6-d165-4f1a-8a53-5bfe462ed458.html
1307319684	20260603	202606	2026	2026.4192	USAGOV	UNITED STATES	USA					GOV			USA	CALIFORNIA	USA								1	190	190	19	4	-10.0	4	1	4	0.77881619937695	2	California, United States	US	USCA		36.17	-119.746	CA	2	California, United States	US	USCA		36.17	-119.746	CA	2	California, United States	US	USCA		36.17	-119.746	CA	20260603194500	https://www.aol.co.uk/articles/us-primary-voters-choose-midterm-090047622.html
1307319685	20260603	202606	2026	2026.4192	USAGOV	UNITED STATES	USA					GOV			USA	UNITED STATES	USA								1	190	190	19	4	-10.0	6	1	6	-0.37037037037037	2	Illinois, United States	US	USIL		40.3363	-89.0022	IL	2	Illinois, United States	US	USIL		40.3363	-89.0022	IL	2	Illinois, United States	US	USIL		40.3363	-89.0022	IL	20260603194500	https://www.yahoo.com/news/us/articles/danville-fire-department-plans-live-191600559.html
1307319686	20260603	202606	2026	2026.4192	USAGOVEDU	MICHIGAN	USA					GOV	EDU		USA	MICHIGAN	USA								0	020	020	02	1	3.0	10	1	10	-1.13085621970921	2	Michigan, United States	US	USMI		43.3504	-84.5603	MI	2	Michigan, United States	US	USMI		43.3504	-84.5603	MI	2	Michigan, United States	US	USMI		43.3504	-84.5603	MI	20260603194500	https://wdet.org/2026/06/03/detroit-evening-report-lawsuit-to-block-transit-millage-dismissed/
1307319687	20260603	202606	2026	2026.4192	USAJUD	UNITED STATES	USA					JUD													0	010	010	01	1	0.0	2	1	2	-12.5550660792952	2	Wisconsin, United States	US	USWI		44.2563	-89.6385	WI	0								2	Wisconsin, United States	US	USWI		44.2563	-89.6385	WI	20260603194500	https://wtmj.com/news/2026/06/03/considering-the-conviction-in-judge-hannah-dugans-federal-immigration-case/
1307319688	20260603	202606	2026	2026.4192	USAJUD	UNITED STATES	USA					JUD			JUD	LAWYER						JUD			1	040	040	04	1	1.0	2	1	2	-10.1449275362319	2	Nevada, United States	US	USNV		38.4199	-117.122	NV	2	Nevada, United States	US	USNV		38.4199	-117.122	NV	2	Nevada, United States	US	USNV		38.4199	-117.122	NV	20260603194500	https://news3lv.com/features/breaking-down-the-law/rebas-law-set-for-early-test-as-teen-faces-15-felony-counts-in-horse-stabbing-case
1307319689	20260603	202606	2026	2026.4192	USAJUD	UNITED STATES	USA					JUD			USA	UNITED STATES	USA								1	036	036	03	1	4.0	2	1	2	-2.24215246636771	2	South Carolina, United States	US	USSC		33.8191	-80.9066	SC	2	South Carolina, United States	US	USSC		33.8191	-80.9066	SC	2	South Carolina, United States	US	USSC		33.8191	-80.9066	SC	20260603194500	https://www.wrhi.com/2026/06/democratic-gubernatorial-candidates-to-meet-in-televised-debate-213224
1307319690	20260603	202606	2026	2026.4192	USAJUD	UNITED STATES	USA					JUD			USA	UNITED STATES	USA								0	081	081	08	2	5.0	1	1	1	-12.5550660792952	2	Wisconsin, United States	US	USWI		44.2563	-89.6385	WI	3	Milwaukee County, Wisconsin, United States	US	USWI		43.0006	-87.9668	1581100	3	Milwaukee County, Wisconsin, United States	US	USWI		43.0006	-87.9668	1581100	20260603194500	https://wtmj.com/news/2026/06/03/considering-the-conviction-in-judge-hannah-dugans-federal-immigration-case/
1307319691	20260603	202606	2026	2026.4192	USAJUD	UNITED STATES	USA					JUD			USA	UNITED STATES	USA								0	112	112	11	3	-2.0	4	1	4	-12.5550660792952	3	Milwaukee County, Wisconsin, United States	US	USWI	WI079	43.0006	-87.9668	1581100	2	Virginia, United States	US	USVA		37.768	-78.2057	VA	2	Virginia, United States	US	USVA		37.768	-78.2057	VA	20260603194500	https://wtmj.com/news/2026/06/03/considering-the-conviction-in-judge-hannah-dugans-federal-immigration-case/
1307319692	20260603	202606	2026	2026.4192	USALEG	UNITED STATES	USA					LEG			USA	UNITED STATES	USA								1	042	042	04	1	1.9	8	1	8	0.23455824863174	3	Royal Gorge, Colorado, United States	US	USCO	CO043	38.4311	-105.269	191861	3	Fremont County, Colorado, United States	US	USCO		38.4833	-105.401	198137	3	Royal Gorge, Colorado, United States	US	USCO		38.4311	-105.269	191861	20260603194500	https://www.canoncitydailyrecord.com/2026/06/03/candidates-for-fremont-county-sheriff-house-district-60-share-differing-views-during-forum/
1307319693	20260603	202606	2026	2026.4192	USALEG	UNITED STATES	USA					LEG			USA	UNITED STATES	USA								0	042	042	04	1	1.9	1	1	1	0.77881619937695	2	Montana, United States	US	USMT		46.9048	-110.326	MT	2	Montana, United States	US	USMT		46.9048	-110.326	MT	2	New Mexico, United States	US	USNM		34.8375	-106.237	NM	20260603194500	https://www.aol.co.uk/articles/us-primary-voters-choose-midterm-090047622.html
1307319694	20260603	202606	2026	2026.4192	USAMED	UNITED STATES	USA					MED			ISR	ISRAELI	ISR								0	193	193	19	4	-10.0	2	1	2	-7.66666666666667	1	Israel	IS	IS		31.5	34.75	IS	1	Israel	IS	IS		31.5	34.75	IS	1	Israel	IS	IS		31.5	34.75	IS	20260603194500	https://www.scoop.co.nz/stories/WO2606/S00058/release-the-footage-israels-cover-up-begins-with-denial.htm
1307319695	20260603	202606	2026	2026.4192	USAMED	UNITED STATES	USA					MED			ISR	ISRAELI	ISR								0	193	193	19	4	-10.0	2	1	2	-7.66666666666667	1	United States	US	US		39.828175	-98.5795	US	1	Israel	IS	IS		31.5	34.75	IS	1	Israel	IS	IS		31.5	34.75	IS	20260603194500	https://www.scoop.co.nz/stories/WO2606/S00058/release-the-footage-israels-cover-up-begins-with-denial.htm
1307319696	20260603	202606	2026	2026.4192	USAMED	ASSOCIATED PRESS	USA					MED			MED	JOURNALIST						MED			0	070	070	07	2	7.0	8	1	8	-4.98783454987835	4	Causeway Bay, Hong Kong (general), Hong Kong	HK	HK00	13031	22.2833	114.183	-1354454	4	Causeway Bay, Hong Kong (general), Hong Kong	HK	HK00	13031	22.2833	114.183	-1354454	4	Causeway Bay, Hong Kong (general), Hong Kong	HK	HK00	13031	22.2833	114.183	-1354454	20260603194500	https://www.wsbradio.com/news/world/hong-kong-artist/DMFX6N66V4Z5NFHFXDS2LXQ3G4/
1307319697	20260603	202606	2026	2026.4192	USAMED	ASSOCIATED PRESS	USA					MED			MED	JOURNALIST						MED			0	070	070	07	2	7.0	2	1	2	-4.98783454987835	4	Beijing, Beijing, China	CH	CH22	13001	39.9289	116.388	-1898541	4	Causeway Bay, Hong Kong (general), Hong Kong	HK	HK00	13031	22.2833	114.183	-1354454	4	Causeway Bay, Hong Kong (general), Hong Kong	HK	HK00	13031	22.2833	114.183	-1354454	20260603194500	https://www.wsbradio.com/news/world/hong-kong-artist/DMFX6N66V4Z5NFHFXDS2LXQ3G4/
1307319698	20260603	202606	2026	2026.4192	USAMED	UNITED STATES	USA					MED			USABUS	UNITED STATES	USA					BUS			0	036	036	03	1	4.0	2	1	2	0	3	Alameda County, California, United States	US	USCA	CA001	37.5999	-121.884	1675839	3	Alameda County, California, United States	US	USCA		37.5999	-121.884	1675839	3	Alameda County, California, United States	US	USCA		37.5999	-121.884	1675839	20260603194500	https://sfist.com/2026/06/03/post-election-headlines-governors-race-too-close-to-call/
1307319699	20260603	202606	2026	2026.4192	USAMIL	WISCONSIN	USA					MIL													1	154	154	15	4	-7.2	6	1	6	1.5748031496063	1	Iraq	IZ	IZ		33	44	IZ	0								1	Iraq	IZ	IZ		33	44	IZ	20260603194500	https://fox11online.com/news/local/final-group-of-deployed-wisconsin-national-guard-soldiers-return-home-2nd-battalion-127th-infantry-welcome-ceremony-appleton-airport-middle-east-deployment-iraq-kuwait-operation-epic-fury-strait-of-hormuz-iran
1307319700	20260603	202606	2026	2026.4192	USAMIL	THE US	USA					MIL			USA	UNITED STATES	USA								0	012	012	01	1	-0.4	2	1	2	-3.69318181818182	3	White House, District of Columbia, United States	US	USDC		38.8951	-77.0364	531871	1	Israel	IS	IS		31.5	34.75	IS	1	Israel	IS	IS		31.5	34.75	IS	20260603194500	https://www.greanvillepost.com/iran-decides-to-take-matters-in-hand/
1307319701	20260603	202606	2026	2026.4192	USAMIL	THE US	USA					MIL			USA	AMERICAN	USA								0	012	012	01	1	-0.4	8	1	8	-3.69318181818182	1	Israel	IS	IS		31.5	34.75	IS	3	White House, District of Columbia, United States	US	USDC		38.8951	-77.0364	531871	3	White House, District of Columbia, United States	US	USDC		38.8951	-77.0364	531871	20260603194500	https://www.greanvillepost.com/iran-decides-to-take-matters-in-hand/
1307319702	20260603	202606	2026	2026.4192	YEM	SANA	YEM																		0	084	084	08	2	7.0	5	1	5	4.31309904153355	0								0								0								20260603194500	https://smallbiztrends.com/workday-launches-sana-ai-to-streamline-it-support-and-travel-management/
1307319703	20260603	202606	2026	2026.4192	afa	AFRICANS			afa						CVL	CITIZEN						CVL			1	013	013	01	1	0.4	10	1	10	0.75471698113207	4	Accra, Greater Accra, Ghana	GH	GH01	190655	5.55	-0.216667	-2067935	4	Accra, Greater Accra, Ghana	GH	GH01	190655	5.55	-0.216667	-2067935	4	Accra, Greater Accra, Ghana	GH	GH01	190655	5.55	-0.216667	-2067935	20260603194500	https://www.africa-newsroom.com/press/many-africans-see-justice-system-as-unequal-costly-and-slow-afrobarometer-survey-reveals
1307319704	20260603	202606	2026	2026.4192	bar	BARI			bar																0	190	190	19	4	-10.0	6	1	6	-4.61847389558233	1	Ukraine	UP	UP		49	32	UP	0								1	Ukraine	UP	UP		49	32	UP	20260603194500	https://townhall.com/columnists/bradslager/2026/06/03/some-of-scott-pelleys-comments-explain-the-type-of-man-he-is-and-explain-how-journalism-was-not-attacked-n2677194
1307319705	20260603	202606	2026	2026.4192	bas	BASSA			bas						LBR	MONROVIA	LBR								1	040	040	04	1	1.0	6	1	6	3.11750599520383	4	Grand Bassa, Grand Bassa, Liberia	LI	LI11	147175	5.88083	-10.0467	-2130737	4	Monrovia, Montserrado, Liberia	LI	LI14	147290	6.31056	-10.8047	-2134012	4	Grand Bassa, Grand Bassa, Liberia	LI	LI11	147175	5.88083	-10.0467	-2130737	20260603194500	https://gnnliberia.com/advancing-fiscal-decentralization-and-local-revenue-in-liberia/
1307319706	20260603	202606	2026	2026.4192	don	DONG			don						CRM	CRIMINAL						CRM			1	042	042	04	1	1.9	10	1	10	-9.21052631578948	2	Pennsylvania, United States	US	USPA		40.5773	-77.264	PA	2	Pennsylvania, United States	US	USPA		40.5773	-77.264	PA	2	Pennsylvania, United States	US	USPA		40.5773	-77.264	PA	20260603194500	https://www.legalnewsline.com/pennsylvania-record/pennsylvania-record/ding-dong-ditch-revenge-lands-man-in-criminal-civil-court/article_c583e4ba-b6c3-4164-8c3d-e5a1acd6296d.html
1307319707	20260603	202606	2026	2026.4192	dra	DRAVIDIAN			dra						IND	TAMIL NADU	IND								1	043	043	04	1	2.8	6	1	6	-0.27416038382454	5	Tamil Nadu, Tamil Nadu, India	IN	IN25	70248	11	78	-2112557	5	Tamil Nadu, Tamil Nadu, India	IN	IN25	70248	11	78	-2112557	5	Tamil Nadu, Tamil Nadu, India	IN	IN25	70248	11	78	-2112557	20260603194500	https://www.thehindu.com/opinion/lead/assembly-poll-results-that-recast-the-political-landscape/article71057990.ece
1307319708	20260603	202606	2026	2026.4192	dra	DRAVIDIAN			dra						tam	TAMIL			tam						1	043	043	04	1	2.8	4	1	4	-0.27416038382454	5	Tamil Nadu, Tamil Nadu, India	IN	IN25	70248	11	78	-2112557	5	Tamil Nadu, Tamil Nadu, India	IN	IN25	70248	11	78	-2112557	5	Tamil Nadu, Tamil Nadu, India	IN	IN25	70248	11	78	-2112557	20260603194500	https://www.thehindu.com/opinion/lead/assembly-poll-results-that-recast-the-political-landscape/article71057990.ece
1307319709	20260603	202606	2026	2026.4192	sco	SCOTTISH			sco																0	080	080	08	2	5.0	6	1	6	4.50980392156863	4	Galashiels, Scottish Borders, The, United Kingdom	UK	UKT9	40167	55.6	-2.81667	-2596689	0								4	Galashiels, Scottish Borders, The, United Kingdom	UK	UKT9	40167	55.6	-2.81667	-2596689	20260603194500	https://thewhiskeywash.com/whiskey-news/the-borders-distillery-welcomes-first-distiller-for-a-day/
1307319710	20260603	202606	2026	2026.4192	sco	SCOTTISH			sco																0	080	080	08	2	5.0	4	1	4	4.50980392156863	4	Hawick, Scottish Borders, The, United Kingdom	UK	UKT9	40167	55.4333	-2.78333	-2598325	0								4	Hawick, Scottish Borders, The, United Kingdom	UK	UKT9	40167	55.4333	-2.78333	-2598325	20260603194500	https://thewhiskeywash.com/whiskey-news/the-borders-distillery-welcomes-first-distiller-for-a-day/
1307319711	20260603	202606	2026	2026.4192	scoGOV	SCOTTISH			sco			GOV													0	020	020	02	1	3.0	10	1	10	-5.4054054054054	1	United Kingdom	UK	UK		54	-4	UK	0								1	United Kingdom	UK	UK		54	-4	UK	20260603194500	https://www.dailymail.com/news/article-15871815/John-Swinney-humiliated-judge-finds-Scottish-Government-contempt-info-watchdog.html
1307319712	20260603	202606	2026	2026.4192	scoGOV	SCOTTISH			sco			GOV													0	084	084	08	2	7.0	10	1	10	-5.4054054054054	1	United Kingdom	UK	UK		54	-4	UK	0								1	United Kingdom	UK	UK		54	-4	UK	20260603194500	https://www.dailymail.com/news/article-15871815/John-Swinney-humiliated-judge-finds-Scottish-Government-contempt-info-watchdog.html
1307319713	20260603	202606	2026	2026.4192	scoGOV	SCOTTISH			sco			GOV			GBR	SCOTLAND	GBR								1	120	120	12	3	-4.0	10	1	10	-5.4054054054054	1	United Kingdom	UK	UK		54	-4	UK	1	United Kingdom	UK	UK		54	-4	UK	1	United Kingdom	UK	UK		54	-4	UK	20260603194500	https://www.dailymail.com/news/article-15871815/John-Swinney-humiliated-judge-finds-Scottish-Government-contempt-info-watchdog.html
1307319714	20260603	202606	2026	2026.4192	tam	TAMIL			tam						dra	DRAVIDIAN			dra						1	042	042	04	1	1.9	4	1	4	-0.27416038382454	5	Kerala, Kerala, India	IN	IN13	17699	10	76.5	-2100307	5	Kerala, Kerala, India	IN	IN13	17699	10	76.5	-2100307	5	Kerala, Kerala, India	IN	IN13	17699	10	76.5	-2100307	20260603194500	https://www.thehindu.com/opinion/lead/assembly-poll-results-that-recast-the-political-landscape/article71057990.ece
