1306568351	20250529	202505	2025	2025.4082	COP	PRISON						COP			GOV	ADMINISTRATION						GOV			1	075	075	07	2	7.0	6	1	6	-5.56291390728476	1	Guyana	GY	GY		5	-59	GY	2	Iowa, United States	US	USIA		42.0046	-93.214	IA	2	Iowa, United States	US	USIA		42.0046	-93.214	IA	20260529183000	https://www.thehour.com/news/article/former-iowa-superintendent-to-be-sentenced-for-22281887.php
1306568352	20250529	202505	2025	2025.4082	COP	PRISON						COP			GOV	ADMINISTRATION						GOV			1	173	173	17	4	-5.0	6	1	6	-5.56291390728476	1	Guyana	GY	GY		5	-59	GY	2	Iowa, United States	US	USIA		42.0046	-93.214	IA	2	Iowa, United States	US	USIA		42.0046	-93.214	IA	20260529183000	https://www.thehour.com/news/article/former-iowa-superintendent-to-be-sentenced-for-22281887.php
1306568353	20250529	202505	2025	2025.4082	COP	PRISON						COP			USAGOV	UNITED STATES	USA					GOV			1	075	075	07	2	7.0	4	1	4	-5.56291390728476	1	Guyana	GY	GY		5	-59	GY	2	Iowa, United States	US	USIA		42.0046	-93.214	IA	2	Iowa, United States	US	USIA		42.0046	-93.214	IA	20260529183000	https://www.thehour.com/news/article/former-iowa-superintendent-to-be-sentenced-for-22281887.php
1306568354	20250529	202505	2025	2025.4082	COP	PRISON						COP			USAGOV	UNITED STATES	USA					GOV			1	173	173	17	4	-5.0	2	1	2	-5.56291390728476	1	Guyana	GY	GY		5	-59	GY	2	Iowa, United States	US	USIA		42.0046	-93.214	IA	1	Guyana	GY	GY		5	-59	GY	20260529183000	https://www.thehour.com/news/article/former-iowa-superintendent-to-be-sentenced-for-22281887.php
1306568355	20250529	202505	2025	2025.4082	COP	PRISON						COP			USAGOV	UNITED STATES	USA					GOV			1	173	173	17	4	-5.0	2	1	2	-5.56291390728476	1	Guyana	GY	GY		5	-59	GY	2	Iowa, United States	US	USIA		42.0046	-93.214	IA	2	Iowa, United States	US	USIA		42.0046	-93.214	IA	20260529183000	https://www.thehour.com/news/article/former-iowa-superintendent-to-be-sentenced-for-22281887.php
1306568356	20250529	202505	2025	2025.4082	GOV	ATTORNEY GENERAL						GOV			USA	SAN FRANCISCO	USA								1	115	115	11	3	-2.0	2	1	2	-3.85756676557864	3	San Francisco, California, United States	US	USCA	CA075	37.7749	-122.419	277593	3	San Francisco, California, United States	US	USCA		37.7749	-122.419	277593	3	San Francisco, California, United States	US	USCA		37.7749	-122.419	277593	20260529183000	https://abcnews.com/GMA/News/23andme-accused-failing-protect-user-data-new-lawsuit/story?id=133414032
1306568357	20250529	202505	2025	2025.4082	GOV	ATTORNEY GENERAL						GOV			USAJUD	SAN FRANCISCO	USA					JUD			1	115	115	11	3	-2.0	6	1	6	-3.85756676557864	3	San Francisco, California, United States	US	USCA	CA075	37.7749	-122.419	277593	3	San Francisco, California, United States	US	USCA		37.7749	-122.419	277593	3	San Francisco, California, United States	US	USCA		37.7749	-122.419	277593	20260529183000	https://abcnews.com/GMA/News/23andme-accused-failing-protect-user-data-new-lawsuit/story?id=133414032
1306568358	20250529	202505	2025	2025.4082	USA	UNITED STATES	USA								EDU	SCHOOL						EDU			1	173	173	17	4	-5.0	6	1	6	-5.56291390728476	3	Des Moines, Iowa, United States	US	USIA	IA153	41.6005	-93.6091	465961	2	Iowa, United States	US	USIA		42.0046	-93.214	IA	2	Iowa, United States	US	USIA		42.0046	-93.214	IA	20260529183000	https://www.thehour.com/news/article/former-iowa-superintendent-to-be-sentenced-for-22281887.php
1306568359	20250529	202505	2025	2025.4082	USA	IOWA	USA								EDU	SCHOOL						EDU			1	173	173	17	4	-5.0	4	1	4	-5.56291390728476	2	Iowa, United States	US	USIA		42.0046	-93.214	IA	2	Iowa, United States	US	USIA		42.0046	-93.214	IA	2	Iowa, United States	US	USIA		42.0046	-93.214	IA	20260529183000	https://www.thehour.com/news/article/former-iowa-superintendent-to-be-sentenced-for-22281887.php
1306568360	20250529	202505	2025	2025.4082	USAGOV	UNITED STATES	USA					GOV			USA	SAN FRANCISCO	USA								1	115	115	11	3	-2.0	2	1	2	-3.85756676557864	3	San Francisco, California, United States	US	USCA	CA075	37.7749	-122.419	277593	3	San Francisco, California, United States	US	USCA		37.7749	-122.419	277593	3	San Francisco, California, United States	US	USCA		37.7749	-122.419	277593	20260529183000	https://abcnews.com/GMA/News/23andme-accused-failing-protect-user-data-new-lawsuit/story?id=133414032
1306568361	20260429	202604	2026	2026.3260											USA	UNITED STATES	USA								1	010	010	01	1	0.0	4	1	4	-6.15384615384615	0								3	Big Spring, Texas, United States	US	USTX		32.2504	-101.479	1330654	3	Big Spring, Texas, United States	US	USTX		32.2504	-101.479	1330654	20260529183000	https://www.firstalert7.com/2026/05/29/texas-rangers-law-enforcement-solve-1997-midland-sexual-assault-case/
1306568362	20260429	202604	2026	2026.3260	GOV	KING						GOV													0	010	010	01	1	0.0	10	1	10	1.88235294117647	4	Balmoral, Belfast, United Kingdom	UK	UKR3	40158	54.55	-5.96667	-2589140	0								4	Balmoral, Belfast, United Kingdom	UK	UKR3	40158	54.55	-5.96667	-2589140	20260529183000	https://www.geo.tv/latest/666506-tearful-palace-moment-clip-resurfaces-unforgettable
1306568363	20260429	202604	2026	2026.3260	GOV	ATTORNEY GENERAL						GOV			USA	UNITED STATES	USA								0	160	160	16	4	-4.0	4	1	4	-1.82946749428291	3	Rayburn House Office Building, District of Columbia, United States	US	USDC	DC001	38.8868	-77.0105	528876	3	Rayburn House Office Building, District of Columbia, United States	US	USDC		38.8868	-77.0105	528876	3	Rayburn House Office Building, District of Columbia, United States	US	USDC		38.8868	-77.0105	528876	20260529183000	https://www.thehour.com/news/politics/article/the-latest-us-and-iranian-reach-tentative-deal-22282146.php
1306568364	20260429	202604	2026	2026.3260	MLT	MALTA	MLT																		1	172	172	17	4	-5.0	2	1	2	-2.88957688338493	1	Malta	MT	MT		35.916667	14.433333	MT	0								1	Malta	MT	MT		35.916667	14.433333	MT	20260529183000	https://www.chroniclelive.co.uk/news/north-east-news/newcastle-chef-who-impressed-gordon-34031164
1306568365	20260429	202604	2026	2026.3260	USA	TEXAS	USA																		1	173	173	17	4	-5.0	6	1	6	-6.15384615384615	2	Texas, United States	US	USTX		31.106	-97.6475	TX	0								3	Big Spring, Texas, United States	US	USTX		32.2504	-101.479	1330654	20260529183000	https://www.firstalert7.com/2026/05/29/texas-rangers-law-enforcement-solve-1997-midland-sexual-assault-case/
1306568366	20260429	202604	2026	2026.3260	USA	UNITED STATES	USA																		1	180	180	18	4	-9.0	4	1	4	-6.15384615384615	3	Big Spring, Texas, United States	US	USTX	TX227	32.2504	-101.479	1330654	0								3	Big Spring, Texas, United States	US	USTX		32.2504	-101.479	1330654	20260529183000	https://www.firstalert7.com/2026/05/29/texas-rangers-law-enforcement-solve-1997-midland-sexual-assault-case/
1306568367	20260429	202604	2026	2026.3260	USA	TEXAS	USA																		1	180	180	18	4	-9.0	6	1	6	-6.15384615384615	2	Texas, United States	US	USTX		31.106	-97.6475	TX	0								3	Big Spring, Texas, United States	US	USTX		32.2504	-101.479	1330654	20260529183000	https://www.firstalert7.com/2026/05/29/texas-rangers-law-enforcement-solve-1997-midland-sexual-assault-case/
1306568368	20260522	202605	2026	2026.3890	AFR	AFRICA	AFR								KEN	KENYA	KEN								1	036	036	03	1	4.0	4	1	4	3.47826086956522	4	Pretoria, Gauteng, South Africa	SF	SF06	77346	-25.7069	28.2294	-1273769	1	Kenya	KE	KE		1	38	KE	1	Kenya	KE	KE		1	38	KE	20260529183000	https://www.channelafrica.co.za/channelafrica/news/sa-president-to-host-kenyan-counterpart-ruto-next-week/
1306568369	20260522	202605	2026	2026.3890	DEU	HANOVER	DEU																		1	023	023	02	1	3.4	10	1	10	-6.28930817610063	0								0								0								20260529183000	https://www.wect.com/2026/05/29/authorities-searching-suspect-armed-robbery-new-hanover-co-convenience-store/
1306568370	20260522	202605	2026	2026.3890	FRA	FRANCE	FRA								IGOEUREEC	THE EUROPEAN UNION	EUR	EEC				IGO			0	057	057	05	1	8.0	2	1	2	0.12787723785166	4	Canberra, Australian Capital Territory, Australia	AS	AS01	4940	-35.2833	149.217	-1563952	4	Canberra, Australian Capital Territory, Australia	AS	AS01	4940	-35.2833	149.217	-1563952	1	France	FR	FR		46	2	FR	20260529183000	https://www.manilatimes.net/2026/05/30/world/asia-oceania/pngs-marape-says-no-foreign-bases-as-australias-defense-presence-grows/2354693
1306568371	20260522	202605	2026	2026.3890	GOV	PRIME MINISTER						GOV			AUS	AUSTRALIA	AUS								0	036	036	03	1	4.0	2	1	2	0.12787723785166	4	Canberra, Australian Capital Territory, Australia	AS	AS01	4940	-35.2833	149.217	-1563952	4	Canberra, Australian Capital Territory, Australia	AS	AS01	4940	-35.2833	149.217	-1563952	4	Canberra, Australian Capital Territory, Australia	AS	AS01	4940	-35.2833	149.217	-1563952	20260529183000	https://www.manilatimes.net/2026/05/30/world/asia-oceania/pngs-marape-says-no-foreign-bases-as-australias-defense-presence-grows/2354693
1306568372	20260522	202605	2026	2026.3890	HLH	HOSPITAL						HLH			IRL	DUBLIN	IRL								1	071	071	07	2	7.4	2	1	2	2.02020202020202	4	Dublin, Dublin, Ireland	EI	EI07	18288	53.3331	-6.24889	-1502554	4	Dublin, Dublin, Ireland	EI	EI07	18288	53.3331	-6.24889	-1502554	4	Dublin, Dublin, Ireland	EI	EI07	18288	53.3331	-6.24889	-1502554	20260529183000	https://www.offalyindependent.ie/2026/05/29/tullamore-resident-normans-132km-walk-to-remember/
1306568373	20260522	202605	2026	2026.3890	IGOEUREEC	THE EUROPEAN UNION	EUR	EEC				IGO			FRA	FRANCE	FRA								0	057	057	05	1	8.0	2	1	2	0.12787723785166	4	Canberra, Australian Capital Territory, Australia	AS	AS01	4940	-35.2833	149.217	-1563952	4	Canberra, Australian Capital Territory, Australia	AS	AS01	4940	-35.2833	149.217	-1563952	1	France	FR	FR		46	2	FR	20260529183000	https://www.manilatimes.net/2026/05/30/world/asia-oceania/pngs-marape-says-no-foreign-bases-as-australias-defense-presence-grows/2354693
1306568374	20260522	202605	2026	2026.3890	IRLHLH	IRELAND	IRL					HLH			IRL	IRELAND	IRL								1	071	071	07	2	7.4	7	1	7	2.02020202020202	4	Dublin, Dublin, Ireland	EI	EI07	18288	53.3331	-6.24889	-1502554	4	Dublin, Dublin, Ireland	EI	EI07	18288	53.3331	-6.24889	-1502554	4	Dublin, Dublin, Ireland	EI	EI07	18288	53.3331	-6.24889	-1502554	20260529183000	https://www.offalyindependent.ie/2026/05/29/tullamore-resident-normans-132km-walk-to-remember/
1306568375	20260522	202605	2026	2026.3890	KEN	KENYA	KEN								AFR	AFRICA	AFR								1	036	036	03	1	4.0	4	1	4	3.47826086956522	1	Kenya	KE	KE		1	38	KE	4	Pretoria, Gauteng, South Africa	SF	SF06	77346	-25.7069	28.2294	-1273769	1	Kenya	KE	KE		1	38	KE	20260529183000	https://www.channelafrica.co.za/channelafrica/news/sa-president-to-host-kenyan-counterpart-ruto-next-week/
1306568376	20260522	202605	2026	2026.3890	KEN	KENYAN	KEN								ZAF	SOUTH AFRICAN	ZAF								1	036	036	03	1	4.0	5	1	5	3.47826086956522	1	Kenya	KE	KE		1	38	KE	4	Pretoria, Gauteng, South Africa	SF	SF06	77346	-25.7069	28.2294	-1273769	1	Kenya	KE	KE		1	38	KE	20260529183000	https://www.channelafrica.co.za/channelafrica/news/sa-president-to-host-kenyan-counterpart-ruto-next-week/
1306568377	20260522	202605	2026	2026.3890	USA	CLEVELAND	USA								USACOP	CLEVELAND	USA					COP			1	040	040	04	1	1.0	10	1	10	-8.14977973568282	3	Cleveland, Ohio, United States	US	USOH	OH035	41.4995	-81.6954	1066654	3	Cleveland, Ohio, United States	US	USOH	OH035	41.4995	-81.6954	1066654	3	Cleveland, Ohio, United States	US	USOH	OH035	41.4995	-81.6954	1066654	20260529183000	https://www.cleveland19.com/2026/05/29/cleveland-police-give-update-suspect-who-injured-several-officers/
1306568378	20260522	202605	2026	2026.3890	USACOP	CLEVELAND	USA					COP			USA	CLEVELAND	USA								1	040	040	04	1	1.0	8	1	8	-8.14977973568282	3	Cleveland, Ohio, United States	US	USOH	OH035	41.4995	-81.6954	1066654	3	Cleveland, Ohio, United States	US	USOH	OH035	41.4995	-81.6954	1066654	3	Cleveland, Ohio, United States	US	USOH	OH035	41.4995	-81.6954	1066654	20260529183000	https://www.cleveland19.com/2026/05/29/cleveland-police-give-update-suspect-who-injured-several-officers/
1306568379	20260522	202605	2026	2026.3890	USACOP	UNITED STATES	USA					COP			USA	UNITED STATES	USA								1	040	040	04	1	1.0	2	1	2	-8.14977973568282	2	Ohio, United States	US	USOH		40.3736	-82.7755	OH	3	Cleveland, Ohio, United States	US	USOH	OH035	41.4995	-81.6954	1066654	3	Cleveland, Ohio, United States	US	USOH	OH035	41.4995	-81.6954	1066654	20260529183000	https://www.cleveland19.com/2026/05/29/cleveland-police-give-update-suspect-who-injured-several-officers/
1306568380	20260522	202605	2026	2026.3890	ZAF	SOUTH AFRICAN	ZAF								KEN	KENYAN	KEN								1	036	036	03	1	4.0	5	1	5	3.47826086956522	4	Pretoria, Gauteng, South Africa	SF	SF06	77346	-25.7069	28.2294	-1273769	1	Kenya	KE	KE		1	38	KE	1	Kenya	KE	KE		1	38	KE	20260529183000	https://www.channelafrica.co.za/channelafrica/news/sa-president-to-host-kenyan-counterpart-ruto-next-week/
1306568381	20260528	202605	2026	2026.4055	JUD	JUDGE						JUD			COP	PRISON						COP			1	081	081	08	2	5.0	10	1	10	-13.7709137709138	1	Bahamas, The	BF	BF		24	-76	BF	1	Bahamas, The	BF	BF		24	-76	BF	1	Bahamas, The	BF	BF		24	-76	BF	20260529183000	https://www.tribune242.com/news/2026/may/29/man-ordered-to-serve-prison-time-for-manslaughter-conviction-in-infants-death/
1306568382	20260529	202605	2026	2026.4082											AFG	AFGHANISTAN	AFG								1	051	051	05	1	3.4	10	1	10	2.65282583621684	0								1	Afghanistan	AF	AF		33	66	AF	1	Afghanistan	AF	AF		33	66	AF	20260529183000	https://www.ric.edu/news/mother-son
1306568383	20260529	202605	2026	2026.4082											AFR	AFRICA	AFR								1	031	031	03	1	5.2	4	1	4	-4	0								5	Free State, Free State, South Africa	SF	SF03	77365	-29	26	-1269735	5	Free State, Free State, South Africa	SF	SF03	77365	-29	26	-1269735	20260529183000	https://www.dailymaverick.co.za/article/2026-05-29-phala-phala-impeachment-committee-revealed-a-kruger-park-tragedy-and-bold-local-flavours/
1306568384	20260529	202605	2026	2026.4082											AGR	FARMER						AGR			0	042	042	04	1	1.9	10	1	10	4.84261501210654	0								4	Edinburgh, Edinburgh, City of, United Kingdom	UK	UKU8	40173	55.95	-3.2	-2595386	4	Edinburgh, Edinburgh, City of, United Kingdom	UK	UKU8	40173	55.95	-3.2	-2595386	20260529183000	https://www.andoveradvertiser.co.uk/news/26150774.royalty-marks-20-years-open-farm-sunday-waitrose-farm/
1306568385	20260529	202605	2026	2026.4082											AGR	FARMER						AGR			1	042	042	04	1	1.9	6	1	6	5.3639846743295	0								4	Leckford, Hampshire, United Kingdom	UK	UKF2	40112	51.1333	-1.46667	-2600913	4	Leckford, Hampshire, United Kingdom	UK	UKF2	40112	51.1333	-1.46667	-2600913	20260529183000	https://www.geo.tv/latest/666520-royal-family-shares-update-as-duchess-sophie-takes-important-step
1306568386	20260529	202605	2026	2026.4082											ARE	DUBAI	ARE								0	071	071	07	2	7.4	10	1	10	-2.03193033381713	0								1	Luxembourg	LU	LU		49.75	6.166667	LU	1	Luxembourg	LU	LU		49.75	6.166667	LU	20260529183000	https://www.finanznachrichten.de/nachrichten-2026-05/68633824-eqs-news-cpi-property-group-publishes-financial-results-for-the-first-quarter-of-2026-023.htm
1306568387	20260529	202605	2026	2026.4082											AUSEDU	QUEENSLAND	AUS					EDU			1	043	043	04	1	2.8	2	1	2	6.48148148148148	0								4	Delhi, Delhi, India	IN	IN07	17911	28.6667	77.2167	-2094230	4	Delhi, Delhi, India	IN	IN07	17911	28.6667	77.2167	-2094230	20260529183000	https://indiaeducationdiary.in/the-university-of-queensland-expands-india-footprint-through-high-impact-research-and-academic-partnerships/
1306568388	20260529	202605	2026	2026.4082											AZE	AZERBAIJAN	AZE								1	080	080	08	2	5.0	1	1	1	-3.46779900920029	0								4	Aygestan, Xocali, Azerbaijan	AJ	AJ64	535	39.8692	46.7275	-2705232	4	Khojaly, Xocali, Azerbaijan	AJ	AJ64	488	39.913	46.7903	-2707002	20260529183000	https://www.eng.kavkaz-uzel.eu/articles/75689
1306568389	20260529	202605	2026	2026.4082											AZE	AZERBAIJAN	AZE								1	080	080	08	2	5.0	1	1	1	-3.46779900920029	0								4	Khojaly, Xocali, Azerbaijan	AJ	AJ64	488	39.913	46.7903	-2707002	4	Khojaly, Xocali, Azerbaijan	AJ	AJ64	488	39.913	46.7903	-2707002	20260529183000	https://www.eng.kavkaz-uzel.eu/articles/75689
1306568390	20260529	202605	2026	2026.4082											BHS	NASSAU	BHS								0	042	042	04	1	1.9	8	1	8	-2.7063599458728	0								4	Nassau, New Providence, Bahamas, The	BF	BF23	5747	25.0833	-77.35	-1543832	4	Nassau, New Providence, Bahamas, The	BF	BF23	5747	25.0833	-77.35	-1543832	20260529183000	https://www.cruisehive.com/carnival-sued-after-passenger-loses-both-legs-in-bahamas-shore-excursion-accident/210359
1306568391	20260529	202605	2026	2026.4082											BHS	NASSAU	BHS								0	042	042	04	1	1.9	2	1	2	-2.7063599458728	0								4	Nassau, New Providence, Bahamas, The	BF	BF23	5747	25.0833	-77.35	-1543832	2	Florida, United States	US	USFL		27.8333	-81.717	FL	20260529183000	https://www.cruisehive.com/carnival-sued-after-passenger-loses-both-legs-in-bahamas-shore-excursion-accident/210359
1306568392	20260529	202605	2026	2026.4082											BUS	CREDIT UNION						BUS			1	020	020	02	1	3.0	6	1	6	-2.83185840707964	0								2	North Carolina, United States	US	USNC		35.6411	-79.8431	NC	2	North Carolina, United States	US	USNC		35.6411	-79.8431	NC	20260529183000	https://www.foxnews.com/culture/tiktoker-fired-from-job-after-praying-pam-bondi-suffer-worst-case-cancer-anybodys-ever-seen
1306568393	20260529	202605	2026	2026.4082											BUS	LANDLORD						BUS			0	036	036	03	1	4.0	10	1	10	-2.36065573770492	0								3	Chicago, Illinois, United States	US	USIL	IL031	41.85	-87.6501	423587	3	Chicago, Illinois, United States	US	USIL	IL031	41.85	-87.6501	423587	20260529183000	https://www.chicagotribune.com/2026/05/29/mayor-brandon-johnson-renter-laws-landlords/
1306568394	20260529	202605	2026	2026.4082											BUS	BUSINESS						BUS			1	042	042	04	1	1.9	5	1	5	5.16194331983805	0								4	Shizukuishi, Iwate, Japan	JA	JA16	34654	39.6833	140.983	-244101	4	Shizukuishi, Iwate, Japan	JA	JA16	34654	39.6833	140.983	-244101	20260529183000	https://www.esquire.com/uk/watches/a71444123/5-grand-seiko-watches-under-retail-may-2026/
1306568395	20260529	202605	2026	2026.4082											BUS	BUSINESS						BUS			0	060	060	06	2	6.0	10	1	10	1.5552099533437	0								1	Australia	AS	AS		-25	135	AS	1	Australia	AS	AS		-25	135	AS	20260529183000	https://www.kyivpost.com/post/77137
1306568396	20260529	202605	2026	2026.4082											CAN	NOVA SCOTIA	CAN								1	020	020	02	1	3.0	10	1	10	1.61290322580645	0								4	Brockville, Ontario, Canada	CA	CA08	30554	44.5833	-75.6833	-561684	4	Brockville, Ontario, Canada	CA	CA08	30554	44.5833	-75.6833	-561684	20260529183000	https://www.recorder.ca:443/life/robbins-lobster
1306568397	20260529	202605	2026	2026.4082											COP	POLICE						COP			1	020	020	02	1	3.0	10	1	10	-5.2	0								4	Marsh Harbour, Central Abaco, Bahamas, The	BF	BF37	5747	26.55	-77.05	-1543743	4	Marsh Harbour, Central Abaco, Bahamas, The	BF	BF37	5747	26.55	-77.05	-1543743	20260529183000	https://www.tribune242.com/news/2026/may/29/us-asks-police-to-expand-search/
1306568398	20260529	202605	2026	2026.4082											COP	TROOPER						COP			0	036	036	03	1	4.0	10	1	10	-3.55677154582763	0								3	Taney County, Missouri, United States	US	USMO		36.6501	-93.0502	758559	3	Taney County, Missouri, United States	US	USMO		36.6501	-93.0502	758559	20260529183000	https://www.bransontrilakesnews.com/news/article_7e898d42-de5d-4ec1-8999-20eac5ece714.html
1306568399	20260529	202605	2026	2026.4082											COP	POLICE OFFICER						COP			0	040	040	04	1	1.0	1	1	1	-3.80673499267936	0								1	Kazakhstan	KZ	KZ		48	68	KZ	4	Bishkek, Bishkek, Kyrgyzstan	KG	KG01	37216	42.8731	74.6003	-2331392	20260529183000	http://www.centralasiatimes.com/news/279089703/kyrgyzstan-secret-police-latest-target-baptists
1306568400	20260529	202605	2026	2026.4082											COP	POLICE OFFICER						COP			0	040	040	04	1	1.0	4	1	4	-3.80673499267936	0								1	Kazakhstan	KZ	KZ		48	68	KZ	1	Kazakhstan	KZ	KZ		48	68	KZ	20260529183000	http://www.centralasiatimes.com/news/279089703/kyrgyzstan-secret-police-latest-target-baptists
1306568401	20260529	202605	2026	2026.4082											COP	LAW ENFORCEMENT AGENCIES						COP			1	062	062	06	2	7.4	8	1	8	-5.66037735849056	0								2	Texas, United States	US	USTX		31.106	-97.6475	TX	3	Smith County, Texas, United States	US	USTX		32.3668	-95.2336	1383997	20260529183000	https://www.kten.com/news/crime/texas-kidnapping-suspect-nabbed-in-atoka/article_cd0c94d4-b322-490d-83c5-a94dc05aebdb.html
1306568402	20260529	202605	2026	2026.4082											COP	LAW ENFORCEMENT AGENCIES						COP			1	062	062	06	2	7.4	2	1	2	-5.66037735849056	0								2	Texas, United States	US	USTX		31.106	-97.6475	TX	2	Texas, United States	US	USTX		31.106	-97.6475	TX	20260529183000	https://www.kten.com/news/crime/texas-kidnapping-suspect-nabbed-in-atoka/article_cd0c94d4-b322-490d-83c5-a94dc05aebdb.html
1306568403	20260529	202605	2026	2026.4082											COP	PRISON						COP			1	100	100	10	3	-5.0	6	1	6	0.40650406504065	0								4	Dubai, Dubayy, United Arab Emirates	AE	AE03	28575	25.2522	55.28	-782831	4	Dubai, Dubayy, United Arab Emirates	AE	AE03	28575	25.2522	55.28	-782831	20260529183000	https://www.geo.tv/latest/666518-katie-price-shares-true-feelings-for-lee-andrews-in-emotional-gesture
1306568404	20260529	202605	2026	2026.4082											COPREL	PRISON						COP			0	040	040	04	1	1.0	6	1	6	-0.80906148867314	0								4	Algiers, Alger, Algeria	AG	AG01	37774	36.7631	3.05056	-458371	4	Algiers, Alger, Algeria	AG	AG01	37774	36.7631	3.05056	-458371	20260529183000	https://www.washingtonblade.com/2026/05/29/the-stranger-movie-review/
1306568405	20260529	202605	2026	2026.4082											CVL	VOTER						CVL			1	020	020	02	1	3.0	4	1	4	1.19165839126118	0								3	Bernardston, Massachusetts, United States	US	USMA	MA011	42.6709	-72.5495	608710	3	Bernardston, Massachusetts, United States	US	USMA	MA011	42.6709	-72.5495	608710	20260529183000	https://recorder.com/2026/05/29/leyden-town-meeting-to-tackle-2-35m-budget-school-assessments/
1306568406	20260529	202605	2026	2026.4082											CVL	VOTER						CVL			1	020	020	02	1	3.0	1	1	1	1.19165839126118	0								2	Massachusetts, United States	US	USMA		42.2373	-71.5314	MA	3	Bernardston, Massachusetts, United States	US	USMA	MA011	42.6709	-72.5495	608710	20260529183000	https://recorder.com/2026/05/29/leyden-town-meeting-to-tackle-2-35m-budget-school-assessments/
1306568407	20260529	202605	2026	2026.4082											CVL	COMMUNITY						CVL			1	040	040	04	1	1.0	2	1	2	4.16666666666666	0								2	North Carolina, United States	US	USNC		35.6411	-79.8431	NC	3	Warren County, North Carolina, United States	US	USNC		36.3835	-78.0997	1008593	20260529183000	https://www.rrdailyherald.com/news/local/miss-north-carolina-continues-mission-to-visit-all-100-counties/article_455296e6-067e-574c-b55c-78aa95f219a5.html
1306568408	20260529	202605	2026	2026.4082											CVL	SETTLEMENT						CVL			1	042	042	04	1	1.9	4	1	4	-3.46779900920029	0								4	Karabakh, Dagestan, Russia	RS	RS17	25069	42.4692	46.8645	-2920856	4	Karabakh, Dagestan, Russia	RS	RS17	25069	42.4692	46.8645	-2920856	20260529183000	https://www.eng.kavkaz-uzel.eu/articles/75689
1306568409	20260529	202605	2026	2026.4082											CVL	COMMUNITY						CVL			0	051	051	05	1	3.4	1	1	1	-4.90593876798229	0								2	New York, United States	US	USNY		42.1497	-74.9384	NY	4	Novosibirsk, Novosibirskaya Oblast', Russia	RS	RS53	25082	55.0411	82.9344	-2970528	20260529183000	https://www.washingtonblade.com/2026/05/29/nine-russian-lgbtq-groups-deemed-extremist-banned/
1306568410	20260529	202605	2026	2026.4082											CVL	CITIZEN						CVL			0	190	190	19	4	-10.0	10	1	10	-8.14977973568282	0								3	Cleveland, Ohio, United States	US	USOH	OH035	41.4995	-81.6954	1066654	3	Cleveland, Ohio, United States	US	USOH	OH035	41.4995	-81.6954	1066654	20260529183000	https://www.cleveland19.com/2026/05/29/cleveland-police-give-update-suspect-who-injured-several-officers/
1306568411	20260529	202605	2026	2026.4082											DEU	HANOVER	DEU								1	051	051	05	1	3.4	10	1	10	-1.5625	0								2	Louisiana, United States	US	USLA		31.1801	-91.8749	LA	2	Louisiana, United States	US	USLA		31.1801	-91.8749	LA	20260529183000	https://www.wwaytv3.com/crawfish-boil-fundraiser-to-benefit-domestic-violence-shelter-and-services/
1306568412	20260529	202605	2026	2026.4082											DZA	ALGIERS	DZA								1	042	042	04	1	1.9	2	1	2	-0.80906148867314	0								4	Letranger, Centre, France	FR	FRA3	16263	46.9569	1.24033	-1446278	4	Letranger, Centre, France	FR	FRA3	16263	46.9569	1.24033	-1446278	20260529183000	https://www.washingtonblade.com/2026/05/29/the-stranger-movie-review/
1306568413	20260529	202605	2026	2026.4082											EDU	SCHOOL						EDU			1	036	036	03	1	4.0	10	1	10	2.29885057471264	0								3	Springfield, Illinois, United States	US	USIL	IL167	39.8017	-89.6437	426595	3	Springfield, Illinois, United States	US	USIL	IL167	39.8017	-89.6437	426595	20260529183000	https://www.myjournalcourier.com/news/article/illinois-state-beekeepers-association-summer-22282483.php
1306568414	20260529	202605	2026	2026.4082											EDU	SCHOOL						EDU			1	042	042	04	1	1.9	10	1	10	3.72262773722628	0								4	Kaduna, Kaduna, Nigeria	NI	NI23	22832	10.5231	7.44028	-2014086	4	Kaduna, Kaduna, Nigeria	NI	NI23	22832	10.5231	7.44028	-2014086	20260529183000	https://www.girlsnotbrides.org/en/articles/northern-nigeria-communities-driving-progress-end-child-marriage/
1306568415	20260529	202605	2026	2026.4082											EDU	SCHOOL						EDU			0	043	043	04	1	2.8	10	1	10	3.72262773722628	0								4	Bauchi, Bauchi, Nigeria	NI	NI46	22661	10.3134	9.84327	-2002330	4	Bauchi, Bauchi, Nigeria	NI	NI46	22661	10.3134	9.84327	-2002330	20260529183000	https://www.girlsnotbrides.org/en/articles/northern-nigeria-communities-driving-progress-end-child-marriage/
1306568416	20260529	202605	2026	2026.4082											EDU	SCHOOL						EDU			0	043	043	04	1	2.8	5	1	5	-0.40697674418605	0								3	University Of Illinois, Illinois, United States	US	USIL		40.1086	-88.2284	420156	3	University Of Illinois, Illinois, United States	US	USIL		40.1086	-88.2284	420156	20260529183000	https://www.chicagotribune.com/2026/05/29/lagrange-pilot-pet-parade-film/
1306568417	20260529	202605	2026	2026.4082											ELI	ACTOR						ELI			1	043	043	04	1	2.8	10	1	10	2.05973223480948	0								3	Philadelphia, Pennsylvania, United States	US	USPA	PA101	39.9523	-75.1638	1209052	3	Philadelphia, Pennsylvania, United States	US	USPA	PA101	39.9523	-75.1638	1209052	20260529183000	https://epgn.com/2026/05/29/sean-seamus-thompson-phantom-of-the-opera-masquerade/
1306568418	20260529	202605	2026	2026.4082											FRA	FRANCE	FRA								0	036	036	03	1	4.0	2	1	2	-0.80906148867314	0								4	Letranger, Centre, France	FR	FRA3	16263	46.9569	1.24033	-1446278	4	Letranger, Centre, France	FR	FRA3	16263	46.9569	1.24033	-1446278	20260529183000	https://www.washingtonblade.com/2026/05/29/the-stranger-movie-review/
1306568419	20260529	202605	2026	2026.4082											GBR	SCOTLAND	GBR								0	124	124	12	3	-4.0	10	1	10	-0.95785440613027	0								1	United Kingdom	UK	UK		54	-4	UK	1	United Kingdom	UK	UK		54	-4	UK	20260529183000	https://www.southwalesguardian.co.uk/news/national/26137331.holyrood-set-back-swinney-second-independence-referendum/
1306568420	20260529	202605	2026	2026.4082											GBR	UNITED KINGDOM	GBR								1	130	130	13	3	-4.4	5	1	5	-1.13207547169811	0								4	Tewkesbury, Gloucestershire, United Kingdom	UK	UKE6	40113	52	-2.15	-2609585	4	Tewkesbury, Gloucestershire, United Kingdom	UK	UKE6	40113	52	-2.15	-2609585	20260529183000	https://www.gazetteseries.co.uk/news/26151655.iconic-british-fashion-brand-shut-21-stores-jobs-lost/
1306568421	20260529	202605	2026	2026.4082											GOV	ADMINISTRATION						GOV			1	017	017	01	1	0.0	2	1	2	-0.30674846625767	0								4	Enugu, Enugu, Nigeria	NI	NI47	191302	6.4402	7.4943	-2006530	4	Enugu, Enugu, Nigeria	NI	NI47	191302	6.4402	7.4943	-2006530	20260529183000	https://thesun.ng/take-ownership-of-our-achievements-gov-mbah-charges-enugu-people/
1306568422	20260529	202605	2026	2026.4082											GOV	PRESIDENT						GOV			0	040	040	04	1	1.0	6	1	6	-3.38983050847457	0								4	Kyiv, Kyyiv, Misto, Ukraine	UP	UP12	28554	50.4333	30.5167	-1044367	4	Kyiv, Kyyiv, Misto, Ukraine	UP	UP12	28554	50.4333	30.5167	-1044367	20260529183000	https://www.kyivpost.com/post/77125
1306568423	20260529	202605	2026	2026.4082											GOV	ADMINISTRATION						GOV			1	040	040	04	1	1.0	2	1	2	-0.30674846625767	0								4	Enugu, Enugu, Nigeria	NI	NI47	191302	6.4402	7.4943	-2006530	4	Enugu, Enugu, Nigeria	NI	NI47	191302	6.4402	7.4943	-2006530	20260529183000	https://thesun.ng/take-ownership-of-our-achievements-gov-mbah-charges-enugu-people/
1306568424	20260529	202605	2026	2026.4082											GOV	SOVEREIGN						GOV			1	042	042	04	1	1.9	5	1	5	1.88235294117647	0								4	Balmoral, Belfast, United Kingdom	UK	UKR3	40158	54.55	-5.96667	-2589140	4	Balmoral, Belfast, United Kingdom	UK	UKR3	40158	54.55	-5.96667	-2589140	20260529183000	https://www.geo.tv/latest/666506-tearful-palace-moment-clip-resurfaces-unforgettable
1306568425	20260529	202605	2026	2026.4082											GOV	SOVEREIGN						GOV			1	042	042	04	1	1.9	2	1	2	1.88235294117647	0								4	London, London, City of, United Kingdom	UK	UKH9	40110	51.5	-0.116667	-2601889	4	Buckingham Palace, Westminster, United Kingdom	UK	UKP5	40110	51.5	-0.133333	-2591190	20260529183000	https://www.geo.tv/latest/666506-tearful-palace-moment-clip-resurfaces-unforgettable
1306568426	20260529	202605	2026	2026.4082											GOV	PUBLIC SECTOR						GOV			1	045	045	04	1	5.0	1	1	1	1.03626943005181	0								3	Fergus Falls, Minnesota, United States	US	USMN		46.283	-96.0776	643602	2	Minnesota, United States	US	USMN		45.7326	-93.9196	MN	20260529183000	https://www.kimt.com/news/klobuchar-taps-rural-mn-leader-as-her-lieutenant-governor-pick/article_31de9725-2161-4a6d-8095-5140afaef6ee.html
1306568427	20260529	202605	2026	2026.4082											GOV	PUBLIC SECTOR						GOV			1	045	045	04	1	5.0	4	1	4	1.03626943005181	0								2	Minnesota, United States	US	USMN		45.7326	-93.9196	MN	2	Minnesota, United States	US	USMN		45.7326	-93.9196	MN	20260529183000	https://www.kimt.com/news/klobuchar-taps-rural-mn-leader-as-her-lieutenant-governor-pick/article_31de9725-2161-4a6d-8095-5140afaef6ee.html
1306568428	20260529	202605	2026	2026.4082											GOV	PRESIDENT						GOV			0	046	046	04	1	7.0	1	1	1	-1.82946749428291	0								3	Capitol Hill, District of Columbia, United States	US	USDC		38.889	-77.0003	529313	3	Capitol Hill, District of Columbia, United States	US	USDC		38.889	-77.0003	529313	20260529183000	https://www.thehour.com/news/politics/article/the-latest-us-and-iranian-reach-tentative-deal-22282146.php
1306568429	20260529	202605	2026	2026.4082											GOV	ADMINISTRATION						GOV			1	173	173	17	4	-5.0	2	1	2	-0.30674846625767	0								4	Enugu, Enugu, Nigeria	NI	NI47	191302	6.4402	7.4943	-2006530	4	Enugu, Enugu, Nigeria	NI	NI47	191302	6.4402	7.4943	-2006530	20260529183000	https://thesun.ng/take-ownership-of-our-achievements-gov-mbah-charges-enugu-people/
1306568430	20260529	202605	2026	2026.4082											GOV	AUTHORITIES						GOV			0	173	173	17	4	-5.0	6	1	6	-6.46551724137931	0								3	Bexar County, Texas, United States	US	USTX		29.4502	-98.517	1383800	3	Bexar County, Texas, United States	US	USTX		29.4502	-98.517	1383800	20260529183000	https://news4sanantonio.com/news/local/elderly-woman-allegedly-killed-by-her-grandson-in-shavano-park-identified-bexar-county-sheriff-deputies-investigation-evidence-bloody-crime-scene
1306568431	20260529	202605	2026	2026.4082											GOV	KING						GOV			1	190	190	19	4	-10.0	10	1	10	-1.48331273176761	0								3	Butler County, Pennsylvania, United States	US	USPA		41.1253	-80.0001	1213661	3	Butler County, Pennsylvania, United States	US	USPA		41.1253	-80.0001	1213661	20260529183000	https://www.butlereagle.com/20260529/weather-extremes-challenges-local-agriculture/
1306568432	20260529	202605	2026	2026.4082											GOV	FIREFIGHTER						GOV			0	190	190	19	4	-10.0	10	1	10	-2.34917245061399	0								3	Black Hills, South Dakota, United States	US	USSD		44.4167	-103.709	1267020	3	Black Hills, South Dakota, United States	US	USSD		44.4167	-103.709	1267020	20260529183000	https://www.sdpb.org/podcast/sdpb-news/2026-05-29/gop-legislative-primaries-reflect-reagan-v-trump-tug-of-war-former-lawmaker-says-todays-stories-may-29
1306568433	20260529	202605	2026	2026.4082											GOVLAB	MINIST OF LABOUR						GOV	LAB		0	027	027	02	1	4.0	10	1	10	-3.21285140562249	0								4	Nassau, New Providence, Bahamas, The	BF	BF23	5747	25.0833	-77.35	-1543832	4	Nassau, New Providence, Bahamas, The	BF	BF23	5747	25.0833	-77.35	-1543832	20260529183000	https://www.tribune242.com/news/2026/may/29/bbpsu-members-demand-answers-over-alleged-financial-mismanagement/
1306568434	20260529	202605	2026	2026.4082											HLH	HOSPITAL						HLH			0	020	020	02	1	3.0	10	1	10	-7.39030023094688	0								3	Will County, Illinois, United States	US	USIL		41.4334	-87.9667	1785190	3	Will County, Illinois, United States	US	USIL		41.4334	-87.9667	1785190	20260529183000	https://chicago.suntimes.com/crime/2026/05/29/witness-hears-30-rifle-rounds-when-fbi-agents-in-riot-gear-gun-down-convicted-bank-robber-on-west-side
1306568435	20260529	202605	2026	2026.4082											HLH	HOSPITAL						HLH			0	020	020	02	1	3.0	5	1	5	-4.90593876798229	0								1	Armenia	AM	AM		40	45	AM	1	Armenia	AM	AM		40	45	AM	20260529183000	https://www.washingtonblade.com/2026/05/29/nine-russian-lgbtq-groups-deemed-extremist-banned/
1306568436	20260529	202605	2026	2026.4082											HLH	HOSPITAL						HLH			1	043	043	04	1	2.8	2	1	2	2.02020202020202	0								4	Tullamore, Offaly, Ireland	EI	EI23	18302	53.2739	-7.48889	-1506052	4	Tullamore, Offaly, Ireland	EI	EI23	18302	53.2739	-7.48889	-1506052	20260529183000	https://www.offalyindependent.ie/2026/05/29/tullamore-resident-normans-132km-walk-to-remember/
1306568437	20260529	202605	2026	2026.4082											HLH	HOSPITAL						HLH			0	193	193	19	4	-10.0	10	1	10	-7.39030023094688	0								3	Will County, Illinois, United States	US	USIL		41.4334	-87.9667	1785190	3	Will County, Illinois, United States	US	USIL		41.4334	-87.9667	1785190	20260529183000	https://chicago.suntimes.com/crime/2026/05/29/witness-hears-30-rifle-rounds-when-fbi-agents-in-riot-gear-gun-down-convicted-bank-robber-on-west-side
1306568438	20260529	202605	2026	2026.4082											IRL	IRELAND	IRL								0	042	042	04	1	1.9	6	1	6	2.02020202020202	0								4	Edenderry, Offaly, Ireland	EI	EI23	18307	53.3453	-7.04972	-1502692	4	Edenderry, Offaly, Ireland	EI	EI23	18307	53.3453	-7.04972	-1502692	20260529183000	https://www.offalyindependent.ie/2026/05/29/tullamore-resident-normans-132km-walk-to-remember/
1306568439	20260529	202605	2026	2026.4082											IRL	IRELAND	IRL								0	042	042	04	1	1.9	2	1	2	2.02020202020202	0								4	Edenderry, Offaly, Ireland	EI	EI23	18307	53.3453	-7.04972	-1502692	5	Offaly, Offaly, Ireland	EI	EI23	18302	53.25	-7.5	-1504948	20260529183000	https://www.offalyindependent.ie/2026/05/29/tullamore-resident-normans-132km-walk-to-remember/
1306568440	20260529	202605	2026	2026.4082											IRLHLH	IRELAND	IRL					HLH			1	043	043	04	1	2.8	4	1	4	2.02020202020202	0								4	Tullamore, Offaly, Ireland	EI	EI23	18302	53.2739	-7.48889	-1506052	4	Tullamore, Offaly, Ireland	EI	EI23	18302	53.2739	-7.48889	-1506052	20260529183000	https://www.offalyindependent.ie/2026/05/29/tullamore-resident-normans-132km-walk-to-remember/
1306568441	20260529	202605	2026	2026.4082											JAM	KINGSTON	JAM								1	190	190	19	4	-10.0	14	1	10	-2.86564942314849	0								4	Brockville, Ontario, Canada	CA	CA08	30554	44.5833	-75.6833	-561684	4	Brockville, Ontario, Canada	CA	CA08	30554	44.5833	-75.6833	-561684	20260529183000	https://www.recorder.ca:443/feature/kingston-man-lyme-disease-maid-medical-assistance-dying
1306568442	20260529	202605	2026	2026.4082											JAN	JAIN				JAN					0	040	040	04	1	1.0	6	1	6	-1.39165009940358	0								3	White House, District of Columbia, United States	US	USDC		38.8951	-77.0364	531871	3	White House, District of Columbia, United States	US	USDC		38.8951	-77.0364	531871	20260529183000	https://www.alternet.org/trump-eisenhower-building/
1306568443	20260529	202605	2026	2026.4082											JUD	ADVOCATE						JUD			0	020	020	02	1	3.0	3	1	3	-12.9597197898423	0								3	Newark, New Jersey, United States	US	USNJ	NJ013	40.7357	-74.1724	878762	3	Newark, New Jersey, United States	US	USNJ	NJ013	40.7357	-74.1724	878762	20260529183000	https://www.ibtimes.co.uk/hunger-strike-delaney-hall-ice-facility-1799684
1306568444	20260529	202605	2026	2026.4082											JUD	JUDGE						JUD			0	020	020	02	1	3.0	12	2	12	-1.93236714975846	0								2	North Carolina, United States	US	USNC		35.6411	-79.8431	NC	2	North Carolina, United States	US	USNC		35.6411	-79.8431	NC	20260529183000	https://www.wqcs.org/2026-05-29/justice-department-anti-weaponization-fund-paused
1306568445	20260529	202605	2026	2026.4082											JUD	ADVOCATE						JUD			0	141	141	14	3	-6.5	3	1	3	-12.9597197898423	0								3	Newark, New Jersey, United States	US	USNJ	NJ013	40.7357	-74.1724	878762	3	Newark, New Jersey, United States	US	USNJ	NJ013	40.7357	-74.1724	878762	20260529183000	https://www.ibtimes.co.uk/hunger-strike-delaney-hall-ice-facility-1799684
1306568446	20260529	202605	2026	2026.4082											JUD	JUDGE						JUD			0	173	173	17	4	-5.0	6	1	6	-8.82352941176468	0								3	Cuyahoga County, Ohio, United States	US	USOH		41.4334	-81.6665	1074030	3	Cuyahoga County, Ohio, United States	US	USOH		41.4334	-81.6665	1074030	20260529183000	https://www.cleveland19.com/2026/05/29/ohio-supreme-court-makes-ruling-murder-cleveland-firefighter-johnny-tetrick/
1306568447	20260529	202605	2026	2026.4082											JUD	JUDGE						JUD			1	1823	182	18	4	-10.0	5	1	5	-8.1145584725537	0								4	London, London, City of, United Kingdom	UK	UKH9	40110	51.5	-0.116667	-2601889	4	London, London, City of, United Kingdom	UK	UKH9	40110	51.5	-0.116667	-2601889	20260529183000	https://www.chroniclelive.co.uk/news/uk-news/jealous-man-stabbed-ex-death-34035010
1306568448	20260529	202605	2026	2026.4082											KGZ	BISHKEK	KGZ								1	036	036	03	1	4.0	2	1	2	-3.80673499267936	0								4	Bishkek, Bishkek, Kyrgyzstan	KG	KG01	37216	42.8731	74.6003	-2331392	4	Bishkek, Bishkek, Kyrgyzstan	KG	KG01	37216	42.8731	74.6003	-2331392	20260529183000	http://www.centralasiatimes.com/news/279089703/kyrgyzstan-secret-police-latest-target-baptists
1306568449	20260529	202605	2026	2026.4082											LEG	CONGRESS						LEG			0	042	042	04	1	1.9	4	2	4	-1.93236714975846	0								3	New Haven, Connecticut, United States	US	USCT		41.3082	-72.9282	209231	3	New Haven, Connecticut, United States	US	USCT		41.3082	-72.9282	209231	20260529183000	https://www.wqcs.org/2026-05-29/justice-department-anti-weaponization-fund-paused
1306568450	20260529	202605	2026	2026.4082											LEG	CONGRESS						LEG			0	042	042	04	1	1.9	6	2	6	-1.93236714975846	0								2	North Carolina, United States	US	USNC		35.6411	-79.8431	NC	2	North Carolina, United States	US	USNC		35.6411	-79.8431	NC	20260529183000	https://www.wqcs.org/2026-05-29/justice-department-anti-weaponization-fund-paused
1306568451	20260529	202605	2026	2026.4082											MCOELI	ALBERT	MCO					ELI			0	036	036	03	1	4.0	6	1	6	-0.80906148867314	0								4	Algiers, Alger, Algeria	AG	AG01	37774	36.7631	3.05056	-458371	4	Algiers, Alger, Algeria	AG	AG01	37774	36.7631	3.05056	-458371	20260529183000	https://www.washingtonblade.com/2026/05/29/the-stranger-movie-review/
1306568452	20260529	202605	2026	2026.4082											MDV	MALE	MDV								1	190	190	19	4	-10.0	5	1	5	-5.73593073593073	0								1	Zimbabwe	ZI	ZI		-19	29	ZI	1	Zimbabwe	ZI	ZI		-19	29	ZI	20260529183000	https://www.thestandard.co.zw/opinion-amp-analysis/article/200047221/irreversible-pain-how-non-consensual-correctional-surgery-shaped-an-intersex-activists-battle-for-rights
1306568453	20260529	202605	2026	2026.4082											MED	WEBSITE						MED			0	020	020	02	1	3.0	5	1	5	-0.40697674418605	0								3	World Trade Center, Illinois, United States	US	USIL		41.8889	-87.6303	1837285	3	World Trade Center, Illinois, United States	US	USIL		41.8889	-87.6303	1837285	20260529183000	https://www.chicagotribune.com/2026/05/29/lagrange-pilot-pet-parade-film/
1306568454	20260529	202605	2026	2026.4082											MED	NEWSPAPER						MED			0	043	043	04	1	2.8	3	1	3	-0.22002200220022	0								2	Illinois, United States	US	USIL		40.3363	-89.0022	IL	2	Illinois, United States	US	USIL		40.3363	-89.0022	IL	20260529183000	https://www.waterwaysjournal.net/2026/05/29/the-harry-dyer-had-a-bright-start-and-dramatic-end/
1306568455	20260529	202605	2026	2026.4082											MIL	CAPTAIN						MIL			0	013	013	01	1	0.4	3	1	3	2.98329355608592	0								2	Iowa, United States	US	USIA		42.0046	-93.214	IA	2	Iowa, United States	US	USIA		42.0046	-93.214	IA	20260529183000	https://www.yakimaherald.com/news/nation_and_world/entertainment/grammy-nominated-orrin-evans-to-lead-seattle-repertory-jazz-orchestra/article_da70ee1a-4ab7-5b39-9fab-8d4d899dc17e.html
1306568456	20260529	202605	2026	2026.4082											MIL	COAST GUARD						MIL			0	043	043	04	1	2.8	10	1	10	-2.9126213592233	0								2	Tennessee, United States	US	USTN		35.7449	-86.7489	TN	2	Tennessee, United States	US	USTN		35.7449	-86.7489	TN	20260529183000	https://www.waterwaysjournal.net/2026/05/29/warrior-tom-meeting-stresses-infrastructure/
1306568457	20260529	202605	2026	2026.4082											NGA	NIGERIA	NGA								0	046	046	04	1	7.0	4	1	4	3.72262773722628	0								4	Adamawa, Nigeria (general), Nigeria	NI	NI00	23118	11.4833	10.9667	-1997189	4	Adamawa, Nigeria (general), Nigeria	NI	NI00	23118	11.4833	10.9667	-1997189	20260529183000	https://www.girlsnotbrides.org/en/articles/northern-nigeria-communities-driving-progress-end-child-marriage/
1306568458	20260529	202605	2026	2026.4082											NGA	NIGERIA	NGA								0	046	046	04	1	7.0	2	1	2	3.72262773722628	0								4	Adamawa, Nigeria (general), Nigeria	NI	NI00	23118	11.4833	10.9667	-1997189	4	Bauchi, Bauchi, Nigeria	NI	NI46	22661	10.3134	9.84327	-2002330	20260529183000	https://www.girlsnotbrides.org/en/articles/northern-nigeria-communities-driving-progress-end-child-marriage/
1306568459	20260529	202605	2026	2026.4082											NGAGOV	NIGERIAN	NGA					GOV			0	020	020	02	1	3.0	6	1	6	-6.5891472868217	0								4	Middle Belt, Nigeria (general), Nigeria	NI	NI00	191192	8	8	-2019662	4	Middle Belt, Nigeria (general), Nigeria	NI	NI00	191192	8	8	-2019662	20260529183000	https://www.foxnews.com/world/christian-farming-communities-under-siege-us-report-names-fulani-militants-nigerias-deadliest-threat
1306568460	20260529	202605	2026	2026.4082											NMR	NORTH AMERICA	NMR								1	036	036	03	1	4.0	2	1	2	-3.02690582959641	0								3	Phoenix, Arizona, United States	US	USAZ	AZ013	33.4484	-112.074	44784	3	Phoenix, Arizona, United States	US	USAZ	AZ013	33.4484	-112.074	44784	20260529183000	https://www.knac.com/news/news/arch-enemy-the-black-dahlia-murder-announce-co-headline-tour-this-fall/
1306568461	20260529	202605	2026	2026.4082											NMR	NORTH AMERICA	NMR								1	042	042	04	1	1.9	2	1	2	-3.02690582959641	0								3	Phoenix, Arizona, United States	US	USAZ	AZ013	33.4484	-112.074	44784	3	Phoenix, Arizona, United States	US	USAZ	AZ013	33.4484	-112.074	44784	20260529183000	https://www.knac.com/news/news/arch-enemy-the-black-dahlia-murder-announce-co-headline-tour-this-fall/
1306568462	20260529	202605	2026	2026.4082											OPP	DETAINEE						OPP			0	042	042	04	1	1.9	6	1	6	-12.9597197898423	0								2	New Jersey, United States	US	USNJ		40.314	-74.5089	NJ	2	New Jersey, United States	US	USNJ		40.314	-74.5089	NJ	20260529183000	https://www.ibtimes.co.uk/hunger-strike-delaney-hall-ice-facility-1799684
1306568463	20260529	202605	2026	2026.4082											OPP	PRISONER						OPP			1	052	052	05	1	3.5	8	1	8	-7.2198275862069	0								4	Rio De Janeiro, Estado do Rio, Brazil	BR	BR21	9961	-22.9	-43.2333	-666610	4	Rio De Janeiro, Estado do Rio, Brazil	BR	BR21	9961	-22.9	-43.2333	-666610	20260529183000	https://insightcrime.org/news/brazil-terrorist-groups-pcc-red-command-explained/
1306568464	20260529	202605	2026	2026.4082											OPP	PRISONER						OPP			1	052	052	05	1	3.5	2	1	2	-7.2198275862069	0								1	Peru	PE	PE		-10	-76	PE	1	Peru	PE	PE		-10	-76	PE	20260529183000	https://insightcrime.org/news/brazil-terrorist-groups-pcc-red-command-explained/
1306568465	20260529	202605	2026	2026.4082											OPP	ACTIVIST						OPP			1	190	190	19	4	-10.0	10	1	10	-5.73593073593073	0								1	Zimbabwe	ZI	ZI		-19	29	ZI	1	Zimbabwe	ZI	ZI		-19	29	ZI	20260529183000	https://www.thestandard.co.zw/opinion-amp-analysis/article/200047221/irreversible-pain-how-non-consensual-correctional-surgery-shaped-an-intersex-activists-battle-for-rights
1306568466	20260529	202605	2026	2026.4082											REB	REBELLION						REB			1	046	046	04	1	7.0	2	1	2	-2.58690379951495	0								1	France	FR	FR		46	2	FR	1	France	FR	FR		46	2	FR	20260529183000	https://strangehorizons.com/wordpress/non-fiction/the-witch-by-marie-ndiaye/
1306568467	20260529	202605	2026	2026.4082											REB	REBELLION						REB			1	046	046	04	1	7.0	3	1	3	-2.58690379951495	0								1	Jordan	JO	JO		31	36	JO	1	Jordan	JO	JO		31	36	JO	20260529183000	https://strangehorizons.com/wordpress/non-fiction/the-witch-by-marie-ndiaye/
1306568468	20260529	202605	2026	2026.4082											RUS	RUSSIA	RUS								0	042	042	04	1	1.9	4	1	4	-3.46779900920029	0								4	Karabakh, Dagestan, Russia	RS	RS17	25069	42.4692	46.8645	-2920856	4	Karabakh, Dagestan, Russia	RS	RS17	25069	42.4692	46.8645	-2920856	20260529183000	https://www.eng.kavkaz-uzel.eu/articles/75689
1306568469	20260529	202605	2026	2026.4082											RUS	KRASNODAR	RUS								1	112	112	11	3	-2.0	10	1	10	-11.1111111111111	0								4	Sochi, Krasnodarskiy Kray, Russia	RS	RS38	25065	43.5992	39.7257	-3006514	4	Sochi, Krasnodarskiy Kray, Russia	RS	RS38	25065	43.5992	39.7257	-3006514	20260529183000	https://www.eng.kavkaz-uzel.eu/articles/75687
1306568470	20260529	202605	2026	2026.4082											SAU	MEDINA	SAU								0	042	042	04	1	1.9	1	1	1	-3.46779900920029	0								4	Karabakh, Dagestan, Russia	RS	RS17	25069	42.4692	46.8645	-2920856	4	Karabakh, Dagestan, Russia	RS	RS17	25069	42.4692	46.8645	-2920856	20260529183000	https://www.eng.kavkaz-uzel.eu/articles/75689
1306568471	20260529	202605	2026	2026.4082											SPY	SECRET POLICE						SPY			0	043	043	04	1	2.8	10	1	10	-3.80673499267936	0								4	Bishkek, Bishkek, Kyrgyzstan	KG	KG01	37216	42.8731	74.6003	-2331392	4	Bishkek, Bishkek, Kyrgyzstan	KG	KG01	37216	42.8731	74.6003	-2331392	20260529183000	http://www.centralasiatimes.com/news/279089703/kyrgyzstan-secret-police-latest-target-baptists
1306568472	20260529	202605	2026	2026.4082											SPY	INTELLIGENCE						SPY			1	057	057	05	1	8.0	5	1	5	2.19298245614035	0								4	Allahabad, Uttar Pradesh, India	IN	IN36	70270	25.45	81.85	-2088510	4	Allahabad, Uttar Pradesh, India	IN	IN36	70270	25.45	81.85	-2088510	20260529183000	https://indiaeducationdiary.in/iiit-allahabad-signs-mou-with-teamlease-edtech-to-introduce-exec-m-tech-in-artificial-intelligence-data-science/
1306568473	20260529	202605	2026	2026.4082											UKR	UKRAINE	UKR								1	020	020	02	1	3.0	2	1	2	-7.93201133144476	0								4	Cheboksary, Chuvashiya, Russia	RS	RS16	25102	56.1322	47.2519	-2896432	4	Chernivtsi, Chernivets'ka Oblast', Ukraine	UP	UP03	28545	48.2915	25.9403	-1037073	20260529183000	https://www.kyivpost.com/post/77131
1306568474	20260529	202605	2026	2026.4082											UKR	KYIV	UKR								1	042	042	04	1	1.9	1	1	1	-1.8796992481203	0								4	Kyiv, Kyyiv, Misto, Ukraine	UP	UP12	28554	50.4333	30.5167	-1044367	4	Moscow, Moskva, Russia	RS	RS48	25106	55.7522	37.6156	-2960561	20260529183000	https://www.kyivpost.com/post/77139
1306568475	20260529	202605	2026	2026.4082											UKR	UKRAINE	UKR								0	163	163	16	4	-8.0	10	1	10	-4.67980295566503	0								4	Kyiv, Kyyiv, Misto, Ukraine	UP	UP12	28554	50.4333	30.5167	-1044367	4	Kyiv, Kyyiv, Misto, Ukraine	UP	UP12	28554	50.4333	30.5167	-1044367	20260529183000	https://www.kyivpost.com/post/77130
1306568476	20260529	202605	2026	2026.4082											UKR	UKRAINIAN	UKR								1	173	173	17	4	-5.0	1	1	1	-8.1145584725537	0								1	Ukraine	UP	UP		49	32	UP	4	London, London, City of, United Kingdom	UK	UKH9	40110	51.5	-0.116667	-2601889	20260529183000	https://www.chroniclelive.co.uk/news/uk-news/jealous-man-stabbed-ex-death-34035010
1306568477	20260529	202605	2026	2026.4082											UKRGOV	UKRAINE	UKR					GOV			0	040	040	04	1	1.0	2	1	2	-3.38983050847457	0								4	Kyiv, Kyyiv, Misto, Ukraine	UP	UP12	28554	50.4333	30.5167	-1044367	4	Kyiv, Kyyiv, Misto, Ukraine	UP	UP12	28554	50.4333	30.5167	-1044367	20260529183000	https://www.kyivpost.com/post/77125
1306568478	20260529	202605	2026	2026.4082											USA	UNITED STATES	USA								0	010	010	01	1	0.0	2	1	2	3.88945752302968	0								3	Rittenhouse Square, Pennsylvania, United States	US	USPA		39.9493	-75.1724	1185119	3	Rittenhouse Square, Pennsylvania, United States	US	USPA		39.9493	-75.1724	1185119	20260529183000	https://epgn.com/2026/05/29/wmmr-pierre-robert-way-street-renaming/
1306568479	20260529	202605	2026	2026.4082											USA	UNITED STATES	USA								0	013	013	01	1	0.4	2	1	2	2.98329355608592	0								3	Trenton, Pennsylvania, United States	US	USPA	PA107	40.8381	-76.0905	1204826	3	Trenton, Pennsylvania, United States	US	USPA	PA107	40.8381	-76.0905	1204826	20260529183000	https://www.yakimaherald.com/news/nation_and_world/entertainment/grammy-nominated-orrin-evans-to-lead-seattle-repertory-jazz-orchestra/article_da70ee1a-4ab7-5b39-9fab-8d4d899dc17e.html
1306568480	20260529	202605	2026	2026.4082											USA	UNITED STATES	USA								1	014	014	01	1	0.0	2	1	2	1.03626943005181	0								3	Fergus Falls, Minnesota, United States	US	USMN		46.283	-96.0776	643602	3	Fergus Falls, Minnesota, United States	US	USMN		46.283	-96.0776	643602	20260529183000	https://www.kimt.com/news/klobuchar-taps-rural-mn-leader-as-her-lieutenant-governor-pick/article_31de9725-2161-4a6d-8095-5140afaef6ee.html
1306568481	20260529	202605	2026	2026.4082											USA	UNITED STATES	USA								1	014	014	01	1	0.0	2	1	2	1.03626943005181	0								2	Minnesota, United States	US	USMN		45.7326	-93.9196	MN	2	Minnesota, United States	US	USMN		45.7326	-93.9196	MN	20260529183000	https://www.kimt.com/news/klobuchar-taps-rural-mn-leader-as-her-lieutenant-governor-pick/article_31de9725-2161-4a6d-8095-5140afaef6ee.html
1306568482	20260529	202605	2026	2026.4082											USA	UNITED STATES	USA								0	020	020	02	1	3.0	2	1	2	2.98329355608592	0								3	Trenton, Pennsylvania, United States	US	USPA	PA107	40.8381	-76.0905	1204826	3	Trenton, Pennsylvania, United States	US	USPA	PA107	40.8381	-76.0905	1204826	20260529183000	https://www.yakimaherald.com/news/nation_and_world/entertainment/grammy-nominated-orrin-evans-to-lead-seattle-repertory-jazz-orchestra/article_da70ee1a-4ab7-5b39-9fab-8d4d899dc17e.html
1306568483	20260529	202605	2026	2026.4082											USA	UNITED STATES	USA								0	020	020	02	1	3.0	2	1	2	-3.55677154582763	0								3	Taney County, Missouri, United States	US	USMO		36.6501	-93.0502	758559	3	Taney County, Missouri, United States	US	USMO		36.6501	-93.0502	758559	20260529183000	https://www.bransontrilakesnews.com/news/article_7e898d42-de5d-4ec1-8999-20eac5ece714.html
1306568484	20260529	202605	2026	2026.4082											USA	DETROIT	USA								1	031	031	03	1	5.2	4	1	4	0.75901328273245	0								3	Detroit, Michigan, United States	US	USMI	MI163	42.3314	-83.0458	1617959	3	Detroit, Michigan, United States	US	USMI	MI163	42.3314	-83.0458	1617959	20260529183000	https://www.waterwaysjournal.net/2026/05/29/third-brandon-road-contract-awarded/
1306568485	20260529	202605	2026	2026.4082											USA	UNITED STATES	USA								0	036	036	03	1	4.0	2	1	2	1.6990291262136	0								3	Naperville, Illinois, United States	US	USIL	IL043	41.7859	-88.1473	421954	3	Naperville, Illinois, United States	US	USIL	IL043	41.7859	-88.1473	421954	20260529183000	https://www.chicagotribune.com/2026/05/29/st-charles-north-teacher-andrew-bernard-to-fill-vacancy-on-indian-prairie-d204-board/
1306568486	20260529	202605	2026	2026.4082											USA	UNITED STATES	USA								0	036	036	03	1	4.0	1	1	1	-0.40697674418605	0								3	Chicago, Illinois, United States	US	USIL	IL031	41.85	-87.6501	423587	3	Boston, Massachusetts, United States	US	USMA	MA025	42.3584	-71.0598	617565	20260529183000	https://www.chicagotribune.com/2026/05/29/lagrange-pilot-pet-parade-film/
1306568487	20260529	202605	2026	2026.4082											USA	UNITED STATES	USA								1	036	036	03	1	4.0	6	1	6	-3.02690582959641	0								3	Phoenix, Arizona, United States	US	USAZ	AZ013	33.4484	-112.074	44784	3	Phoenix, Arizona, United States	US	USAZ	AZ013	33.4484	-112.074	44784	20260529183000	https://www.knac.com/news/news/arch-enemy-the-black-dahlia-murder-announce-co-headline-tour-this-fall/
1306568488	20260529	202605	2026	2026.4082											USA	UNITED STATES	USA								1	040	040	04	1	1.0	1	1	1	4.51977401129943	0								4	Islamabad, Islamabad, Pakistan	PK	PK08	23674	33.7	73.1667	-2762812	4	Islamabad, Islamabad, Pakistan	PK	PK08	23674	33.7	73.1667	-2762812	20260529183000	https://www.geo.tv/latest/666519-dpm-dar-holds-presser-following-meeting-with-rubio-in-washington
1306568489	20260529	202605	2026	2026.4082											USA	UNITED STATES	USA								0	040	040	04	1	1.0	3	1	3	1.19402985074627	0								2	New Jersey, United States	US	USNJ		40.314	-74.5089	NJ	3	Montvale, New Jersey, United States	US	USNJ	NJ003	41.0468	-74.0229	878455	20260529183000	https://www.finanznachrichten.de/nachrichten-2026-05/68633857-rubinstein-plastic-surgery-center-dr-ran-rubinstein-brings-biorepeel-to-newburgh-ny-and-montvale-nj-200.htm
1306568490	20260529	202605	2026	2026.4082											USA	NEW JERSEY	USA								0	040	040	04	1	1.0	11	2	11	1.33501076289661	0								2	New Jersey, United States	US	USNJ		40.314	-74.5089	NJ	2	New Jersey, United States	US	USNJ		40.314	-74.5089	NJ	20260529183000	https://www.finanznachrichten.de/nachrichten-2026-05/68633857-rubinstein-plastic-surgery-center-dr-ran-rubinstein-brings-biorepeel-to-newburgh-ny-and-montvale-nj-200.htm
1306568491	20260529	202605	2026	2026.4082											USA	UNITED STATES	USA								1	042	042	04	1	1.9	8	1	8	0.65040650406504	0								3	Franklin County, Massachusetts, United States	US	USMA		42.5834	-72.5829	606932	3	Franklin County, Massachusetts, United States	US	USMA		42.5834	-72.5829	606932	20260529183000	https://recorder.com/2026/05/29/catching-a-blast-from-the-past-gcc-students-unearth-local-history-in-renovated-exhibit/
1306568492	20260529	202605	2026	2026.4082											USA	UNITED STATES	USA								0	042	042	04	1	1.9	2	1	2	-3.55677154582763	0								3	Taney County, Missouri, United States	US	USMO		36.6501	-93.0502	758559	3	Taney County, Missouri, United States	US	USMO		36.6501	-93.0502	758559	20260529183000	https://www.bransontrilakesnews.com/news/article_7e898d42-de5d-4ec1-8999-20eac5ece714.html
1306568493	20260529	202605	2026	2026.4082											USA	UNITED STATES	USA								0	042	042	04	1	1.9	4	1	4	3.87323943661972	0								3	Las Vegas, Nevada, United States	US	USNV		36.175	-115.137	847388	3	Las Vegas, Nevada, United States	US	USNV		36.175	-115.137	847388	20260529183000	https://www.manilatimes.net/2026/05/30/tmt-newswire/globenewswire/lv-petroleum-celebrates-community-milestones-with-aw-grand-opening-in-wellsville-kansas-and-live-radio-event-at-las-vegas-rallys-location/2354814
1306568494	20260529	202605	2026	2026.4082											USA	NEW YORK	USA								1	042	042	04	1	1.9	5	1	5	-5.50070521861777	0								3	Long Island, New York, United States	US	USNY		43.152	-76.061	955858	3	Long Island, New York, United States	US	USNY		43.152	-76.061	955858	20260529183000	https://nypost.com/2026/05/29/us-news/li-repair-shop-billed-taxpayers-nearly-2m-for-parts-it-may-never-have-installed-on-lirr-vehicles-probe/
1306568495	20260529	202605	2026	2026.4082											USA	JACKSONVILLE	USA								1	043	043	04	1	2.8	10	1	10	-5.51181102362205	0								3	Cocoa Beach, Florida, United States	US	USFL		28.32	-80.6076	280609	3	Cocoa Beach, Florida, United States	US	USFL		28.32	-80.6076	280609	20260529183000	https://www.wjcl.com/article/blue-origins-new-glenn-rocket-explosion-reaction/71445047
1306568496	20260529	202605	2026	2026.4082											USA	UNITED STATES	USA								1	043	043	04	1	2.8	4	1	4	-6.76691729323308	0								3	Arlington Heights, Illinois, United States	US	USIL		39.8198	-89.6015	403610	3	Glenview, Illinois, United States	US	USIL	IL031	42.0698	-87.7878	409079	20260529183000	https://www.chicagotribune.com/2026/05/29/federal-judge-imposes-maximum-sentence-for-man-involved-in-assault-at-glenview-motel/
1306568497	20260529	202605	2026	2026.4082											USA	UNITED STATES	USA								1	043	043	04	1	2.8	4	1	4	-6.76691729323308	0								3	Glenview, Illinois, United States	US	USIL	IL031	42.0698	-87.7878	409079	3	Glenview, Illinois, United States	US	USIL	IL031	42.0698	-87.7878	409079	20260529183000	https://www.chicagotribune.com/2026/05/29/federal-judge-imposes-maximum-sentence-for-man-involved-in-assault-at-glenview-motel/
1306568498	20260529	202605	2026	2026.4082											USA	UNITED STATES	USA								1	043	043	04	1	2.8	8	1	8	7.10059171597633	0								3	Bethel Church, Michigan, United States	US	USMI		42.2759	-84.435	621208	3	Bethel Church, Michigan, United States	US	USMI		42.2759	-84.435	621208	20260529183000	https://www.chicagotribune.com/2026/05/29/worship-news-album-release-girls-night-out-outdoor-worship-and-more/
1306568499	20260529	202605	2026	2026.4082											USA	UNITED STATES	USA								0	043	043	04	1	2.8	2	1	2	-3.55677154582763	0								3	Taney County, Missouri, United States	US	USMO		36.6501	-93.0502	758559	3	Taney County, Missouri, United States	US	USMO		36.6501	-93.0502	758559	20260529183000	https://www.bransontrilakesnews.com/news/article_7e898d42-de5d-4ec1-8999-20eac5ece714.html
1306568500	20260529	202605	2026	2026.4082											USA	UNITED STATES	USA								0	043	043	04	1	2.8	4	2	4	9.29853181076672	0								3	Bentonville, Arkansas, United States	US	USAR	AR007	36.3729	-94.2088	76305	2	Arkansas, United States	US	USAR		34.9513	-92.3809	AR	20260529183000	http://www.nashvilleherald.com/news/279090642/visiting-angels-in-northwest-arkansas-earns-2026-recognition-as-award-winning-home-care-agency-in-fayetteville-ar
1306568501	20260529	202605	2026	2026.4082											USA	MAINE	USA								1	043	043	04	1	2.8	3	1	3	-9.48148148148147	0								1	Iraq	IZ	IZ		33	44	IZ	1	Iraq	IZ	IZ		33	44	IZ	20260529183000	https://twitchy.com/samj/2026/05/29/here-are-a-bunch-of-idiot-democrats-trying-to-dunk-on-susan-collins-because-platner-sent-himself-to-war-n2428698
1306568502	20260529	202605	2026	2026.4082											USA	UNITED STATES	USA								0	046	046	04	1	7.0	4	1	4	2.81195079086116	0								3	New Orleans, Louisiana, United States	US	USLA		29.9546	-90.0751	1629985	3	New Orleans, Louisiana, United States	US	USLA		29.9546	-90.0751	1629985	20260529183000	https://www.waterwaysjournal.net/2026/05/29/la-ports-to-combine-marketing-efforts/
1306568503	20260529	202605	2026	2026.4082											USA	UNITED STATES	USA								0	050	050	05	1	3.5	2	1	2	2.98329355608592	0								3	Trenton, Pennsylvania, United States	US	USPA	PA107	40.8381	-76.0905	1204826	3	Trenton, Pennsylvania, United States	US	USPA	PA107	40.8381	-76.0905	1204826	20260529183000	https://www.yakimaherald.com/news/nation_and_world/entertainment/grammy-nominated-orrin-evans-to-lead-seattle-repertory-jazz-orchestra/article_da70ee1a-4ab7-5b39-9fab-8d4d899dc17e.html
1306568504	20260529	202605	2026	2026.4082											USA	UNITED STATES	USA								1	051	051	05	1	3.4	2	1	2	10.3174603174603	0								3	San Diego, California, United States	US	USCA		32.7153	-117.157	1661377	3	Santa Ysabel, California, United States	US	USCA		33.1092	-116.673	249137	20260529183000	https://eastcountymagazine.org/ilan-lael-foundation-offers-june-tours-of-historic-hubbbell-house-in-santa-ysabel/
1306568505	20260529	202605	2026	2026.4082											USA	UNITED STATES	USA								1	052	052	05	1	3.5	2	1	2	-4.83870967741935	0								3	White House, District of Columbia, United States	US	USDC		38.8951	-77.0364	531871	3	White House, District of Columbia, United States	US	USDC		38.8951	-77.0364	531871	20260529183000	https://dailycaller.com/2026/05/29/dnc-katie-miller-husband-stephen-miller-paulina-mangubat/
1306568506	20260529	202605	2026	2026.4082											USA	AUSTIN	USA								1	057	057	05	1	8.0	6	1	6	4.47761194029851	0								3	Los Gatos, California, United States	US	USCA		37.2266	-121.975	1659017	3	Los Gatos, California, United States	US	USCA		37.2266	-121.975	1659017	20260529183000	https://www.vogue.com/slideshow/maddi-lucas-and-connor-oman-wedding
1306568507	20260529	202605	2026	2026.4082											USA	UNITED STATES	USA								1	060	060	06	2	6.0	4	1	4	-9.62199312714773	0								3	Manhattan, New York, United States	US	USNY	NY061	40.7834	-73.9662	971945	3	Manhattan, New York, United States	US	USNY	NY061	40.7834	-73.9662	971945	20260529183000	https://nypost.com/2026/05/29/real-estate/fraudster-stole-manhattan-brownstone-in-huge-conspiracy-da/
1306568508	20260529	202605	2026	2026.4082											USA	MIAMI	USA								0	071	071	07	2	7.4	10	1	10	0.75901328273245	0								3	Miami, Florida, United States	US	USFL	FL086	25.7743	-80.1937	295004	3	Miami, Florida, United States	US	USFL	FL086	25.7743	-80.1937	295004	20260529183000	https://www.waterwaysjournal.net/2026/05/29/third-brandon-road-contract-awarded/
1306568509	20260529	202605	2026	2026.4082											USA	UNITED STATES	USA								1	112	112	11	3	-2.0	8	1	8	-3.55677154582763	0								3	Taney County, Missouri, United States	US	USMO		36.6501	-93.0502	758559	3	Taney County, Missouri, United States	US	USMO		36.6501	-93.0502	758559	20260529183000	https://www.bransontrilakesnews.com/news/article_7e898d42-de5d-4ec1-8999-20eac5ece714.html
1306568510	20260529	202605	2026	2026.4082											USA	UNITED STATES	USA								0	112	112	11	3	-2.0	4	1	4	-9.62199312714773	0								3	Brooklyn, New York, United States	US	USNY	NY025	42.3442	-75.1704	944840	3	Brooklyn, New York, United States	US	USNY	NY025	42.3442	-75.1704	944840	20260529183000	https://nypost.com/2026/05/29/real-estate/fraudster-stole-manhattan-brownstone-in-huge-conspiracy-da/
1306568511	20260529	202605	2026	2026.4082											USA	UNITED STATES	USA								1	1243	124	12	3	-4.0	4	1	4	-5.47008547008546	0								3	Des Moines, Iowa, United States	US	USIA		41.6005	-93.6091	465961	3	Des Moines, Iowa, United States	US	USIA		41.6005	-93.6091	465961	20260529183000	https://abcnews.com/US/former-des-moines-school-superintendent-ian-roberts-plead/story?id=129430279
1306568512	20260529	202605	2026	2026.4082											USA	UNITED STATES	USA								0	141	141	14	3	-6.5	2	1	2	-12.9597197898423	0								3	Newark, New Jersey, United States	US	USNJ	NJ013	40.7357	-74.1724	878762	3	Newark, New Jersey, United States	US	USNJ	NJ013	40.7357	-74.1724	878762	20260529183000	https://www.ibtimes.co.uk/hunger-strike-delaney-hall-ice-facility-1799684
1306568513	20260529	202605	2026	2026.4082											USA	UNITED STATES	USA								0	173	173	17	4	-5.0	2	1	2	-8.82352941176468	0								3	Cuyahoga County, Ohio, United States	US	USOH		41.4334	-81.6665	1074030	3	Cuyahoga County, Ohio, United States	US	USOH		41.4334	-81.6665	1074030	20260529183000	https://www.cleveland19.com/2026/05/29/ohio-supreme-court-makes-ruling-murder-cleveland-firefighter-johnny-tetrick/
1306568514	20260529	202605	2026	2026.4082											USA	UNITED STATES	USA								1	173	173	17	4	-5.0	4	1	4	-5.65217391304348	0								3	Watonga, Oklahoma, United States	US	USOK	OK011	35.8448	-98.4131	1099426	3	Watonga, Oklahoma, United States	US	USOK	OK011	35.8448	-98.4131	1099426	20260529183000	https://www.stwnewspress.com/news/swadley-convicted-of-defrauding-state/article_9eea2e39-3731-50ab-892f-f62fd4939040.html
1306568515	20260529	202605	2026	2026.4082											USA	UNITED STATES	USA								0	173	173	17	4	-5.0	4	1	4	-2.34917245061399	0								3	Sioux Falls, South Dakota, United States	US	USSD		43.55	-96.7003	1267670	3	Sioux Falls, South Dakota, United States	US	USSD		43.55	-96.7003	1267670	20260529183000	https://www.sdpb.org/podcast/sdpb-news/2026-05-29/gop-legislative-primaries-reflect-reagan-v-trump-tug-of-war-former-lawmaker-says-todays-stories-may-29
1306568516	20260529	202605	2026	2026.4082											USA	UNITED STATES	USA								0	190	190	19	4	-10.0	4	1	4	-2.34917245061399	0								3	Sioux Falls, South Dakota, United States	US	USSD		43.55	-96.7003	1267670	3	Sioux Falls, South Dakota, United States	US	USSD		43.55	-96.7003	1267670	20260529183000	https://www.sdpb.org/podcast/sdpb-news/2026-05-29/gop-legislative-primaries-reflect-reagan-v-trump-tug-of-war-former-lawmaker-says-todays-stories-may-29
1306568517	20260529	202605	2026	2026.4082											USA	UNITED STATES	USA								1	190	190	19	4	-10.0	6	1	6	-5.27472527472527	0								3	Quantico, Virginia, United States	US	USVA	VA153	38.5223	-77.2936	1499925	3	Quantico, Virginia, United States	US	USVA	VA153	38.5223	-77.2936	1499925	20260529183000	https://edition.cnn.com/2026/05/29/us/virginia-bus-crash
1306568518	20260529	202605	2026	2026.4082											USA	UNITED STATES	USA								0	190	190	19	4	-10.0	2	1	2	-6.47985989492119	0								3	White House, District of Columbia, United States	US	USDC		38.8951	-77.0364	531871	1	Iran	IR	IR		32	53	IR	20260529183000	https://www.alternet.org/trump-pam-bondi-2676972627/
1306568519	20260529	202605	2026	2026.4082											USA	UNITED STATES	USA								1	190	190	19	4	-10.0	2	1	2	-1.99501246882793	0								2	Alaska, United States	US	USAK		61.385	-152.268	AK	3	Okanogan County, Washington, United States	US	USWA		48.5499	-119.735	1531928	20260529183000	https://www.dailymail.com/tvshowbiz/article-15859253/Alaskan-Bush-People-Matt-Brown-feared-dead-washington.html
1306568520	20260529	202605	2026	2026.4082											USA	UNITED STATES	USA								1	190	190	19	4	-10.0	2	1	2	-1.99501246882793	0								2	Alaska, United States	US	USAK		61.385	-152.268	AK	2	Washington, United States	US	USWA		47.3917	-121.571	WA	20260529183000	https://www.dailymail.com/tvshowbiz/article-15859253/Alaskan-Bush-People-Matt-Brown-feared-dead-washington.html
1306568521	20260529	202605	2026	2026.4082											USA	UNITED STATES	USA								0	190	190	19	4	-10.0	1	1	1	-10.2739726027397	0								2	Minnesota, United States	US	USMN		45.7326	-93.9196	MN	3	Hennepin County, Minnesota, United States	US	USMN		45.0166	-93.4502	659472	20260529183000	https://www.nbcnews.com/news/us-news/ice-agent-charged-operation-metro-surge-shooting-arrested-texas-rcna347567
1306568522	20260529	202605	2026	2026.4082											USA	VIRGINIA	USA								1	190	190	19	4	-10.0	3	1	3	-5.27472527472527	0								2	Virginia, United States	US	USVA		37.768	-78.2057	VA	3	Quantico, Virginia, United States	US	USVA	VA153	38.5223	-77.2936	1499925	20260529183000	https://edition.cnn.com/2026/05/29/us/virginia-bus-crash
1306568523	20260529	202605	2026	2026.4082											USA	UNITED STATES	USA								1	192	192	19	4	-9.5	2	1	2	-2.89017341040462	0								3	Monona, Iowa, United States	US	USIA	IA043	43.0517	-91.3893	459174	3	Clayton County, Iowa, United States	US	USIA		42.8333	-91.3668	465210	20260529183000	https://www.kimt.com/news/semi-car-crash-near-mcgregor-injures-farmersburg-woman/article_7137120c-c1f9-5e85-a7c0-407b4b739de6.html
1306568524	20260529	202605	2026	2026.4082											USA	UNITED STATES	USA								1	192	192	19	4	-9.5	2	1	2	-2.89017341040462	0								3	Clayton County, Iowa, United States	US	USIA		42.8333	-91.3668	465210	3	Clayton County, Iowa, United States	US	USIA		42.8333	-91.3668	465210	20260529183000	https://www.kimt.com/news/semi-car-crash-near-mcgregor-injures-farmersburg-woman/article_7137120c-c1f9-5e85-a7c0-407b4b739de6.html
1306568525	20260529	202605	2026	2026.4082											USABUS	UNITED STATES	USA					BUS			1	020	020	02	1	3.0	4	1	4	-2.83185840707964	0								2	North Carolina, United States	US	USNC		35.6411	-79.8431	NC	2	North Carolina, United States	US	USNC		35.6411	-79.8431	NC	20260529183000	https://www.foxnews.com/culture/tiktoker-fired-from-job-after-praying-pam-bondi-suffer-worst-case-cancer-anybodys-ever-seen
1306568526	20260529	202605	2026	2026.4082											USACVL	IOWA	USA					CVL			1	046	046	04	1	7.0	6	1	6	1.63170163170164	0								2	Iowa, United States	US	USIA		42.0046	-93.214	IA	2	Iowa, United States	US	USIA		42.0046	-93.214	IA	20260529183000	https://www.timescitizen.com/news/twedt-ball-talks-affordability-during-coffee-with-voters-in-iowa-falls/article_bc5e01d5-3c9e-4c7a-a04e-b50dc7ae4f2b.html
1306568527	20260529	202605	2026	2026.4082											USAJUD	UNITED STATES	USA					JUD			0	173	173	17	4	-5.0	2	1	2	-8.82352941176468	0								3	Cuyahoga County, Ohio, United States	US	USOH		41.4334	-81.6665	1074030	3	Cuyahoga County, Ohio, United States	US	USOH		41.4334	-81.6665	1074030	20260529183000	https://www.cleveland19.com/2026/05/29/ohio-supreme-court-makes-ruling-murder-cleveland-firefighter-johnny-tetrick/
1306568528	20260529	202605	2026	2026.4082											ZAF	FREE STATE	ZAF								1	031	031	03	1	5.2	2	1	2	-4	0								5	Free State, Free State, South Africa	SF	SF03	77365	-29	26	-1269735	5	Free State, Free State, South Africa	SF	SF03	77365	-29	26	-1269735	20260529183000	https://www.dailymaverick.co.za/article/2026-05-29-phala-phala-impeachment-committee-revealed-a-kruger-park-tragedy-and-bold-local-flavours/
1306568529	20260529	202605	2026	2026.4082											ZAF	JOHANNESBURG	ZAF								1	046	046	04	1	7.0	1	1	1	3.47826086956522	0								4	Johannesburg, Gauteng, South Africa	SF	SF06	77364	-26.2	28.0833	-1240261	4	Midrand, Gauteng, South Africa	SF	SF06	77346	-25.9636	28.1378	437319	20260529183000	https://www.channelafrica.co.za/channelafrica/news/sa-president-to-host-kenyan-counterpart-ruto-next-week/
1306568530	20260529	202605	2026	2026.4082	AFG	AFGHANISTAN	AFG																		1	154	154	15	4	-7.2	2	1	2	2.65282583621684	1	Afghanistan	AF	AF		33	66	AF	0								3	University Of Rhode Island, Rhode Island, United States	US	USRI		41.829	-71.4167	1219739	20260529183000	https://www.ric.edu/news/mother-son
1306568531	20260529	202605	2026	2026.4082	AFG	AFGHANISTAN	AFG																		1	154	154	15	4	-7.2	8	1	8	2.65282583621684	1	Afghanistan	AF	AF		33	66	AF	0								1	Afghanistan	AF	AF		33	66	AF	20260529183000	https://www.ric.edu/news/mother-son
1306568532	20260529	202605	2026	2026.4082	AFG	AFGHANISTAN	AFG								MIL	MILITARY						MIL			0	042	042	04	1	1.9	5	1	5	2.65282583621684	1	Afghanistan	AF	AF		33	66	AF	1	Afghanistan	AF	AF		33	66	AF	1	Afghanistan	AF	AF		33	66	AF	20260529183000	https://www.ric.edu/news/mother-son
1306568533	20260529	202605	2026	2026.4082	AFG	AFGHANISTAN	AFG								MILHLH	AIR FORCE						MIL	HLH		1	154	154	15	4	-7.2	4	1	4	2.65282583621684	1	Afghanistan	AF	AF		33	66	AF	1	Afghanistan	AF	AF		33	66	AF	1	Afghanistan	AF	AF		33	66	AF	20260529183000	https://www.ric.edu/news/mother-son
1306568534	20260529	202605	2026	2026.4082	AFR	AFRICA	AFR																		1	031	031	03	1	5.2	4	1	4	-4	4	Swartberg, KwaZulu-Natal, South Africa	SF	SF02	77352	-30.2384	29.3408	-1288680	0								4	Swartberg, KwaZulu-Natal, South Africa	SF	SF02	77352	-30.2384	29.3408	-1288680	20260529183000	https://www.dailymaverick.co.za/article/2026-05-29-phala-phala-impeachment-committee-revealed-a-kruger-park-tragedy-and-bold-local-flavours/
1306568535	20260529	202605	2026	2026.4082	AFR	AFRICA	AFR								IGOSAFDEVSAD	SOUTHERN AFRICAN DEVELOPMENT COMMUNITY	SAF	SAD				IGO	DEV		1	071	071	07	2	7.4	10	1	10	-1.53846153846154	4	Brazzaville, Brazzaville, Congo	CF	CF12	18585	-4.25917	15.2847	-2205356	4	Brazzaville, Brazzaville, Congo	CF	CF12	18585	-4.25917	15.2847	-2205356	4	Brazzaville, Brazzaville, Congo	CF	CF12	18585	-4.25917	15.2847	-2205356	20260529183000	https://www.channelafrica.co.za/channelafrica/news/sadc-urges-african-nations-to-tap-pension-funds-for-local-growth/
1306568536	20260529	202605	2026	2026.4082	AFR	AFRICA	AFR								MED	MEDIA						MED			1	090	090	09	2	-2.0	2	1	2	-4	4	Durban, KwaZulu-Natal, South Africa	SF	SF02	77363	-29.85	31.0167	-1224926	1	Mozambique	MZ	MZ		-18.25	35	MZ	1	Mozambique	MZ	MZ		-18.25	35	MZ	20260529183000	https://www.dailymaverick.co.za/article/2026-05-29-phala-phala-impeachment-committee-revealed-a-kruger-park-tragedy-and-bold-local-flavours/
1306568537	20260529	202605	2026	2026.4082	AFR	AFRICA	AFR								ZAF	FREE STATE	ZAF								1	031	031	03	1	5.2	4	1	4	-4	5	Free State, Free State, South Africa	SF	SF03	77365	-29	26	-1269735	5	Free State, Free State, South Africa	SF	SF03	77365	-29	26	-1269735	5	Free State, Free State, South Africa	SF	SF03	77365	-29	26	-1269735	20260529183000	https://www.dailymaverick.co.za/article/2026-05-29-phala-phala-impeachment-committee-revealed-a-kruger-park-tragedy-and-bold-local-flavours/
1306568538	20260529	202605	2026	2026.4082	AGR	FARMER						AGR													1	043	043	04	1	2.8	16	2	16	5.03812863544015	4	Edinburgh, Edinburgh, City of, United Kingdom	UK	UKU8	40173	55.95	-3.2	-2595386	0								4	Edinburgh, Edinburgh, City of, United Kingdom	UK	UKU8	40173	55.95	-3.2	-2595386	20260529183000	https://www.andoveradvertiser.co.uk/news/26150774.royalty-marks-20-years-open-farm-sunday-waitrose-farm/
1306568539	20260529	202605	2026	2026.4082	AGR	FARMER						AGR			GBR	UNITED KINGDOM	GBR								1	042	042	04	1	1.9	4	1	4	4.84261501210654	4	Edinburgh, Edinburgh, City of, United Kingdom	UK	UKU8	40173	55.95	-3.2	-2595386	4	Edinburgh, Edinburgh, City of, United Kingdom	UK	UKU8	40173	55.95	-3.2	-2595386	4	Edinburgh, Edinburgh, City of, United Kingdom	UK	UKU8	40173	55.95	-3.2	-2595386	20260529183000	https://www.andoveradvertiser.co.uk/news/26150774.royalty-marks-20-years-open-farm-sunday-waitrose-farm/
1306568540	20260529	202605	2026	2026.4082	AGR	FARMER						AGR			GOV	CHIEF EXECUTIVE						GOV			1	042	042	04	1	1.9	3	1	3	5.3639846743295	4	Leckford, Hampshire, United Kingdom	UK	UKF2	40112	51.1333	-1.46667	-2600913	4	Leckford, Hampshire, United Kingdom	UK	UKF2	40112	51.1333	-1.46667	-2600913	4	Leckford, Hampshire, United Kingdom	UK	UKF2	40112	51.1333	-1.46667	-2600913	20260529183000	https://www.geo.tv/latest/666520-royal-family-shares-update-as-duchess-sophie-takes-important-step
1306568541	20260529	202605	2026	2026.4082	ARE	DUBAI	ARE																		0	043	043	04	1	2.8	3	1	3	1.68195718654434	3	White House, District of Columbia, United States	US	USDC		38.8951	-77.0364	531871	0								3	White House, District of Columbia, United States	US	USDC		38.8951	-77.0364	531871	20260529183000	https://www.independent.co.uk/news/uk/home-news/donald-trump-banknote-bill-iain-alexander-artist-b2985891.html
1306568542	20260529	202605	2026	2026.4082	ARM	YEREVAN	ARM																		0	030	030	03	1	4.0	3	1	3	-3.46779900920029	4	Yerevan, Yerevan*, Armenia	AM	AM11	4936	40.1811	44.5136	-2325645	0								4	Baku, Baki*, Azerbaijan	AJ	AJ09	534	40.3953	49.8822	-2705195	20260529183000	https://www.eng.kavkaz-uzel.eu/articles/75689
1306568543	20260529	202605	2026	2026.4082	ARM	ARMENIAN	ARM								AZE	AZERBAIJANI	AZE								0	040	040	04	1	1.0	2	1	2	-3.46779900920029	4	Yerevan, Yerevan*, Armenia	AM	AM11	4936	40.1811	44.5136	-2325645	4	Yerevan, Yerevan*, Armenia	AM	AM11	4936	40.1811	44.5136	-2325645	4	Yerevan, Yerevan*, Armenia	AM	AM11	4936	40.1811	44.5136	-2325645	20260529183000	https://www.eng.kavkaz-uzel.eu/articles/75689
1306568544	20260529	202605	2026	2026.4082	ARM	ARMENIAN	ARM								AZE	AZERBAIJANI	AZE								0	040	040	04	1	1.0	2	1	2	-3.46779900920029	4	Yerevan, Yerevan*, Armenia	AM	AM11	4936	40.1811	44.5136	-2325645	4	Baku, Baki*, Azerbaijan	AJ	AJ09	534	40.3953	49.8822	-2705195	4	Yerevan, Yerevan*, Armenia	AM	AM11	4936	40.1811	44.5136	-2325645	20260529183000	https://www.eng.kavkaz-uzel.eu/articles/75689
1306568545	20260529	202605	2026	2026.4082	ARM	ARMENIA	ARM								AZE	AZERBAIJANI	AZE								0	040	040	04	1	1.0	8	1	8	-3.46779900920029	4	Yerevan, Yerevan*, Armenia	AM	AM11	4936	40.1811	44.5136	-2325645	4	Artsakh, Azerbaijan (general), Azerbaijan	AJ	AJ00	147321	40	46.5833	335527	4	Yerevan, Yerevan*, Armenia	AM	AM11	4936	40.1811	44.5136	-2325645	20260529183000	https://www.eng.kavkaz-uzel.eu/articles/75689
1306568546	20260529	202605	2026	2026.4082	ARM	ARMENIA	ARM								AZE	AZERBAIJANI	AZE								0	040	040	04	1	1.0	2	1	2	-3.46779900920029	4	Artsakh, Azerbaijan (general), Azerbaijan	AJ	AJ00	147321	40	46.5833	335527	4	Artsakh, Azerbaijan (general), Azerbaijan	AJ	AJ00	147321	40	46.5833	335527	4	Yerevan, Yerevan*, Armenia	AM	AM11	4936	40.1811	44.5136	-2325645	20260529183000	https://www.eng.kavkaz-uzel.eu/articles/75689
1306568547	20260529	202605	2026	2026.4082	ARM	ARMENIA	ARM								AZE	BAKU	AZE								0	125	125	12	3	-5.0	2	1	2	-3.46779900920029	4	Yerevan, Yerevan*, Armenia	AM	AM11	4936	40.1811	44.5136	-2325645	4	Baku, Baki*, Azerbaijan	AJ	AJ09	534	40.3953	49.8822	-2705195	4	Baku, Baki*, Azerbaijan	AJ	AJ09	534	40.3953	49.8822	-2705195	20260529183000	https://www.eng.kavkaz-uzel.eu/articles/75689
1306568548	20260529	202605	2026	2026.4082	ARM	ARMENIA	ARM								IRN	IRAN	IRN								0	060	060	06	2	6.0	1	1	1	-0.64655172413793	4	Astana, Gorod Astana, Kazakhstan	KZ	KZ05	37174	51.1811	71.4278	-2334218	4	Astana, Gorod Astana, Kazakhstan	KZ	KZ05	37174	51.1811	71.4278	-2334218	4	Astana, Gorod Astana, Kazakhstan	KZ	KZ05	37174	51.1811	71.4278	-2334218	20260529183000	https://www.presstv.ir/Detail/2026/05/29/769476/Iran-Eurasian-Economic-Union-regional-development-US-Israel-aggression-Masoud-Pezeshkian
1306568549	20260529	202605	2026	2026.4082	ARM	ARMENIA	ARM								IRN	IRAN	IRN								0	060	060	06	2	6.0	1	1	1	-0.64655172413793	4	Astana, Gorod Astana, Kazakhstan	KZ	KZ05	37174	51.1811	71.4278	-2334218	1	Kyrgyzstan	KG	KG		41	75	KG	1	Kyrgyzstan	KG	KG		41	75	KG	20260529183000	https://www.presstv.ir/Detail/2026/05/29/769476/Iran-Eurasian-Economic-Union-regional-development-US-Israel-aggression-Masoud-Pezeshkian
1306568550	20260529	202605	2026	2026.4082	ARM	ARMENIA	ARM								IRN	IRAN	IRN								0	060	060	06	2	6.0	1	1	1	-0.64655172413793	4	Tehran, Tehran, Iran	IR	IR26	41130	35.75	51.5148	10074674	1	Armenia	AM	AM		40	45	AM	1	Armenia	AM	AM		40	45	AM	20260529183000	https://www.presstv.ir/Detail/2026/05/29/769476/Iran-Eurasian-Economic-Union-regional-development-US-Israel-aggression-Masoud-Pezeshkian
1306568551	20260529	202605	2026	2026.4082	ARM	ARMENIA	ARM								IRN	IRAN	IRN								0	060	060	06	2	6.0	2	1	2	-0.64655172413793	1	Armenia	AM	AM		40	45	AM	4	Tehran, Tehran, Iran	IR	IR26	41130	35.75	51.5148	10074674	1	Russia	RS	RS		60	100	RS	20260529183000	https://www.presstv.ir/Detail/2026/05/29/769476/Iran-Eurasian-Economic-Union-regional-development-US-Israel-aggression-Masoud-Pezeshkian
1306568552	20260529	202605	2026	2026.4082	ARM	ARMENIA	ARM								IRN	IRAN	IRN								0	060	060	06	2	6.0	1	1	1	-0.64655172413793	1	Armenia	AM	AM		40	45	AM	1	Russia	RS	RS		60	100	RS	1	Russia	RS	RS		60	100	RS	20260529183000	https://www.presstv.ir/Detail/2026/05/29/769476/Iran-Eurasian-Economic-Union-regional-development-US-Israel-aggression-Masoud-Pezeshkian
1306568553	20260529	202605	2026	2026.4082	ARM	ARMENIA	ARM								IRN	IRAN	IRN								0	060	060	06	2	6.0	1	1	1	-0.64655172413793	1	Belarus	BO	BO		53	28	BO	1	Armenia	AM	AM		40	45	AM	1	Armenia	AM	AM		40	45	AM	20260529183000	https://www.presstv.ir/Detail/2026/05/29/769476/Iran-Eurasian-Economic-Union-regional-development-US-Israel-aggression-Masoud-Pezeshkian
1306568554	20260529	202605	2026	2026.4082	ARM	ARMENIA	ARM								IRN	IRAN	IRN								0	060	060	06	2	6.0	1	1	1	-0.64655172413793	1	Belarus	BO	BO		53	28	BO	1	Russia	RS	RS		60	100	RS	1	Kyrgyzstan	KG	KG		41	75	KG	20260529183000	https://www.presstv.ir/Detail/2026/05/29/769476/Iran-Eurasian-Economic-Union-regional-development-US-Israel-aggression-Masoud-Pezeshkian
1306568555	20260529	202605	2026	2026.4082	ARM	ARMENIA	ARM								REF	DISPLACED PERSON						REF			0	043	043	04	1	2.8	1	1	1	-3.46779900920029	4	Yerevan, Yerevan*, Armenia	AM	AM11	4936	40.1811	44.5136	-2325645	4	Karabakh, Dagestan, Russia	RS	RS17	25069	42.4692	46.8645	-2920856	4	Yerevan, Yerevan*, Armenia	AM	AM11	4936	40.1811	44.5136	-2325645	20260529183000	https://www.eng.kavkaz-uzel.eu/articles/75689
1306568556	20260529	202605	2026	2026.4082	ARM	ARMENIA	ARM								REF	DISPLACED PERSON						REF			0	043	043	04	1	2.8	3	1	3	-3.46779900920029	4	Yerevan, Yerevan*, Armenia	AM	AM11	4936	40.1811	44.5136	-2325645	4	Karabakh, Dagestan, Russia	RS	RS17	25069	42.4692	46.8645	-2920856	4	Karabakh, Dagestan, Russia	RS	RS17	25069	42.4692	46.8645	-2920856	20260529183000	https://www.eng.kavkaz-uzel.eu/articles/75689
1306568557	20260529	202605	2026	2026.4082	ARM	ARMENIA	ARM								REF	DISPLACED PERSON						REF			0	043	043	04	1	2.8	1	1	1	-3.46779900920029	4	Artsakh, Azerbaijan (general), Azerbaijan	AJ	AJ00	147321	40	46.5833	335527	4	Artsakh, Azerbaijan (general), Azerbaijan	AJ	AJ00	147321	40	46.5833	335527	4	Artsakh, Azerbaijan (general), Azerbaijan	AJ	AJ00	147321	40	46.5833	335527	20260529183000	https://www.eng.kavkaz-uzel.eu/articles/75689
1306568558	20260529	202605	2026	2026.4082	ARM	ARMENIA	ARM								RUS	RUSSIA	RUS								0	043	043	04	1	2.8	1	1	1	-3.46779900920029	4	Yerevan, Yerevan*, Armenia	AM	AM11	4936	40.1811	44.5136	-2325645	4	Karabakh, Dagestan, Russia	RS	RS17	25069	42.4692	46.8645	-2920856	4	Yerevan, Yerevan*, Armenia	AM	AM11	4936	40.1811	44.5136	-2325645	20260529183000	https://www.eng.kavkaz-uzel.eu/articles/75689
1306568559	20260529	202605	2026	2026.4082	ARM	ARMENIA	ARM								RUS	RUSSIA	RUS								0	043	043	04	1	2.8	1	1	1	-3.46779900920029	4	Artsakh, Azerbaijan (general), Azerbaijan	AJ	AJ00	147321	40	46.5833	335527	4	Artsakh, Azerbaijan (general), Azerbaijan	AJ	AJ00	147321	40	46.5833	335527	4	Artsakh, Azerbaijan (general), Azerbaijan	AJ	AJ00	147321	40	46.5833	335527	20260529183000	https://www.eng.kavkaz-uzel.eu/articles/75689
1306568560	20260529	202605	2026	2026.4082	ARM	ARMENIA	ARM								RUS	RUSSIA	RUS								0	073	073	07	2	7.4	4	1	4	-4.90593876798229	1	Armenia	AM	AM		40	45	AM	4	Petersburg, Sankt-Peterburg, Russia	RS	RS66	25095	59.8944	30.2642	-2996338	4	Petersburg, Sankt-Peterburg, Russia	RS	RS66	25095	59.8944	30.2642	-2996338	20260529183000	https://www.washingtonblade.com/2026/05/29/nine-russian-lgbtq-groups-deemed-extremist-banned/
1306568561	20260529	202605	2026	2026.4082	ARM	ARMENIA	ARM								RUS	RUSSIA	RUS								0	073	073	07	2	7.4	1	1	1	-4.90593876798229	1	Armenia	AM	AM		40	45	AM	1	Armenia	AM	AM		40	45	AM	1	Armenia	AM	AM		40	45	AM	20260529183000	https://www.washingtonblade.com/2026/05/29/nine-russian-lgbtq-groups-deemed-extremist-banned/
1306568562	20260529	202605	2026	2026.4082	ARM	ARMENIA	ARM								RUS	RUSSIA	RUS								0	125	125	12	3	-5.0	1	1	1	-3.46779900920029	4	Yerevan, Yerevan*, Armenia	AM	AM11	4936	40.1811	44.5136	-2325645	4	Yerevan, Yerevan*, Armenia	AM	AM11	4936	40.1811	44.5136	-2325645	4	Yerevan, Yerevan*, Armenia	AM	AM11	4936	40.1811	44.5136	-2325645	20260529183000	https://www.eng.kavkaz-uzel.eu/articles/75689
1306568563	20260529	202605	2026	2026.4082	ARM	ARMENIA	ARM								RUS	RUSSIA	RUS								0	125	125	12	3	-5.0	2	1	2	-3.46779900920029	4	Yerevan, Yerevan*, Armenia	AM	AM11	4936	40.1811	44.5136	-2325645	4	Yerevan, Yerevan*, Armenia	AM	AM11	4936	40.1811	44.5136	-2325645	4	Baku, Baki*, Azerbaijan	AJ	AJ09	534	40.3953	49.8822	-2705195	20260529183000	https://www.eng.kavkaz-uzel.eu/articles/75689
1306568564	20260529	202605	2026	2026.4082	ARM	ARMENIA	ARM								RUS	RUSSIA	RUS								0	125	125	12	3	-5.0	3	1	3	-3.46779900920029	4	Yerevan, Yerevan*, Armenia	AM	AM11	4936	40.1811	44.5136	-2325645	4	Karabakh, Dagestan, Russia	RS	RS17	25069	42.4692	46.8645	-2920856	4	Baku, Baki*, Azerbaijan	AJ	AJ09	534	40.3953	49.8822	-2705195	20260529183000	https://www.eng.kavkaz-uzel.eu/articles/75689
1306568565	20260529	202605	2026	2026.4082	ARMGOV	ARMENIAN	ARM					GOV			AZE	AZERBAIJANI	AZE								0	040	040	04	1	1.0	3	1	3	-3.46779900920029	4	Yerevan, Yerevan*, Armenia	AM	AM11	4936	40.1811	44.5136	-2325645	4	Baku, Baki*, Azerbaijan	AJ	AJ09	534	40.3953	49.8822	-2705195	4	Yerevan, Yerevan*, Armenia	AM	AM11	4936	40.1811	44.5136	-2325645	20260529183000	https://www.eng.kavkaz-uzel.eu/articles/75689
1306568566	20260529	202605	2026	2026.4082	AUS	AUSTRALIA	AUS																		1	190	190	19	4	-10.0	3	1	3	2.52454417952314	4	Perth, Western Australia, Australia	AS	AS08	5533	-31.9333	115.833	-1594675	0								4	Perth, Western Australia, Australia	AS	AS08	5533	-31.9333	115.833	-1594675	20260529183000	https://www.vogue.com/article/how-travel-can-help-us-live-longer-and-fight-ageing-according-to-the-science
1306568567	20260529	202605	2026	2026.4082	AUS	AUSTRALIAN	AUS								AUSMIL	AUSTRALIA	AUS					MIL			0	0332	033	03	1	5.2	1	1	1	0.12787723785166	4	Beijing, Beijing, China	CH	CH22	13001	39.9289	116.388	-1898541	4	Canberra, Australian Capital Territory, Australia	AS	AS01	4940	-35.2833	149.217	-1563952	4	Canberra, Australian Capital Territory, Australia	AS	AS01	4940	-35.2833	149.217	-1563952	20260529183000	https://www.manilatimes.net/2026/05/30/world/asia-oceania/pngs-marape-says-no-foreign-bases-as-australias-defense-presence-grows/2354693
1306568568	20260529	202605	2026	2026.4082	AUSEDU	QUEENSLAND	AUS					EDU													1	042	042	04	1	1.9	2	1	2	6.48148148148148	4	New Delhi, Delhi, India	IN	IN07	17911	28.6	77.2	-2106102	0								4	New Delhi, Delhi, India	IN	IN07	17911	28.6	77.2	-2106102	20260529183000	https://indiaeducationdiary.in/the-university-of-queensland-expands-india-footprint-through-high-impact-research-and-academic-partnerships/
1306568569	20260529	202605	2026	2026.4082	AUSEDU	PERTH	AUS					EDU			AUS	AUSTRALIA	AUS								1	010	010	01	1	0.0	5	1	5	2.52454417952314	4	Perth, Western Australia, Australia	AS	AS08	5533	-31.9333	115.833	-1594675	4	Perth, Western Australia, Australia	AS	AS08	5533	-31.9333	115.833	-1594675	4	Perth, Western Australia, Australia	AS	AS08	5533	-31.9333	115.833	-1594675	20260529183000	https://www.vogue.com/article/how-travel-can-help-us-live-longer-and-fight-ageing-according-to-the-science
1306568570	20260529	202605	2026	2026.4082	AUSEDU	PERTH	AUS					EDU			AUS	AUSTRALIA	AUS								1	090	090	09	2	-2.0	5	1	5	2.52454417952314	4	Perth, Western Australia, Australia	AS	AS08	5533	-31.9333	115.833	-1594675	4	Perth, Western Australia, Australia	AS	AS08	5533	-31.9333	115.833	-1594675	4	Perth, Western Australia, Australia	AS	AS08	5533	-31.9333	115.833	-1594675	20260529183000	https://www.vogue.com/article/how-travel-can-help-us-live-longer-and-fight-ageing-according-to-the-science
1306568571	20260529	202605	2026	2026.4082	AUSEDU	PERTH	AUS					EDU			AUS	AUSTRALIA	AUS								1	190	190	19	4	-10.0	5	1	5	2.52454417952314	4	Perth, Western Australia, Australia	AS	AS08	5533	-31.9333	115.833	-1594675	4	Perth, Western Australia, Australia	AS	AS08	5533	-31.9333	115.833	-1594675	4	Perth, Western Australia, Australia	AS	AS08	5533	-31.9333	115.833	-1594675	20260529183000	https://www.vogue.com/article/how-travel-can-help-us-live-longer-and-fight-ageing-according-to-the-science
1306568572	20260529	202605	2026	2026.4082	AUSEDU	QUEENSLAND	AUS					EDU			IND	DELHI	IND								1	042	042	04	1	1.9	2	1	2	6.48148148148148	4	New Delhi, Delhi, India	IN	IN07	17911	28.6	77.2	-2106102	4	New Delhi, Delhi, India	IN	IN07	17911	28.6	77.2	-2106102	4	New Delhi, Delhi, India	IN	IN07	17911	28.6	77.2	-2106102	20260529183000	https://indiaeducationdiary.in/the-university-of-queensland-expands-india-footprint-through-high-impact-research-and-academic-partnerships/
1306568573	20260529	202605	2026	2026.4082	AUSEDU	QUEENSLAND	AUS					EDU			IND	DELHI	IND								1	042	042	04	1	1.9	1	1	1	6.48148148148148	4	New Delhi, Delhi, India	IN	IN07	17911	28.6	77.2	-2106102	1	Australia	AS	AS		-25	135	AS	4	New Delhi, Delhi, India	IN	IN07	17911	28.6	77.2	-2106102	20260529183000	https://indiaeducationdiary.in/the-university-of-queensland-expands-india-footprint-through-high-impact-research-and-academic-partnerships/
1306568574	20260529	202605	2026	2026.4082	AZE	AZERBAIJAN	AZE																		0	090	090	09	2	-2.0	2	1	2	-3.46779900920029	4	Karabakh, Dagestan, Russia	RS	RS17	25069	42.4692	46.8645	-2920856	0								4	Artsakh, Azerbaijan (general), Azerbaijan	AJ	AJ00	147321	40	46.5833	335527	20260529183000	https://www.eng.kavkaz-uzel.eu/articles/75689
1306568575	20260529	202605	2026	2026.4082	AZE	AZERBAIJAN	AZE																		0	090	090	09	2	-2.0	6	1	6	-3.46779900920029	4	Artsakh, Azerbaijan (general), Azerbaijan	AJ	AJ00	147321	40	46.5833	335527	0								4	Yerevan, Yerevan*, Armenia	AM	AM11	4936	40.1811	44.5136	-2325645	20260529183000	https://www.eng.kavkaz-uzel.eu/articles/75689
1306568576	20260529	202605	2026	2026.4082	AZE	AZERBAIJANI	AZE								ARM	ARMENIAN	ARM								0	040	040	04	1	1.0	2	1	2	-3.46779900920029	4	Yerevan, Yerevan*, Armenia	AM	AM11	4936	40.1811	44.5136	-2325645	4	Yerevan, Yerevan*, Armenia	AM	AM11	4936	40.1811	44.5136	-2325645	4	Yerevan, Yerevan*, Armenia	AM	AM11	4936	40.1811	44.5136	-2325645	20260529183000	https://www.eng.kavkaz-uzel.eu/articles/75689
1306568577	20260529	202605	2026	2026.4082	AZE	AZERBAIJANI	AZE								ARM	ARMENIAN	ARM								0	040	040	04	1	1.0	2	1	2	-3.46779900920029	4	Baku, Baki*, Azerbaijan	AJ	AJ09	534	40.3953	49.8822	-2705195	4	Yerevan, Yerevan*, Armenia	AM	AM11	4936	40.1811	44.5136	-2325645	4	Yerevan, Yerevan*, Armenia	AM	AM11	4936	40.1811	44.5136	-2325645	20260529183000	https://www.eng.kavkaz-uzel.eu/articles/75689
1306568578	20260529	202605	2026	2026.4082	AZE	AZERBAIJANI	AZE								ARM	ARMENIA	ARM								0	040	040	04	1	1.0	8	1	8	-3.46779900920029	4	Artsakh, Azerbaijan (general), Azerbaijan	AJ	AJ00	147321	40	46.5833	335527	4	Yerevan, Yerevan*, Armenia	AM	AM11	4936	40.1811	44.5136	-2325645	4	Yerevan, Yerevan*, Armenia	AM	AM11	4936	40.1811	44.5136	-2325645	20260529183000	https://www.eng.kavkaz-uzel.eu/articles/75689
1306568579	20260529	202605	2026	2026.4082	AZE	AZERBAIJANI	AZE								ARM	ARMENIA	ARM								0	040	040	04	1	1.0	2	1	2	-3.46779900920029	4	Artsakh, Azerbaijan (general), Azerbaijan	AJ	AJ00	147321	40	46.5833	335527	4	Artsakh, Azerbaijan (general), Azerbaijan	AJ	AJ00	147321	40	46.5833	335527	4	Yerevan, Yerevan*, Armenia	AM	AM11	4936	40.1811	44.5136	-2325645	20260529183000	https://www.eng.kavkaz-uzel.eu/articles/75689
1306568580	20260529	202605	2026	2026.4082	AZE	AZERBAIJAN	AZE								ARM	ARMENIAN	ARM								0	051	051	05	1	3.4	1	1	1	-3.46779900920029	4	Yerevan, Yerevan*, Armenia	AM	AM11	4936	40.1811	44.5136	-2325645	4	Yerevan, Yerevan*, Armenia	AM	AM11	4936	40.1811	44.5136	-2325645	4	Yerevan, Yerevan*, Armenia	AM	AM11	4936	40.1811	44.5136	-2325645	20260529183000	https://www.eng.kavkaz-uzel.eu/articles/75689
1306568581	20260529	202605	2026	2026.4082	AZE	AZERBAIJAN	AZE								ARM	ARMENIAN	ARM								0	051	051	05	1	3.4	1	1	1	-3.46779900920029	4	Khojaly, Xocali, Azerbaijan	AJ	AJ64	488	39.913	46.7903	-2707002	4	Khojaly, Xocali, Azerbaijan	AJ	AJ64	488	39.913	46.7903	-2707002	4	Yerevan, Yerevan*, Armenia	AM	AM11	4936	40.1811	44.5136	-2325645	20260529183000	https://www.eng.kavkaz-uzel.eu/articles/75689
1306568582	20260529	202605	2026	2026.4082	AZE	AZERBAIJANI	AZE								ARMGOV	ARMENIAN	ARM					GOV			0	040	040	04	1	1.0	3	1	3	-3.46779900920029	4	Baku, Baki*, Azerbaijan	AJ	AJ09	534	40.3953	49.8822	-2705195	4	Yerevan, Yerevan*, Armenia	AM	AM11	4936	40.1811	44.5136	-2325645	4	Yerevan, Yerevan*, Armenia	AM	AM11	4936	40.1811	44.5136	-2325645	20260529183000	https://www.eng.kavkaz-uzel.eu/articles/75689
1306568583	20260529	202605	2026	2026.4082	AZE	AZERBAIJAN	AZE								AZECVL	AZERBAIJAN	AZE					CVL			0	042	042	04	1	1.9	4	1	4	-3.46779900920029	4	Tazabina, Xocali, Azerbaijan	AJ	AJ64	535	39.9275	46.7781	-2707971	4	Tazabina, Xocali, Azerbaijan	AJ	AJ64	535	39.9275	46.7781	-2707971	4	Tazabina, Xocali, Azerbaijan	AJ	AJ64	535	39.9275	46.7781	-2707971	20260529183000	https://www.eng.kavkaz-uzel.eu/articles/75689
1306568584	20260529	202605	2026	2026.4082	AZE	AZERBAIJANI	AZE								AZEREF	AZERBAIJAN	AZE					REF			1	192	192	19	4	-9.5	4	1	4	-3.46779900920029	4	Badara, Xocali, Azerbaijan	AJ	AJ64	535	39.9217	46.6619	-2705163	4	Badara, Xocali, Azerbaijan	AJ	AJ64	535	39.9217	46.6619	-2705163	4	Khojaly, Xocali, Azerbaijan	AJ	AJ64	488	39.913	46.7903	-2707002	20260529183000	https://www.eng.kavkaz-uzel.eu/articles/75689
1306568585	20260529	202605	2026	2026.4082	AZE	AZERBAIJAN	AZE								CRM	CRIMINAL						CRM			0	173	173	17	4	-5.0	1	1	1	-3.46779900920029	4	Badara, Xocali, Azerbaijan	AJ	AJ64	535	39.9217	46.6619	-2705163	4	Yerevan, Yerevan*, Armenia	AM	AM11	4936	40.1811	44.5136	-2325645	4	Badara, Xocali, Azerbaijan	AJ	AJ64	535	39.9217	46.6619	-2705163	20260529183000	https://www.eng.kavkaz-uzel.eu/articles/75689
1306568586	20260529	202605	2026	2026.4082	AZE	AZERBAIJAN	AZE								CRM	CRIMINAL						CRM			0	173	173	17	4	-5.0	7	1	7	-3.46779900920029	4	Baku, Baki*, Azerbaijan	AJ	AJ09	534	40.3953	49.8822	-2705195	4	Baku, Baki*, Azerbaijan	AJ	AJ09	534	40.3953	49.8822	-2705195	4	Baku, Baki*, Azerbaijan	AJ	AJ09	534	40.3953	49.8822	-2705195	20260529183000	https://www.eng.kavkaz-uzel.eu/articles/75689
1306568587	20260529	202605	2026	2026.4082	AZE	AZERBAIJANI	AZE								CVL	VILLAGE						CVL			1	042	042	04	1	1.9	8	1	8	-3.46779900920029	4	Khojaly, Xocali, Azerbaijan	AJ	AJ64	488	39.913	46.7903	-2707002	4	Khojaly, Xocali, Azerbaijan	AJ	AJ64	488	39.913	46.7903	-2707002	4	Karabakh, Dagestan, Russia	RS	RS17	25069	42.4692	46.8645	-2920856	20260529183000	https://www.eng.kavkaz-uzel.eu/articles/75689
1306568588	20260529	202605	2026	2026.4082	AZE	AZERBAIJANI	AZE								CVL	VILLAGE						CVL			0	042	042	04	1	1.9	4	1	4	-3.46779900920029	4	Tazabina, Xocali, Azerbaijan	AJ	AJ64	535	39.9275	46.7781	-2707971	4	Tazabina, Xocali, Azerbaijan	AJ	AJ64	535	39.9275	46.7781	-2707971	4	Tazabina, Xocali, Azerbaijan	AJ	AJ64	535	39.9275	46.7781	-2707971	20260529183000	https://www.eng.kavkaz-uzel.eu/articles/75689
1306568589	20260529	202605	2026	2026.4082	AZE	AZERBAIJANI	AZE								CVL	VILLAGE						CVL			1	080	080	08	2	5.0	1	1	1	-3.46779900920029	4	Khojaly, Xocali, Azerbaijan	AJ	AJ64	488	39.913	46.7903	-2707002	4	Yerevan, Yerevan*, Armenia	AM	AM11	4936	40.1811	44.5136	-2325645	4	Khojaly, Xocali, Azerbaijan	AJ	AJ64	488	39.913	46.7903	-2707002	20260529183000	https://www.eng.kavkaz-uzel.eu/articles/75689
1306568590	20260529	202605	2026	2026.4082	AZE	AZERBAIJANI	AZE								CVL	VILLAGE						CVL			1	080	080	08	2	5.0	7	1	7	-3.46779900920029	4	Khojaly, Xocali, Azerbaijan	AJ	AJ64	488	39.913	46.7903	-2707002	4	Khojaly, Xocali, Azerbaijan	AJ	AJ64	488	39.913	46.7903	-2707002	4	Khojaly, Xocali, Azerbaijan	AJ	AJ64	488	39.913	46.7903	-2707002	20260529183000	https://www.eng.kavkaz-uzel.eu/articles/75689
1306568591	20260529	202605	2026	2026.4082	AZE	AZERBAIJANI	AZE								CVL	VILLAGE						CVL			0	190	190	19	4	-10.0	1	1	1	-3.46779900920029	4	Khnapat, Xocali, Azerbaijan	AJ	AJ64	488	39.97	46.8186	-2706922	4	Khnapat, Xocali, Azerbaijan	AJ	AJ64	488	39.97	46.8186	-2706922	4	Khnapat, Xocali, Azerbaijan	AJ	AJ64	488	39.97	46.8186	-2706922	20260529183000	https://www.eng.kavkaz-uzel.eu/articles/75689
1306568592	20260529	202605	2026	2026.4082	AZE	AZERBAIJANI	AZE								CVL	CIVILIAN						CVL			0	190	190	19	4	-10.0	4	1	4	-3.46779900920029	4	Khojaly, Xocali, Azerbaijan	AJ	AJ64	488	39.913	46.7903	-2707002	4	Khojaly, Xocali, Azerbaijan	AJ	AJ64	488	39.913	46.7903	-2707002	4	Khojaly, Xocali, Azerbaijan	AJ	AJ64	488	39.913	46.7903	-2707002	20260529183000	https://www.eng.kavkaz-uzel.eu/articles/75689
1306568593	20260529	202605	2026	2026.4082	AZE	AZERBAIJANI	AZE								CVL	VILLAGE						CVL			0	190	190	19	4	-10.0	1	1	1	-3.46779900920029	4	Artsakh, Azerbaijan (general), Azerbaijan	AJ	AJ00	147321	40	46.5833	335527	4	Artsakh, Azerbaijan (general), Azerbaijan	AJ	AJ00	147321	40	46.5833	335527	4	Artsakh, Azerbaijan (general), Azerbaijan	AJ	AJ00	147321	40	46.5833	335527	20260529183000	https://www.eng.kavkaz-uzel.eu/articles/75689
1306568594	20260529	202605	2026	2026.4082	AZE	AZERBAIJANI	AZE								GOV	ADMINISTRATION						GOV			0	192	192	19	4	-9.5	1	1	1	-3.46779900920029	4	Yerevan, Yerevan*, Armenia	AM	AM11	4936	40.1811	44.5136	-2325645	4	Yerevan, Yerevan*, Armenia	AM	AM11	4936	40.1811	44.5136	-2325645	4	Yerevan, Yerevan*, Armenia	AM	AM11	4936	40.1811	44.5136	-2325645	20260529183000	https://www.eng.kavkaz-uzel.eu/articles/75689
1306568595	20260529	202605	2026	2026.4082	AZE	AZERBAIJANI	AZE								GOV	ADMINISTRATION						GOV			0	192	192	19	4	-9.5	1	1	1	-3.46779900920029	4	Khnapat, Xocali, Azerbaijan	AJ	AJ64	488	39.97	46.8186	-2706922	4	Khnapat, Xocali, Azerbaijan	AJ	AJ64	488	39.97	46.8186	-2706922	4	Khnapat, Xocali, Azerbaijan	AJ	AJ64	488	39.97	46.8186	-2706922	20260529183000	https://www.eng.kavkaz-uzel.eu/articles/75689
1306568596	20260529	202605	2026	2026.4082	AZE	AZERBAIJAN	AZE								RUS	RUSSIA	RUS								0	125	125	12	3	-5.0	1	1	1	-3.46779900920029	4	Yerevan, Yerevan*, Armenia	AM	AM11	4936	40.1811	44.5136	-2325645	4	Yerevan, Yerevan*, Armenia	AM	AM11	4936	40.1811	44.5136	-2325645	4	Yerevan, Yerevan*, Armenia	AM	AM11	4936	40.1811	44.5136	-2325645	20260529183000	https://www.eng.kavkaz-uzel.eu/articles/75689
1306568597	20260529	202605	2026	2026.4082	AZE	AZERBAIJAN	AZE								RUS	RUSSIA	RUS								0	125	125	12	3	-5.0	2	1	2	-3.46779900920029	4	Yerevan, Yerevan*, Armenia	AM	AM11	4936	40.1811	44.5136	-2325645	4	Yerevan, Yerevan*, Armenia	AM	AM11	4936	40.1811	44.5136	-2325645	4	Baku, Baki*, Azerbaijan	AJ	AJ09	534	40.3953	49.8822	-2705195	20260529183000	https://www.eng.kavkaz-uzel.eu/articles/75689
1306568598	20260529	202605	2026	2026.4082	AZE	AZERBAIJAN	AZE								RUS	RUSSIA	RUS								0	125	125	12	3	-5.0	3	1	3	-3.46779900920029	4	Baku, Baki*, Azerbaijan	AJ	AJ09	534	40.3953	49.8822	-2705195	4	Karabakh, Dagestan, Russia	RS	RS17	25069	42.4692	46.8645	-2920856	4	Baku, Baki*, Azerbaijan	AJ	AJ09	534	40.3953	49.8822	-2705195	20260529183000	https://www.eng.kavkaz-uzel.eu/articles/75689
1306568599	20260529	202605	2026	2026.4082	AZE	BAKU	AZE								RUS	RUSSIA	RUS								0	173	173	17	4	-5.0	2	1	2	-3.46779900920029	4	Badara, Xocali, Azerbaijan	AJ	AJ64	535	39.9217	46.6619	-2705163	4	Badara, Xocali, Azerbaijan	AJ	AJ64	535	39.9217	46.6619	-2705163	4	Badara, Xocali, Azerbaijan	AJ	AJ64	535	39.9217	46.6619	-2705163	20260529183000	https://www.eng.kavkaz-uzel.eu/articles/75689
1306568600	20260529	202605	2026	2026.4082	AZE	BAKU	AZE								RUS	RUSSIA	RUS								0	173	173	17	4	-5.0	2	1	2	-3.46779900920029	4	Baku, Baki*, Azerbaijan	AJ	AJ09	534	40.3953	49.8822	-2705195	4	Karabakh, Dagestan, Russia	RS	RS17	25069	42.4692	46.8645	-2920856	4	Karabakh, Dagestan, Russia	RS	RS17	25069	42.4692	46.8645	-2920856	20260529183000	https://www.eng.kavkaz-uzel.eu/articles/75689
1306568601	20260529	202605	2026	2026.4082	AZECVL	AZERBAIJAN	AZE					CVL			AZE	AZERBAIJAN	AZE								0	043	043	04	1	2.8	4	1	4	-3.46779900920029	4	Tazabina, Xocali, Azerbaijan	AJ	AJ64	535	39.9275	46.7781	-2707971	4	Tazabina, Xocali, Azerbaijan	AJ	AJ64	535	39.9275	46.7781	-2707971	4	Tazabina, Xocali, Azerbaijan	AJ	AJ64	535	39.9275	46.7781	-2707971	20260529183000	https://www.eng.kavkaz-uzel.eu/articles/75689
1306568602	20260529	202605	2026	2026.4082	AZEGOV	AZERBAIJANI	AZE					GOV			CVL	CIVILIAN						CVL			0	190	190	19	4	-10.0	3	1	3	-3.46779900920029	4	Khojaly, Xocali, Azerbaijan	AJ	AJ64	488	39.913	46.7903	-2707002	4	Khojaly, Xocali, Azerbaijan	AJ	AJ64	488	39.913	46.7903	-2707002	4	Khojaly, Xocali, Azerbaijan	AJ	AJ64	488	39.913	46.7903	-2707002	20260529183000	https://www.eng.kavkaz-uzel.eu/articles/75689
1306568603	20260529	202605	2026	2026.4082	AZEMIL	AZERBAIJANI	AZE					MIL			AZE	AZERBAIJANI	AZE								0	192	192	19	4	-9.5	6	1	6	-3.46779900920029	4	Khnapat, Xocali, Azerbaijan	AJ	AJ64	488	39.97	46.8186	-2706922	4	Khnapat, Xocali, Azerbaijan	AJ	AJ64	488	39.97	46.8186	-2706922	4	Khnapat, Xocali, Azerbaijan	AJ	AJ64	488	39.97	46.8186	-2706922	20260529183000	https://www.eng.kavkaz-uzel.eu/articles/75689
1306568604	20260529	202605	2026	2026.4082	AZEMIL	AZERBAIJAN	AZE					MIL			RUS	RUSSIA	RUS								0	173	173	17	4	-5.0	4	1	4	-3.46779900920029	4	Baku, Baki*, Azerbaijan	AJ	AJ09	534	40.3953	49.8822	-2705195	4	Karabakh, Dagestan, Russia	RS	RS17	25069	42.4692	46.8645	-2920856	4	Karabakh, Dagestan, Russia	RS	RS17	25069	42.4692	46.8645	-2920856	20260529183000	https://www.eng.kavkaz-uzel.eu/articles/75689
1306568605	20260529	202605	2026	2026.4082	AZEREF	AZERBAIJANI	AZE					REF			AZE	AZERBAIJAN	AZE								1	192	192	19	4	-9.5	6	1	6	-3.46779900920029	4	Badara, Xocali, Azerbaijan	AJ	AJ64	535	39.9217	46.6619	-2705163	4	Badara, Xocali, Azerbaijan	AJ	AJ64	535	39.9217	46.6619	-2705163	4	Badara, Xocali, Azerbaijan	AJ	AJ64	535	39.9217	46.6619	-2705163	20260529183000	https://www.eng.kavkaz-uzel.eu/articles/75689
1306568606	20260529	202605	2026	2026.4082	BHS	BAHAMA	BHS																		0	015	015	01	1	0.0	4	1	2	-13.7709137709138	1	Bahamas, The	BF	BF		24	-76	BF	0								1	Bahamas, The	BF	BF		24	-76	BF	20260529183000	https://www.tribune242.com/news/2026/may/29/man-ordered-to-serve-prison-time-for-manslaughter-conviction-in-infants-death/
1306568607	20260529	202605	2026	2026.4082	BHS	NASSAU	BHS																		0	043	043	04	1	2.8	8	1	8	-2.7063599458728	4	Nassau, New Providence, Bahamas, The	BF	BF23	5747	25.0833	-77.35	-1543832	0								4	Nassau, New Providence, Bahamas, The	BF	BF23	5747	25.0833	-77.35	-1543832	20260529183000	https://www.cruisehive.com/carnival-sued-after-passenger-loses-both-legs-in-bahamas-shore-excursion-accident/210359
1306568608	20260529	202605	2026	2026.4082	BHS	NASSAU	BHS																		0	043	043	04	1	2.8	2	1	2	-2.7063599458728	4	Nassau, New Providence, Bahamas, The	BF	BF23	5747	25.0833	-77.35	-1543832	0								2	Florida, United States	US	USFL		27.8333	-81.717	FL	20260529183000	https://www.cruisehive.com/carnival-sued-after-passenger-loses-both-legs-in-bahamas-shore-excursion-accident/210359
1306568609	20260529	202605	2026	2026.4082	BHS	BAHAMA	BHS																		1	051	051	05	1	3.4	1	1	1	-2.7063599458728	4	Nassau, New Providence, Bahamas, The	BF	BF23	5747	25.0833	-77.35	-1543832	0								2	Florida, United States	US	USFL		27.8333	-81.717	FL	20260529183000	https://www.cruisehive.com/carnival-sued-after-passenger-loses-both-legs-in-bahamas-shore-excursion-accident/210359
1306568610	20260529	202605	2026	2026.4082	BHS	BAHAMA	BHS																		1	0831	083	08	2	5.0	4	1	4	0	4	Freeport, West Grand Bahama, Bahamas, The	BF	BF54	5747	26.5333	-78.7	-1543278	0								4	Freeport, West Grand Bahama, Bahamas, The	BF	BF54	5747	26.5333	-78.7	-1543278	20260529183000	https://www.tribune242.com/news/2026/may/29/veteran-journalist-opal-roach-replaces-clint-watson-at-zns/
1306568611	20260529	202605	2026	2026.4082	BHS	BAHAMA	BHS																		0	112	112	11	3	-2.0	2	1	2	-2.7063599458728	4	Nassau, New Providence, Bahamas, The	BF	BF23	5747	25.0833	-77.35	-1543832	0								4	Nassau, New Providence, Bahamas, The	BF	BF23	5747	25.0833	-77.35	-1543832	20260529183000	https://www.cruisehive.com/carnival-sued-after-passenger-loses-both-legs-in-bahamas-shore-excursion-accident/210359
1306568612	20260529	202605	2026	2026.4082	BHS	BAHAMA	BHS																		0	120	120	12	3	-4.0	4	1	4	-13.7709137709138	1	Bahamas, The	BF	BF		24	-76	BF	0								1	Bahamas, The	BF	BF		24	-76	BF	20260529183000	https://www.tribune242.com/news/2026/may/29/man-ordered-to-serve-prison-time-for-manslaughter-conviction-in-infants-death/
1306568613	20260529	202605	2026	2026.4082	BHS	BAHAMA	BHS								BHSGOV	BAHAMA	BHS					GOV			0	042	042	04	1	1.9	2	1	2	-3.21285140562249	4	Nassau, New Providence, Bahamas, The	BF	BF23	5747	25.0833	-77.35	-1543832	4	Nassau, New Providence, Bahamas, The	BF	BF23	5747	25.0833	-77.35	-1543832	4	Nassau, New Providence, Bahamas, The	BF	BF23	5747	25.0833	-77.35	-1543832	20260529183000	https://www.tribune242.com/news/2026/may/29/bbpsu-members-demand-answers-over-alleged-financial-mismanagement/
1306568614	20260529	202605	2026	2026.4082	BHS	BAHAMA	BHS								BHSGOV	BAHAMA	BHS					GOV			0	043	043	04	1	2.8	2	1	2	-3.21285140562249	4	Nassau, New Providence, Bahamas, The	BF	BF23	5747	25.0833	-77.35	-1543832	4	Nassau, New Providence, Bahamas, The	BF	BF23	5747	25.0833	-77.35	-1543832	4	Nassau, New Providence, Bahamas, The	BF	BF23	5747	25.0833	-77.35	-1543832	20260529183000	https://www.tribune242.com/news/2026/may/29/bbpsu-members-demand-answers-over-alleged-financial-mismanagement/
1306568615	20260529	202605	2026	2026.4082	BHS	BAHAMA	BHS								BUS	CORPORATION						BUS			1	030	030	03	1	4.0	4	1	4	2.64550264550264	1	Bahamas, The	BF	BF		24	-76	BF	1	Bahamas, The	BF	BF		24	-76	BF	1	Bahamas, The	BF	BF		24	-76	BF	20260529183000	https://znsbahamas.com/new-zns-acting-gm-appointed/
1306568616	20260529	202605	2026	2026.4082	BHS	BAHAMA	BHS								USA	UNITED STATES	USA								1	051	051	05	1	3.4	1	1	1	-2.7063599458728	4	Nassau, New Providence, Bahamas, The	BF	BF23	5747	25.0833	-77.35	-1543832	4	Nassau, New Providence, Bahamas, The	BF	BF23	5747	25.0833	-77.35	-1543832	4	Nassau, New Providence, Bahamas, The	BF	BF23	5747	25.0833	-77.35	-1543832	20260529183000	https://www.cruisehive.com/carnival-sued-after-passenger-loses-both-legs-in-bahamas-shore-excursion-accident/210359
1306568617	20260529	202605	2026	2026.4082	BHS	BAHAMA	BHS								USA	UNITED STATES	USA								1	051	051	05	1	3.4	1	1	1	-2.7063599458728	4	Nassau, New Providence, Bahamas, The	BF	BF23	5747	25.0833	-77.35	-1543832	2	Florida, United States	US	USFL		27.8333	-81.717	FL	2	Florida, United States	US	USFL		27.8333	-81.717	FL	20260529183000	https://www.cruisehive.com/carnival-sued-after-passenger-loses-both-legs-in-bahamas-shore-excursion-accident/210359
1306568618	20260529	202605	2026	2026.4082	BHS	BAHAMA	BHS								USAJUD	UNITED STATES	USA					JUD			0	020	020	02	1	3.0	4	1	4	-2.7063599458728	4	Nassau, New Providence, Bahamas, The	BF	BF23	5747	25.0833	-77.35	-1543832	2	Florida, United States	US	USFL		27.8333	-81.717	FL	2	Florida, United States	US	USFL		27.8333	-81.717	FL	20260529183000	https://www.cruisehive.com/carnival-sued-after-passenger-loses-both-legs-in-bahamas-shore-excursion-accident/210359
1306568619	20260529	202605	2026	2026.4082	BHSBUS	BAHAMIAN	BHS					BUS			USAJUD	FLORIDA	USA					JUD			0	020	020	02	1	3.0	2	1	2	-2.7063599458728	4	Nassau, New Providence, Bahamas, The	BF	BF23	5747	25.0833	-77.35	-1543832	2	Florida, United States	US	USFL		27.8333	-81.717	FL	2	Florida, United States	US	USFL		27.8333	-81.717	FL	20260529183000	https://www.cruisehive.com/carnival-sued-after-passenger-loses-both-legs-in-bahamas-shore-excursion-accident/210359
1306568620	20260529	202605	2026	2026.4082	BHSGOV	BAHAMA	BHS					GOV			BHS	BAHAMA	BHS								0	042	042	04	1	1.9	2	1	2	-3.21285140562249	4	Nassau, New Providence, Bahamas, The	BF	BF23	5747	25.0833	-77.35	-1543832	4	Nassau, New Providence, Bahamas, The	BF	BF23	5747	25.0833	-77.35	-1543832	4	Nassau, New Providence, Bahamas, The	BF	BF23	5747	25.0833	-77.35	-1543832	20260529183000	https://www.tribune242.com/news/2026/may/29/bbpsu-members-demand-answers-over-alleged-financial-mismanagement/
1306568621	20260529	202605	2026	2026.4082	BHSGOV	BAHAMA	BHS					GOV			BHS	BAHAMA	BHS								0	043	043	04	1	2.8	2	1	2	-3.21285140562249	4	Nassau, New Providence, Bahamas, The	BF	BF23	5747	25.0833	-77.35	-1543832	4	Nassau, New Providence, Bahamas, The	BF	BF23	5747	25.0833	-77.35	-1543832	4	Nassau, New Providence, Bahamas, The	BF	BF23	5747	25.0833	-77.35	-1543832	20260529183000	https://www.tribune242.com/news/2026/may/29/bbpsu-members-demand-answers-over-alleged-financial-mismanagement/
1306568622	20260529	202605	2026	2026.4082	BLR	BELARUS	BLR								IRN	IRAN	IRN								0	060	060	06	2	6.0	2	1	2	-0.64655172413793	1	Armenia	AM	AM		40	45	AM	1	Russia	RS	RS		60	100	RS	1	Russia	RS	RS		60	100	RS	20260529183000	https://www.presstv.ir/Detail/2026/05/29/769476/Iran-Eurasian-Economic-Union-regional-development-US-Israel-aggression-Masoud-Pezeshkian
1306568623	20260529	202605	2026	2026.4082	BLR	BELARUS	BLR								IRN	IRAN	IRN								0	060	060	06	2	6.0	2	1	2	-0.64655172413793	1	Belarus	BO	BO		53	28	BO	4	Tehran, Tehran, Iran	IR	IR26	41130	35.75	51.5148	10074674	1	Russia	RS	RS		60	100	RS	20260529183000	https://www.presstv.ir/Detail/2026/05/29/769476/Iran-Eurasian-Economic-Union-regional-development-US-Israel-aggression-Masoud-Pezeshkian
1306568624	20260529	202605	2026	2026.4082	BRA	BRAZILIAN	BRA																		1	180	180	18	4	-9.0	2	1	2	-7.2198275862069	4	Rio De Janeiro, Estado do Rio, Brazil	BR	BR21	9961	-22.9	-43.2333	-666610	0								4	Rio De Janeiro, Estado do Rio, Brazil	BR	BR21	9961	-22.9	-43.2333	-666610	20260529183000	https://insightcrime.org/news/brazil-terrorist-groups-pcc-red-command-explained/
1306568625	20260529	202605	2026	2026.4082	BUS	COMPANY						BUS													0	010	010	01	1	0.0	3	1	3	-1.13207547169811	4	Tewkesbury, Gloucestershire, United Kingdom	UK	UKE6	40113	52	-2.15	-2609585	0								4	Tewkesbury, Gloucestershire, United Kingdom	UK	UKE6	40113	52	-2.15	-2609585	20260529183000	https://www.gazetteseries.co.uk/news/26151655.iconic-british-fashion-brand-shut-21-stores-jobs-lost/
1306568626	20260529	202605	2026	2026.4082	BUS	COMPANY						BUS													1	020	020	02	1	3.0	6	1	6	-1.3029315960912	3	Morgan City, Louisiana, United States	US	USLA	LA101	29.6994	-91.2068	1627693	0								3	Morgan City, Louisiana, United States	US	USLA		29.6994	-91.2068	1627693	20260529183000	https://www.waterwaysjournal.net/2026/05/29/conrad-industries-reports-quarterly-results-and-backlog/
1306568627	20260529	202605	2026	2026.4082	BUS	COMPANY						BUS													1	020	020	02	1	3.0	4	1	4	-1.3029315960912	2	Texas, United States	US	USTX		31.106	-97.6475	TX	0								3	Morgan City, Louisiana, United States	US	USLA		29.6994	-91.2068	1627693	20260529183000	https://www.waterwaysjournal.net/2026/05/29/conrad-industries-reports-quarterly-results-and-backlog/
1306568628	20260529	202605	2026	2026.4082	BUS	CORPORATION						BUS													1	030	030	03	1	4.0	6	1	6	2.64550264550264	1	Bahamas, The	BF	BF		24	-76	BF	0								1	Bahamas, The	BF	BF		24	-76	BF	20260529183000	https://znsbahamas.com/new-zns-acting-gm-appointed/
1306568629	20260529	202605	2026	2026.4082	BUS	COMPANY						BUS													1	0331	033	03	1	5.2	4	1	4	0.44345898004435	3	Greenville, South Carolina, United States	US	USSC	SC045	34.8526	-82.394	1245842	0								3	Greenville, South Carolina, United States	US	USSC	SC045	34.8526	-82.394	1245842	20260529183000	http://www.greenvillebusinessmag.com/stories/sc-offers-tax-breaks-to-companies-turning-landfill-emissions-into-natural-gas,42442
1306568630	20260529	202605	2026	2026.4082	BUS	LANDLORD						BUS													0	036	036	03	1	4.0	10	1	10	-2.36065573770492	3	Chicago, Illinois, United States	US	USIL	IL031	41.85	-87.6501	423587	0								3	Chicago, Illinois, United States	US	USIL	IL031	41.85	-87.6501	423587	20260529183000	https://www.chicagotribune.com/2026/05/29/mayor-brandon-johnson-renter-laws-landlords/
1306568631	20260529	202605	2026	2026.4082	BUS	BUSINESS						BUS													1	043	043	04	1	2.8	5	1	5	5.16194331983805	4	Shizukuishi, Iwate, Japan	JA	JA16	34654	39.6833	140.983	-244101	0								4	Shizukuishi, Iwate, Japan	JA	JA16	34654	39.6833	140.983	-244101	20260529183000	https://www.esquire.com/uk/watches/a71444123/5-grand-seiko-watches-under-retail-may-2026/
1306568632	20260529	202605	2026	2026.4082	BUS	INVESTOR						BUS													0	060	060	06	2	6.0	10	1	10	2.92504570383912	2	Idaho, United States	US	USID		44.2394	-114.51	ID	0								2	Idaho, United States	US	USID		44.2394	-114.51	ID	20260529183000	https://www.renewableenergyworld.com/energy-storage/battery/nextpower-acquires-prevalon-energy-enters-battery-energy-storage-space/
1306568633	20260529	202605	2026	2026.4082	BUS	BUSINESS						BUS													0	071	071	07	2	7.4	2	1	2	-6.8901303538175	2	Florida, United States	US	USFL		27.8333	-81.717	FL	0								2	Florida, United States	US	USFL		27.8333	-81.717	FL	20260529183000	https://www.alternet.org/trump-slush-fund-2676973241/
1306568634	20260529	202605	2026	2026.4082	BUS	BUSINESS						BUS													0	071	071	07	2	7.4	3	1	3	-6.8901303538175	2	New York, United States	US	USNY		42.1497	-74.9384	NY	0								2	New York, United States	US	USNY		42.1497	-74.9384	NY	20260529183000	https://www.alternet.org/trump-slush-fund-2676973241/
1306568635	20260529	202605	2026	2026.4082	BUS	COMPANY						BUS													0	084	084	08	2	7.0	10	1	10	-1.42857142857143	2	California, United States	US	USCA		36.17	-119.746	CA	0								2	California, United States	US	USCA		36.17	-119.746	CA	20260529183000	https://stockhouse.com/news/press-releases/2026/05/29/nevada-organic-phosphate-increases-unit-offering-and-closes-final-tranche-of-705
1306568636	20260529	202605	2026	2026.4082	BUS	COMPANY						BUS													0	110	110	11	3	-2.0	10	1	10	3.87323943661972	2	Nevada, United States	US	USNV		38.4199	-117.122	NV	0								2	Nevada, United States	US	USNV		38.4199	-117.122	NV	20260529183000	https://www.manilatimes.net/2026/05/30/tmt-newswire/globenewswire/lv-petroleum-celebrates-community-milestones-with-aw-grand-opening-in-wellsville-kansas-and-live-radio-event-at-las-vegas-rallys-location/2354814
1306568637	20260529	202605	2026	2026.4082	BUS	COMPANY						BUS													1	120	120	12	3	-4.0	2	1	2	-3.7037037037037	3	Cedar Point, Ohio, United States	US	USOH	OH043	41.48	-82.6824	1056777	0								3	Cedar Point, Ohio, United States	US	USOH		41.48	-82.6824	1056777	20260529183000	https://timesofindia.indiatimes.com/world/us-streamers/who-is-allen-ferrell-youtuber-banned-for-life-from-cedar-point-and-all-six-flags-parks-over-chicken-nugget-stunt/articleshow/131397046.cms
1306568638	20260529	202605	2026	2026.4082	BUS	COMPANY						BUS													0	127	127	12	3	-5.0	5	1	5	-2.34604105571847	2	California, United States	US	USCA		36.17	-119.746	CA	0								2	California, United States	US	USCA		36.17	-119.746	CA	20260529183000	https://www.nbcnews.com/news/us-news/drag-queen-pattie-gonia-asks-apparel-company-patagonia-drop-trademark-rcna347549
1306568639	20260529	202605	2026	2026.4082	BUS	COMPANY						BUS													1	128	128	12	3	-5.0	5	1	5	-3.85756676557864	3	San Francisco, California, United States	US	USCA	CA075	37.7749	-122.419	277593	0								3	San Francisco, California, United States	US	USCA		37.7749	-122.419	277593	20260529183000	https://abcnews.com/GMA/News/23andme-accused-failing-protect-user-data-new-lawsuit/story?id=133414032
1306568640	20260529	202605	2026	2026.4082	BUS	BOSS						BUS													0	173	173	17	4	-5.0	7	1	7	-6.47985989492119	3	White House, District of Columbia, United States	US	USDC		38.8951	-77.0364	531871	0								3	White House, District of Columbia, United States	US	USDC		38.8951	-77.0364	531871	20260529183000	https://www.alternet.org/trump-pam-bondi-2676972627/
1306568641	20260529	202605	2026	2026.4082	BUS	BOSS						BUS													0	173	173	17	4	-5.0	3	1	3	-6.47985989492119	1	Iran	IR	IR		32	53	IR	0								1	Iran	IR	IR		32	53	IR	20260529183000	https://www.alternet.org/trump-pam-bondi-2676972627/
1306568642	20260529	202605	2026	2026.4082	BUS	BUSINESS						BUS			AFR	AFRICA	AFR								1	073	073	07	2	7.4	5	1	5	-3.18471337579618	0								0								0								20260529183000	https://www.channelafrica.co.za/channelafrica/news/petra-diamonds-to-cut-jobs-places-sa-finsch-mine-on-business-rescue/
1306568643	20260529	202605	2026	2026.4082	BUS	BUSINESS LEADER						BUS			CAN	CANADA	CAN								1	040	040	04	1	1.0	6	1	6	5.48780487804878	4	New Delhi, Delhi, India	IN	IN07	17911	28.6	77.2	-2106102	4	New Delhi, Delhi, India	IN	IN07	17911	28.6	77.2	-2106102	4	New Delhi, Delhi, India	IN	IN07	17911	28.6	77.2	-2106102	20260529183000	https://economictimes.indiatimes.com/news/economy/foreign-trade/india-canada-launch-trade-investment-forum/articleshow/131397012.cms
1306568644	20260529	202605	2026	2026.4082	BUS	BUSINESS LEADER						BUS			CAN	CANADA	CAN								1	040	040	04	1	1.0	4	1	4	5.48780487804878	1	Canada	CA	CA		60	-96	CA	1	Canada	CA	CA		60	-96	CA	1	Canada	CA	CA		60	-96	CA	20260529183000	https://economictimes.indiatimes.com/news/economy/foreign-trade/india-canada-launch-trade-investment-forum/articleshow/131397012.cms
1306568645	20260529	202605	2026	2026.4082	BUS	COMPANIES						BUS			GBR	UNITED KINGDOM	GBR								0	060	060	06	2	6.0	10	1	10	-1.16279069767442	4	Cramlington, Northumberland, United Kingdom	UK	UKJ6	40134	55.0667	-1.58333	-2593512	4	Cramlington, Northumberland, United Kingdom	UK	UKJ6	40134	55.0667	-1.58333	-2593512	4	Cramlington, Northumberland, United Kingdom	UK	UKJ6	40134	55.0667	-1.58333	-2593512	20260529183000	https://www.chroniclelive.co.uk/news/north-east-news/cramlington-packaging-workers-ramp-up-34034217
1306568646	20260529	202605	2026	2026.4082	BUS	COMPANY						BUS			GOV	ADMINISTRATION						GOV			1	071	071	07	2	7.4	10	1	10	-1.3029315960912	2	Louisiana, United States	US	USLA		31.1801	-91.8749	LA	2	Louisiana, United States	US	USLA		31.1801	-91.8749	LA	2	Louisiana, United States	US	USLA		31.1801	-91.8749	LA	20260529183000	https://www.waterwaysjournal.net/2026/05/29/conrad-industries-reports-quarterly-results-and-backlog/
1306568647	20260529	202605	2026	2026.4082	BUS	COMPANY						BUS			GOV	PRESIDENT						GOV			0	111	111	11	3	-2.0	6	1	6	3.87323943661972	3	Las Vegas, Nevada, United States	US	USNV	NV003	36.175	-115.137	847388	3	Las Vegas, Nevada, United States	US	USNV		36.175	-115.137	847388	3	Las Vegas, Nevada, United States	US	USNV		36.175	-115.137	847388	20260529183000	https://www.manilatimes.net/2026/05/30/tmt-newswire/globenewswire/lv-petroleum-celebrates-community-milestones-with-aw-grand-opening-in-wellsville-kansas-and-live-radio-event-at-las-vegas-rallys-location/2354814
1306568648	20260529	202605	2026	2026.4082	BUS	COMPANY						BUS			MED	PUBLICATION						MED			1	042	042	04	1	1.9	5	1	5	4.76190476190476	1	Germany	GM	GM		51.5	10.5	GM	1	Netherlands	NL	NL		52.5	5.75	NL	1	Germany	GM	GM		51.5	10.5	GM	20260529183000	https://www.esmmagazine.com/technology/picnic-reports-full-year-revenue-growth-in-france-313075
1306568649	20260529	202605	2026	2026.4082	BUS	COMPANY						BUS			MED	MEDIA						MED			1	090	090	09	2	-2.0	1	1	1	-4	4	Durban, KwaZulu-Natal, South Africa	SF	SF02	77363	-29.85	31.0167	-1224926	1	Mozambique	MZ	MZ		-18.25	35	MZ	4	Durban, KwaZulu-Natal, South Africa	SF	SF02	77363	-29.85	31.0167	-1224926	20260529183000	https://www.dailymaverick.co.za/article/2026-05-29-phala-phala-impeachment-committee-revealed-a-kruger-park-tragedy-and-bold-local-flavours/
1306568650	20260529	202605	2026	2026.4082	BUS	COMPANY						BUS			MED	MEDIA						MED			1	090	090	09	2	-2.0	4	1	4	-4	4	Durban, KwaZulu-Natal, South Africa	SF	SF02	77363	-29.85	31.0167	-1224926	1	Mozambique	MZ	MZ		-18.25	35	MZ	1	Mozambique	MZ	MZ		-18.25	35	MZ	20260529183000	https://www.dailymaverick.co.za/article/2026-05-29-phala-phala-impeachment-committee-revealed-a-kruger-park-tragedy-and-bold-local-flavours/
1306568651	20260529	202605	2026	2026.4082	BUS	COMPANY						BUS			MED	TELEVISION						MED			1	192	192	19	4	-9.5	10	1	10	1.35593220338983	1	Japan	JA	JA		36	138	JA	1	Japan	JA	JA		36	138	JA	1	Japan	JA	JA		36	138	JA	20260529183000	https://deadline.com/2026/05/japanese-manga-hotarus-way-remake-unapologetic-projects-1236928040/
1306568652	20260529	202605	2026	2026.4082	BUS	COMPANY						BUS			USA	UNITED STATES	USA								1	0331	033	03	1	5.2	6	1	6	0.44345898004435	3	Greenville, South Carolina, United States	US	USSC	SC045	34.8526	-82.394	1245842	3	Greenville, South Carolina, United States	US	USSC	SC045	34.8526	-82.394	1245842	3	Greenville, South Carolina, United States	US	USSC	SC045	34.8526	-82.394	1245842	20260529183000	http://www.greenvillebusinessmag.com/stories/sc-offers-tax-breaks-to-companies-turning-landfill-emissions-into-natural-gas,42442
1306568653	20260529	202605	2026	2026.4082	BUS	BUSINESS						BUS			USA	ARKANSAS	USA								1	043	043	04	1	2.8	20	2	20	9.29853181076672	2	Arkansas, United States	US	USAR		34.9513	-92.3809	AR	2	Arkansas, United States	US	USAR		34.9513	-92.3809	AR	2	Arkansas, United States	US	USAR		34.9513	-92.3809	AR	20260529183000	http://www.nashvilleherald.com/news/279090642/visiting-angels-in-northwest-arkansas-earns-2026-recognition-as-award-winning-home-care-agency-in-fayetteville-ar
1306568654	20260529	202605	2026	2026.4082	BUS	INDUSTRY						BUS			USA	CALIFORNIA	USA								1	057	057	05	1	8.0	7	1	7	2.50297973778308	2	California, United States	US	USCA		36.17	-119.746	CA	3	Petaluma, California, United States	US	USCA	CA097	38.2324	-122.637	277575	3	Petaluma, California, United States	US	USCA	CA097	38.2324	-122.637	277575	20260529183000	https://www.harpersbazaar.com/fashion/designers/a71413103/alex-consani-the-good-buy/
1306568655	20260529	202605	2026	2026.4082	BUS	INDUSTRY						BUS			USA	CALIFORNIA	USA								1	057	057	05	1	8.0	3	1	3	2.50297973778308	2	California, United States	US	USCA		36.17	-119.746	CA	2	California, United States	US	USCA		36.17	-119.746	CA	3	Petaluma, California, United States	US	USCA	CA097	38.2324	-122.637	277575	20260529183000	https://www.harpersbazaar.com/fashion/designers/a71413103/alex-consani-the-good-buy/
1306568656	20260529	202605	2026	2026.4082	BUS	COMPANY						BUS			USA	UNITED STATES	USA								1	120	120	12	3	-4.0	6	1	6	-3.7037037037037	3	Cedar Point, Ohio, United States	US	USOH	OH043	41.48	-82.6824	1056777	3	Cedar Point, Ohio, United States	US	USOH		41.48	-82.6824	1056777	3	Cedar Point, Ohio, United States	US	USOH		41.48	-82.6824	1056777	20260529183000	https://timesofindia.indiatimes.com/world/us-streamers/who-is-allen-ferrell-youtuber-banned-for-life-from-cedar-point-and-all-six-flags-parks-over-chicken-nugget-stunt/articleshow/131397046.cms
1306568657	20260529	202605	2026	2026.4082	CAN	BRITISH COLUMBIA	CAN																		0	043	043	04	1	2.8	2	1	2	-0.75528700906345	1	United Kingdom	UK	UK		54	-4	UK	0								1	United Kingdom	UK	UK		54	-4	UK	20260529183000	https://www.pentictonherald.ca/news/article_cef1c27a-9b04-4ce1-a8cc-2472fb3e288d.html
1306568658	20260529	202605	2026	2026.4082	CAN	CANADIAN	CAN																		1	111	111	11	3	-2.0	16	1	8	2.48756218905473	4	Brockville, Ontario, Canada	CA	CA08	30554	44.5833	-75.6833	-561684	0								4	Brockville, Ontario, Canada	CA	CA08	30554	44.5833	-75.6833	-561684	20260529183000	https://www.recorder.ca:443/life/fashion-beauty/canadian-hair-care-brand-launches-blonds-only-collection
1306568659	20260529	202605	2026	2026.4082	CAN	CANADA	CAN								BUS	BUSINESS LEADER						BUS			1	040	040	04	1	1.0	4	1	4	5.48780487804878	4	New Delhi, Delhi, India	IN	IN07	17911	28.6	77.2	-2106102	1	Canada	CA	CA		60	-96	CA	4	New Delhi, Delhi, India	IN	IN07	17911	28.6	77.2	-2106102	20260529183000	https://economictimes.indiatimes.com/news/economy/foreign-trade/india-canada-launch-trade-investment-forum/articleshow/131397012.cms
1306568660	20260529	202605	2026	2026.4082	CAN	CANADA	CAN								BUS	BUSINESS LEADER						BUS			1	040	040	04	1	1.0	6	1	6	5.48780487804878	1	Canada	CA	CA		60	-96	CA	1	Canada	CA	CA		60	-96	CA	1	Canada	CA	CA		60	-96	CA	20260529183000	https://economictimes.indiatimes.com/news/economy/foreign-trade/india-canada-launch-trade-investment-forum/articleshow/131397012.cms
1306568661	20260529	202605	2026	2026.4082	CAN	CANADA	CAN								CANGOV	CANADA	CAN					GOV			1	040	040	04	1	1.0	1	1	1	5.48780487804878	1	Canada	CA	CA		60	-96	CA	1	Canada	CA	CA		60	-96	CA	1	Canada	CA	CA		60	-96	CA	20260529183000	https://economictimes.indiatimes.com/news/economy/foreign-trade/india-canada-launch-trade-investment-forum/articleshow/131397012.cms
1306568662	20260529	202605	2026	2026.4082	CAN	CALGARY	CAN								CVL	NEIGHBORHOOD						CVL			1	051	051	05	1	3.4	10	1	10	3.46020761245675	2	South Carolina, United States	US	USSC		33.8191	-80.9066	SC	2	South Carolina, United States	US	USSC		33.8191	-80.9066	SC	2	South Carolina, United States	US	USSC		33.8191	-80.9066	SC	20260529183000	https://www.chicagotribune.com/2026/05/29/oak-park-arts-district-slow-sunday/
1306568663	20260529	202605	2026	2026.4082	CAN	CANADA	CAN								GBR	UNITED KINGDOM	GBR								1	051	051	05	1	3.4	65	13	65	-7.24478594950604	1	Canada	CA	CA		60	-96	CA	4	Sunbury-On-Thames, Surrey, United Kingdom	UK	UKN7	40133	51.4	-0.4	-2609118	4	Sunbury-On-Thames, Surrey, United Kingdom	UK	UKN7	40133	51.4	-0.4	-2609118	20260529183000	https://www.lancashiretelegraph.co.uk/news/national/26151640.court-hears-harrowing-details-deaths-poison-sellers-victims/
1306568664	20260529	202605	2026	2026.4082	CAN	CANADA	CAN								JAM	KINGSTON	JAM								1	190	190	19	4	-10.0	6	1	6	-2.86564942314849	4	Brockville, Ontario, Canada	CA	CA08	30554	44.5833	-75.6833	-561684	4	Brockville, Ontario, Canada	CA	CA08	30554	44.5833	-75.6833	-561684	4	Brockville, Ontario, Canada	CA	CA08	30554	44.5833	-75.6833	-561684	20260529183000	https://www.recorder.ca:443/feature/kingston-man-lyme-disease-maid-medical-assistance-dying
1306568665	20260529	202605	2026	2026.4082	CAN	CANADA	CAN								iku	INUIT			iku						0	036	036	03	1	4.0	6	1	6	0	4	Arviat, Nunavut, Canada	CA	CA14	12639	61.1167	-94.05	-564322	4	Arviat, Nunavut, Canada	CA	CA14	12639	61.1167	-94.05	-564322	4	Arviat, Nunavut, Canada	CA	CA14	12639	61.1167	-94.05	-564322	20260529183000	https://www.pentictonherald.ca/spare_news/article_d1bbc634-5c43-51a0-8e76-16a4bf8b0cb7.html
1306568666	20260529	202605	2026	2026.4082	CANGOV	CANADA	CAN					GOV													1	020	020	02	1	3.0	10	1	10	2.85714285714286	1	Canada	CA	CA		60	-96	CA	0								1	Canada	CA	CA		60	-96	CA	20260529183000	https://www.thespec.com/news/hamilton-region/sunny-skies-high-uv-this-weekend/article_6c4086e0-66a7-5e63-b811-0c6bdff747a8.html
1306568667	20260529	202605	2026	2026.4082	CANGOV	CANADA	CAN					GOV			CAN	CANADA	CAN								1	040	040	04	1	1.0	1	1	1	5.48780487804878	1	Canada	CA	CA		60	-96	CA	1	Canada	CA	CA		60	-96	CA	1	Canada	CA	CA		60	-96	CA	20260529183000	https://economictimes.indiatimes.com/news/economy/foreign-trade/india-canada-launch-trade-investment-forum/articleshow/131397012.cms
1306568668	20260529	202605	2026	2026.4082	CANGOV	CANADA	CAN					GOV			CAN	CANADA	CAN								1	051	051	05	1	3.4	2	1	2	-2.16450216450217	4	Ottawa, Ontario, Canada	CA	CA08	12755	45.4167	-75.7	-570760	4	Ottawa, Ontario, Canada	CA	CA08	12755	45.4167	-75.7	-570760	4	Ottawa, Ontario, Canada	CA	CA08	12755	45.4167	-75.7	-570760	20260529183000	https://www.cbc.ca/news/canada/ottawa/ottawa-lithium-ion-fire-rules-statistics-9.7215868
1306568669	20260529	202605	2026	2026.4082	CHN	CHINA	CHN								GOV	PRESIDENT						GOV			0	043	043	04	1	2.8	2	1	2	-0.79522862823061	1	China	CH	CH		35	105	CH	4	Tehran, Tehran, Iran	IR	IR26	41130	35.75	51.5148	10074674	1	China	CH	CH		35	105	CH	20260529183000	https://edition.cnn.com/2026/05/29/politics/trump-nuclear-iran
1306568670	20260529	202605	2026	2026.4082	CHRCTH	CATHOLIC PRIEST				CHR	CTH				NGA	NIGERIA	NGA								0	051	051	05	1	3.4	4	1	4	-0.30674846625767	4	Ezeagu, Enugu, Nigeria	NI	NI47	22761	6.3832	7.2898	-2006878	4	Enugu, Enugu, Nigeria	NI	NI47	191302	6.4402	7.4943	-2006530	4	Enugu, Enugu, Nigeria	NI	NI47	191302	6.4402	7.4943	-2006530	20260529183000	https://thesun.ng/take-ownership-of-our-achievements-gov-mbah-charges-enugu-people/
1306568671	20260529	202605	2026	2026.4082	CHRPRO	EPISCOPAL				CHR	PRO				CVL	COMMUNITY						CVL			1	042	042	04	1	1.9	10	1	10	7.10059171597633	2	Michigan, United States	US	USMI		43.3504	-84.5603	MI	2	Michigan, United States	US	USMI		43.3504	-84.5603	MI	2	Michigan, United States	US	USMI		43.3504	-84.5603	MI	20260529183000	https://www.chicagotribune.com/2026/05/29/worship-news-album-release-girls-night-out-outdoor-worship-and-more/
1306568672	20260529	202605	2026	2026.4082	CHRPRO	EPISCOPAL				CHR	PRO				CVL	COMMUNITY						CVL			1	043	043	04	1	2.8	1	1	1	7.10059171597633	3	Calvary Church, Michigan, United States	US	USMI	MI077	42.2045	-85.7133	622483	3	Calvary Church, Michigan, United States	US	USMI		42.2045	-85.7133	622483	3	Calvary Church, Michigan, United States	US	USMI		42.2045	-85.7133	622483	20260529183000	https://www.chicagotribune.com/2026/05/29/worship-news-album-release-girls-night-out-outdoor-worship-and-more/
1306568673	20260529	202605	2026	2026.4082	CHRPRO	EPISCOPAL				CHR	PRO				CVL	COMMUNITY						CVL			1	043	043	04	1	2.8	9	1	9	7.10059171597633	2	Michigan, United States	US	USMI		43.3504	-84.5603	MI	2	Michigan, United States	US	USMI		43.3504	-84.5603	MI	2	Michigan, United States	US	USMI		43.3504	-84.5603	MI	20260529183000	https://www.chicagotribune.com/2026/05/29/worship-news-album-release-girls-night-out-outdoor-worship-and-more/
1306568674	20260529	202605	2026	2026.4082	COD	THE DRC	COD								GOV	MINISTRY						GOV			1	042	042	04	1	1.9	10	1	10	-7.3170731707317	4	Bundibugyo, Bundibugyo, Uganda	UG	UG28	18585	0.741389	30.0417	-1727111	4	Bundibugyo, Bundibugyo, Uganda	UG	UG28	18585	0.741389	30.0417	-1727111	4	Bundibugyo, Bundibugyo, Uganda	UG	UG28	18585	0.741389	30.0417	-1727111	20260529183000	https://www.shtfplan.com/health/who-chief-swears-ebola-outbreak-can-be-stopped
1306568675	20260529	202605	2026	2026.4082	COG	CONGO	COG																		1	111	111	11	3	-2.0	4	1	4	-7.3170731707317	1	Congo	CF	CF		-1	15	CF	0								1	Congo	CF	CF		-1	15	CF	20260529183000	https://www.shtfplan.com/health/who-chief-swears-ebola-outbreak-can-be-stopped
1306568676	20260529	202605	2026	2026.4082	COG	CONGO	COG								COD	DEMOCRATIC REPUBLIC OF CONGO	COD								1	042	042	04	1	1.9	4	1	4	-7.3170731707317	4	Bundibugyo, Bundibugyo, Uganda	UG	UG28	18585	0.741389	30.0417	-1727111	4	Bundibugyo, Bundibugyo, Uganda	UG	UG28	18585	0.741389	30.0417	-1727111	4	Bundibugyo, Bundibugyo, Uganda	UG	UG28	18585	0.741389	30.0417	-1727111	20260529183000	https://www.shtfplan.com/health/who-chief-swears-ebola-outbreak-can-be-stopped
1306568677	20260529	202605	2026	2026.4082	COP	TROOPER						COP													0	010	010	01	1	0.0	4	1	4	-3.55677154582763	3	Springfield, Missouri, United States	US	USMO	MO077	37.2153	-93.2982	735864	0								3	Springfield, Missouri, United States	US	USMO	MO077	37.2153	-93.2982	735864	20260529183000	https://www.bransontrilakesnews.com/news/article_7e898d42-de5d-4ec1-8999-20eac5ece714.html
1306568678	20260529	202605	2026	2026.4082	COP	TROOPER						COP													0	010	010	01	1	0.0	2	1	2	-3.55677154582763	3	Taney County, Missouri, United States	US	USMO	MO213	36.6501	-93.0502	758559	0								3	Taney County, Missouri, United States	US	USMO		36.6501	-93.0502	758559	20260529183000	https://www.bransontrilakesnews.com/news/article_7e898d42-de5d-4ec1-8999-20eac5ece714.html
1306568679	20260529	202605	2026	2026.4082	COP	POLICE CHIEF						COP													0	013	013	01	1	0.4	6	1	6	-4.73411154345006	3	Big Island, California, United States	US	USCA	CA055	38.5735	-122.224	1657264	0								3	Big Island, California, United States	US	USCA		38.5735	-122.224	1657264	20260529183000	https://bigislandnow.com/2026/05/29/who-is-jacob-baker-hes-in-a-viral-video-with-a-bong-served-time-in-california-and-has-a-baby-girl/
1306568680	20260529	202605	2026	2026.4082	COP	PRISON						COP													0	017	017	01	1	0.0	6	1	6	-5.5185537583254	2	Iowa, United States	US	USIA		42.0046	-93.214	IA	0								2	Iowa, United States	US	USIA		42.0046	-93.214	IA	20260529183000	https://www.timescitizen.com/news/jan-6-protestor-speaks-for-jim-carlin-at-if-event/article_d1fdae42-2cdc-44fd-b227-623adeaf661c.html
1306568681	20260529	202605	2026	2026.4082	COP	TROOPER						COP													0	036	036	03	1	4.0	10	1	10	-3.55677154582763	3	Taney County, Missouri, United States	US	USMO	MO213	36.6501	-93.0502	758559	0								3	Taney County, Missouri, United States	US	USMO		36.6501	-93.0502	758559	20260529183000	https://www.bransontrilakesnews.com/news/article_7e898d42-de5d-4ec1-8999-20eac5ece714.html
1306568682	20260529	202605	2026	2026.4082	COP	DEPUTIES						COP													1	040	040	04	1	1.0	2	1	2	-6.46551724137931	3	Shavano Park, Texas, United States	US	USTX	TX029	29.5849	-98.5525	1346987	0								3	Shavano Park, Texas, United States	US	USTX		29.5849	-98.5525	1346987	20260529183000	https://news4sanantonio.com/news/local/elderly-woman-allegedly-killed-by-her-grandson-in-shavano-park-identified-bexar-county-sheriff-deputies-investigation-evidence-bloody-crime-scene
1306568683	20260529	202605	2026	2026.4082	COP	DEPUTIES						COP													1	040	040	04	1	1.0	1	1	1	-6.46551724137931	3	Bexar County, Texas, United States	US	USTX	TX029	29.4502	-98.517	1383800	0								3	Bexar County, Texas, United States	US	USTX		29.4502	-98.517	1383800	20260529183000	https://news4sanantonio.com/news/local/elderly-woman-allegedly-killed-by-her-grandson-in-shavano-park-identified-bexar-county-sheriff-deputies-investigation-evidence-bloody-crime-scene
1306568684	20260529	202605	2026	2026.4082	COP	POLICE OFFICER						COP													0	040	040	04	1	1.0	1	1	1	-3.80673499267936	1	Kazakhstan	KZ	KZ		48	68	KZ	0								4	Bishkek, Bishkek, Kyrgyzstan	KG	KG01	37216	42.8731	74.6003	-2331392	20260529183000	http://www.centralasiatimes.com/news/279089703/kyrgyzstan-secret-police-latest-target-baptists
1306568685	20260529	202605	2026	2026.4082	COP	POLICE OFFICER						COP													0	040	040	04	1	1.0	4	1	4	-3.80673499267936	1	Kazakhstan	KZ	KZ		48	68	KZ	0								1	Kazakhstan	KZ	KZ		48	68	KZ	20260529183000	http://www.centralasiatimes.com/news/279089703/kyrgyzstan-secret-police-latest-target-baptists
1306568686	20260529	202605	2026	2026.4082	COP	DEPUTY						COP													1	051	051	05	1	3.4	6	1	6	2.64550264550264	1	Bahamas, The	BF	BF		24	-76	BF	0								1	Bahamas, The	BF	BF		24	-76	BF	20260529183000	https://znsbahamas.com/new-zns-acting-gm-appointed/
1306568687	20260529	202605	2026	2026.4082	COP	LAW ENFORCEMENT AGENCIES						COP													1	062	062	06	2	7.4	2	1	2	-5.66037735849056	3	Smith County, Texas, United States	US	USTX	TX423	32.3668	-95.2336	1383997	0								3	Smith County, Texas, United States	US	USTX		32.3668	-95.2336	1383997	20260529183000	https://www.kten.com/news/crime/texas-kidnapping-suspect-nabbed-in-atoka/article_cd0c94d4-b322-490d-83c5-a94dc05aebdb.html
1306568688	20260529	202605	2026	2026.4082	COP	LAW ENFORCEMENT AGENCIES						COP													1	062	062	06	2	7.4	6	1	6	-5.66037735849056	2	Texas, United States	US	USTX		31.106	-97.6475	TX	0								3	Smith County, Texas, United States	US	USTX		32.3668	-95.2336	1383997	20260529183000	https://www.kten.com/news/crime/texas-kidnapping-suspect-nabbed-in-atoka/article_cd0c94d4-b322-490d-83c5-a94dc05aebdb.html
1306568689	20260529	202605	2026	2026.4082	COP	LAW ENFORCEMENT AGENCIES						COP													1	062	062	06	2	7.4	2	1	2	-5.66037735849056	2	Texas, United States	US	USTX		31.106	-97.6475	TX	0								2	Texas, United States	US	USTX		31.106	-97.6475	TX	20260529183000	https://www.kten.com/news/crime/texas-kidnapping-suspect-nabbed-in-atoka/article_cd0c94d4-b322-490d-83c5-a94dc05aebdb.html
1306568690	20260529	202605	2026	2026.4082	COP	TROOPER						COP													1	090	090	09	2	-2.0	8	1	8	-5.66037735849056	3	Smith County, Texas, United States	US	USTX	TX423	32.3668	-95.2336	1383997	0								3	Smith County, Texas, United States	US	USTX		32.3668	-95.2336	1383997	20260529183000	https://www.kten.com/news/crime/texas-kidnapping-suspect-nabbed-in-atoka/article_cd0c94d4-b322-490d-83c5-a94dc05aebdb.html
1306568691	20260529	202605	2026	2026.4082	COP	TROOPER						COP													1	090	090	09	2	-2.0	2	1	2	-5.66037735849056	2	Texas, United States	US	USTX		31.106	-97.6475	TX	0								3	Smith County, Texas, United States	US	USTX		32.3668	-95.2336	1383997	20260529183000	https://www.kten.com/news/crime/texas-kidnapping-suspect-nabbed-in-atoka/article_cd0c94d4-b322-490d-83c5-a94dc05aebdb.html
1306568692	20260529	202605	2026	2026.4082	COP	POLICE CHIEF						COP													0	130	130	13	3	-4.4	6	1	6	-4.73411154345006	3	Big Island, California, United States	US	USCA	CA055	38.5735	-122.224	1657264	0								3	Big Island, California, United States	US	USCA		38.5735	-122.224	1657264	20260529183000	https://bigislandnow.com/2026/05/29/who-is-jacob-baker-hes-in-a-viral-video-with-a-bong-served-time-in-california-and-has-a-baby-girl/
1306568693	20260529	202605	2026	2026.4082	COP	POLICE						COP													1	173	173	17	4	-5.0	10	1	10	-5.95238095238095	3	North Charleston, South Carolina, United States	US	USSC	SC019	32.8546	-79.9748	1225072	0								3	North Charleston, South Carolina, United States	US	USSC		32.8546	-79.9748	1225072	20260529183000	https://www.wjcl.com/article/north-charleston-hotel-prostitution-arrest/71444472
1306568694	20260529	202605	2026	2026.4082	COP	PRISON						COP													1	173	173	17	4	-5.0	10	1	10	-13.7709137709138	1	Bahamas, The	BF	BF		24	-76	BF	0								1	Bahamas, The	BF	BF		24	-76	BF	20260529183000	https://www.tribune242.com/news/2026/may/29/man-ordered-to-serve-prison-time-for-manslaughter-conviction-in-infants-death/
1306568695	20260529	202605	2026	2026.4082	COP	POLICE						COP													0	190	190	19	4	-10.0	10	1	10	-3.80673499267936	4	Bishkek, Bishkek, Kyrgyzstan	KG	KG01	37216	42.8731	74.6003	-2331392	0								4	Bishkek, Bishkek, Kyrgyzstan	KG	KG01	37216	42.8731	74.6003	-2331392	20260529183000	http://www.centralasiatimes.com/news/279089703/kyrgyzstan-secret-police-latest-target-baptists
1306568696	20260529	202605	2026	2026.4082	COP	POLICE						COP													0	190	190	19	4	-10.0	5	1	5	-8.14977973568282	3	Cuyahoga County, Ohio, United States	US	USOH	OH035	41.4334	-81.6665	1074030	0								3	Cuyahoga County, Ohio, United States	US	USOH		41.4334	-81.6665	1074030	20260529183000	https://www.cleveland19.com/2026/05/29/cleveland-police-give-update-suspect-who-injured-several-officers/
1306568697	20260529	202605	2026	2026.4082	COP	PRISON						COP			ARE	UNITED ARAB EMIRATES	ARE								1	100	100	10	3	-5.0	2	1	2	0.40650406504065	4	Al Awir, Dubayy, United Arab Emirates	AE	AE03	149628	25.1797	55.5428	-782418	4	Al Awir, Dubayy, United Arab Emirates	AE	AE03	149628	25.1797	55.5428	-782418	4	Al Awir, Dubayy, United Arab Emirates	AE	AE03	149628	25.1797	55.5428	-782418	20260529183000	https://www.geo.tv/latest/666518-katie-price-shares-true-feelings-for-lee-andrews-in-emotional-gesture
1306568698	20260529	202605	2026	2026.4082	COP	PRISON						COP			ARE	UNITED ARAB EMIRATES	ARE								1	100	100	10	3	-5.0	2	1	2	0.40650406504065	4	Dubai, Dubayy, United Arab Emirates	AE	AE03	28575	25.2522	55.28	-782831	4	Al Awir, Dubayy, United Arab Emirates	AE	AE03	149628	25.1797	55.5428	-782418	4	Dubai, Dubayy, United Arab Emirates	AE	AE03	28575	25.2522	55.28	-782831	20260529183000	https://www.geo.tv/latest/666518-katie-price-shares-true-feelings-for-lee-andrews-in-emotional-gesture
1306568699	20260529	202605	2026	2026.4082	COP	DEPUTY						COP			CVL	COMMUNITY						CVL			0	010	010	01	1	0.0	5	1	5	-3.80673499267936	4	Bishkek, Bishkek, Kyrgyzstan	KG	KG01	37216	42.8731	74.6003	-2331392	4	Bishkek, Bishkek, Kyrgyzstan	KG	KG01	37216	42.8731	74.6003	-2331392	4	Bishkek, Bishkek, Kyrgyzstan	KG	KG01	37216	42.8731	74.6003	-2331392	20260529183000	http://www.centralasiatimes.com/news/279089703/kyrgyzstan-secret-police-latest-target-baptists
1306568700	20260529	202605	2026	2026.4082	COP	DEPUTY						COP			CVL	COMMUNITY						CVL			0	172	172	17	4	-5.0	5	1	5	-3.80673499267936	4	Bishkek, Bishkek, Kyrgyzstan	KG	KG01	37216	42.8731	74.6003	-2331392	4	Bishkek, Bishkek, Kyrgyzstan	KG	KG01	37216	42.8731	74.6003	-2331392	4	Bishkek, Bishkek, Kyrgyzstan	KG	KG01	37216	42.8731	74.6003	-2331392	20260529183000	http://www.centralasiatimes.com/news/279089703/kyrgyzstan-secret-police-latest-target-baptists
1306568701	20260529	202605	2026	2026.4082	COP	DEPUTY						COP			EUR	EUROPEAN	EUR								0	110	110	11	3	-2.0	2	1	2	-4.67980295566503	4	Kyiv, Kyyiv, Misto, Ukraine	UP	UP12	28554	50.4333	30.5167	-1044367	4	Kyiv, Kyyiv, Misto, Ukraine	UP	UP12	28554	50.4333	30.5167	-1044367	4	Kyiv, Kyyiv, Misto, Ukraine	UP	UP12	28554	50.4333	30.5167	-1044367	20260529183000	https://www.kyivpost.com/post/77130
1306568702	20260529	202605	2026	2026.4082	COP	DEPUTY						COP			EUR	EUROPEAN	EUR								0	110	110	11	3	-2.0	2	1	2	-4.67980295566503	4	Kyiv, Kyyiv, Misto, Ukraine	UP	UP12	28554	50.4333	30.5167	-1044367	4	Kremlin, Moskva, Russia	RS	RS48	25106	55.7522	37.6156	-2960561	4	Kremlin, Moskva, Russia	RS	RS48	25106	55.7522	37.6156	-2960561	20260529183000	https://www.kyivpost.com/post/77130
1306568703	20260529	202605	2026	2026.4082	COP	DEPUTY						COP			EUR	EUROPEAN	EUR								0	110	110	11	3	-2.0	6	1	6	-4.67980295566503	4	Kremlin, Moskva, Russia	RS	RS48	25106	55.7522	37.6156	-2960561	4	Kyiv, Kyyiv, Misto, Ukraine	UP	UP12	28554	50.4333	30.5167	-1044367	4	Kyiv, Kyyiv, Misto, Ukraine	UP	UP12	28554	50.4333	30.5167	-1044367	20260529183000	https://www.kyivpost.com/post/77130
1306568704	20260529	202605	2026	2026.4082	COP	POLICE						COP			GOV	AUTHORITIES						GOV			0	070	070	07	2	7.0	2	1	2	-6.15384615384615	3	Big Spring, Texas, United States	US	USTX	TX227	32.2504	-101.479	1330654	3	Big Spring, Texas, United States	US	USTX		32.2504	-101.479	1330654	3	Big Spring, Texas, United States	US	USTX		32.2504	-101.479	1330654	20260529183000	https://www.firstalert7.com/2026/05/29/texas-rangers-law-enforcement-solve-1997-midland-sexual-assault-case/
1306568705	20260529	202605	2026	2026.4082	COP	POLICE OFFICER						COP			GOV	GOVERNMENT						GOV			0	112	112	11	3	-2.0	2	1	2	-5.5185537583254	3	Cedar Rapids, Iowa, United States	US	USIA	IA113	42.0083	-91.6441	465941	3	Cedar Rapids, Iowa, United States	US	USIA		42.0083	-91.6441	465941	3	Cedar Rapids, Iowa, United States	US	USIA		42.0083	-91.6441	465941	20260529183000	https://www.timescitizen.com/news/jan-6-protestor-speaks-for-jim-carlin-at-if-event/article_d1fdae42-2cdc-44fd-b227-623adeaf661c.html
1306568706	20260529	202605	2026	2026.4082	COP	POLICE OFFICER						COP			GOV	GOVERNMENT						GOV			0	112	112	11	3	-2.0	1	1	1	-5.5185537583254	3	Washington, District of Columbia, United States	US	USDC	DC001	38.8951	-77.0364	531871	2	Iowa, United States	US	USIA		42.0046	-93.214	IA	3	Washington, District of Columbia, United States	US	USDC	DC001	38.8951	-77.0364	531871	20260529183000	https://www.timescitizen.com/news/jan-6-protestor-speaks-for-jim-carlin-at-if-event/article_d1fdae42-2cdc-44fd-b227-623adeaf661c.html
1306568707	20260529	202605	2026	2026.4082	COP	POLICE OFFICER						COP			GOV	GOVERNMENT						GOV			0	112	112	11	3	-2.0	2	1	2	-5.5185537583254	3	Washington, District of Columbia, United States	US	USDC	DC001	38.8951	-77.0364	531871	2	Iowa, United States	US	USIA		42.0046	-93.214	IA	2	Iowa, United States	US	USIA		42.0046	-93.214	IA	20260529183000	https://www.timescitizen.com/news/jan-6-protestor-speaks-for-jim-carlin-at-if-event/article_d1fdae42-2cdc-44fd-b227-623adeaf661c.html
1306568708	20260529	202605	2026	2026.4082	COP	DETECTIVE						COP			IGOCOPITP	INTERPOL		ITP				IGO	COP		1	010	010	01	1	0.0	6	1	6	-1.61030595813205	4	Dubai, Dubayy, United Arab Emirates	AE	AE03	28575	25.2522	55.28	-782831	4	Dubai, Dubayy, United Arab Emirates	AE	AE03	28575	25.2522	55.28	-782831	4	Dubai, Dubayy, United Arab Emirates	AE	AE03	28575	25.2522	55.28	-782831	20260529183000	https://www.mirror.co.uk/tv/tv-news/katie-price-lee-andrews-police-37224240
1306568709	20260529	202605	2026	2026.4082	COP	POLICE OFFICER						COP			LEG	CONGRESS						LEG			1	180	180	18	4	-9.0	6	1	6	-5.5185537583254	3	Cedar Rapids, Iowa, United States	US	USIA	IA113	42.0083	-91.6441	465941	3	Cedar Rapids, Iowa, United States	US	USIA		42.0083	-91.6441	465941	3	Cedar Rapids, Iowa, United States	US	USIA		42.0083	-91.6441	465941	20260529183000	https://www.timescitizen.com/news/jan-6-protestor-speaks-for-jim-carlin-at-if-event/article_d1fdae42-2cdc-44fd-b227-623adeaf661c.html
1306568710	20260529	202605	2026	2026.4082	COP	POLICE OFFICER						COP			LEG	CONGRESS						LEG			1	180	180	18	4	-9.0	4	1	4	-5.5185537583254	3	Washington, District of Columbia, United States	US	USDC	DC001	38.8951	-77.0364	531871	3	Washington, District of Columbia, United States	US	USDC	DC001	38.8951	-77.0364	531871	3	Washington, District of Columbia, United States	US	USDC	DC001	38.8951	-77.0364	531871	20260529183000	https://www.timescitizen.com/news/jan-6-protestor-speaks-for-jim-carlin-at-if-event/article_d1fdae42-2cdc-44fd-b227-623adeaf661c.html
1306568711	20260529	202605	2026	2026.4082	COP	POLICE						COP			MED	JOURNALIST						MED			0	190	190	19	4	-10.0	5	1	5	-5.5185537583254	2	Iowa, United States	US	USIA		42.0046	-93.214	IA	2	Iowa, United States	US	USIA		42.0046	-93.214	IA	2	Iowa, United States	US	USIA		42.0046	-93.214	IA	20260529183000	https://www.timescitizen.com/news/jan-6-protestor-speaks-for-jim-carlin-at-if-event/article_d1fdae42-2cdc-44fd-b227-623adeaf661c.html
1306568712	20260529	202605	2026	2026.4082	COP	DEPUTY						COP			RUS	RUSSIAN	RUS								0	111	111	11	3	-2.0	10	1	10	-4.67980295566503	4	Kremlin, Moskva, Russia	RS	RS48	25106	55.7522	37.6156	-2960561	4	Kremlin, Moskva, Russia	RS	RS48	25106	55.7522	37.6156	-2960561	4	Kremlin, Moskva, Russia	RS	RS48	25106	55.7522	37.6156	-2960561	20260529183000	https://www.kyivpost.com/post/77130
1306568713	20260529	202605	2026	2026.4082	COP	DEPUTIES						COP			USA	UNITED STATES	USA								1	010	010	01	1	0.0	4	1	4	-6.46551724137931	3	Bexar County, Texas, United States	US	USTX	TX029	29.4502	-98.517	1383800	3	Bexar County, Texas, United States	US	USTX		29.4502	-98.517	1383800	3	Bexar County, Texas, United States	US	USTX		29.4502	-98.517	1383800	20260529183000	https://news4sanantonio.com/news/local/elderly-woman-allegedly-killed-by-her-grandson-in-shavano-park-identified-bexar-county-sheriff-deputies-investigation-evidence-bloody-crime-scene
1306568714	20260529	202605	2026	2026.4082	COP	TROOPER						COP			USA	UNITED STATES	USA								0	010	010	01	1	0.0	4	1	4	-3.55677154582763	3	Taney County, Missouri, United States	US	USMO	MO213	36.6501	-93.0502	758559	3	Taney County, Missouri, United States	US	USMO		36.6501	-93.0502	758559	3	Taney County, Missouri, United States	US	USMO		36.6501	-93.0502	758559	20260529183000	https://www.bransontrilakesnews.com/news/article_7e898d42-de5d-4ec1-8999-20eac5ece714.html
1306568715	20260529	202605	2026	2026.4082	COP	POLICE OFFICIALS						COP			USA	UNITED STATES	USA								1	010	010	01	1	0.0	4	1	4	-7.09677419354839	3	Manhattan, New York, United States	US	USNY	NY061	40.7834	-73.9662	971945	3	Manhattan, New York, United States	US	USNY	NY061	40.7834	-73.9662	971945	3	Manhattan, New York, United States	US	USNY	NY061	40.7834	-73.9662	971945	20260529183000	https://www.wibw.com/2026/05/29/man-held-100000-bond-connection-with-sex-crimes-manhattan/
1306568716	20260529	202605	2026	2026.4082	COP	POLICE CHIEF						COP			USA	UNITED STATES	USA								0	013	013	01	1	0.4	2	1	2	-4.73411154345006	2	California, United States	US	USCA		36.17	-119.746	CA	2	California, United States	US	USCA		36.17	-119.746	CA	2	California, United States	US	USCA		36.17	-119.746	CA	20260529183000	https://bigislandnow.com/2026/05/29/who-is-jacob-baker-hes-in-a-viral-video-with-a-bong-served-time-in-california-and-has-a-baby-girl/
1306568717	20260529	202605	2026	2026.4082	COP	PRISON						COP			USA	UNITED STATES	USA								0	017	017	01	1	0.0	4	1	4	-5.5185537583254	2	Iowa, United States	US	USIA		42.0046	-93.214	IA	3	Cedar Rapids, Iowa, United States	US	USIA		42.0083	-91.6441	465941	3	Cedar Rapids, Iowa, United States	US	USIA		42.0083	-91.6441	465941	20260529183000	https://www.timescitizen.com/news/jan-6-protestor-speaks-for-jim-carlin-at-if-event/article_d1fdae42-2cdc-44fd-b227-623adeaf661c.html
1306568718	20260529	202605	2026	2026.4082	COP	PRISON						COP			USA	UNITED STATES	USA								0	020	020	02	1	3.0	2	1	2	-5.5185537583254	2	Iowa, United States	US	USIA		42.0046	-93.214	IA	3	Cedar Rapids, Iowa, United States	US	USIA		42.0083	-91.6441	465941	3	Cedar Rapids, Iowa, United States	US	USIA		42.0083	-91.6441	465941	20260529183000	https://www.timescitizen.com/news/jan-6-protestor-speaks-for-jim-carlin-at-if-event/article_d1fdae42-2cdc-44fd-b227-623adeaf661c.html
1306568719	20260529	202605	2026	2026.4082	COP	PRISON						COP			USA	UNITED STATES	USA								0	020	020	02	1	3.0	2	1	2	-5.5185537583254	2	Iowa, United States	US	USIA		42.0046	-93.214	IA	3	Cedar Rapids, Iowa, United States	US	USIA		42.0083	-91.6441	465941	2	Iowa, United States	US	USIA		42.0046	-93.214	IA	20260529183000	https://www.timescitizen.com/news/jan-6-protestor-speaks-for-jim-carlin-at-if-event/article_d1fdae42-2cdc-44fd-b227-623adeaf661c.html
1306568720	20260529	202605	2026	2026.4082	COP	DEPUTIES						COP			USA	UNITED STATES	USA								1	040	040	04	1	1.0	2	1	2	-6.46551724137931	3	Bexar County, Texas, United States	US	USTX	TX029	29.4502	-98.517	1383800	3	Bexar County, Texas, United States	US	USTX		29.4502	-98.517	1383800	3	Bexar County, Texas, United States	US	USTX		29.4502	-98.517	1383800	20260529183000	https://news4sanantonio.com/news/local/elderly-woman-allegedly-killed-by-her-grandson-in-shavano-park-identified-bexar-county-sheriff-deputies-investigation-evidence-bloody-crime-scene
1306568721	20260529	202605	2026	2026.4082	COP	POLICE						COP			USA	UNITED STATES	USA								0	070	070	07	2	7.0	8	1	8	-6.15384615384615	3	Big Spring, Texas, United States	US	USTX	TX227	32.2504	-101.479	1330654	3	Big Spring, Texas, United States	US	USTX		32.2504	-101.479	1330654	3	Big Spring, Texas, United States	US	USTX		32.2504	-101.479	1330654	20260529183000	https://www.firstalert7.com/2026/05/29/texas-rangers-law-enforcement-solve-1997-midland-sexual-assault-case/
1306568722	20260529	202605	2026	2026.4082	COP	POLICE CHIEF						COP			USA	UNITED STATES	USA								0	130	130	13	3	-4.4	2	1	2	-4.73411154345006	2	California, United States	US	USCA		36.17	-119.746	CA	2	California, United States	US	USCA		36.17	-119.746	CA	2	California, United States	US	USCA		36.17	-119.746	CA	20260529183000	https://bigislandnow.com/2026/05/29/who-is-jacob-baker-hes-in-a-viral-video-with-a-bong-served-time-in-california-and-has-a-baby-girl/
1306568723	20260529	202605	2026	2026.4082	COP	PRISON						COP			USA	UNITED STATES	USA								0	173	173	17	4	-5.0	2	1	2	-2.34917245061399	3	Sioux Falls, South Dakota, United States	US	USSD	SD099	43.55	-96.7003	1267670	3	Sioux Falls, South Dakota, United States	US	USSD		43.55	-96.7003	1267670	3	Sioux Falls, South Dakota, United States	US	USSD		43.55	-96.7003	1267670	20260529183000	https://www.sdpb.org/podcast/sdpb-news/2026-05-29/gop-legislative-primaries-reflect-reagan-v-trump-tug-of-war-former-lawmaker-says-todays-stories-may-29
1306568724	20260529	202605	2026	2026.4082	COP	PRISON						COP			USA	SOUTH DAKOTA	USA								0	173	173	17	4	-5.0	8	1	8	-2.34917245061399	3	Sioux Falls, South Dakota, United States	US	USSD	SD099	43.55	-96.7003	1267670	2	South Dakota, United States	US	USSD		44.2853	-99.4632	SD	2	South Dakota, United States	US	USSD		44.2853	-99.4632	SD	20260529183000	https://www.sdpb.org/podcast/sdpb-news/2026-05-29/gop-legislative-primaries-reflect-reagan-v-trump-tug-of-war-former-lawmaker-says-todays-stories-may-29
1306568725	20260529	202605	2026	2026.4082	COP	DEPUTIES						COP			USA	UNITED STATES	USA								1	173	173	17	4	-5.0	4	1	4	-6.46551724137931	3	Bexar County, Texas, United States	US	USTX	TX029	29.4502	-98.517	1383800	3	Bexar County, Texas, United States	US	USTX		29.4502	-98.517	1383800	3	Bexar County, Texas, United States	US	USTX		29.4502	-98.517	1383800	20260529183000	https://news4sanantonio.com/news/local/elderly-woman-allegedly-killed-by-her-grandson-in-shavano-park-identified-bexar-county-sheriff-deputies-investigation-evidence-bloody-crime-scene
1306568726	20260529	202605	2026	2026.4082	COP	POLICE						COP			USA	UNITED STATES	USA								1	173	173	17	4	-5.0	2	1	2	-6.76691729323308	3	Arlington Heights, Illinois, United States	US	USIL	IL167	39.8198	-89.6015	403610	3	Arlington Heights, Illinois, United States	US	USIL		39.8198	-89.6015	403610	3	Arlington Heights, Illinois, United States	US	USIL		39.8198	-89.6015	403610	20260529183000	https://www.chicagotribune.com/2026/05/29/federal-judge-imposes-maximum-sentence-for-man-involved-in-assault-at-glenview-motel/
1306568727	20260529	202605	2026	2026.4082	COP	POLICE						COP			USA	UNITED STATES	USA								0	173	173	17	4	-5.0	8	1	4	-4.73411154345006	2	California, United States	US	USCA		36.17	-119.746	CA	2	California, United States	US	USCA		36.17	-119.746	CA	2	California, United States	US	USCA		36.17	-119.746	CA	20260529183000	https://bigislandnow.com/2026/05/29/who-is-jacob-baker-hes-in-a-viral-video-with-a-bong-served-time-in-california-and-has-a-baby-girl/
1306568728	20260529	202605	2026	2026.4082	COP	DEPUTIES						COP			USA	UNITED STATES	USA								1	190	190	19	4	-10.0	4	1	4	-6.46551724137931	3	Bexar County, Texas, United States	US	USTX	TX029	29.4502	-98.517	1383800	3	Bexar County, Texas, United States	US	USTX		29.4502	-98.517	1383800	3	Bexar County, Texas, United States	US	USTX		29.4502	-98.517	1383800	20260529183000	https://news4sanantonio.com/news/local/elderly-woman-allegedly-killed-by-her-grandson-in-shavano-park-identified-bexar-county-sheriff-deputies-investigation-evidence-bloody-crime-scene
1306568729	20260529	202605	2026	2026.4082	COP	TROOPER						COP			USA	UNITED STATES	USA								1	190	190	19	4	-10.0	4	1	4	-8.59375	3	Bulloch County, Georgia, United States	US	USGA	GA031	32.4168	-81.7504	350302	3	Bulloch County, Georgia, United States	US	USGA		32.4168	-81.7504	350302	3	Bulloch County, Georgia, United States	US	USGA		32.4168	-81.7504	350302	20260529183000	https://www.wjcl.com/article/williams-road-fatal-crash-bulloch-county/71444745
1306568730	20260529	202605	2026	2026.4082	COP	POLICE						COP			USA	UNITED STATES	USA								0	193	193	19	4	-10.0	2	1	2	-4.26716141001855	2	Indiana, United States	US	USIN		39.8647	-86.2604	IN	2	Illinois, United States	US	USIL		40.3363	-89.0022	IL	2	Illinois, United States	US	USIL		40.3363	-89.0022	IL	20260529183000	https://www.chicagotribune.com/2026/05/29/bartholomew-death-report/
1306568731	20260529	202605	2026	2026.4082	COPMIL	POLICE						COP	MIL		COP	POLICE						COP			0	0841	084	08	2	7.0	5	1	5	0.13210039630119	2	Massachusetts, United States	US	USMA		42.2373	-71.5314	MA	2	Massachusetts, United States	US	USMA		42.2373	-71.5314	MA	2	Massachusetts, United States	US	USMA		42.2373	-71.5314	MA	20260529183000	https://recorder.com/2026/05/29/whately-voters-to-consider-new-bylaw-for-battery-energy-storage-systems-at-town-meeting/
1306568732	20260529	202605	2026	2026.4082	COPREL	PRISON						COP													0	040	040	04	1	1.0	6	1	6	-0.80906148867314	4	Algiers, Alger, Algeria	AG	AG01	37774	36.7631	3.05056	-458371	0								4	Algiers, Alger, Algeria	AG	AG01	37774	36.7631	3.05056	-458371	20260529183000	https://www.washingtonblade.com/2026/05/29/the-stranger-movie-review/
1306568733	20260529	202605	2026	2026.4082	COPREL	PRISON						COP			DZA	ALGERIA	DZA								0	040	040	04	1	1.0	4	1	4	-0.80906148867314	4	Algiers, Alger, Algeria	AG	AG01	37774	36.7631	3.05056	-458371	4	Algiers, Alger, Algeria	AG	AG01	37774	36.7631	3.05056	-458371	4	Letranger, Centre, France	FR	FRA3	16263	46.9569	1.24033	-1446278	20260529183000	https://www.washingtonblade.com/2026/05/29/the-stranger-movie-review/
1306568734	20260529	202605	2026	2026.4082	CRM	CRIMINAL						CRM													1	081	081	08	2	5.0	10	1	10	-5.37313432835821	0								0								0								20260529183000	https://sojo1049.com/ixp/564/p/atlantic-city-mayor-coming-after-prosecutor/
1306568735	20260529	202605	2026	2026.4082	CRM	CRIMINAL						CRM			GOV	ATTORNEY GENERAL						GOV			1	114	114	11	3	-2.0	10	1	10	-7.65027322404375	1	Mozambique	MZ	MZ		-18.25	35	MZ	1	Mozambique	MZ	MZ		-18.25	35	MZ	1	Mozambique	MZ	MZ		-18.25	35	MZ	20260529183000	https://www.channelafrica.co.za/channelafrica/news/fresh-internal-divisions-emerge-in-mozambiques-renamo/
1306568736	20260529	202605	2026	2026.4082	CRM	CRIMINAL						CRM			JUD	DISTRICT COURT						JUD			0	173	173	17	4	-5.0	1	1	1	-3.80673499267936	4	Bishkek, Bishkek, Kyrgyzstan	KG	KG01	37216	42.8731	74.6003	-2331392	1	Russia	RS	RS		60	100	RS	4	Bishkek, Bishkek, Kyrgyzstan	KG	KG01	37216	42.8731	74.6003	-2331392	20260529183000	http://www.centralasiatimes.com/news/279089703/kyrgyzstan-secret-police-latest-target-baptists
1306568737	20260529	202605	2026	2026.4082	CRM	CRIMINAL						CRM			KGZ	BISHKEK	KGZ								0	190	190	19	4	-10.0	8	1	8	-3.80673499267936	4	Bishkek, Bishkek, Kyrgyzstan	KG	KG01	37216	42.8731	74.6003	-2331392	4	Bishkek, Bishkek, Kyrgyzstan	KG	KG01	37216	42.8731	74.6003	-2331392	4	Bishkek, Bishkek, Kyrgyzstan	KG	KG01	37216	42.8731	74.6003	-2331392	20260529183000	http://www.centralasiatimes.com/news/279089703/kyrgyzstan-secret-police-latest-target-baptists
1306568738	20260529	202605	2026	2026.4082	CRM	CRIMINAL						CRM			KGZ	BISHKEK	KGZ								0	190	190	19	4	-10.0	2	1	2	-3.80673499267936	1	China	CH	CH		35	105	CH	1	China	CH	CH		35	105	CH	1	China	CH	CH		35	105	CH	20260529183000	http://www.centralasiatimes.com/news/279089703/kyrgyzstan-secret-police-latest-target-baptists
1306568739	20260529	202605	2026	2026.4082	CUB	CUBA	CUB								GOV	DIPLOMAT						GOV			1	013	013	01	1	0.4	5	1	5	-8.9430894308943	1	Cuba	CU	CU		22	-79.5	CU	1	Cuba	CU	CU		22	-79.5	CU	1	Cuba	CU	CU		22	-79.5	CU	20260529183000	https://www.presstv.ir/Detail/2026/05/29/769475/Cuba-Risk-of-US-military-aggression-growing
1306568740	20260529	202605	2026	2026.4082	CUB	CUBA	CUB								GOV	DIPLOMAT						GOV			1	120	120	12	3	-4.0	5	1	5	-8.9430894308943	3	Washington, District of Columbia, United States	US	USDC	DC001	38.8951	-77.0364	531871	3	Washington, District of Columbia, United States	US	USDC	DC001	38.8951	-77.0364	531871	3	Washington, District of Columbia, United States	US	USDC	DC001	38.8951	-77.0364	531871	20260529183000	https://www.presstv.ir/Detail/2026/05/29/769475/Cuba-Risk-of-US-military-aggression-growing
1306568741	20260529	202605	2026	2026.4082	CUB	CUBA	CUB								MIL	MILITARY						MIL			1	120	120	12	3	-4.0	5	1	5	-8.9430894308943	3	Washington, District of Columbia, United States	US	USDC	DC001	38.8951	-77.0364	531871	3	Washington, District of Columbia, United States	US	USDC	DC001	38.8951	-77.0364	531871	3	Washington, District of Columbia, United States	US	USDC	DC001	38.8951	-77.0364	531871	20260529183000	https://www.presstv.ir/Detail/2026/05/29/769475/Cuba-Risk-of-US-military-aggression-growing
1306568742	20260529	202605	2026	2026.4082	CUB	CUBAN	CUB								MIL	MILITARY						MIL			0	130	130	13	3	-4.4	4	1	4	-8.9430894308943	1	Cuba	CU	CU		22	-79.5	CU	1	Cuba	CU	CU		22	-79.5	CU	1	Cuba	CU	CU		22	-79.5	CU	20260529183000	https://www.presstv.ir/Detail/2026/05/29/769475/Cuba-Risk-of-US-military-aggression-growing
1306568743	20260529	202605	2026	2026.4082	CUBCOP	CUBA	CUB					COP			USAMIL	A US	USA					MIL			1	138	138	13	3	-7.0	10	1	10	-8.9430894308943	1	Cuba	CU	CU		22	-79.5	CU	1	Cuba	CU	CU		22	-79.5	CU	1	Cuba	CU	CU		22	-79.5	CU	20260529183000	https://www.presstv.ir/Detail/2026/05/29/769475/Cuba-Risk-of-US-military-aggression-growing
1306568744	20260529	202605	2026	2026.4082	CUBGOV	CUBAN	CUB					GOV			MIL	MILITARY						MIL			0	130	130	13	3	-4.4	6	1	6	-8.9430894308943	1	Cuba	CU	CU		22	-79.5	CU	1	Cuba	CU	CU		22	-79.5	CU	1	Cuba	CU	CU		22	-79.5	CU	20260529183000	https://www.presstv.ir/Detail/2026/05/29/769475/Cuba-Risk-of-US-military-aggression-growing
1306568745	20260529	202605	2026	2026.4082	CVL	SCIENTIST						CVL													1	010	010	01	1	0.0	4	1	4	-4.34782608695652	1	Canada	CA	CA		60	-96	CA	0								1	Canada	CA	CA		60	-96	CA	20260529183000	https://geographical.co.uk/news/air-pollution-slows-lung-growth-during-childhood-study-finds
1306568746	20260529	202605	2026	2026.4082	CVL	VOTER						CVL													0	014	014	01	1	0.0	10	1	10	0.13210039630119	2	Massachusetts, United States	US	USMA		42.2373	-71.5314	MA	0								2	Massachusetts, United States	US	USMA		42.2373	-71.5314	MA	20260529183000	https://recorder.com/2026/05/29/whately-voters-to-consider-new-bylaw-for-battery-energy-storage-systems-at-town-meeting/
1306568747	20260529	202605	2026	2026.4082	CVL	CITIZEN						CVL													1	015	015	01	1	0.0	10	1	10	-5.56291390728476	2	Iowa, United States	US	USIA		42.0046	-93.214	IA	0								2	Iowa, United States	US	USIA		42.0046	-93.214	IA	20260529183000	https://www.thehour.com/news/article/former-iowa-superintendent-to-be-sentenced-for-22281887.php
1306568748	20260529	202605	2026	2026.4082	CVL	COMMUNITY						CVL													1	040	040	04	1	1.0	2	1	2	4.16666666666666	2	North Carolina, United States	US	USNC		35.6411	-79.8431	NC	0								3	Halifax County, North Carolina, United States	US	USNC		36.2502	-77.6497	1008559	20260529183000	https://www.rrdailyherald.com/news/local/miss-north-carolina-continues-mission-to-visit-all-100-counties/article_455296e6-067e-574c-b55c-78aa95f219a5.html
1306568749	20260529	202605	2026	2026.4082	CVL	SETTLEMENT						CVL													1	043	043	04	1	2.8	4	1	4	-3.46779900920029	4	Karabakh, Dagestan, Russia	RS	RS17	25069	42.4692	46.8645	-2920856	0								4	Karabakh, Dagestan, Russia	RS	RS17	25069	42.4692	46.8645	-2920856	20260529183000	https://www.eng.kavkaz-uzel.eu/articles/75689
1306568750	20260529	202605	2026	2026.4082	CVL	COMMUNITY						CVL													1	051	051	05	1	3.4	2	1	2	3.87323943661972	2	Nevada, United States	US	USNV		38.4199	-117.122	NV	0								2	Nevada, United States	US	USNV		38.4199	-117.122	NV	20260529183000	https://www.manilatimes.net/2026/05/30/tmt-newswire/globenewswire/lv-petroleum-celebrates-community-milestones-with-aw-grand-opening-in-wellsville-kansas-and-live-radio-event-at-las-vegas-rallys-location/2354814
1306568751	20260529	202605	2026	2026.4082	CVL	COMMUNITY						CVL													0	070	070	07	2	7.0	5	1	5	3.72262773722628	4	Bauchi, Bauchi, Nigeria	NI	NI46	22661	10.3134	9.84327	-2002330	0								4	Bauchi, Bauchi, Nigeria	NI	NI46	22661	10.3134	9.84327	-2002330	20260529183000	https://www.girlsnotbrides.org/en/articles/northern-nigeria-communities-driving-progress-end-child-marriage/
1306568752	20260529	202605	2026	2026.4082	CVL	COMMUNITY						CVL													1	070	070	07	2	7.0	10	1	10	3.19303338171263	4	Okhamandal, Gujarat, India	IN	IN09	17641	22.3056	69.0178	9255849	0								4	Okhamandal, Gujarat, India	IN	IN09	17641	22.3056	69.0178	9255849	20260529183000	https://indiaeducationdiary.in/tata-chemicals-marks-international-biodiversity-day-2026-with-community-led-conservation-initiatives-in-mithapur/
1306568753	20260529	202605	2026	2026.4082	CVL	VILLAGE						CVL													1	111	111	11	3	-2.0	3	1	3	-1.13207547169811	4	Tewkesbury, Gloucestershire, United Kingdom	UK	UKE6	40113	52	-2.15	-2609585	0								4	Tewkesbury, Gloucestershire, United Kingdom	UK	UKE6	40113	52	-2.15	-2609585	20260529183000	https://www.gazetteseries.co.uk/news/26151655.iconic-british-fashion-brand-shut-21-stores-jobs-lost/
1306568754	20260529	202605	2026	2026.4082	CVL	SCIENTIST						CVL													0	120	120	12	3	-4.0	1	1	1	0.699300699300689	3	Department Of Energy, District of Columbia, United States	US	USDC	DC001	38.8862	-77.025	530856	0								3	Department Of Energy, District of Columbia, United States	US	USDC		38.8862	-77.025	530856	20260529183000	https://www.foxnews.com/media/mamdanis-coge-rollout-gets-doges-attention-critics-say-ripped-elon-musk
1306568755	20260529	202605	2026	2026.4082	CVL	SETTLEMENT						CVL													0	128	128	12	3	-5.0	5	1	5	-3.85756676557864	3	San Francisco, California, United States	US	USCA	CA075	37.7749	-122.419	277593	0								3	San Francisco, California, United States	US	USCA		37.7749	-122.419	277593	20260529183000	https://abcnews.com/GMA/News/23andme-accused-failing-protect-user-data-new-lawsuit/story?id=133414032
1306568756	20260529	202605	2026	2026.4082	CVL	NEIGHBOURHOOD						CVL													1	192	192	19	4	-9.5	10	1	10	-2.58690379951495	1	Jordan	JO	JO		31	36	JO	0								1	Jordan	JO	JO		31	36	JO	20260529183000	https://strangehorizons.com/wordpress/non-fiction/the-witch-by-marie-ndiaye/
1306568757	20260529	202605	2026	2026.4082	CVL	RESIDENTS						CVL			ARM	ARMENIAN	ARM								0	051	051	05	1	3.4	3	1	3	-3.46779900920029	4	Khojaly, Xocali, Azerbaijan	AJ	AJ64	488	39.913	46.7903	-2707002	4	Yerevan, Yerevan*, Armenia	AM	AM11	4936	40.1811	44.5136	-2325645	4	Yerevan, Yerevan*, Armenia	AM	AM11	4936	40.1811	44.5136	-2325645	20260529183000	https://www.eng.kavkaz-uzel.eu/articles/75689
1306568758	20260529	202605	2026	2026.4082	CVL	RESIDENTS						CVL			ARM	ARMENIA	ARM								0	051	051	05	1	3.4	2	1	2	-3.46779900920029	4	Khojaly, Xocali, Azerbaijan	AJ	AJ64	488	39.913	46.7903	-2707002	4	Khojaly, Xocali, Azerbaijan	AJ	AJ64	488	39.913	46.7903	-2707002	4	Yerevan, Yerevan*, Armenia	AM	AM11	4936	40.1811	44.5136	-2325645	20260529183000	https://www.eng.kavkaz-uzel.eu/articles/75689
1306568759	20260529	202605	2026	2026.4082	CVL	VILLAGE						CVL			AZE	AZERBAIJANI	AZE								1	043	043	04	1	2.8	8	1	8	-3.46779900920029	4	Khojaly, Xocali, Azerbaijan	AJ	AJ64	488	39.913	46.7903	-2707002	4	Khojaly, Xocali, Azerbaijan	AJ	AJ64	488	39.913	46.7903	-2707002	4	Karabakh, Dagestan, Russia	RS	RS17	25069	42.4692	46.8645	-2920856	20260529183000	https://www.eng.kavkaz-uzel.eu/articles/75689
1306568760	20260529	202605	2026	2026.4082	CVL	VILLAGE						CVL			AZE	AZERBAIJANI	AZE								0	043	043	04	1	2.8	4	1	4	-3.46779900920029	4	Tazabina, Xocali, Azerbaijan	AJ	AJ64	535	39.9275	46.7781	-2707971	4	Tazabina, Xocali, Azerbaijan	AJ	AJ64	535	39.9275	46.7781	-2707971	4	Tazabina, Xocali, Azerbaijan	AJ	AJ64	535	39.9275	46.7781	-2707971	20260529183000	https://www.eng.kavkaz-uzel.eu/articles/75689
1306568761	20260529	202605	2026	2026.4082	CVL	VILLAGE						CVL			BUS	BOSS						BUS			1	111	111	11	3	-2.0	5	1	5	-1.13207547169811	4	Tewkesbury, Gloucestershire, United Kingdom	UK	UKE6	40113	52	-2.15	-2609585	4	Tewkesbury, Gloucestershire, United Kingdom	UK	UKE6	40113	52	-2.15	-2609585	4	Tewkesbury, Gloucestershire, United Kingdom	UK	UKE6	40113	52	-2.15	-2609585	20260529183000	https://www.gazetteseries.co.uk/news/26151655.iconic-british-fashion-brand-shut-21-stores-jobs-lost/
1306568762	20260529	202605	2026	2026.4082	CVL	COMMUNITY						CVL			CHRPRO	EPISCOPAL				CHR	PRO				1	042	042	04	1	1.9	10	1	10	7.10059171597633	2	Michigan, United States	US	USMI		43.3504	-84.5603	MI	2	Michigan, United States	US	USMI		43.3504	-84.5603	MI	2	Michigan, United States	US	USMI		43.3504	-84.5603	MI	20260529183000	https://www.chicagotribune.com/2026/05/29/worship-news-album-release-girls-night-out-outdoor-worship-and-more/
1306568763	20260529	202605	2026	2026.4082	CVL	COMMUNITY						CVL			CHRPRO	EPISCOPAL				CHR	PRO				1	043	043	04	1	2.8	10	1	10	7.10059171597633	2	Michigan, United States	US	USMI		43.3504	-84.5603	MI	2	Michigan, United States	US	USMI		43.3504	-84.5603	MI	2	Michigan, United States	US	USMI		43.3504	-84.5603	MI	20260529183000	https://www.chicagotribune.com/2026/05/29/worship-news-album-release-girls-night-out-outdoor-worship-and-more/
1306568764	20260529	202605	2026	2026.4082	CVL	COMMUNITY						CVL			COD	DEMOCRATIC REPUBLIC OF THE CONGO	COD								1	010	010	01	1	0.0	2	1	2	-4.01069518716577	3	Washington, District of Columbia, United States	US	USDC	DC001	38.8951	-77.0364	531871	3	Washington, District of Columbia, United States	US	USDC	DC001	38.8951	-77.0364	531871	3	Washington, District of Columbia, United States	US	USDC	DC001	38.8951	-77.0364	531871	20260529183000	https://www.finanznachrichten.de/nachrichten-2026-05/68633870-who-chief-arrives-in-congo-to-oversee-ebola-response-efforts-020.htm
1306568765	20260529	202605	2026	2026.4082	CVL	COMMUNITY						CVL			CODGOV	DEMOCRATIC REPUBLIC OF THE CONGO	COD					GOV			1	010	010	01	1	0.0	1	1	1	-4.01069518716577	3	Washington, District of Columbia, United States	US	USDC	DC001	38.8951	-77.0364	531871	3	Washington, District of Columbia, United States	US	USDC	DC001	38.8951	-77.0364	531871	3	Washington, District of Columbia, United States	US	USDC	DC001	38.8951	-77.0364	531871	20260529183000	https://www.finanznachrichten.de/nachrichten-2026-05/68633870-who-chief-arrives-in-congo-to-oversee-ebola-response-efforts-020.htm
1306568766	20260529	202605	2026	2026.4082	CVL	VILLAGE						CVL			FRA	PARIS	FRA								0	042	042	04	1	1.9	7	1	7	2.33100233100234	4	Paris, France (general), France	FR	FR00	16282	48.8667	2.33333	-1456928	4	Paris, France (general), France	FR	FR00	16282	48.8667	2.33333	-1456928	4	Paris, France (general), France	FR	FR00	16282	48.8667	2.33333	-1456928	20260529183000	https://www.ynetnews.com/culture/article/b1qcilvezx
1306568767	20260529	202605	2026	2026.4082	CVL	VILLAGE						CVL			FRA	PARIS	FRA								0	042	042	04	1	1.9	1	1	1	2.33100233100234	4	Gaza, Israel (general), Israel	IS	IS00	18315	31.4167	34.3333	-797156	4	Gaza, Israel (general), Israel	IS	IS00	18315	31.4167	34.3333	-797156	4	Gaza, Israel (general), Israel	IS	IS00	18315	31.4167	34.3333	-797156	20260529183000	https://www.ynetnews.com/culture/article/b1qcilvezx
1306568768	20260529	202605	2026	2026.4082	CVL	VILLAGE						CVL			FRA	PARIS	FRA								0	090	090	09	2	-2.0	7	1	7	2.33100233100234	4	Paris, France (general), France	FR	FR00	16282	48.8667	2.33333	-1456928	4	Paris, France (general), France	FR	FR00	16282	48.8667	2.33333	-1456928	4	Paris, France (general), France	FR	FR00	16282	48.8667	2.33333	-1456928	20260529183000	https://www.ynetnews.com/culture/article/b1qcilvezx
1306568769	20260529	202605	2026	2026.4082	CVL	VILLAGE						CVL			FRA	FRANCE	FRA								0	090	090	09	2	-2.0	1	1	1	2.33100233100234	4	Gaza, Israel (general), Israel	IS	IS00	18315	31.4167	34.3333	-797156	4	Gaza, Israel (general), Israel	IS	IS00	18315	31.4167	34.3333	-797156	4	Gaza, Israel (general), Israel	IS	IS00	18315	31.4167	34.3333	-797156	20260529183000	https://www.ynetnews.com/culture/article/b1qcilvezx
1306568770	20260529	202605	2026	2026.4082	CVL	MIGRANT WORKER						CVL			GBR	BRITISH	GBR								1	042	042	04	1	1.9	4	1	4	-1.7208413001912	1	United Kingdom	UK	UK		54	-4	UK	1	United Kingdom	UK	UK		54	-4	UK	1	United Kingdom	UK	UK		54	-4	UK	20260529183000	https://www.el-balad.com/17015529
1306568771	20260529	202605	2026	2026.4082	CVL	VILLAGE						CVL			GBR	UNITED KINGDOM	GBR								1	111	111	11	3	-2.0	2	1	2	-1.13207547169811	4	Tewkesbury, Gloucestershire, United Kingdom	UK	UKE6	40113	52	-2.15	-2609585	4	Tewkesbury, Gloucestershire, United Kingdom	UK	UKE6	40113	52	-2.15	-2609585	4	Tewkesbury, Gloucestershire, United Kingdom	UK	UKE6	40113	52	-2.15	-2609585	20260529183000	https://www.gazetteseries.co.uk/news/26151655.iconic-british-fashion-brand-shut-21-stores-jobs-lost/
1306568772	20260529	202605	2026	2026.4082	CVL	MIGRANT WORKER						CVL			GBRLAB	BRITISH	GBR					LAB			1	042	042	04	1	1.9	6	1	6	-1.7208413001912	1	United Kingdom	UK	UK		54	-4	UK	1	United Kingdom	UK	UK		54	-4	UK	1	United Kingdom	UK	UK		54	-4	UK	20260529183000	https://www.el-balad.com/17015529
1306568773	20260529	202605	2026	2026.4082	CVL	COMMUNITY						CVL			GOV	DIRECTOR GENERAL						GOV			1	010	010	01	1	0.0	3	1	3	-4.01069518716577	3	Washington, District of Columbia, United States	US	USDC	DC001	38.8951	-77.0364	531871	3	Washington, District of Columbia, United States	US	USDC	DC001	38.8951	-77.0364	531871	3	Washington, District of Columbia, United States	US	USDC	DC001	38.8951	-77.0364	531871	20260529183000	https://www.finanznachrichten.de/nachrichten-2026-05/68633870-who-chief-arrives-in-congo-to-oversee-ebola-response-efforts-020.htm
1306568774	20260529	202605	2026	2026.4082	CVL	RESIDENTS						CVL			ISR	ISRAELI	ISR								1	090	090	09	2	-2.0	1	1	1	-1.82946749428291	1	Iran	IR	IR		32	53	IR	3	Chicago, Illinois, United States	US	USIL	IL031	41.85	-87.6501	423587	3	Chicago, Illinois, United States	US	USIL	IL031	41.85	-87.6501	423587	20260529183000	https://www.thehour.com/news/politics/article/the-latest-us-and-iranian-reach-tentative-deal-22282146.php
1306568775	20260529	202605	2026	2026.4082	CVL	RESIDENTS						CVL			ISR	ISRAELI	ISR								1	090	090	09	2	-2.0	1	1	1	-1.82946749428291	1	Iran	IR	IR		32	53	IR	1	Iran	IR	IR		32	53	IR	1	Iran	IR	IR		32	53	IR	20260529183000	https://www.thehour.com/news/politics/article/the-latest-us-and-iranian-reach-tentative-deal-22282146.php
1306568776	20260529	202605	2026	2026.4082	CVL	MIGRANT						CVL			ITA	CALABRIA	ITA								1	042	042	04	1	1.9	10	1	10	0.79239302694136	4	Cropani, Calabria, Italy	IT	IT03	18325	38.9667	16.7833	-116604	4	Cropani, Calabria, Italy	IT	IT03	18325	38.9667	16.7833	-116604	4	Cropani, Calabria, Italy	IT	IT03	18325	38.9667	16.7833	-116604	20260529183000	https://www.odnako.org/catanzaro-the-budget-of-the-prefect-castrese-de-rosa-crimes-in-decline-and-legality-at-the-center-of-territorial-action/
1306568777	20260529	202605	2026	2026.4082	CVL	MIGRANT						CVL			ITA	ITALY	ITA								1	112	112	11	3	-2.0	10	1	10	-8.20895522388059	1	Libya	LY	LY		25	17	LY	1	Libya	LY	LY		25	17	LY	1	Libya	LY	LY		25	17	LY	20260529183000	https://www.politico.eu/article/italy-accused-breaching-migrants-rights-release-libyan-militia-chief/
1306568778	20260529	202605	2026	2026.4082	CVL	MIGRANT						CVL			LBY	LIBYAN	LBY								1	084	084	08	2	7.0	4	1	4	-8.20895522388059	4	Rome, Lazio, Italy	IT	IT07	18350	41.9	12.4833	-126693	1	Libya	LY	LY		25	17	LY	1	Libya	LY	LY		25	17	LY	20260529183000	https://www.politico.eu/article/italy-accused-breaching-migrants-rights-release-libyan-militia-chief/
1306568779	20260529	202605	2026	2026.4082	CVL	MIGRANT						CVL			LBY	LIBYAN	LBY								1	128	128	12	3	-5.0	4	1	4	-8.20895522388059	4	Rome, Lazio, Italy	IT	IT07	18350	41.9	12.4833	-126693	1	Libya	LY	LY		25	17	LY	4	Rome, Lazio, Italy	IT	IT07	18350	41.9	12.4833	-126693	20260529183000	https://www.politico.eu/article/italy-accused-breaching-migrants-rights-release-libyan-militia-chief/
1306568780	20260529	202605	2026	2026.4082	CVL	MIGRANT						CVL			LBYUAF	LIBYAN	LBY					UAF			1	084	084	08	2	7.0	6	1	6	-8.20895522388059	4	Rome, Lazio, Italy	IT	IT07	18350	41.9	12.4833	-126693	1	Libya	LY	LY		25	17	LY	1	Libya	LY	LY		25	17	LY	20260529183000	https://www.politico.eu/article/italy-accused-breaching-migrants-rights-release-libyan-militia-chief/
1306568781	20260529	202605	2026	2026.4082	CVL	MIGRANT						CVL			LBYUAF	LIBYAN	LBY					UAF			1	128	128	12	3	-5.0	6	1	6	-8.20895522388059	4	Rome, Lazio, Italy	IT	IT07	18350	41.9	12.4833	-126693	1	Libya	LY	LY		25	17	LY	4	Rome, Lazio, Italy	IT	IT07	18350	41.9	12.4833	-126693	20260529183000	https://www.politico.eu/article/italy-accused-breaching-migrants-rights-release-libyan-militia-chief/
1306568782	20260529	202605	2026	2026.4082	CVL	SETTLEMENT						CVL			RUS	RUSSIA	RUS								1	043	043	04	1	2.8	6	1	6	-3.46779900920029	4	Karabakh, Dagestan, Russia	RS	RS17	25069	42.4692	46.8645	-2920856	4	Karabakh, Dagestan, Russia	RS	RS17	25069	42.4692	46.8645	-2920856	4	Karabakh, Dagestan, Russia	RS	RS17	25069	42.4692	46.8645	-2920856	20260529183000	https://www.eng.kavkaz-uzel.eu/articles/75689
1306568783	20260529	202605	2026	2026.4082	CVL	COMMUNITY						CVL			USA	UNITED STATES	USA								1	040	040	04	1	1.0	6	1	6	4.16666666666666	2	North Carolina, United States	US	USNC		35.6411	-79.8431	NC	3	Warren County, North Carolina, United States	US	USNC		36.3835	-78.0997	1008593	3	Warren County, North Carolina, United States	US	USNC		36.3835	-78.0997	1008593	20260529183000	https://www.rrdailyherald.com/news/local/miss-north-carolina-continues-mission-to-visit-all-100-counties/article_455296e6-067e-574c-b55c-78aa95f219a5.html
1306568784	20260529	202605	2026	2026.4082	CVL	COMMUNITY						CVL			USA	UNITED STATES	USA								1	040	040	04	1	1.0	2	1	2	4.16666666666666	2	North Carolina, United States	US	USNC		35.6411	-79.8431	NC	3	Warren County, North Carolina, United States	US	USNC		36.3835	-78.0997	1008593	2	North Carolina, United States	US	USNC		35.6411	-79.8431	NC	20260529183000	https://www.rrdailyherald.com/news/local/miss-north-carolina-continues-mission-to-visit-all-100-counties/article_455296e6-067e-574c-b55c-78aa95f219a5.html
1306568785	20260529	202605	2026	2026.4082	CVL	COMMUNITY						CVL			USA	ARKANSAS	USA								0	042	042	04	1	1.9	16	2	16	9.29853181076672	2	Arkansas, United States	US	USAR		34.9513	-92.3809	AR	2	Arkansas, United States	US	USAR		34.9513	-92.3809	AR	2	Arkansas, United States	US	USAR		34.9513	-92.3809	AR	20260529183000	http://www.nashvilleherald.com/news/279090642/visiting-angels-in-northwest-arkansas-earns-2026-recognition-as-award-winning-home-care-agency-in-fayetteville-ar
1306568786	20260529	202605	2026	2026.4082	CVL	COMMUNITY						CVL			USA	KANSAS	USA								1	051	051	05	1	3.4	6	1	6	3.87323943661972	2	Nevada, United States	US	USNV		38.4199	-117.122	NV	2	Nevada, United States	US	USNV		38.4199	-117.122	NV	2	Nevada, United States	US	USNV		38.4199	-117.122	NV	20260529183000	https://www.manilatimes.net/2026/05/30/tmt-newswire/globenewswire/lv-petroleum-celebrates-community-milestones-with-aw-grand-opening-in-wellsville-kansas-and-live-radio-event-at-las-vegas-rallys-location/2354814
1306568787	20260529	202605	2026	2026.4082	CVL	CIVILIAN						CVL			USA	UNITED STATES	USA								0	112	112	11	3	-2.0	2	1	2	-10.2739726027397	3	Hennepin County, Minnesota, United States	US	USMN	MN053	45.0166	-93.4502	659472	3	Hennepin County, Minnesota, United States	US	USMN		45.0166	-93.4502	659472	3	Hennepin County, Minnesota, United States	US	USMN		45.0166	-93.4502	659472	20260529183000	https://www.nbcnews.com/news/us-news/ice-agent-charged-operation-metro-surge-shooting-arrested-texas-rcna347567
1306568788	20260529	202605	2026	2026.4082	CVL	SETTLEMENT						CVL			USAMED	THE ASSOCIATED PRESS	USA					MED			0	128	128	12	3	-5.0	5	1	5	-3.85756676557864	3	San Francisco, California, United States	US	USCA	CA075	37.7749	-122.419	277593	3	San Francisco, California, United States	US	USCA		37.7749	-122.419	277593	3	San Francisco, California, United States	US	USCA		37.7749	-122.419	277593	20260529183000	https://abcnews.com/GMA/News/23andme-accused-failing-protect-user-data-new-lawsuit/story?id=133414032
1306568789	20260529	202605	2026	2026.4082	DEU	GERMANY	DEU																		1	040	040	04	1	1.0	2	1	2	6.58227848101265	4	Delhi, Delhi, India	IN	IN07	17911	28.6667	77.2167	-2094230	0								4	Delhi, Delhi, India	IN	IN07	17911	28.6667	77.2167	-2094230	20260529183000	https://indiaeducationdiary.in/german-indian-mobility-summit-brings-together-industry-investors-policymakers-and-founders-at-iim-bangalore/
1306568790	20260529	202605	2026	2026.4082	DEU	GERMANY	DEU								LBN	LEBANESE	LBN								0	043	043	04	1	2.8	4	1	4	-2.38450074515649	1	Germany	GM	GM		51.5	10.5	GM	1	Lebanon	LE	LE		33.833333	35.833333	LE	1	Germany	GM	GM		51.5	10.5	GM	20260529183000	https://www.al-monitor.com/originals/2026/05/what-options-un-forces-lebanon-exit-looms
1306568791	20260529	202605	2026	2026.4082	DEU	GERMANY	DEU								LBNGOV	LEBANESE	LBN					GOV			0	043	043	04	1	2.8	6	1	6	-2.38450074515649	1	Germany	GM	GM		51.5	10.5	GM	1	Lebanon	LE	LE		33.833333	35.833333	LE	1	Germany	GM	GM		51.5	10.5	GM	20260529183000	https://www.al-monitor.com/originals/2026/05/what-options-un-forces-lebanon-exit-looms
1306568792	20260529	202605	2026	2026.4082	DEUCVL	GERMANY	DEU					CVL			POL	POLAND	POL								0	030	030	03	1	4.0	2	1	2	0.26690391459075	1	Germany	GM	GM		51.5	10.5	GM	1	Poland	PL	PL		52	20	PL	1	Poland	PL	PL		52	20	PL	20260529183000	https://www.kyivpost.com/analysis/77117
1306568793	20260529	202605	2026	2026.4082	DZA	ALGIERS	DZA																		1	043	043	04	1	2.8	2	1	2	-0.80906148867314	4	Algiers, Alger, Algeria	AG	AG01	37774	36.7631	3.05056	-458371	0								4	Algiers, Alger, Algeria	AG	AG01	37774	36.7631	3.05056	-458371	20260529183000	https://www.washingtonblade.com/2026/05/29/the-stranger-movie-review/
1306568794	20260529	202605	2026	2026.4082	DZA	ALGERIA	DZA																		0	111	111	11	3	-2.0	4	1	4	-0.80906148867314	4	Algiers, Alger, Algeria	AG	AG01	37774	36.7631	3.05056	-458371	0								4	Algiers, Alger, Algeria	AG	AG01	37774	36.7631	3.05056	-458371	20260529183000	https://www.washingtonblade.com/2026/05/29/the-stranger-movie-review/
1306568795	20260529	202605	2026	2026.4082	DZA	ALGERIA	DZA								COPREL	PRISON						COP			0	040	040	04	1	1.0	4	1	4	-0.80906148867314	4	Algiers, Alger, Algeria	AG	AG01	37774	36.7631	3.05056	-458371	4	Algiers, Alger, Algeria	AG	AG01	37774	36.7631	3.05056	-458371	4	Letranger, Centre, France	FR	FRA3	16263	46.9569	1.24033	-1446278	20260529183000	https://www.washingtonblade.com/2026/05/29/the-stranger-movie-review/
1306568796	20260529	202605	2026	2026.4082	DZA	ALGIERS	DZA								LAB	WORKER						LAB			1	043	043	04	1	2.8	3	1	3	-0.80906148867314	4	Algiers, Alger, Algeria	AG	AG01	37774	36.7631	3.05056	-458371	4	Algiers, Alger, Algeria	AG	AG01	37774	36.7631	3.05056	-458371	4	Algiers, Alger, Algeria	AG	AG01	37774	36.7631	3.05056	-458371	20260529183000	https://www.washingtonblade.com/2026/05/29/the-stranger-movie-review/
1306568797	20260529	202605	2026	2026.4082	EARNRM010	FALUN GONG				NRM					RAD	EXTREMIST						RAD			0	172	172	17	4	-5.0	4	1	4	-3.80673499267936	4	Bishkek, Bishkek, Kyrgyzstan	KG	KG01	37216	42.8731	74.6003	-2331392	4	Bishkek, Bishkek, Kyrgyzstan	KG	KG01	37216	42.8731	74.6003	-2331392	4	Bishkek, Bishkek, Kyrgyzstan	KG	KG01	37216	42.8731	74.6003	-2331392	20260529183000	http://www.centralasiatimes.com/news/279089703/kyrgyzstan-secret-police-latest-target-baptists
1306568798	20260529	202605	2026	2026.4082	EARNRM010	FALUN GONG				NRM					RAD	EXTREMIST						RAD			0	172	172	17	4	-5.0	6	1	6	-3.80673499267936	1	China	CH	CH		35	105	CH	1	China	CH	CH		35	105	CH	1	China	CH	CH		35	105	CH	20260529183000	http://www.centralasiatimes.com/news/279089703/kyrgyzstan-secret-police-latest-target-baptists
1306568799	20260529	202605	2026	2026.4082	EARNRM010	FALUN GONG				NRM					UAF	TERRORIST						UAF			0	172	172	17	4	-5.0	4	1	4	-3.80673499267936	4	Bishkek, Bishkek, Kyrgyzstan	KG	KG01	37216	42.8731	74.6003	-2331392	4	Bishkek, Bishkek, Kyrgyzstan	KG	KG01	37216	42.8731	74.6003	-2331392	4	Bishkek, Bishkek, Kyrgyzstan	KG	KG01	37216	42.8731	74.6003	-2331392	20260529183000	http://www.centralasiatimes.com/news/279089703/kyrgyzstan-secret-police-latest-target-baptists
1306568800	20260529	202605	2026	2026.4082	EARNRM010	FALUN GONG				NRM					UAF	TERRORIST						UAF			0	172	172	17	4	-5.0	6	1	6	-3.80673499267936	1	China	CH	CH		35	105	CH	1	China	CH	CH		35	105	CH	1	China	CH	CH		35	105	CH	20260529183000	http://www.centralasiatimes.com/news/279089703/kyrgyzstan-secret-police-latest-target-baptists
1306568801	20260529	202605	2026	2026.4082	EDU	SCHOOL						EDU													0	010	010	01	1	0.0	5	1	5	3.72262773722628	4	Bauchi, Bauchi, Nigeria	NI	NI46	22661	10.3134	9.84327	-2002330	0								4	Bauchi, Bauchi, Nigeria	NI	NI46	22661	10.3134	9.84327	-2002330	20260529183000	https://www.girlsnotbrides.org/en/articles/northern-nigeria-communities-driving-progress-end-child-marriage/
1306568802	20260529	202605	2026	2026.4082	EDU	SCHOOL						EDU													0	010	010	01	1	0.0	2	1	2	-5.47008547008546	3	Des Moines, Iowa, United States	US	USIA	IA153	41.6005	-93.6091	465961	0								3	Des Moines, Iowa, United States	US	USIA		41.6005	-93.6091	465961	20260529183000	https://abcnews.com/US/former-des-moines-school-superintendent-ian-roberts-plead/story?id=129430279
1306568803	20260529	202605	2026	2026.4082	EDU	STUDENT						EDU													0	010	010	01	1	0.0	3	1	3	1.82608695652174	1	Ireland	EI	EI		53	-8	EI	0								1	Ireland	EI	EI		53	-8	EI	20260529183000	https://www.ric.edu/news/driven-lead-gianna-rose
1306568804	20260529	202605	2026	2026.4082	EDU	STUDENT						EDU													0	010	010	01	1	0.0	4	1	4	1.82608695652174	2	Rhode Island, United States	US	USRI		41.6772	-71.5101	RI	0								2	Rhode Island, United States	US	USRI		41.6772	-71.5101	RI	20260529183000	https://www.ric.edu/news/driven-lead-gianna-rose
1306568805	20260529	202605	2026	2026.4082	EDU	SCHOOL						EDU													1	015	015	01	1	0.0	2	1	2	-5.47008547008546	4	Sydney, New South Wales, Australia	AS	AS02	154637	-33.8833	151.217	-1603135	0								4	Sydney, New South Wales, Australia	AS	AS02	154637	-33.8833	151.217	-1603135	20260529183000	https://abcnews.com/US/former-des-moines-school-superintendent-ian-roberts-plead/story?id=129430279
1306568806	20260529	202605	2026	2026.4082	EDU	SCHOOL						EDU													1	036	036	03	1	4.0	10	1	10	2.29885057471264	3	Springfield, Illinois, United States	US	USIL	IL167	39.8017	-89.6437	426595	0								3	Springfield, Illinois, United States	US	USIL	IL167	39.8017	-89.6437	426595	20260529183000	https://www.myjournalcourier.com/news/article/illinois-state-beekeepers-association-summer-22282483.php
1306568807	20260529	202605	2026	2026.4082	EDU	SCHOOL						EDU													0	042	042	04	1	1.9	10	1	10	3.72262773722628	4	Bauchi, Bauchi, Nigeria	NI	NI46	22661	10.3134	9.84327	-2002330	0								4	Bauchi, Bauchi, Nigeria	NI	NI46	22661	10.3134	9.84327	-2002330	20260529183000	https://www.girlsnotbrides.org/en/articles/northern-nigeria-communities-driving-progress-end-child-marriage/
1306568808	20260529	202605	2026	2026.4082	EDU	RESEARCH INSTITUTION						EDU													1	042	042	04	1	1.9	2	1	2	6.48148148148148	4	New Delhi, Delhi, India	IN	IN07	17911	28.6	77.2	-2106102	0								4	New Delhi, Delhi, India	IN	IN07	17911	28.6	77.2	-2106102	20260529183000	https://indiaeducationdiary.in/the-university-of-queensland-expands-india-footprint-through-high-impact-research-and-academic-partnerships/
1306568809	20260529	202605	2026	2026.4082	EDU	SCHOOL						EDU													0	042	042	04	1	1.9	5	1	5	-0.40697674418605	3	University Of Illinois, Illinois, United States	US	USIL	IL019	40.1086	-88.2284	420156	0								3	University Of Illinois, Illinois, United States	US	USIL		40.1086	-88.2284	420156	20260529183000	https://www.chicagotribune.com/2026/05/29/lagrange-pilot-pet-parade-film/
1306568810	20260529	202605	2026	2026.4082	EDU	SCHOOL						EDU													1	043	043	04	1	2.8	10	1	10	3.72262773722628	4	Bauchi, Bauchi, Nigeria	NI	NI46	22661	10.3134	9.84327	-2002330	0								4	Bauchi, Bauchi, Nigeria	NI	NI46	22661	10.3134	9.84327	-2002330	20260529183000	https://www.girlsnotbrides.org/en/articles/northern-nigeria-communities-driving-progress-end-child-marriage/
1306568811	20260529	202605	2026	2026.4082	EDU	COLLEGE						EDU													1	051	051	05	1	3.4	7	1	6	5.89812332439678	2	Georgia, United States	US	USGA		32.9866	-83.6487	GA	0								2	Georgia, United States	US	USGA		32.9866	-83.6487	GA	20260529183000	https://valdostadailytimes.com/2026/05/29/wiregrass-georgia-technical-college-honors-former-president-james-a-bridges-with-celebration-of-life-and-inaugural-scholarship/
1306568812	20260529	202605	2026	2026.4082	EDU	PROFESSOR						EDU													0	051	051	05	1	3.4	10	1	10	4.77987421383648	2	Rhode Island, United States	US	USRI		41.6772	-71.5101	RI	0								2	Rhode Island, United States	US	USRI		41.6772	-71.5101	RI	20260529183000	https://www.ric.edu/news/nursing-major-victoria-adu-gyamfi-hope-action
1306568813	20260529	202605	2026	2026.4082	EDU	STUDENT						EDU													0	060	060	06	2	6.0	2	1	2	3.95256916996048	3	Hollywood, California, United States	US	USCA	CA037	34.0983	-118.327	1660757	0								3	Hollywood, California, United States	US	USCA	CA037	34.0983	-118.327	1660757	20260529183000	https://www.ric.edu/news/film-trilogy-ric-senior-picked-apple-tv-amazon-prime-tubi
1306568814	20260529	202605	2026	2026.4082	EDU	STUDENT						EDU													0	060	060	06	2	6.0	3	1	3	3.95256916996048	2	Rhode Island, United States	US	USRI		41.6772	-71.5101	RI	0								2	Rhode Island, United States	US	USRI		41.6772	-71.5101	RI	20260529183000	https://www.ric.edu/news/film-trilogy-ric-senior-picked-apple-tv-amazon-prime-tubi
1306568815	20260529	202605	2026	2026.4082	EDU	SCHOOL						EDU													1	1721	172	17	4	-5.0	5	1	5	0.79239302694136	4	Cropani, Calabria, Italy	IT	IT03	18325	38.9667	16.7833	-116604	0								4	Cropani, Calabria, Italy	IT	IT03	18325	38.9667	16.7833	-116604	20260529183000	https://www.odnako.org/catanzaro-the-budget-of-the-prefect-castrese-de-rosa-crimes-in-decline-and-legality-at-the-center-of-territorial-action/
1306568816	20260529	202605	2026	2026.4082	EDU	SCHOLAR						EDU			CHRCTH	CATHOLIC PRIEST				CHR	CTH				0	051	051	05	1	3.4	6	1	6	-0.30674846625767	4	Ezeagu, Enugu, Nigeria	NI	NI47	22761	6.3832	7.2898	-2006878	4	Ezeagu, Enugu, Nigeria	NI	NI47	22761	6.3832	7.2898	-2006878	4	Ezeagu, Enugu, Nigeria	NI	NI47	22761	6.3832	7.2898	-2006878	20260529183000	https://thesun.ng/take-ownership-of-our-achievements-gov-mbah-charges-enugu-people/
1306568817	20260529	202605	2026	2026.4082	EDU	SCHOOL						EDU			CVL	VOTER						CVL			0	014	014	01	1	0.0	1	1	1	0.13210039630119	2	Massachusetts, United States	US	USMA		42.2373	-71.5314	MA	2	Massachusetts, United States	US	USMA		42.2373	-71.5314	MA	2	Massachusetts, United States	US	USMA		42.2373	-71.5314	MA	20260529183000	https://recorder.com/2026/05/29/whately-voters-to-consider-new-bylaw-for-battery-energy-storage-systems-at-town-meeting/
1306568818	20260529	202605	2026	2026.4082	EDU	RESEARCH INSTITUTION						EDU			IND	DELHI	IND								1	042	042	04	1	1.9	2	1	2	6.48148148148148	4	New Delhi, Delhi, India	IN	IN07	17911	28.6	77.2	-2106102	4	New Delhi, Delhi, India	IN	IN07	17911	28.6	77.2	-2106102	4	New Delhi, Delhi, India	IN	IN07	17911	28.6	77.2	-2106102	20260529183000	https://indiaeducationdiary.in/the-university-of-queensland-expands-india-footprint-through-high-impact-research-and-academic-partnerships/
1306568819	20260529	202605	2026	2026.4082	EDU	RESEARCH INSTITUTION						EDU			IND	DELHI	IND								1	042	042	04	1	1.9	1	1	1	6.48148148148148	4	New Delhi, Delhi, India	IN	IN07	17911	28.6	77.2	-2106102	1	Australia	AS	AS		-25	135	AS	4	New Delhi, Delhi, India	IN	IN07	17911	28.6	77.2	-2106102	20260529183000	https://indiaeducationdiary.in/the-university-of-queensland-expands-india-footprint-through-high-impact-research-and-academic-partnerships/
1306568820	20260529	202605	2026	2026.4082	EDU	SCHOLAR						EDU			NGA	NIGERIA	NGA								0	051	051	05	1	3.4	4	1	4	-0.30674846625767	4	Ezeagu, Enugu, Nigeria	NI	NI47	22761	6.3832	7.2898	-2006878	4	Enugu, Enugu, Nigeria	NI	NI47	191302	6.4402	7.4943	-2006530	4	Enugu, Enugu, Nigeria	NI	NI47	191302	6.4402	7.4943	-2006530	20260529183000	https://thesun.ng/take-ownership-of-our-achievements-gov-mbah-charges-enugu-people/
1306568821	20260529	202605	2026	2026.4082	EDU	SCHOLAR						EDU			USA	RHODE ISLAND	USA								1	020	020	02	1	3.0	10	1	10	4.77987421383648	2	Rhode Island, United States	US	USRI		41.6772	-71.5101	RI	2	Rhode Island, United States	US	USRI		41.6772	-71.5101	RI	2	Rhode Island, United States	US	USRI		41.6772	-71.5101	RI	20260529183000	https://www.ric.edu/news/nursing-major-victoria-adu-gyamfi-hope-action
1306568822	20260529	202605	2026	2026.4082	EDU	COLLEGE						EDU			USA	ILLINOIS	USA								1	036	036	03	1	4.0	10	1	10	2.29885057471264	3	Springfield, Illinois, United States	US	USIL	IL167	39.8017	-89.6437	426595	3	Springfield, Illinois, United States	US	USIL	IL167	39.8017	-89.6437	426595	3	Springfield, Illinois, United States	US	USIL	IL167	39.8017	-89.6437	426595	20260529183000	https://www.myjournalcourier.com/news/article/illinois-state-beekeepers-association-summer-22282483.php
1306568823	20260529	202605	2026	2026.4082	EDU	SCHOOL						EDU			USA	UNITED STATES	USA								1	042	042	04	1	1.9	4	1	4	4.06976744186047	3	San Francisco, California, United States	US	USCA	CA075	37.7749	-122.419	277593	3	San Francisco, California, United States	US	USCA		37.7749	-122.419	277593	3	San Francisco, California, United States	US	USCA		37.7749	-122.419	277593	20260529183000	https://www.vogue.com/article/first-time-tony-nominees-questionnaire-2026
1306568824	20260529	202605	2026	2026.4082	EDU	SCHOOL						EDU			USA	UNITED STATES	USA								1	043	043	04	1	2.8	4	1	4	-0.96660808435852	2	Vermont, United States	US	USVT		44.0407	-72.7093	VT	2	Vermont, United States	US	USVT		44.0407	-72.7093	VT	2	Vermont, United States	US	USVT		44.0407	-72.7093	VT	20260529183000	https://www.reformer.com/community-news/local-history-dummerston-man-was-an-energetic-worker-for-labor-unions/article_a635ba86-3087-4d38-b8dc-13fc90e18c6a.html
1306568825	20260529	202605	2026	2026.4082	EDU	SCHOOL						EDU			USA	LOUISIANA	USA								1	1712	171	17	4	-9.2	10	1	10	-9.22330097087383	2	Louisiana, United States	US	USLA		31.1801	-91.8749	LA	2	Louisiana, United States	US	USLA		31.1801	-91.8749	LA	2	Louisiana, United States	US	USLA		31.1801	-91.8749	LA	20260529183000	https://www.wjcl.com/article/i-95-bus-crash-virginia-may-2026/71442687
1306568826	20260529	202605	2026	2026.4082	EDU	COLLEGE						EDU			USA	BOSTON	USA								0	192	192	19	4	-9.5	1	1	1	-1.34020618556701	3	Hinsdale, Illinois, United States	US	USIL	IL043	41.8009	-87.937	421852	3	Hinsdale, Illinois, United States	US	USIL	IL043	41.8009	-87.937	421852	3	Hinsdale, Illinois, United States	US	USIL	IL043	41.8009	-87.937	421852	20260529183000	https://chicago.suntimes.com/health/2026/05/26/pancreatic-cancer-daraxonrasib-early-access-treatment
1306568827	20260529	202605	2026	2026.4082	EDU	COLLEGE						EDU			USA	BOSTON	USA								0	192	192	19	4	-9.5	1	1	1	-1.34020618556701	3	Boston, Massachusetts, United States	US	USMA	MA025	42.3584	-71.0598	617565	3	Boston, Massachusetts, United States	US	USMA	MA025	42.3584	-71.0598	617565	3	Boston, Massachusetts, United States	US	USMA	MA025	42.3584	-71.0598	617565	20260529183000	https://chicago.suntimes.com/health/2026/05/26/pancreatic-cancer-daraxonrasib-early-access-treatment
1306568828	20260529	202605	2026	2026.4082	EGY	SINAI	EGY																		0	051	051	05	1	3.4	4	1	4	1.25984251968504	4	Dead Sea, Israel (general), Israel	IS	IS00	65745	31.5	35.5	-779554	0								4	Dead Sea, Israel (general), Israel	IS	IS00	65745	31.5	35.5	-779554	20260529183000	https://www.haaretz.com/archaeology/2026-05-29/ty-article-magazine/who-built-the-biblical-era-fortresses-in-the-deserts-of-israel-and-jordan/0000019e-6ee3-d84e-a3be-effb1c9d0000
1306568829	20260529	202605	2026	2026.4082	EGY	SINAI	EGY								ISR	ISRAEL	ISR								0	046	046	04	1	7.0	4	1	4	1.25984251968504	4	Dead Sea, Israel (general), Israel	IS	IS00	65745	31.5	35.5	-779554	4	Dead Sea, Israel (general), Israel	IS	IS00	65745	31.5	35.5	-779554	4	Dead Sea, Israel (general), Israel	IS	IS00	65745	31.5	35.5	-779554	20260529183000	https://www.haaretz.com/archaeology/2026-05-29/ty-article-magazine/who-built-the-biblical-era-fortresses-in-the-deserts-of-israel-and-jordan/0000019e-6ee3-d84e-a3be-effb1c9d0000
1306568830	20260529	202605	2026	2026.4082	ELI	ACTOR						ELI													1	042	042	04	1	1.9	10	1	10	2.05973223480948	2	New York, United States	US	USNY		42.1497	-74.9384	NY	0								2	New York, United States	US	USNY		42.1497	-74.9384	NY	20260529183000	https://epgn.com/2026/05/29/sean-seamus-thompson-phantom-of-the-opera-masquerade/
1306568831	20260529	202605	2026	2026.4082	ELI	ACTOR						ELI			FRA	FRENCH	FRA								0	020	020	02	1	3.0	1	1	1	-0.36101083032491	2	New York, United States	US	USNY		42.1497	-74.9384	NY	4	Paris, France (general), France	FR	FR00	16282	48.8667	2.33333	-1456928	4	Paris, France (general), France	FR	FR00	16282	48.8667	2.33333	-1456928	20260529183000	https://krcrtv.com/news/entertainment/emily-blunt-recalls-difficult-day-with-tom-cruise-on-edge-of-tomorrow-set-hot-ones
1306568832	20260529	202605	2026	2026.4082	ELI	ACTOR						ELI			MED	TELEVISION						MED			0	042	042	04	1	1.9	1	1	1	-3.04659498207885	2	New York, United States	US	USNY		42.1497	-74.9384	NY	2	New York, United States	US	USNY		42.1497	-74.9384	NY	2	New York, United States	US	USNY		42.1497	-74.9384	NY	20260529183000	https://krcrtv.com/news/entertainment/elderly-couple-dies-in-murder-suicide-after-scam-by-alleged-tom-selleck-impersonator
1306568833	20260529	202605	2026	2026.4082	ELI	ACTOR						ELI			USA	UNITED STATES	USA								0	042	042	04	1	1.9	1	1	1	-0.36101083032491	2	New York, United States	US	USNY		42.1497	-74.9384	NY	3	Santa Monica, California, United States	US	USCA		34.0195	-118.491	1652792	2	New York, United States	US	USNY		42.1497	-74.9384	NY	20260529183000	https://krcrtv.com/news/entertainment/emily-blunt-recalls-difficult-day-with-tom-cruise-on-edge-of-tomorrow-set-hot-ones
1306568834	20260529	202605	2026	2026.4082	ELI	ACTOR						ELI			USA	UNITED STATES	USA								0	043	043	04	1	2.8	1	1	1	-0.36101083032491	2	New York, United States	US	USNY		42.1497	-74.9384	NY	3	Santa Monica, California, United States	US	USCA		34.0195	-118.491	1652792	2	New York, United States	US	USNY		42.1497	-74.9384	NY	20260529183000	https://krcrtv.com/news/entertainment/emily-blunt-recalls-difficult-day-with-tom-cruise-on-edge-of-tomorrow-set-hot-ones
1306568835	20260529	202605	2026	2026.4082	ELI	ACTOR						ELI			USA	UNITED STATES	USA								1	111	111	11	3	-2.0	2	1	2	1.41093474426808	3	Hollywood, California, United States	US	USCA	CA037	34.0983	-118.327	1660757	3	Hollywood, California, United States	US	USCA	CA037	34.0983	-118.327	1660757	3	Hollywood, California, United States	US	USCA	CA037	34.0983	-118.327	1660757	20260529183000	https://www.hindustantimes.com/opinion/ananya-panday-and-classical-dance-in-the-age-of-virality-101780075014913.html
1306568836	20260529	202605	2026	2026.4082	EURGOV	EUROPEAN	EUR					GOV													1	110	110	11	3	-2.0	1	1	1	-5.54323725055433	4	Kiev, Ukraine (general), Ukraine	UP	UP00	28554	50.4333	30.5167	-1044367	0								4	Kiev, Ukraine (general), Ukraine	UP	UP00	28554	50.4333	30.5167	-1044367	20260529183000	https://www.thevermilion.com/medvedev-threatens-europe-eu-citizens-should-not-expect-peaceful-nights/article_18401/
1306568837	20260529	202605	2026	2026.4082	EURGOV	EUROPEAN	EUR					GOV													1	110	110	11	3	-2.0	2	1	2	-5.54323725055433	4	Moscow, Moskva, Russia	RS	RS48	25106	55.7522	37.6156	-2960561	0								4	Kiev, Ukraine (general), Ukraine	UP	UP00	28554	50.4333	30.5167	-1044367	20260529183000	https://www.thevermilion.com/medvedev-threatens-europe-eu-citizens-should-not-expect-peaceful-nights/article_18401/
1306568838	20260529	202605	2026	2026.4082	FRA	FRANCE	FRA																		0	036	036	03	1	4.0	2	1	2	-0.80906148867314	4	Letranger, Centre, France	FR	FRA3	16263	46.9569	1.24033	-1446278	0								4	Letranger, Centre, France	FR	FRA3	16263	46.9569	1.24033	-1446278	20260529183000	https://www.washingtonblade.com/2026/05/29/the-stranger-movie-review/
1306568839	20260529	202605	2026	2026.4082	FRA	PARIS	FRA																		0	043	043	04	1	2.8	1	1	1	2.33100233100234	4	Gaza, Israel (general), Israel	IS	IS00	18315	31.4167	34.3333	-797156	0								4	Gaza, Israel (general), Israel	IS	IS00	18315	31.4167	34.3333	-797156	20260529183000	https://www.ynetnews.com/culture/article/b1qcilvezx
1306568840	20260529	202605	2026	2026.4082	FRA	FRENCH	FRA																		0	192	192	19	4	-9.5	2	1	2	2.33100233100234	4	Gaza, Israel (general), Israel	IS	IS00	18315	31.4167	34.3333	-797156	0								4	Gaza, Israel (general), Israel	IS	IS00	18315	31.4167	34.3333	-797156	20260529183000	https://www.ynetnews.com/culture/article/b1qcilvezx
1306568841	20260529	202605	2026	2026.4082	FRA	LYON	FRA								BUS	COMPANY						BUS			1	020	020	02	1	3.0	6	1	6	-0.96660808435852	3	Washington, District of Columbia, United States	US	USDC	DC001	38.8951	-77.0364	531871	3	Washington, District of Columbia, United States	US	USDC	DC001	38.8951	-77.0364	531871	3	Washington, District of Columbia, United States	US	USDC	DC001	38.8951	-77.0364	531871	20260529183000	https://www.reformer.com/community-news/local-history-dummerston-man-was-an-energetic-worker-for-labor-unions/article_a635ba86-3087-4d38-b8dc-13fc90e18c6a.html
1306568842	20260529	202605	2026	2026.4082	FRA	LYON	FRA								BUS	COMPANY						BUS			0	060	060	06	2	6.0	2	1	2	-0.96660808435852	3	Brattleboro, Vermont, United States	US	USVT	VT025	42.8509	-72.5579	1456556	2	Massachusetts, United States	US	USMA		42.2373	-71.5314	MA	3	Brattleboro, Vermont, United States	US	USVT	VT025	42.8509	-72.5579	1456556	20260529183000	https://www.reformer.com/community-news/local-history-dummerston-man-was-an-energetic-worker-for-labor-unions/article_a635ba86-3087-4d38-b8dc-13fc90e18c6a.html
1306568843	20260529	202605	2026	2026.4082	FRA	LYON	FRA								BUS	COMPANY						BUS			0	060	060	06	2	6.0	6	1	6	-0.96660808435852	2	Massachusetts, United States	US	USMA		42.2373	-71.5314	MA	2	Massachusetts, United States	US	USMA		42.2373	-71.5314	MA	2	Massachusetts, United States	US	USMA		42.2373	-71.5314	MA	20260529183000	https://www.reformer.com/community-news/local-history-dummerston-man-was-an-energetic-worker-for-labor-unions/article_a635ba86-3087-4d38-b8dc-13fc90e18c6a.html
1306568844	20260529	202605	2026	2026.4082	FRA	PARIS	FRA								CVL	VILLAGE						CVL			0	043	043	04	1	2.8	7	1	7	2.33100233100234	4	Paris, France (general), France	FR	FR00	16282	48.8667	2.33333	-1456928	4	Paris, France (general), France	FR	FR00	16282	48.8667	2.33333	-1456928	4	Paris, France (general), France	FR	FR00	16282	48.8667	2.33333	-1456928	20260529183000	https://www.ynetnews.com/culture/article/b1qcilvezx
1306568845	20260529	202605	2026	2026.4082	FRA	PARIS	FRA								CVL	VILLAGE						CVL			0	043	043	04	1	2.8	1	1	1	2.33100233100234	4	Gaza, Israel (general), Israel	IS	IS00	18315	31.4167	34.3333	-797156	4	Gaza, Israel (general), Israel	IS	IS00	18315	31.4167	34.3333	-797156	4	Gaza, Israel (general), Israel	IS	IS00	18315	31.4167	34.3333	-797156	20260529183000	https://www.ynetnews.com/culture/article/b1qcilvezx
1306568846	20260529	202605	2026	2026.4082	FRA	FRANCE	FRA								MCOELI	ALBERT	MCO					ELI			0	036	036	03	1	4.0	2	1	2	-0.80906148867314	4	Letranger, Centre, France	FR	FRA3	16263	46.9569	1.24033	-1446278	4	Letranger, Centre, France	FR	FRA3	16263	46.9569	1.24033	-1446278	4	Letranger, Centre, France	FR	FRA3	16263	46.9569	1.24033	-1446278	20260529183000	https://www.washingtonblade.com/2026/05/29/the-stranger-movie-review/
1306568847	20260529	202605	2026	2026.4082	FRA	FRENCH	FRA								UKR	UKRAINIAN	UKR								0	030	030	03	1	4.0	1	1	1	-5.37124802527646	4	Moscow, Moskva, Russia	RS	RS48	25106	55.7522	37.6156	-2960561	4	Moscow, Moskva, Russia	RS	RS48	25106	55.7522	37.6156	-2960561	4	Moscow, Moskva, Russia	RS	RS48	25106	55.7522	37.6156	-2960561	20260529183000	https://www.2news.com/news/national/russian-drone-targeting-ukraine-hits-apartment-building-in-romania-injuring-2-officials-say/article_bc663ac7-374b-5116-9235-0a13a1bc13dc.html
1306568848	20260529	202605	2026	2026.4082	FRA	FRENCH	FRA								USAELI	UNITED STATES	USA					ELI			0	043	043	04	1	2.8	1	1	1	-0.36101083032491	2	New York, United States	US	USNY		42.1497	-74.9384	NY	2	New York, United States	US	USNY		42.1497	-74.9384	NY	2	New York, United States	US	USNY		42.1497	-74.9384	NY	20260529183000	https://krcrtv.com/news/entertainment/emily-blunt-recalls-difficult-day-with-tom-cruise-on-edge-of-tomorrow-set-hot-ones
1306568849	20260529	202605	2026	2026.4082	GBR	UNITED KINGDOM	GBR																		1	017	017	01	1	0.0	2	1	2	1.88235294117647	4	Balmoral, Belfast, United Kingdom	UK	UKR3	40158	54.55	-5.96667	-2589140	0								4	Balmoral, Belfast, United Kingdom	UK	UKR3	40158	54.55	-5.96667	-2589140	20260529183000	https://www.geo.tv/latest/666506-tearful-palace-moment-clip-resurfaces-unforgettable
1306568850	20260529	202605	2026	2026.4082	GBR	UNITED KINGDOM	GBR																		0	017	017	01	1	0.0	4	1	4	4.84261501210654	4	Edinburgh, Edinburgh, City of, United Kingdom	UK	UKU8	40173	55.95	-3.2	-2595386	0								4	Edinburgh, Edinburgh, City of, United Kingdom	UK	UKU8	40173	55.95	-3.2	-2595386	20260529183000	https://www.andoveradvertiser.co.uk/news/26150774.royalty-marks-20-years-open-farm-sunday-waitrose-farm/
1306568851	20260529	202605	2026	2026.4082	GBR	BRITISH	GBR																		1	111	111	11	3	-2.0	8	1	8	-1.13207547169811	4	Tewkesbury, Gloucestershire, United Kingdom	UK	UKE6	40113	52	-2.15	-2609585	0								4	Tewkesbury, Gloucestershire, United Kingdom	UK	UKE6	40113	52	-2.15	-2609585	20260529183000	https://www.gazetteseries.co.uk/news/26151655.iconic-british-fashion-brand-shut-21-stores-jobs-lost/
1306568852	20260529	202605	2026	2026.4082	GBR	UNITED KINGDOM	GBR								AGR	FARMER						AGR			1	043	043	04	1	2.8	4	1	4	4.84261501210654	4	Edinburgh, Edinburgh, City of, United Kingdom	UK	UKU8	40173	55.95	-3.2	-2595386	4	Edinburgh, Edinburgh, City of, United Kingdom	UK	UKU8	40173	55.95	-3.2	-2595386	4	Edinburgh, Edinburgh, City of, United Kingdom	UK	UKU8	40173	55.95	-3.2	-2595386	20260529183000	https://www.andoveradvertiser.co.uk/news/26150774.royalty-marks-20-years-open-farm-sunday-waitrose-farm/
1306568853	20260529	202605	2026	2026.4082	GBR	UNITED KINGDOM	GBR								BUS	COMPANY						BUS			0	010	010	01	1	0.0	2	1	2	-1.13207547169811	4	Tewkesbury, Gloucestershire, United Kingdom	UK	UKE6	40113	52	-2.15	-2609585	4	Tewkesbury, Gloucestershire, United Kingdom	UK	UKE6	40113	52	-2.15	-2609585	4	Tewkesbury, Gloucestershire, United Kingdom	UK	UKE6	40113	52	-2.15	-2609585	20260529183000	https://www.gazetteseries.co.uk/news/26151655.iconic-british-fashion-brand-shut-21-stores-jobs-lost/
1306568854	20260529	202605	2026	2026.4082	GBR	UNITED KINGDOM	GBR								CVL	SCIENTIST						CVL			1	010	010	01	1	0.0	4	1	4	-4.34782608695652	1	Canada	CA	CA		60	-96	CA	1	Canada	CA	CA		60	-96	CA	1	Canada	CA	CA		60	-96	CA	20260529183000	https://geographical.co.uk/news/air-pollution-slows-lung-growth-during-childhood-study-finds
1306568855	20260529	202605	2026	2026.4082	GBR	BRITISH	GBR								CVL	MIGRANT WORKER						CVL			1	043	043	04	1	2.8	4	1	4	-1.7208413001912	1	United Kingdom	UK	UK		54	-4	UK	1	United Kingdom	UK	UK		54	-4	UK	1	United Kingdom	UK	UK		54	-4	UK	20260529183000	https://www.el-balad.com/17015529
1306568856	20260529	202605	2026	2026.4082	GBR	UNITED KINGDOM	GBR								IGOEUREEC	THE EUROPEAN UNION	EUR	EEC				IGO			1	010	010	01	1	0.0	5	1	5	0	4	London, London, City of, United Kingdom	UK	UKH9	40110	51.5	-0.116667	-2601889	4	London, London, City of, United Kingdom	UK	UKH9	40110	51.5	-0.116667	-2601889	4	London, London, City of, United Kingdom	UK	UKH9	40110	51.5	-0.116667	-2601889	20260529183000	https://www.investegate.co.uk/announcement/eqs/fuller-smith-turner--fsta/fuller-smith-turner-plc-transaction-in-ow-/9593045
1306568857	20260529	202605	2026	2026.4082	GBR	UNITED KINGDOM	GBR								LAB	WORKER						LAB			1	164	164	16	4	-7.0	12	1	8	-1.16279069767442	4	Cramlington, Northumberland, United Kingdom	UK	UKJ6	40134	55.0667	-1.58333	-2593512	4	Cramlington, Northumberland, United Kingdom	UK	UKJ6	40134	55.0667	-1.58333	-2593512	4	Cramlington, Northumberland, United Kingdom	UK	UKJ6	40134	55.0667	-1.58333	-2593512	20260529183000	https://www.chroniclelive.co.uk/news/north-east-news/cramlington-packaging-workers-ramp-up-34034217
1306568858	20260529	202605	2026	2026.4082	GBR	UNITED KINGDOM	GBR								LAB	WORKER						LAB			1	164	164	16	4	-7.0	4	1	4	-1.16279069767442	4	Cramlington, Northumberland, United Kingdom	UK	UKJ6	40134	55.0667	-1.58333	-2593512	4	Cramlington, Northumberland, United Kingdom	UK	UKJ6	40134	55.0667	-1.58333	-2593512	5	Northumberland, Northumberland, United Kingdom	UK	UKJ6	40125	55.25	-2	-2604404	20260529183000	https://www.chroniclelive.co.uk/news/north-east-news/cramlington-packaging-workers-ramp-up-34034217
1306568859	20260529	202605	2026	2026.4082	GBR	BRITAIN	GBR								MIL	MILITARY						MIL			0	030	030	03	1	4.0	10	1	10	0.26690391459075	1	United Kingdom	UK	UK		54	-4	UK	1	United Kingdom	UK	UK		54	-4	UK	1	United Kingdom	UK	UK		54	-4	UK	20260529183000	https://www.kyivpost.com/analysis/77117
1306568860	20260529	202605	2026	2026.4082	GBR	BRITAIN	GBR								MIL	MILITARY						MIL			0	051	051	05	1	3.4	10	1	10	0.26690391459075	1	United Kingdom	UK	UK		54	-4	UK	1	United Kingdom	UK	UK		54	-4	UK	1	United Kingdom	UK	UK		54	-4	UK	20260529183000	https://www.kyivpost.com/analysis/77117
1306568861	20260529	202605	2026	2026.4082	GBR	UNITED KINGDOM	GBR								POL	POLAND	POL								0	030	030	03	1	4.0	2	1	2	0.26690391459075	1	United Kingdom	UK	UK		54	-4	UK	1	Germany	GM	GM		51.5	10.5	GM	1	Poland	PL	PL		52	20	PL	20260529183000	https://www.kyivpost.com/analysis/77117
1306568862	20260529	202605	2026	2026.4082	GBR	BRITAIN	GBR								POL	POLAND	POL								0	030	030	03	1	4.0	8	1	8	0.26690391459075	1	United Kingdom	UK	UK		54	-4	UK	1	Poland	PL	PL		52	20	PL	1	Germany	GM	GM		51.5	10.5	GM	20260529183000	https://www.kyivpost.com/analysis/77117
1306568863	20260529	202605	2026	2026.4082	GBR	BRITON	GBR								POL	POLAND	POL								0	030	030	03	1	4.0	6	1	6	0.26690391459075	1	United Kingdom	UK	UK		54	-4	UK	1	Poland	PL	PL		52	20	PL	1	Poland	PL	PL		52	20	PL	20260529183000	https://www.kyivpost.com/analysis/77117
1306568864	20260529	202605	2026	2026.4082	GBR	UNITED KINGDOM	GBR								POL	POLAND	POL								0	030	030	03	1	4.0	2	1	2	0.26690391459075	1	United Kingdom	UK	UK		54	-4	UK	1	United Kingdom	UK	UK		54	-4	UK	1	Russia	RS	RS		60	100	RS	20260529183000	https://www.kyivpost.com/analysis/77117
1306568865	20260529	202605	2026	2026.4082	GBR	BRITON	GBR								UKR	UKRAINIAN	UKR								0	051	051	05	1	3.4	8	1	8	0.26690391459075	1	United Kingdom	UK	UK		54	-4	UK	4	Kyiv, Kyyiv, Misto, Ukraine	UP	UP12	28554	50.4333	30.5167	-1044367	1	United Kingdom	UK	UK		54	-4	UK	20260529183000	https://www.kyivpost.com/analysis/77117
1306568866	20260529	202605	2026	2026.4082	GBR	UNITED KINGDOM	GBR								USA	UNITED STATES	USA								1	020	020	02	1	3.0	4	1	4	1.68195718654434	4	London, London, City of, United Kingdom	UK	UKH9	40110	51.5	-0.116667	-2601889	3	Washington, District of Columbia, United States	US	USDC	DC001	38.8951	-77.0364	531871	4	London, London, City of, United Kingdom	UK	UKH9	40110	51.5	-0.116667	-2601889	20260529183000	https://www.independent.co.uk/news/uk/home-news/donald-trump-banknote-bill-iain-alexander-artist-b2985891.html
1306568867	20260529	202605	2026	2026.4082	GBRLAB	BRITISH	GBR					LAB			CVL	MIGRANT WORKER						CVL			1	043	043	04	1	2.8	6	1	6	-1.7208413001912	1	United Kingdom	UK	UK		54	-4	UK	1	United Kingdom	UK	UK		54	-4	UK	1	United Kingdom	UK	UK		54	-4	UK	20260529183000	https://www.el-balad.com/17015529
1306568868	20260529	202605	2026	2026.4082	GOV	PRIME MINISTER						GOV													1	010	010	01	1	0.0	6	1	6	0	4	Freeport, West Grand Bahama, Bahamas, The	BF	BF54	5747	26.5333	-78.7	-1543278	0								4	Freeport, West Grand Bahama, Bahamas, The	BF	BF54	5747	26.5333	-78.7	-1543278	20260529183000	https://www.tribune242.com/news/2026/may/29/veteran-journalist-opal-roach-replaces-clint-watson-at-zns/
1306568869	20260529	202605	2026	2026.4082	GOV	AUTHORITIES						GOV													1	010	010	01	1	0.0	5	1	5	-4.81012658227848	4	Cheboksary, Chuvashiya, Russia	RS	RS16	25102	56.1322	47.2519	-2896432	0								4	Cheboksary, Chuvashiya, Russia	RS	RS16	25102	56.1322	47.2519	-2896432	20260529183000	https://www.kyivpost.com/post/77135
1306568870	20260529	202605	2026	2026.4082	GOV	MAYOR						GOV													0	011	011	01	1	-0.1	6	1	6	0.699300699300689	3	Department Of Energy, District of Columbia, United States	US	USDC	DC001	38.8862	-77.025	530856	0								3	Department Of Energy, District of Columbia, United States	US	USDC		38.8862	-77.025	530856	20260529183000	https://www.foxnews.com/media/mamdanis-coge-rollout-gets-doges-attention-critics-say-ripped-elon-musk
1306568871	20260529	202605	2026	2026.4082	GOV	CHIEF EXECUTIVE						GOV													1	012	012	01	1	-0.4	3	1	3	-5.12820512820512	4	Dublin, Dublin, Ireland	EI	EI07	18288	53.3331	-6.24889	-1502554	0								4	Dublin, Dublin, Ireland	EI	EI07	18288	53.3331	-6.24889	-1502554	20260529183000	https://www.irishtimes.com/ireland/2026/05/29/school-holidays-highly-challenging-for-thousands-of-homeless-children-as-rates-rise-again/
1306568872	20260529	202605	2026	2026.4082	GOV	PRESIDENT						GOV													0	013	013	01	1	0.4	4	1	4	-3.38983050847457	4	Kyiv, Kyyiv, Misto, Ukraine	UP	UP12	28554	50.4333	30.5167	-1044367	0								4	Kyiv, Kyyiv, Misto, Ukraine	UP	UP12	28554	50.4333	30.5167	-1044367	20260529183000	https://www.kyivpost.com/post/77125
1306568873	20260529	202605	2026	2026.4082	GOV	MAYOR						GOV													1	016	016	01	1	-2.0	2	1	2	-4.81012658227848	4	Cheboksary, Chuvashiya, Russia	RS	RS16	25102	56.1322	47.2519	-2896432	0								4	Cheboksary, Chuvashiya, Russia	RS	RS16	25102	56.1322	47.2519	-2896432	20260529183000	https://www.kyivpost.com/post/77135
1306568874	20260529	202605	2026	2026.4082	GOV	PRESIDENT						GOV													0	040	040	04	1	1.0	6	1	6	-3.38983050847457	4	Kyiv, Kyyiv, Misto, Ukraine	UP	UP12	28554	50.4333	30.5167	-1044367	0								4	Kyiv, Kyyiv, Misto, Ukraine	UP	UP12	28554	50.4333	30.5167	-1044367	20260529183000	https://www.kyivpost.com/post/77125
1306568875	20260529	202605	2026	2026.4082	GOV	ADMINISTRATION						GOV													1	040	040	04	1	1.0	2	1	2	-0.30674846625767	4	Enugu, Enugu, Nigeria	NI	NI47	191302	6.4402	7.4943	-2006530	0								4	Enugu, Enugu, Nigeria	NI	NI47	191302	6.4402	7.4943	-2006530	20260529183000	https://thesun.ng/take-ownership-of-our-achievements-gov-mbah-charges-enugu-people/
1306568876	20260529	202605	2026	2026.4082	GOV	GOVERNMENT						GOV													0	040	040	04	1	1.0	5	1	5	-4.90593876798229	4	Petersburg, Sankt-Peterburg, Russia	RS	RS66	25095	59.8944	30.2642	-2996338	0								4	Petersburg, Sankt-Peterburg, Russia	RS	RS66	25095	59.8944	30.2642	-2996338	20260529183000	https://www.washingtonblade.com/2026/05/29/nine-russian-lgbtq-groups-deemed-extremist-banned/
1306568877	20260529	202605	2026	2026.4082	GOV	SOVEREIGN						GOV													1	043	043	04	1	2.8	4	1	4	1.88235294117647	4	London, London, City of, United Kingdom	UK	UKH9	40110	51.5	-0.116667	-2601889	0								4	Buckingham Palace, Westminster, United Kingdom	UK	UKP5	40110	51.5	-0.133333	-2591190	20260529183000	https://www.geo.tv/latest/666506-tearful-palace-moment-clip-resurfaces-unforgettable
1306568878	20260529	202605	2026	2026.4082	GOV	PRESIDENT						GOV													0	046	046	04	1	7.0	1	1	1	-1.82946749428291	3	Capitol Hill, District of Columbia, United States	US	USDC	DC001	38.889	-77.0003	529313	0								3	Capitol Hill, District of Columbia, United States	US	USDC		38.889	-77.0003	529313	20260529183000	https://www.thehour.com/news/politics/article/the-latest-us-and-iranian-reach-tentative-deal-22282146.php
1306568879	20260529	202605	2026	2026.4082	GOV	GOVERNMENT						GOV													1	060	060	06	2	6.0	10	1	10	0.19960079840319	4	Abuja, Abuja Federal Capital Territory, Nigeria	NI	NI11	191147	9.08333	7.53333	-1997013	0								4	Abuja, Abuja Federal Capital Territory, Nigeria	NI	NI11	191147	9.08333	7.53333	-1997013	20260529183000	https://thesun.ng/fg-procures-145-tricycles-six-boat-ambulances-other-equipment-for-emergency-care/
1306568880	20260529	202605	2026	2026.4082	GOV	FIREFIGHTER						GOV													1	060	060	06	2	6.0	6	1	6	-8.82352941176468	3	Cuyahoga County, Ohio, United States	US	USOH	OH035	41.4334	-81.6665	1074030	0								3	Cuyahoga County, Ohio, United States	US	USOH		41.4334	-81.6665	1074030	20260529183000	https://www.cleveland19.com/2026/05/29/ohio-supreme-court-makes-ruling-murder-cleveland-firefighter-johnny-tetrick/
1306568881	20260529	202605	2026	2026.4082	GOV	ADMINISTRATION						GOV													1	071	071	07	2	7.4	10	1	10	-7.65027322404375	1	Mozambique	MZ	MZ		-18.25	35	MZ	0								1	Mozambique	MZ	MZ		-18.25	35	MZ	20260529183000	https://www.channelafrica.co.za/channelafrica/news/fresh-internal-divisions-emerge-in-mozambiques-renamo/
1306568882	20260529	202605	2026	2026.4082	GOV	AUTHORITIES						GOV													1	090	090	09	2	-2.0	5	1	5	-4.94186046511628	1	Bahamas, The	BF	BF		24	-76	BF	0								1	Bahamas, The	BF	BF		24	-76	BF	20260529183000	https://www.tribune242.com/news/2026/may/29/government-awaits-test-results-for-pilots-quarantined-at-pmh/
1306568883	20260529	202605	2026	2026.4082	GOV	ADMINISTRATION						GOV													1	091	091	09	2	-2.0	3	1	3	-4.26716141001855	2	Indiana, United States	US	USIN		39.8647	-86.2604	IN	0								2	Indiana, United States	US	USIN		39.8647	-86.2604	IN	20260529183000	https://www.chicagotribune.com/2026/05/29/bartholomew-death-report/
1306568884	20260529	202605	2026	2026.4082	GOV	MINIST						GOV													1	100	100	10	3	-5.0	10	1	10	-2.26700251889168	4	Monrovia, Montserrado, Liberia	LI	LI14	147290	6.31056	-10.8047	-2134012	0								4	Monrovia, Montserrado, Liberia	LI	LI14	147290	6.31056	-10.8047	-2134012	20260529183000	https://www.emansion.gov.lr/media/press-release/president-boakai-issues-cabinet-directive-excessive-foreign-trips-orders
1306568885	20260529	202605	2026	2026.4082	GOV	AUTHORITIES						GOV													1	120	120	12	3	-4.0	20	1	20	-4.08707833960267	4	Cheboksary, Chuvashiya, Russia	RS	RS16	25102	56.1322	47.2519	-2896432	0								4	Cheboksary, Chuvashiya, Russia	RS	RS16	25102	56.1322	47.2519	-2896432	20260529183000	https://www.kyivpost.com/post/77127
1306568886	20260529	202605	2026	2026.4082	GOV	MAYOR						GOV													0	124	124	12	3	-4.0	6	1	6	0.699300699300689	3	Department Of Energy, District of Columbia, United States	US	USDC	DC001	38.8862	-77.025	530856	0								3	Department Of Energy, District of Columbia, United States	US	USDC		38.8862	-77.025	530856	20260529183000	https://www.foxnews.com/media/mamdanis-coge-rollout-gets-doges-attention-critics-say-ripped-elon-musk
1306568887	20260529	202605	2026	2026.4082	GOV	FIREFIGHTER						GOV													0	190	190	19	4	-10.0	10	1	10	-2.34917245061399	3	Black Hills, South Dakota, United States	US	USSD	SD081	44.4167	-103.709	1267020	0								3	Black Hills, South Dakota, United States	US	USSD		44.4167	-103.709	1267020	20260529183000	https://www.sdpb.org/podcast/sdpb-news/2026-05-29/gop-legislative-primaries-reflect-reagan-v-trump-tug-of-war-former-lawmaker-says-todays-stories-may-29
1306568888	20260529	202605	2026	2026.4082	GOV	CHIEF EXECUTIVE						GOV			AGR	FARMER						AGR			1	043	043	04	1	2.8	3	1	3	5.3639846743295	4	Edinburgh, Edinburgh, City of, United Kingdom	UK	UKU8	40173	55.95	-3.2	-2595386	4	Edinburgh, Edinburgh, City of, United Kingdom	UK	UKU8	40173	55.95	-3.2	-2595386	4	Edinburgh, Edinburgh, City of, United Kingdom	UK	UKU8	40173	55.95	-3.2	-2595386	20260529183000	https://www.geo.tv/latest/666520-royal-family-shares-update-as-duchess-sophie-takes-important-step
1306568889	20260529	202605	2026	2026.4082	GOV	PRIME MINISTER						GOV			BHS	BAHAMA	BHS								1	010	010	01	1	0.0	4	1	4	0	4	Freeport, West Grand Bahama, Bahamas, The	BF	BF54	5747	26.5333	-78.7	-1543278	4	Freeport, West Grand Bahama, Bahamas, The	BF	BF54	5747	26.5333	-78.7	-1543278	4	Freeport, West Grand Bahama, Bahamas, The	BF	BF54	5747	26.5333	-78.7	-1543278	20260529183000	https://www.tribune242.com/news/2026/may/29/veteran-journalist-opal-roach-replaces-clint-watson-at-zns/
1306568890	20260529	202605	2026	2026.4082	GOV	CHIEF EXECUTIVE						GOV			BUS	COMPANY						BUS			1	035	035	03	1	7.0	10	1	10	1.95530726256983	3	Washington, District of Columbia, United States	US	USDC	DC001	38.8951	-77.0364	531871	3	Washington, District of Columbia, United States	US	USDC	DC001	38.8951	-77.0364	531871	3	Washington, District of Columbia, United States	US	USDC	DC001	38.8951	-77.0364	531871	20260529183000	http://www.cincinnatisun.com/news/279087140/usps-secures-major-multi-year-partnership-with-dhl
1306568891	20260529	202605	2026	2026.4082	GOV	CHIEF EXECUTIVE						GOV			BUS	COMPANY						BUS			0	071	071	07	2	7.4	10	1	10	3.47043701799486	0								0								0								20260529183000	https://www.pymnts.com/earnings/2026/what-fintech-earnings-tell-us-about-fundings-impact-on-lending/
1306568892	20260529	202605	2026	2026.4082	GOV	PRESIDENT						GOV			CHN	CHINA	CHN								0	042	042	04	1	1.9	2	1	2	-0.79522862823061	4	Tehran, Tehran, Iran	IR	IR26	41130	35.75	51.5148	10074674	1	China	CH	CH		35	105	CH	1	China	CH	CH		35	105	CH	20260529183000	https://edition.cnn.com/2026/05/29/politics/trump-nuclear-iran
1306568893	20260529	202605	2026	2026.4082	GOV	MINISTRY						GOV			COD	THE DRC	COD								1	043	043	04	1	2.8	10	1	10	-7.3170731707317	4	Bundibugyo, Bundibugyo, Uganda	UG	UG28	18585	0.741389	30.0417	-1727111	4	Bundibugyo, Bundibugyo, Uganda	UG	UG28	18585	0.741389	30.0417	-1727111	4	Bundibugyo, Bundibugyo, Uganda	UG	UG28	18585	0.741389	30.0417	-1727111	20260529183000	https://www.shtfplan.com/health/who-chief-swears-ebola-outbreak-can-be-stopped
1306568894	20260529	202605	2026	2026.4082	GOV	AUTHORITIES						GOV			COP	POLICE						COP			0	173	173	17	4	-5.0	2	1	2	-6.15384615384615	3	Big Spring, Texas, United States	US	USTX	TX227	32.2504	-101.479	1330654	3	Big Spring, Texas, United States	US	USTX		32.2504	-101.479	1330654	3	Big Spring, Texas, United States	US	USTX		32.2504	-101.479	1330654	20260529183000	https://www.firstalert7.com/2026/05/29/texas-rangers-law-enforcement-solve-1997-midland-sexual-assault-case/
1306568895	20260529	202605	2026	2026.4082	GOV	FIRE SERVICE						GOV			CVL	VILLAGE						CVL			1	012	012	01	1	-0.4	10	1	10	-3.2258064516129	4	Kano, Kano, Nigeria	NI	NI29	191030	11.9964	8.51667	-2014610	4	Kano, Kano, Nigeria	NI	NI29	191030	11.9964	8.51667	-2014610	4	Kano, Kano, Nigeria	NI	NI29	191030	11.9964	8.51667	-2014610	20260529183000	https://punchng.com/kano-fire-service-rescues-three-people-from-wells/
1306568896	20260529	202605	2026	2026.4082	GOV	MAYOR						GOV			CVL	RESIDENTS						CVL			1	130	130	13	3	-4.4	1	1	1	-8.2051282051282	4	Lviv, L'vivs'ka Oblast', Ukraine	UP	UP15	28555	49.8407	24.0305	-1045268	4	Lviv, L'vivs'ka Oblast', Ukraine	UP	UP15	28555	49.8407	24.0305	-1045268	4	Lviv, L'vivs'ka Oblast', Ukraine	UP	UP15	28555	49.8407	24.0305	-1045268	20260529183000	https://www.kyivpost.com/post/77138
1306568897	20260529	202605	2026	2026.4082	GOV	AUTHORITIES						GOV			DEU	HANOVER	DEU								1	090	090	09	2	-2.0	10	1	10	-6.28930817610063	0								0								0								20260529183000	https://www.wect.com/2026/05/29/authorities-searching-suspect-armed-robbery-new-hanover-co-convenience-store/
1306568898	20260529	202605	2026	2026.4082	GOV	FIRE CHIEF						GOV			EDU	STUDENT						EDU			1	073	073	07	2	7.4	4	1	4	1.44927536231884	3	Academy High School, Texas, United States	US	USTX	TX027	30.9824	-97.3467	2002870	3	Academy High School, Texas, United States	US	USTX		30.9824	-97.3467	2002870	3	Academy High School, Texas, United States	US	USTX		30.9824	-97.3467	2002870	20260529183000	https://www.nbcnews.com/news/us-news/texas-roller-coaster-malfunction-leaves-8-riders-stranded-100-feet-air-rcna347513
1306568899	20260529	202605	2026	2026.4082	GOV	MONARCH						GOV			ESP	SPANISH	ESP								1	100	100	10	3	-5.0	7	1	7	4.72222222222222	4	Madrid, Madrid, Spain	SP	SP29	25820	40.4	-3.68333	-390625	4	Madrid, Madrid, Spain	SP	SP29	25820	40.4	-3.68333	-390625	4	Madrid, Madrid, Spain	SP	SP29	25820	40.4	-3.68333	-390625	20260529183000	https://www.harpersbazaar.com/celebrity/latest/a71444891/queen-letizia-espadrille-wedges-summer-style-madrid-photos/
1306568900	20260529	202605	2026	2026.4082	GOV	PRESIDENT						GOV			IND	VIJAYAWADA	IND								1	046	046	04	1	7.0	10	1	10	0.54347826086957	0								0								0								20260529183000	https://www.thehindu.com/news/national/andhra-pradesh/hrudaya-raju-elected-state-president-of-ap-teachers-federation/article71038228.ece
1306568901	20260529	202605	2026	2026.4082	GOV	ADMINISTRATION						GOV			IRN	IRAN	IRN								1	040	040	04	1	1.0	10	1	10	-2.77349768875193	1	Oman	MU	MU		21	57	MU	4	Tehran, Tehran, Iran	IR	IR26	41130	35.75	51.5148	10074674	1	Oman	MU	MU		21	57	MU	20260529183000	https://www.presstv.ir/Detail/2026/05/29/769480/Iran-Oman-Araghchi-Busaidi-
1306568902	20260529	202605	2026	2026.4082	GOV	CHIEF EXECUTIVE						GOV			KAZ	KAZAKHSTAN	KAZ								1	036	036	03	1	4.0	2	1	2	4.21686746987952	1	Hong Kong	HK	HK		22.25	114.166667	HK	1	Hong Kong	HK	HK		22.25	114.166667	HK	1	Hong Kong	HK	HK		22.25	114.166667	HK	20260529183000	http://www.centralasiatimes.com/news/279089817/hksar-chief-executive-to-visit-kazakhstan-uzbekistan
1306568903	20260529	202605	2026	2026.4082	GOV	CHIEF EXECUTIVE						GOV			KAZ	KAZAKHSTAN	KAZ								1	036	036	03	1	4.0	2	1	2	4.21686746987952	1	Hong Kong	HK	HK		22.25	114.166667	HK	1	Uzbekistan	UZ	UZ		41.707542	63.84911	UZ	1	Kazakhstan	KZ	KZ		48	68	KZ	20260529183000	http://www.centralasiatimes.com/news/279089817/hksar-chief-executive-to-visit-kazakhstan-uzbekistan
1306568904	20260529	202605	2026	2026.4082	GOV	CHIEF EXECUTIVE						GOV			KAZ	KAZAKHSTAN	KAZ								1	036	036	03	1	4.0	8	1	8	4.21686746987952	1	Kazakhstan	KZ	KZ		48	68	KZ	1	Kazakhstan	KZ	KZ		48	68	KZ	1	Kazakhstan	KZ	KZ		48	68	KZ	20260529183000	http://www.centralasiatimes.com/news/279089817/hksar-chief-executive-to-visit-kazakhstan-uzbekistan
1306568905	20260529	202605	2026	2026.4082	GOV	CHIEF EXECUTIVE						GOV			KAZ	KAZAKHSTAN	KAZ								1	036	036	03	1	4.0	6	1	6	4.21686746987952	1	Kazakhstan	KZ	KZ		48	68	KZ	1	Uzbekistan	UZ	UZ		41.707542	63.84911	UZ	1	Uzbekistan	UZ	UZ		41.707542	63.84911	UZ	20260529183000	http://www.centralasiatimes.com/news/279089817/hksar-chief-executive-to-visit-kazakhstan-uzbekistan
1306568906	20260529	202605	2026	2026.4082	GOV	CHIEF EXECUTIVE						GOV			KAZ	KAZAKHSTAN	KAZ								1	036	036	03	1	4.0	2	1	2	4.21686746987952	1	Uzbekistan	UZ	UZ		41.707542	63.84911	UZ	1	Uzbekistan	UZ	UZ		41.707542	63.84911	UZ	1	Uzbekistan	UZ	UZ		41.707542	63.84911	UZ	20260529183000	http://www.centralasiatimes.com/news/279089817/hksar-chief-executive-to-visit-kazakhstan-uzbekistan
1306568907	20260529	202605	2026	2026.4082	GOV	CHIEF EXECUTIVE						GOV			KAZ	KAZAKHSTAN	KAZ								1	042	042	04	1	1.9	2	1	2	4.21686746987952	1	Hong Kong	HK	HK		22.25	114.166667	HK	1	Hong Kong	HK	HK		22.25	114.166667	HK	1	Hong Kong	HK	HK		22.25	114.166667	HK	20260529183000	http://www.centralasiatimes.com/news/279089817/hksar-chief-executive-to-visit-kazakhstan-uzbekistan
1306568908	20260529	202605	2026	2026.4082	GOV	ENERGY MINIST						GOV			KAZ	KAZAKHSTAN	KAZ								1	120	120	12	3	-4.0	6	1	6	-1.34529147982063	4	Tengiz, Atyrau, Kazakhstan	KZ	KZ06	37260	46.3333	53.4667	342894	4	Tengiz, Atyrau, Kazakhstan	KZ	KZ06	37260	46.3333	53.4667	342894	4	Tengiz, Atyrau, Kazakhstan	KZ	KZ06	37260	46.3333	53.4667	342894	20260529183000	https://astanatimes.com/2026/05/oil-production-at-tengiz-temporarily-reduced-following-operational-disruption/
1306568909	20260529	202605	2026	2026.4082	GOV	PRESIDENT						GOV			KEN	KENYAN	KEN								1	043	043	04	1	2.8	8	1	8	3.47826086956522	4	Johannesburg, Gauteng, South Africa	SF	SF06	77364	-26.2	28.0833	-1240261	4	Johannesburg, Gauteng, South Africa	SF	SF06	77364	-26.2	28.0833	-1240261	4	Johannesburg, Gauteng, South Africa	SF	SF06	77364	-26.2	28.0833	-1240261	20260529183000	https://www.channelafrica.co.za/channelafrica/news/sa-president-to-host-kenyan-counterpart-ruto-next-week/
1306568910	20260529	202605	2026	2026.4082	GOV	PRESIDENT						GOV			KEN	KENYAN	KEN								1	043	043	04	1	2.8	2	1	2	3.47826086956522	4	Midrand, Gauteng, South Africa	SF	SF06	77346	-25.9636	28.1378	437319	4	Johannesburg, Gauteng, South Africa	SF	SF06	77364	-26.2	28.0833	-1240261	4	Johannesburg, Gauteng, South Africa	SF	SF06	77364	-26.2	28.0833	-1240261	20260529183000	https://www.channelafrica.co.za/channelafrica/news/sa-president-to-host-kenyan-counterpart-ruto-next-week/
1306568911	20260529	202605	2026	2026.4082	GOV	REGIME						GOV			KGZ	KYRGYZSTAN	KGZ								0	040	040	04	1	1.0	4	1	4	-3.80673499267936	4	Bishkek, Bishkek, Kyrgyzstan	KG	KG01	37216	42.8731	74.6003	-2331392	4	Bishkek, Bishkek, Kyrgyzstan	KG	KG01	37216	42.8731	74.6003	-2331392	4	Bishkek, Bishkek, Kyrgyzstan	KG	KG01	37216	42.8731	74.6003	-2331392	20260529183000	http://www.centralasiatimes.com/news/279089703/kyrgyzstan-secret-police-latest-target-baptists
1306568912	20260529	202605	2026	2026.4082	GOV	MAYOR						GOV			LAB	TRADE UNION						LAB			1	010	010	01	1	0.0	10	1	10	0.46082949308755	4	Reggio Calabria, Calabria, Italy	IT	IT03	18394	38.1	15.65	-126191	4	Reggio Calabria, Calabria, Italy	IT	IT03	18394	38.1	15.65	-126191	4	Reggio Calabria, Calabria, Italy	IT	IT03	18394	38.1	15.65	-126191	20260529183000	https://www.odnako.org/avs-calabria-to-the-allies-either-we-change-pace-or-we-go-our-own-way/
1306568913	20260529	202605	2026	2026.4082	GOV	AUTHORITIES						GOV			LAB	EMPLOYEE						LAB			0	173	173	17	4	-5.0	5	1	5	-4.90593876798229	4	Moscow, Moskva, Russia	RS	RS48	25106	55.7522	37.6156	-2960561	4	Moscow, Moskva, Russia	RS	RS48	25106	55.7522	37.6156	-2960561	4	Moscow, Moskva, Russia	RS	RS48	25106	55.7522	37.6156	-2960561	20260529183000	https://www.washingtonblade.com/2026/05/29/nine-russian-lgbtq-groups-deemed-extremist-banned/
1306568914	20260529	202605	2026	2026.4082	GOV	CABINET						GOV			LBR	LIBERIA	LBR								1	020	020	02	1	3.0	5	1	5	-2.26700251889168	4	Monrovia, Montserrado, Liberia	LI	LI14	147290	6.31056	-10.8047	-2134012	4	Monrovia, Montserrado, Liberia	LI	LI14	147290	6.31056	-10.8047	-2134012	4	Monrovia, Montserrado, Liberia	LI	LI14	147290	6.31056	-10.8047	-2134012	20260529183000	https://www.emansion.gov.lr/media/press-release/president-boakai-issues-cabinet-directive-excessive-foreign-trips-orders
1306568915	20260529	202605	2026	2026.4082	GOV	CABINET						GOV			LBR	LIBERIA	LBR								1	042	042	04	1	1.9	5	1	5	-2.26700251889168	4	Monrovia, Montserrado, Liberia	LI	LI14	147290	6.31056	-10.8047	-2134012	4	Monrovia, Montserrado, Liberia	LI	LI14	147290	6.31056	-10.8047	-2134012	4	Monrovia, Montserrado, Liberia	LI	LI14	147290	6.31056	-10.8047	-2134012	20260529183000	https://www.emansion.gov.lr/media/press-release/president-boakai-issues-cabinet-directive-excessive-foreign-trips-orders
1306568916	20260529	202605	2026	2026.4082	GOV	CABINET						GOV			LBR	LIBERIA	LBR								1	060	060	06	2	6.0	5	1	5	-2.26700251889168	4	Monrovia, Montserrado, Liberia	LI	LI14	147290	6.31056	-10.8047	-2134012	4	Monrovia, Montserrado, Liberia	LI	LI14	147290	6.31056	-10.8047	-2134012	4	Monrovia, Montserrado, Liberia	LI	LI14	147290	6.31056	-10.8047	-2134012	20260529183000	https://www.emansion.gov.lr/media/press-release/president-boakai-issues-cabinet-directive-excessive-foreign-trips-orders
1306568917	20260529	202605	2026	2026.4082	GOV	CABINET						GOV			LBR	LIBERIA	LBR								1	071	071	07	2	7.4	5	1	5	-2.26700251889168	4	Monrovia, Montserrado, Liberia	LI	LI14	147290	6.31056	-10.8047	-2134012	4	Monrovia, Montserrado, Liberia	LI	LI14	147290	6.31056	-10.8047	-2134012	4	Monrovia, Montserrado, Liberia	LI	LI14	147290	6.31056	-10.8047	-2134012	20260529183000	https://www.emansion.gov.lr/media/press-release/president-boakai-issues-cabinet-directive-excessive-foreign-trips-orders
1306568918	20260529	202605	2026	2026.4082	GOV	GOVERNOR						GOV			LEG	SENATOR						LEG			0	010	010	01	1	0.0	7	1	7	-5.7422969187675	2	Michigan, United States	US	USMI		43.3504	-84.5603	MI	2	Michigan, United States	US	USMI		43.3504	-84.5603	MI	2	Michigan, United States	US	USMI		43.3504	-84.5603	MI	20260529183000	https://www.nbcnews.com/politics/congress/haley-stevens-clarifies-filibuster-abolish-michigan-senate-debate-rcna347547
1306568919	20260529	202605	2026	2026.4082	GOV	PRESIDENT						GOV			LEG	SENATE						LEG			1	036	036	03	1	4.0	10	1	10	0.650406504065039	2	Mississippi, United States	US	USMS		32.7673	-89.6812	MS	2	Mississippi, United States	US	USMS		32.7673	-89.6812	MS	2	Mississippi, United States	US	USMS		32.7673	-89.6812	MS	20260529183000	https://www.waterwaysjournal.net/2026/05/29/house-panel-passes-fy27-energy-water-development-bill/
1306568920	20260529	202605	2026	2026.4082	GOV	GOVERNMENT						GOV			MED	WEBSITE						MED			0	020	020	02	1	3.0	10	1	10	-0.80174927113702	3	White House, District of Columbia, United States	US	USDC		38.8951	-77.0364	531871	3	White House, District of Columbia, United States	US	USDC		38.8951	-77.0364	531871	3	White House, District of Columbia, United States	US	USDC		38.8951	-77.0364	531871	20260529183000	https://www.alternet.org/trump-government-spying-data/
1306568921	20260529	202605	2026	2026.4082	GOV	AUTHORITIES						GOV			NGA	NIGERIA	NGA								0	010	010	01	1	0.0	2	1	2	-6.5891472868217	4	Fulani, Zamfara, Nigeria	NI	NI57	191424	12.2658	6.63738	-2029580	4	Fulani, Zamfara, Nigeria	NI	NI57	191424	12.2658	6.63738	-2029580	4	Fulani, Zamfara, Nigeria	NI	NI57	191424	12.2658	6.63738	-2029580	20260529183000	https://www.foxnews.com/world/christian-farming-communities-under-siege-us-report-names-fulani-militants-nigerias-deadliest-threat
1306568922	20260529	202605	2026	2026.4082	GOV	ADMINISTRATION						GOV			NGA	NIGERIA	NGA								1	040	040	04	1	1.0	8	1	8	-0.30674846625767	4	Enugu, Enugu, Nigeria	NI	NI47	191302	6.4402	7.4943	-2006530	4	Enugu, Enugu, Nigeria	NI	NI47	191302	6.4402	7.4943	-2006530	4	Enugu, Enugu, Nigeria	NI	NI47	191302	6.4402	7.4943	-2006530	20260529183000	https://thesun.ng/take-ownership-of-our-achievements-gov-mbah-charges-enugu-people/
1306568923	20260529	202605	2026	2026.4082	GOV	GOVERNMENT						GOV			NGA	NIGERIAN	NGA								1	100	100	10	3	-5.0	10	1	10	0.19960079840319	4	Abuja, Abuja Federal Capital Territory, Nigeria	NI	NI11	191147	9.08333	7.53333	-1997013	4	Abuja, Abuja Federal Capital Territory, Nigeria	NI	NI11	191147	9.08333	7.53333	-1997013	4	Abuja, Abuja Federal Capital Territory, Nigeria	NI	NI11	191147	9.08333	7.53333	-1997013	20260529183000	https://thesun.ng/fg-procures-145-tricycles-six-boat-ambulances-other-equipment-for-emergency-care/
1306568924	20260529	202605	2026	2026.4082	GOV	SECRETARY OF STATE						GOV			PAKGOV	PAKISTAN	PAK					GOV			0	046	046	04	1	7.0	4	1	4	-1.29107981220658	4	Tehran, Tehran, Iran	IR	IR26	41130	35.75	51.5148	10074674	1	Pakistan	PK	PK		30	70	PK	3	Washington, District of Columbia, United States	US	USDC	DC001	38.8951	-77.0364	531871	20260529183000	https://www.dailymail.com/news/article-15859225/Trump-decide-imminently-Iran-ceasefire-deal.html
1306568925	20260529	202605	2026	2026.4082	GOV	FOREIGN AFFAIRS MINIST						GOV			ROUGOV	ROMANIAN						GOV			1	111	111	11	3	-2.0	4	1	4	-2.14541120381406	4	Bucharest, Bucuresti, Romania	RO	RO10	25006	44.4333	26.1	-1153951	4	Bucharest, Bucuresti, Romania	RO	RO10	25006	44.4333	26.1	-1153951	4	Bucharest, Bucuresti, Romania	RO	RO10	25006	44.4333	26.1	-1153951	20260529183000	https://www.politico.eu/article/romania-asks-for-nato-support-after-russian-drone-crash/
1306568926	20260529	202605	2026	2026.4082	GOV	CONSUL GENERAL						GOV			RUS	RUSSIA	RUS								1	111	111	11	3	-2.0	1	1	1	-2.33812949640287	4	Kyiv, Kyyiv, Misto, Ukraine	UP	UP12	28554	50.4333	30.5167	-1044367	4	Cheboksary, Chuvashiya, Russia	RS	RS16	25102	56.1322	47.2519	-2896432	1	Romania	RO	RO		46	25	RO	20260529183000	https://www.kyivpost.com/post/77127
1306568927	20260529	202605	2026	2026.4082	GOV	CONSUL GENERAL						GOV			RUS	RUSSIAN FEDERATION	RUS								1	111	111	11	3	-2.0	2	1	2	-2.33812949640287	4	Cheboksary, Chuvashiya, Russia	RS	RS16	25102	56.1322	47.2519	-2896432	4	Cheboksary, Chuvashiya, Russia	RS	RS16	25102	56.1322	47.2519	-2896432	1	Romania	RO	RO		46	25	RO	20260529183000	https://www.kyivpost.com/post/77127
1306568928	20260529	202605	2026	2026.4082	GOV	PRESIDENT						GOV			UKR	UKRAINE	UKR								1	080	080	08	2	5.0	3	1	3	-8.06451612903226	1	Ukraine	UP	UP		49	32	UP	1	Ukraine	UP	UP		49	32	UP	1	Ukraine	UP	UP		49	32	UP	20260529183000	https://www.alternet.org/trump-ukraine-putin-zelensky/
1306568929	20260529	202605	2026	2026.4082	GOV	AUTHORITIES						GOV			USA	UNITED STATES	USA								0	010	010	01	1	0.0	4	1	4	-6.15384615384615	3	Big Spring, Texas, United States	US	USTX	TX227	32.2504	-101.479	1330654	3	Big Spring, Texas, United States	US	USTX		32.2504	-101.479	1330654	3	Big Spring, Texas, United States	US	USTX		32.2504	-101.479	1330654	20260529183000	https://www.firstalert7.com/2026/05/29/texas-rangers-law-enforcement-solve-1997-midland-sexual-assault-case/
1306568930	20260529	202605	2026	2026.4082	GOV	MAYOR						GOV			USA	UNITED STATES	USA								0	011	011	01	1	-0.1	2	1	2	0.699300699300689	2	New York, United States	US	USNY		42.1497	-74.9384	NY	2	New York, United States	US	USNY		42.1497	-74.9384	NY	2	New York, United States	US	USNY		42.1497	-74.9384	NY	20260529183000	https://www.foxnews.com/media/mamdanis-coge-rollout-gets-doges-attention-critics-say-ripped-elon-musk
1306568931	20260529	202605	2026	2026.4082	GOV	PRESIDENT						GOV			USA	UNITED STATES	USA								0	020	020	02	1	3.0	1	1	1	-1.82946749428291	3	Capitol Hill, District of Columbia, United States	US	USDC	DC001	38.889	-77.0003	529313	1	Iran	IR	IR		32	53	IR	1	Iran	IR	IR		32	53	IR	20260529183000	https://www.thehour.com/news/politics/article/the-latest-us-and-iranian-reach-tentative-deal-22282146.php
1306568932	20260529	202605	2026	2026.4082	GOV	KING						GOV			USA	UNITED STATES	USA								1	020	020	02	1	3.0	4	1	4	2.47678018575851	3	Saratoga Springs, New York, United States	US	USNY	NY091	43.0831	-73.7846	964489	2	New York, United States	US	USNY		42.1497	-74.9384	NY	2	New York, United States	US	USNY		42.1497	-74.9384	NY	20260529183000	https://1045theteam.com/ixp/81/p/siros-saratoga-300-dollar-burger/
1306568933	20260529	202605	2026	2026.4082	GOV	PRESIDENT						GOV			USA	UNITED STATES	USA								0	040	040	04	1	1.0	1	1	1	-1.82946749428291	3	Capitol Hill, District of Columbia, United States	US	USDC	DC001	38.889	-77.0003	529313	1	Iran	IR	IR		32	53	IR	1	Iran	IR	IR		32	53	IR	20260529183000	https://www.thehour.com/news/politics/article/the-latest-us-and-iranian-reach-tentative-deal-22282146.php
1306568934	20260529	202605	2026	2026.4082	GOV	PRESIDENT						GOV			USA	WASHINGTON	USA								1	042	042	04	1	1.9	6	1	6	-8.06451612903226	1	Ukraine	UP	UP		49	32	UP	2	Washington, United States	US	USWA		47.3917	-121.571	WA	3	White House, District of Columbia, United States	US	USDC		38.8951	-77.0364	531871	20260529183000	https://www.alternet.org/trump-ukraine-putin-zelensky/
1306568935	20260529	202605	2026	2026.4082	GOV	PRESIDENT						GOV			USA	UNITED STATES	USA								0	046	046	04	1	7.0	1	1	1	-1.82946749428291	3	Capitol Hill, District of Columbia, United States	US	USDC	DC001	38.889	-77.0003	529313	1	Iran	IR	IR		32	53	IR	3	Capitol Hill, District of Columbia, United States	US	USDC		38.889	-77.0003	529313	20260529183000	https://www.thehour.com/news/politics/article/the-latest-us-and-iranian-reach-tentative-deal-22282146.php
1306568936	20260529	202605	2026	2026.4082	GOV	FIREFIGHTER						GOV			USA	UNITED STATES	USA								1	060	060	06	2	6.0	2	1	2	-8.82352941176468	3	Cleveland, Ohio, United States	US	USOH	OH035	41.4995	-81.6954	1066654	3	Cleveland, Ohio, United States	US	USOH	OH035	41.4995	-81.6954	1066654	3	Cleveland, Ohio, United States	US	USOH	OH035	41.4995	-81.6954	1066654	20260529183000	https://www.cleveland19.com/2026/05/29/ohio-supreme-court-makes-ruling-murder-cleveland-firefighter-johnny-tetrick/
1306568937	20260529	202605	2026	2026.4082	GOV	PRESIDENT						GOV			USA	UNITED STATES	USA								1	080	080	08	2	5.0	1	1	1	-8.06451612903226	3	White House, District of Columbia, United States	US	USDC		38.8951	-77.0364	531871	2	Washington, United States	US	USWA		47.3917	-121.571	WA	1	Ukraine	UP	UP		49	32	UP	20260529183000	https://www.alternet.org/trump-ukraine-putin-zelensky/
1306568938	20260529	202605	2026	2026.4082	GOV	GOVERNMENT						GOV			USA	UNITED STATES	USA								0	100	100	10	3	-5.0	2	1	2	-3.41207349081364	2	Florida, United States	US	USFL		27.8333	-81.717	FL	2	Florida, United States	US	USFL		27.8333	-81.717	FL	2	Florida, United States	US	USFL		27.8333	-81.717	FL	20260529183000	https://www.tribune242.com/news/2026/may/29/halkitis-denies-gardiner-hired-him/
1306568939	20260529	202605	2026	2026.4082	GOV	ATTORNEY GENERAL						GOV			USA	UNITED STATES	USA								1	112	112	11	3	-2.0	8	2	8	-3.48625181050138	3	Capitol Hill, District of Columbia, United States	US	USDC	DC001	38.889	-77.0003	529313	3	Capitol Hill, District of Columbia, United States	US	USDC		38.889	-77.0003	529313	3	Capitol Hill, District of Columbia, United States	US	USDC		38.889	-77.0003	529313	20260529183000	https://www.kten.com/news/politics/bondi-defends-doj-s-handling-of-epstein-files-but-says-blanche-was-in-charge/article_560a022d-36ab-506b-b276-fcfb7846ac55.html
1306568940	20260529	202605	2026	2026.4082	GOV	MAYOR						GOV			USA	UNITED STATES	USA								0	124	124	12	3	-4.0	2	1	2	0.699300699300689	2	New York, United States	US	USNY		42.1497	-74.9384	NY	2	New York, United States	US	USNY		42.1497	-74.9384	NY	2	New York, United States	US	USNY		42.1497	-74.9384	NY	20260529183000	https://www.foxnews.com/media/mamdanis-coge-rollout-gets-doges-attention-critics-say-ripped-elon-musk
1306568941	20260529	202605	2026	2026.4082	GOV	AUTHORITIES						GOV			USA	UNITED STATES	USA								0	173	173	17	4	-5.0	8	1	8	-6.15384615384615	3	Big Spring, Texas, United States	US	USTX	TX227	32.2504	-101.479	1330654	3	Big Spring, Texas, United States	US	USTX		32.2504	-101.479	1330654	3	Big Spring, Texas, United States	US	USTX		32.2504	-101.479	1330654	20260529183000	https://www.firstalert7.com/2026/05/29/texas-rangers-law-enforcement-solve-1997-midland-sexual-assault-case/
1306568942	20260529	202605	2026	2026.4082	GOV	AUTHORITIES						GOV			USA	UNITED STATES	USA								0	173	173	17	4	-5.0	4	1	4	-6.46551724137931	3	Bexar County, Texas, United States	US	USTX	TX029	29.4502	-98.517	1383800	3	Bexar County, Texas, United States	US	USTX		29.4502	-98.517	1383800	3	Bexar County, Texas, United States	US	USTX		29.4502	-98.517	1383800	20260529183000	https://news4sanantonio.com/news/local/elderly-woman-allegedly-killed-by-her-grandson-in-shavano-park-identified-bexar-county-sheriff-deputies-investigation-evidence-bloody-crime-scene
1306568943	20260529	202605	2026	2026.4082	GOV	KING						GOV			USA	UNITED STATES	USA								1	190	190	19	4	-10.0	1	1	1	-8.82352941176468	3	Cleveland, Ohio, United States	US	USOH	OH035	41.4995	-81.6954	1066654	3	Cleveland, Ohio, United States	US	USOH	OH035	41.4995	-81.6954	1066654	3	Cleveland, Ohio, United States	US	USOH	OH035	41.4995	-81.6954	1066654	20260529183000	https://www.cleveland19.com/2026/05/29/ohio-supreme-court-makes-ruling-murder-cleveland-firefighter-johnny-tetrick/
1306568944	20260529	202605	2026	2026.4082	GOV	AUTHORITIES						GOV			USA	VIRGINIA	USA								1	190	190	19	4	-10.0	7	1	7	-14.1666666666667	2	Virginia, United States	US	USVA		37.768	-78.2057	VA	2	Virginia, United States	US	USVA		37.768	-78.2057	VA	2	Virginia, United States	US	USVA		37.768	-78.2057	VA	20260529183000	https://www.nbcnews.com/news/us-news/five-killed-34-injured-bus-crash-six-cars-virginia-rcna347545
1306568945	20260529	202605	2026	2026.4082	GOV	AUTHORITIES						GOV			USA	UNITED STATES	USA								0	193	193	19	4	-10.0	1	1	1	-10.2739726027397	3	Hennepin County, Minnesota, United States	US	USMN	MN053	45.0166	-93.4502	659472	2	Minnesota, United States	US	USMN		45.7326	-93.9196	MN	3	Hennepin County, Minnesota, United States	US	USMN		45.0166	-93.4502	659472	20260529183000	https://www.nbcnews.com/news/us-news/ice-agent-charged-operation-metro-surge-shooting-arrested-texas-rcna347567
1306568946	20260529	202605	2026	2026.4082	GOV	AUTHORITIES						GOV			USA	UNITED STATES	USA								0	193	193	19	4	-10.0	1	1	1	-10.2739726027397	2	Minnesota, United States	US	USMN		45.7326	-93.9196	MN	2	Minnesota, United States	US	USMN		45.7326	-93.9196	MN	2	Minnesota, United States	US	USMN		45.7326	-93.9196	MN	20260529183000	https://www.nbcnews.com/news/us-news/ice-agent-charged-operation-metro-surge-shooting-arrested-texas-rcna347567
1306568947	20260529	202605	2026	2026.4082	GOV	CHIEF OF STAFF						GOV			USAGOV	THE WHITE HOUSE	USA					GOV			0	120	120	12	3	-4.0	2	1	2	-3.17460317460317	3	White House, District of Columbia, United States	US	USDC		38.8951	-77.0364	531871	3	White House, District of Columbia, United States	US	USDC		38.8951	-77.0364	531871	3	White House, District of Columbia, United States	US	USDC		38.8951	-77.0364	531871	20260529183000	https://www.foxnews.com/politics/dem-rep-frederica-wilson-announces-retirement-days-after-denying-crazy-rumor-she-would-leave-congress
1306568948	20260529	202605	2026	2026.4082	GOV	KING						GOV			USAGOV	CLEVELAND	USA					GOV			1	190	190	19	4	-10.0	6	1	6	-8.82352941176468	3	Cleveland, Ohio, United States	US	USOH	OH035	41.4995	-81.6954	1066654	3	Cleveland, Ohio, United States	US	USOH	OH035	41.4995	-81.6954	1066654	3	Cleveland, Ohio, United States	US	USOH	OH035	41.4995	-81.6954	1066654	20260529183000	https://www.cleveland19.com/2026/05/29/ohio-supreme-court-makes-ruling-murder-cleveland-firefighter-johnny-tetrick/
1306568949	20260529	202605	2026	2026.4082	GOV	CHIEF EXECUTIVE						GOV			UZB	UZBEKISTAN	UZB								1	036	036	03	1	4.0	4	1	4	4.21686746987952	1	Hong Kong	HK	HK		22.25	114.166667	HK	1	Kazakhstan	KZ	KZ		48	68	KZ	1	Hong Kong	HK	HK		22.25	114.166667	HK	20260529183000	http://www.centralasiatimes.com/news/279089817/hksar-chief-executive-to-visit-kazakhstan-uzbekistan
1306568950	20260529	202605	2026	2026.4082	GOV	CHIEF EXECUTIVE						GOV			UZB	UZBEKISTAN	UZB								1	036	036	03	1	4.0	1	1	1	4.21686746987952	1	Hong Kong	HK	HK		22.25	114.166667	HK	1	Kazakhstan	KZ	KZ		48	68	KZ	1	Kazakhstan	KZ	KZ		48	68	KZ	20260529183000	http://www.centralasiatimes.com/news/279089817/hksar-chief-executive-to-visit-kazakhstan-uzbekistan
1306568951	20260529	202605	2026	2026.4082	GOV	CHIEF EXECUTIVE						GOV			UZB	UZBEKISTAN	UZB								1	036	036	03	1	4.0	6	1	6	4.21686746987952	1	Hong Kong	HK	HK		22.25	114.166667	HK	1	Uzbekistan	UZ	UZ		41.707542	63.84911	UZ	1	Hong Kong	HK	HK		22.25	114.166667	HK	20260529183000	http://www.centralasiatimes.com/news/279089817/hksar-chief-executive-to-visit-kazakhstan-uzbekistan
1306568952	20260529	202605	2026	2026.4082	GOV	CHIEF EXECUTIVE						GOV			UZB	UZBEKISTAN	UZB								1	036	036	03	1	4.0	1	1	1	4.21686746987952	1	Kazakhstan	KZ	KZ		48	68	KZ	1	Uzbekistan	UZ	UZ		41.707542	63.84911	UZ	1	Kazakhstan	KZ	KZ		48	68	KZ	20260529183000	http://www.centralasiatimes.com/news/279089817/hksar-chief-executive-to-visit-kazakhstan-uzbekistan
1306568953	20260529	202605	2026	2026.4082	GOV	CHIEF EXECUTIVE						GOV			UZB	UZBEKISTAN	UZB								1	036	036	03	1	4.0	3	1	3	4.21686746987952	1	Kazakhstan	KZ	KZ		48	68	KZ	1	Uzbekistan	UZ	UZ		41.707542	63.84911	UZ	1	Uzbekistan	UZ	UZ		41.707542	63.84911	UZ	20260529183000	http://www.centralasiatimes.com/news/279089817/hksar-chief-executive-to-visit-kazakhstan-uzbekistan
1306568954	20260529	202605	2026	2026.4082	GOV	FINANCE MINIST						GOV			nep	NEPALI			nep						1	020	020	02	1	3.0	10	1	10	5.37974683544304	0								0								0								20260529183000	https://kathmandupost.com/national/2026/05/29/budget-allocates-rs3-63-billion-for-labour-sector-focuses-on-safer-foreign-employment-and-skills-development
1306568955	20260529	202605	2026	2026.4082	GOVCOP	CHIEF OF STAFF						GOV	COP		USACOP	UNITED STATES	USA					COP			0	042	042	04	1	1.9	8	1	8	-1.82767624020888	3	White House, District of Columbia, United States	US	USDC		38.8951	-77.0364	531871	3	White House, District of Columbia, United States	US	USDC		38.8951	-77.0364	531871	3	White House, District of Columbia, United States	US	USDC		38.8951	-77.0364	531871	20260529183000	https://www.foxnews.com/politics/former-attorney-general-pam-bondi-hails-trump-admins-justice-transparency-epstein-files
1306568956	20260529	202605	2026	2026.4082	GOVGOV	ADMINISTRATION						GOV	GOV		GOV	ATTORNEY GENERAL						GOV			0	160	160	16	4	-4.0	6	1	6	-3.48837209302325	2	Texas, United States	US	USTX		31.106	-97.6475	TX	2	Texas, United States	US	USTX		31.106	-97.6475	TX	2	Texas, United States	US	USTX		31.106	-97.6475	TX	20260529183000	https://www.wjcl.com/article/pam-bondi-epstein-house-questioning/71441405
1306568957	20260529	202605	2026	2026.4082	GOVGOV	ADMINISTRATION						GOV	GOV		USA	UNITED STATES	USA								0	160	160	16	4	-4.0	2	1	2	-3.48837209302325	2	Texas, United States	US	USTX		31.106	-97.6475	TX	3	Washington, District of Columbia, United States	US	USDC	DC001	38.8951	-77.0364	531871	3	Washington, District of Columbia, United States	US	USDC	DC001	38.8951	-77.0364	531871	20260529183000	https://www.wjcl.com/article/pam-bondi-epstein-house-questioning/71441405
1306568958	20260529	202605	2026	2026.4082	GOVGOV	ADMINISTRATION						GOV	GOV		USAGOV	UNITED STATES	USA					GOV			0	160	160	16	4	-4.0	2	1	2	-3.48837209302325	2	Texas, United States	US	USTX		31.106	-97.6475	TX	3	Washington, District of Columbia, United States	US	USDC	DC001	38.8951	-77.0364	531871	2	New York, United States	US	USNY		42.1497	-74.9384	NY	20260529183000	https://www.wjcl.com/article/pam-bondi-epstein-house-questioning/71441405
1306568959	20260529	202605	2026	2026.4082	GOVMED	GOVERNMENT						GOV	MED												0	010	010	01	1	0.0	6	1	6	-0.80174927113702	3	White House, District of Columbia, United States	US	USDC		38.8951	-77.0364	531871	0								3	White House, District of Columbia, United States	US	USDC		38.8951	-77.0364	531871	20260529183000	https://www.alternet.org/trump-government-spying-data/
1306568960	20260529	202605	2026	2026.4082	GOVMIL	DEFENSE MINIST						GOV	MIL		RUS	RUSSIA	RUS								0	111	111	11	3	-2.0	2	1	2	-2.14541120381406	4	Bucharest, Bucuresti, Romania	RO	RO10	25006	44.4333	26.1	-1153951	1	Ukraine	UP	UP		49	32	UP	1	Ukraine	UP	UP		49	32	UP	20260529183000	https://www.politico.eu/article/romania-asks-for-nato-support-after-russian-drone-crash/
1306568961	20260529	202605	2026	2026.4082	GOVMIL	DEFENSE MINIST						GOV	MIL		RUS	RUSSIA	RUS								0	111	111	11	3	-2.0	5	1	5	-2.14541120381406	1	Ukraine	UP	UP		49	32	UP	4	Moscow, Moskva, Russia	RS	RS48	25106	55.7522	37.6156	-2960561	4	Moscow, Moskva, Russia	RS	RS48	25106	55.7522	37.6156	-2960561	20260529183000	https://www.politico.eu/article/romania-asks-for-nato-support-after-russian-drone-crash/
1306568962	20260529	202605	2026	2026.4082	HLH	DOCTOR						HLH													1	010	010	01	1	0.0	4	1	4	0.11904761904762	3	Cleveland, Ohio, United States	US	USOH	OH035	41.4995	-81.6954	1066654	0								3	Cleveland, Ohio, United States	US	USOH	OH035	41.4995	-81.6954	1066654	20260529183000	https://abcnews.com/GMA/Wellness/inhaled-insulin-now-fda-approved-kids-6-diabetes/story?id=133391342
1306568963	20260529	202605	2026	2026.4082	HLH	DOCTOR						HLH													1	010	010	01	1	0.0	6	1	6	0.11904761904762	2	Ohio, United States	US	USOH		40.3736	-82.7755	OH	0								2	Ohio, United States	US	USOH		40.3736	-82.7755	OH	20260529183000	https://abcnews.com/GMA/Wellness/inhaled-insulin-now-fda-approved-kids-6-diabetes/story?id=133391342
1306568964	20260529	202605	2026	2026.4082	HLH	HOSPITAL						HLH													1	042	042	04	1	1.9	2	1	2	2.02020202020202	4	Tullamore, Offaly, Ireland	EI	EI23	18302	53.2739	-7.48889	-1506052	0								4	Tullamore, Offaly, Ireland	EI	EI23	18302	53.2739	-7.48889	-1506052	20260529183000	https://www.offalyindependent.ie/2026/05/29/tullamore-resident-normans-132km-walk-to-remember/
1306568965	20260529	202605	2026	2026.4082	HLH	DOCTOR						HLH													1	051	051	05	1	3.4	2	1	2	-1.34020618556701	3	Hinsdale, Illinois, United States	US	USIL	IL043	41.8009	-87.937	421852	0								3	Hinsdale, Illinois, United States	US	USIL	IL043	41.8009	-87.937	421852	20260529183000	https://chicago.suntimes.com/health/2026/05/26/pancreatic-cancer-daraxonrasib-early-access-treatment
1306568966	20260529	202605	2026	2026.4082	HLH	DOCTOR						HLH													1	051	051	05	1	3.4	3	1	3	-1.34020618556701	3	Boston, Massachusetts, United States	US	USMA	MA025	42.3584	-71.0598	617565	0								3	Boston, Massachusetts, United States	US	USMA	MA025	42.3584	-71.0598	617565	20260529183000	https://chicago.suntimes.com/health/2026/05/26/pancreatic-cancer-daraxonrasib-early-access-treatment
1306568967	20260529	202605	2026	2026.4082	HLH	HOSPITAL						HLH													1	071	071	07	2	7.4	2	1	2	2.02020202020202	4	Tullamore, Offaly, Ireland	EI	EI23	18302	53.2739	-7.48889	-1506052	0								4	Tullamore, Offaly, Ireland	EI	EI23	18302	53.2739	-7.48889	-1506052	20260529183000	https://www.offalyindependent.ie/2026/05/29/tullamore-resident-normans-132km-walk-to-remember/
1306568968	20260529	202605	2026	2026.4082	HLH	CAREGIVER						HLH			USA	ARKANSAS	USA								0	043	043	04	1	2.8	4	2	4	9.29853181076672	2	Arkansas, United States	US	USAR		34.9513	-92.3809	AR	2	Arkansas, United States	US	USAR		34.9513	-92.3809	AR	2	Arkansas, United States	US	USAR		34.9513	-92.3809	AR	20260529183000	http://www.nashvilleherald.com/news/279090642/visiting-angels-in-northwest-arkansas-earns-2026-recognition-as-award-winning-home-care-agency-in-fayetteville-ar
1306568969	20260529	202605	2026	2026.4082	HLH	HOSPITAL						HLH			USA	UNITED STATES	USA								1	190	190	19	4	-10.0	4	1	4	-4.26716141001855	2	Indiana, United States	US	USIN		39.8647	-86.2604	IN	2	Indiana, United States	US	USIN		39.8647	-86.2604	IN	2	Indiana, United States	US	USIN		39.8647	-86.2604	IN	20260529183000	https://www.chicagotribune.com/2026/05/29/bartholomew-death-report/
1306568970	20260529	202605	2026	2026.4082	IGOCOPITP	INTERPOL		ITP				IGO	COP		ARE	UNITED ARAB EMIRATES	ARE								1	010	010	01	1	0.0	4	1	4	-1.61030595813205	4	Dubai, Dubayy, United Arab Emirates	AE	AE03	28575	25.2522	55.28	-782831	4	Dubai, Dubayy, United Arab Emirates	AE	AE03	28575	25.2522	55.28	-782831	4	Dubai, Dubayy, United Arab Emirates	AE	AE03	28575	25.2522	55.28	-782831	20260529183000	https://www.mirror.co.uk/tv/tv-news/katie-price-lee-andrews-police-37224240
1306568971	20260529	202605	2026	2026.4082	IGOEUREEC	THE EUROPEAN UNION	EUR	EEC				IGO			COD	ITURI	COD								0	073	073	07	2	7.4	5	1	5	-4.01069518716577	4	Ituri, Congo, Democratic Republic of The (general), Democratic Republic Of The Congo	CG	CG00	18585	1.85	29.9667	-2044867	4	Ituri, Congo, Democratic Republic of The (general), Democratic Republic Of The Congo	CG	CG00	18585	1.85	29.9667	-2044867	4	Ituri, Congo, Democratic Republic of The (general), Democratic Republic Of The Congo	CG	CG00	18585	1.85	29.9667	-2044867	20260529183000	https://www.finanznachrichten.de/nachrichten-2026-05/68633870-who-chief-arrives-in-congo-to-oversee-ebola-response-efforts-020.htm
1306568972	20260529	202605	2026	2026.4082	IGOEUREEC	THE EUROPEAN UNION	EUR	EEC				IGO			COD	DEMOCRATIC REPUBLIC OF THE CONGO	COD								0	073	073	07	2	7.4	2	1	2	-4.01069518716577	3	Washington, District of Columbia, United States	US	USDC	DC001	38.8951	-77.0364	531871	3	Washington, District of Columbia, United States	US	USDC	DC001	38.8951	-77.0364	531871	3	Washington, District of Columbia, United States	US	USDC	DC001	38.8951	-77.0364	531871	20260529183000	https://www.finanznachrichten.de/nachrichten-2026-05/68633870-who-chief-arrives-in-congo-to-oversee-ebola-response-efforts-020.htm
1306568973	20260529	202605	2026	2026.4082	IGOEUREEC	THE EU	EUR	EEC				IGO			IGOWSTNAT	NATO	WST	NAT				IGO			1	112	112	11	3	-2.0	6	1	6	-5.54323725055433	4	Kiev, Ukraine (general), Ukraine	UP	UP00	28554	50.4333	30.5167	-1044367	4	Kiev, Ukraine (general), Ukraine	UP	UP00	28554	50.4333	30.5167	-1044367	4	Kiev, Ukraine (general), Ukraine	UP	UP00	28554	50.4333	30.5167	-1044367	20260529183000	https://www.thevermilion.com/medvedev-threatens-europe-eu-citizens-should-not-expect-peaceful-nights/article_18401/
1306568974	20260529	202605	2026	2026.4082	IGOEUREEC	THE EU	EUR	EEC				IGO			IGOWSTNAT	NATO	WST	NAT				IGO			1	112	112	11	3	-2.0	2	1	2	-5.54323725055433	4	Kiev, Ukraine (general), Ukraine	UP	UP00	28554	50.4333	30.5167	-1044367	4	Moscow, Moskva, Russia	RS	RS48	25106	55.7522	37.6156	-2960561	4	Moscow, Moskva, Russia	RS	RS48	25106	55.7522	37.6156	-2960561	20260529183000	https://www.thevermilion.com/medvedev-threatens-europe-eu-citizens-should-not-expect-peaceful-nights/article_18401/
1306568975	20260529	202605	2026	2026.4082	IGOEUREEC	THE EU	EUR	EEC				IGO			IGOWSTNAT	NATO	WST	NAT				IGO			1	112	112	11	3	-2.0	2	1	2	-5.54323725055433	4	Moscow, Moskva, Russia	RS	RS48	25106	55.7522	37.6156	-2960561	4	Moscow, Moskva, Russia	RS	RS48	25106	55.7522	37.6156	-2960561	4	Moscow, Moskva, Russia	RS	RS48	25106	55.7522	37.6156	-2960561	20260529183000	https://www.thevermilion.com/medvedev-threatens-europe-eu-citizens-should-not-expect-peaceful-nights/article_18401/
1306568976	20260529	202605	2026	2026.4082	IGOSAFSAD	SADC	SAF	SAD				IGO			AFR	AFRICA	AFR								1	020	020	02	1	3.0	10	1	10	-1.53846153846154	4	Brazzaville, Brazzaville, Congo	CF	CF12	18585	-4.25917	15.2847	-2205356	4	Brazzaville, Brazzaville, Congo	CF	CF12	18585	-4.25917	15.2847	-2205356	4	Brazzaville, Brazzaville, Congo	CF	CF12	18585	-4.25917	15.2847	-2205356	20260529183000	https://www.channelafrica.co.za/channelafrica/news/sadc-urges-african-nations-to-tap-pension-funds-for-local-growth/
1306568977	20260529	202605	2026	2026.4082	IGOSAFSAD	SADC	SAF	SAD				IGO			AFR	AFRICA	AFR								1	071	071	07	2	7.4	10	1	10	-1.53846153846154	4	Brazzaville, Brazzaville, Congo	CF	CF12	18585	-4.25917	15.2847	-2205356	4	Brazzaville, Brazzaville, Congo	CF	CF12	18585	-4.25917	15.2847	-2205356	4	Brazzaville, Brazzaville, Congo	CF	CF12	18585	-4.25917	15.2847	-2205356	20260529183000	https://www.channelafrica.co.za/channelafrica/news/sadc-urges-african-nations-to-tap-pension-funds-for-local-growth/
1306568978	20260529	202605	2026	2026.4082	IGOSEAASN	ASSOCIATION OF SOUTHEAST ASIAN NATIONS	SEA	ASN				IGO													0	010	010	01	1	0.0	3	1	3	1.06241699867198	1	China	CH	CH		35	105	CH	0								1	China	CH	CH		35	105	CH	20260529183000	https://news.harvard.edu/gazette/story/2026/05/how-u-s-ties-to-japan-help-manage-rising-challenge-of-china/
1306568979	20260529	202605	2026	2026.4082	IGOSEAASN	ASSOCIATION OF SOUTHEAST ASIAN NATIONS	SEA	ASN				IGO			MIL	MILITARY						MIL			0	010	010	01	1	0.0	3	1	3	1.06241699867198	1	China	CH	CH		35	105	CH	1	Taiwan	TW	TW		24	121	TW	1	China	CH	CH		35	105	CH	20260529183000	https://news.harvard.edu/gazette/story/2026/05/how-u-s-ties-to-japan-help-manage-rising-challenge-of-china/
1306568980	20260529	202605	2026	2026.4082	IGOUNO	UN SECURITY COUNCIL		UNO				IGO			RUS	MOSCOW	RUS								1	110	110	11	3	-2.0	5	1	5	-8.36466165413534	4	Starobelsk, Luhans'ka Oblast', Ukraine	UP	UP14	25090	49.2783	38.9107	-1055017	4	Moscow, Moskva, Russia	RS	RS48	25106	55.7522	37.6156	-2960561	4	Moscow, Moskva, Russia	RS	RS48	25106	55.7522	37.6156	-2960561	20260529183000	http://www.russiaherald.com/news/279090621/ukraine-killed-21-russian-students-and-lied-about-it-what-really-happened-in-starobelsk
1306568981	20260529	202605	2026	2026.4082	IGOUNO	UN SECURITY COUNCIL		UNO				IGO			RUS	RUSSIA	RUS								1	112	112	11	3	-2.0	5	1	5	-8.36466165413534	4	Starobelsk, Luhans'ka Oblast', Ukraine	UP	UP14	25090	49.2783	38.9107	-1055017	4	Moscow, Moskva, Russia	RS	RS48	25106	55.7522	37.6156	-2960561	4	Moscow, Moskva, Russia	RS	RS48	25106	55.7522	37.6156	-2960561	20260529183000	http://www.russiaherald.com/news/279090621/ukraine-killed-21-russian-students-and-lied-about-it-what-really-happened-in-starobelsk
1306568982	20260529	202605	2026	2026.4082	IGOWSTNAT	NORTH ATLANTIC TREATY ORGANIZATION	WST	NAT				IGO			GOV	GOVERNMENT						GOV			1	111	111	11	3	-2.0	2	1	2	-7.48792270531401	2	Massachusetts, United States	US	USMA		42.2373	-71.5314	MA	2	Massachusetts, United States	US	USMA		42.2373	-71.5314	MA	2	Massachusetts, United States	US	USMA		42.2373	-71.5314	MA	20260529183000	https://www.alternet.org/matthew-whitaker-putin-nato/
1306568983	20260529	202605	2026	2026.4082	IGOWSTNAT	NATO	WST	NAT				IGO			IGOEUREEC	THE EU	EUR	EEC				IGO			1	112	112	11	3	-2.0	6	1	6	-5.54323725055433	4	Kiev, Ukraine (general), Ukraine	UP	UP00	28554	50.4333	30.5167	-1044367	4	Kiev, Ukraine (general), Ukraine	UP	UP00	28554	50.4333	30.5167	-1044367	4	Kiev, Ukraine (general), Ukraine	UP	UP00	28554	50.4333	30.5167	-1044367	20260529183000	https://www.thevermilion.com/medvedev-threatens-europe-eu-citizens-should-not-expect-peaceful-nights/article_18401/
1306568984	20260529	202605	2026	2026.4082	IGOWSTNAT	NATO	WST	NAT				IGO			IGOEUREEC	THE EU	EUR	EEC				IGO			1	112	112	11	3	-2.0	2	1	2	-5.54323725055433	4	Moscow, Moskva, Russia	RS	RS48	25106	55.7522	37.6156	-2960561	4	Kiev, Ukraine (general), Ukraine	UP	UP00	28554	50.4333	30.5167	-1044367	4	Moscow, Moskva, Russia	RS	RS48	25106	55.7522	37.6156	-2960561	20260529183000	https://www.thevermilion.com/medvedev-threatens-europe-eu-citizens-should-not-expect-peaceful-nights/article_18401/
1306568985	20260529	202605	2026	2026.4082	IGOWSTNAT	NATO	WST	NAT				IGO			IGOEUREEC	THE EU	EUR	EEC				IGO			1	112	112	11	3	-2.0	2	1	2	-5.54323725055433	4	Moscow, Moskva, Russia	RS	RS48	25106	55.7522	37.6156	-2960561	4	Moscow, Moskva, Russia	RS	RS48	25106	55.7522	37.6156	-2960561	4	Moscow, Moskva, Russia	RS	RS48	25106	55.7522	37.6156	-2960561	20260529183000	https://www.thevermilion.com/medvedev-threatens-europe-eu-citizens-should-not-expect-peaceful-nights/article_18401/
1306568986	20260529	202605	2026	2026.4082	IGOWSTNAT	NATO	WST	NAT				IGO			ROU	ROMANIA									0	040	040	04	1	1.0	2	1	2	-5.37124802527646	1	Moldova	MD	MD		47	29	MD	4	Bucharest, Bucuresti, Romania	RO	RO10	25006	44.4333	26.1	-1153951	4	Bucharest, Bucuresti, Romania	RO	RO10	25006	44.4333	26.1	-1153951	20260529183000	https://www.2news.com/news/national/russian-drone-targeting-ukraine-hits-apartment-building-in-romania-injuring-2-officials-say/article_bc663ac7-374b-5116-9235-0a13a1bc13dc.html
1306568987	20260529	202605	2026	2026.4082	IGOWSTNAT	NATO	WST	NAT				IGO			ROU	ROMANIA									0	051	051	05	1	3.4	2	1	2	-8.30258302583026	4	Kyiv, Kyyiv, Misto, Ukraine	UP	UP12	28554	50.4333	30.5167	-1044367	1	Romania	RO	RO		46	25	RO	1	Romania	RO	RO		46	25	RO	20260529183000	https://www.kyivpost.com/post/77128
1306568988	20260529	202605	2026	2026.4082	IGOWSTNAT	NATO	WST	NAT				IGO			ROU	ROMANIA									0	051	051	05	1	3.4	2	1	2	-8.30258302583026	1	Romania	RO	RO		46	25	RO	4	Kyiv, Kyyiv, Misto, Ukraine	UP	UP12	28554	50.4333	30.5167	-1044367	1	Romania	RO	RO		46	25	RO	20260529183000	https://www.kyivpost.com/post/77128
1306568989	20260529	202605	2026	2026.4082	IGOWSTNAT	NORTH ATLANTIC TREATY ORGANIZATION	WST	NAT				IGO			RUS	RUSSIA	RUS								1	111	111	11	3	-2.0	1	1	1	-7.48792270531401	4	Kremlin, Moskva, Russia	RS	RS48	25106	55.7522	37.6156	-2960561	4	Kremlin, Moskva, Russia	RS	RS48	25106	55.7522	37.6156	-2960561	1	Ukraine	UP	UP		49	32	UP	20260529183000	https://www.alternet.org/matthew-whitaker-putin-nato/
1306568990	20260529	202605	2026	2026.4082	IGOWSTNAT	NORTH ATLANTIC TREATY ORGANIZATION	WST	NAT				IGO			RUS	RUSSIA	RUS								1	111	111	11	3	-2.0	1	1	1	-7.48792270531401	2	Massachusetts, United States	US	USMA		42.2373	-71.5314	MA	4	Kremlin, Moskva, Russia	RS	RS48	25106	55.7522	37.6156	-2960561	4	Kremlin, Moskva, Russia	RS	RS48	25106	55.7522	37.6156	-2960561	20260529183000	https://www.alternet.org/matthew-whitaker-putin-nato/
1306568991	20260529	202605	2026	2026.4082	IGOWSTNAT	NATO	WST	NAT				IGO			RUS	RUSSIA	RUS								0	1123	112	11	3	-2.0	2	1	2	-2.14541120381406	4	Bucharest, Bucuresti, Romania	RO	RO10	25006	44.4333	26.1	-1153951	4	Bucharest, Bucuresti, Romania	RO	RO10	25006	44.4333	26.1	-1153951	4	Bucharest, Bucuresti, Romania	RO	RO10	25006	44.4333	26.1	-1153951	20260529183000	https://www.politico.eu/article/romania-asks-for-nato-support-after-russian-drone-crash/
1306568992	20260529	202605	2026	2026.4082	IGOWSTNAT	NATO	WST	NAT				IGO			RUS	RUSSIA	RUS								0	1123	112	11	3	-2.0	8	1	8	-2.14541120381406	4	Moscow, Moskva, Russia	RS	RS48	25106	55.7522	37.6156	-2960561	4	Moscow, Moskva, Russia	RS	RS48	25106	55.7522	37.6156	-2960561	4	Moscow, Moskva, Russia	RS	RS48	25106	55.7522	37.6156	-2960561	20260529183000	https://www.politico.eu/article/romania-asks-for-nato-support-after-russian-drone-crash/
1306568993	20260529	202605	2026	2026.4082	IGOWSTNAT	NATO	WST	NAT				IGO			RUS	RUSSIA	RUS								0	190	190	19	4	-10.0	10	1	10	-5.54323725055433	4	Kremlin, Moskva, Russia	RS	RS48	25106	55.7522	37.6156	-2960561	4	Kremlin, Moskva, Russia	RS	RS48	25106	55.7522	37.6156	-2960561	4	Kremlin, Moskva, Russia	RS	RS48	25106	55.7522	37.6156	-2960561	20260529183000	https://www.thevermilion.com/medvedev-threatens-europe-eu-citizens-should-not-expect-peaceful-nights/article_18401/
1306568994	20260529	202605	2026	2026.4082	IGOWSTNAT	NORTH ATLANTIC TREATY ORGANIZATION	WST	NAT				IGO			RUSGOV	RUSSIA	RUS					GOV			1	111	111	11	3	-2.0	1	1	1	-7.48792270531401	4	Kremlin, Moskva, Russia	RS	RS48	25106	55.7522	37.6156	-2960561	1	Ukraine	UP	UP		49	32	UP	1	Ukraine	UP	UP		49	32	UP	20260529183000	https://www.alternet.org/matthew-whitaker-putin-nato/
1306568995	20260529	202605	2026	2026.4082	IGOWSTNAT	NORTH ATLANTIC TREATY ORGANIZATION	WST	NAT				IGO			RUSGOV	RUSSIA	RUS					GOV			1	111	111	11	3	-2.0	1	1	1	-7.48792270531401	2	Massachusetts, United States	US	USMA		42.2373	-71.5314	MA	4	Kremlin, Moskva, Russia	RS	RS48	25106	55.7522	37.6156	-2960561	4	Kremlin, Moskva, Russia	RS	RS48	25106	55.7522	37.6156	-2960561	20260529183000	https://www.alternet.org/matthew-whitaker-putin-nato/
1306568996	20260529	202605	2026	2026.4082	IGOWSTNAT	NORTH ATLANTIC TREATY ORGANIZATION	WST	NAT				IGO			RUSGOV	RUSSIA	RUS					GOV			1	111	111	11	3	-2.0	4	1	4	-7.48792270531401	2	Massachusetts, United States	US	USMA		42.2373	-71.5314	MA	2	Massachusetts, United States	US	USMA		42.2373	-71.5314	MA	2	Massachusetts, United States	US	USMA		42.2373	-71.5314	MA	20260529183000	https://www.alternet.org/matthew-whitaker-putin-nato/
1306568997	20260529	202605	2026	2026.4082	IND	PATNA	IND																		1	036	036	03	1	4.0	6	1	6	4.19847328244274	4	Ropar, Punjab, India	IN	IN23	17832	30.9664	76.5331	-2109650	0								4	Ropar, Punjab, India	IN	IN23	17832	30.9664	76.5331	-2109650	20260529183000	https://indiaeducationdiary.in/iit-ropar-flags-off-punjab-delegation-to-bihar-under-yuva-sangam-phase-vi/
1306568998	20260529	202605	2026	2026.4082	IND	ALLAHABAD	IND																		0	051	051	05	1	3.4	6	1	6	2.19298245614035	4	Allahabad, Uttar Pradesh, India	IN	IN36	70270	25.45	81.85	-2088510	0								4	Allahabad, Uttar Pradesh, India	IN	IN36	70270	25.45	81.85	-2088510	20260529183000	https://indiaeducationdiary.in/iiit-allahabad-signs-mou-with-teamlease-edtech-to-introduce-exec-m-tech-in-artificial-intelligence-data-science/
1306568999	20260529	202605	2026	2026.4082	IND	AHMEDABAD	IND																		1	120	120	12	3	-4.0	6	1	6	-5.5363321799308	4	Ahmedabad, Gujarat, India	IN	IN09	17644	23.0333	72.6167	-2088270	0								4	Ahmedabad, Gujarat, India	IN	IN09	17644	23.0333	72.6167	-2088270	20260529183000	https://timesofindia.indiatimes.com/city/ahmedabad/ahmedabad-viral-clip-of-woman-running-with-burning-object-leads-to-fir/articleshow/131376964.cms
1306569000	20260529	202605	2026	2026.4082	IND	SRINAGAR	IND																		0	120	120	12	3	-4.0	6	1	6	0	4	Srinagar, Jammu and Kashmir, India	IN	IN12	72811	34.0922	74.8022	-2111972	0								4	Srinagar, Jammu and Kashmir, India	IN	IN12	72811	34.0922	74.8022	-2111972	20260529183000	https://kashmirlife.net/majority-of-hajj-pilgrims-luggage-to-arrive-in-kashmir-by-road-438089/
1306569001	20260529	202605	2026	2026.4082	IND	DELHI	IND								AUSEDU	QUEENSLAND	AUS					EDU			1	043	043	04	1	2.8	3	1	3	6.48148148148148	4	Delhi, Delhi, India	IN	IN07	17911	28.6667	77.2167	-2094230	4	Delhi, Delhi, India	IN	IN07	17911	28.6667	77.2167	-2094230	4	Delhi, Delhi, India	IN	IN07	17911	28.6667	77.2167	-2094230	20260529183000	https://indiaeducationdiary.in/the-university-of-queensland-expands-india-footprint-through-high-impact-research-and-academic-partnerships/
1306569002	20260529	202605	2026	2026.4082	IND	BANGALORE	IND								DEU	GERMAN	DEU								1	040	040	04	1	1.0	2	1	2	6.58227848101265	4	Delhi, Delhi, India	IN	IN07	17911	28.6667	77.2167	-2094230	4	Delhi, Delhi, India	IN	IN07	17911	28.6667	77.2167	-2094230	4	Delhi, Delhi, India	IN	IN07	17911	28.6667	77.2167	-2094230	20260529183000	https://indiaeducationdiary.in/german-indian-mobility-summit-brings-together-industry-investors-policymakers-and-founders-at-iim-bangalore/
1306569003	20260529	202605	2026	2026.4082	IND	BANGALORE	IND								DEU	GERMANY	DEU								1	040	040	04	1	1.0	1	1	1	6.58227848101265	4	Delhi, Delhi, India	IN	IN07	17911	28.6667	77.2167	-2094230	1	Germany	GM	GM		51.5	10.5	GM	4	Delhi, Delhi, India	IN	IN07	17911	28.6667	77.2167	-2094230	20260529183000	https://indiaeducationdiary.in/german-indian-mobility-summit-brings-together-industry-investors-policymakers-and-founders-at-iim-bangalore/
1306569004	20260529	202605	2026	2026.4082	IND	THIRUVANANTHAPURAM	IND								GOV	GOVERNMENT						GOV			1	014	014	01	1	0.0	5	1	5	-0.3003003003003	0								0								0								20260529183000	https://www.thehindu.com/news/national/kerala/kerala-government-likely-to-form-panel-to-carry-out-study-on-kerala-infrastructure-investment-fund-board/article71038118.ece
1306569005	20260529	202605	2026	2026.4082	IND	SRINAGAR	IND								REL	PILGRIM									1	043	043	04	1	2.8	6	1	6	0	4	Srinagar, Jammu and Kashmir, India	IN	IN12	72811	34.0922	74.8022	-2111972	4	Srinagar, Jammu and Kashmir, India	IN	IN12	72811	34.0922	74.8022	-2111972	4	Srinagar, Jammu and Kashmir, India	IN	IN12	72811	34.0922	74.8022	-2111972	20260529183000	https://kashmirlife.net/majority-of-hajj-pilgrims-luggage-to-arrive-in-kashmir-by-road-438089/
1306569006	20260529	202605	2026	2026.4082	IND	ALLAHABAD	IND								SPY	INTELLIGENCE						SPY			1	057	057	05	1	8.0	5	1	5	2.19298245614035	4	Allahabad, Uttar Pradesh, India	IN	IN36	70270	25.45	81.85	-2088510	4	Allahabad, Uttar Pradesh, India	IN	IN36	70270	25.45	81.85	-2088510	4	Allahabad, Uttar Pradesh, India	IN	IN36	70270	25.45	81.85	-2088510	20260529183000	https://indiaeducationdiary.in/iiit-allahabad-signs-mou-with-teamlease-edtech-to-introduce-exec-m-tech-in-artificial-intelligence-data-science/
1306569007	20260529	202605	2026	2026.4082	IRL	IRELAND	IRL																		0	010	010	01	1	0.0	4	1	4	-0.96660808435852	4	Whitehall, Kilkenny, Ireland	EI	EI13	18292	52.6811	-7.02222	-1506191	0								4	Whitehall, Kilkenny, Ireland	EI	EI13	18292	52.6811	-7.02222	-1506191	20260529183000	https://www.reformer.com/community-news/local-history-dummerston-man-was-an-energetic-worker-for-labor-unions/article_a635ba86-3087-4d38-b8dc-13fc90e18c6a.html
1306569008	20260529	202605	2026	2026.4082	IRL	IRELAND	IRL																		0	043	043	04	1	2.8	6	1	6	2.02020202020202	4	Edenderry, Offaly, Ireland	EI	EI23	18307	53.3453	-7.04972	-1502692	0								4	Edenderry, Offaly, Ireland	EI	EI23	18307	53.3453	-7.04972	-1502692	20260529183000	https://www.offalyindependent.ie/2026/05/29/tullamore-resident-normans-132km-walk-to-remember/
1306569009	20260529	202605	2026	2026.4082	IRL	IRELAND	IRL																		0	043	043	04	1	2.8	2	1	2	2.02020202020202	4	Edenderry, Offaly, Ireland	EI	EI23	18307	53.3453	-7.04972	-1502692	0								5	Offaly, Offaly, Ireland	EI	EI23	18302	53.25	-7.5	-1504948	20260529183000	https://www.offalyindependent.ie/2026/05/29/tullamore-resident-normans-132km-walk-to-remember/
1306569010	20260529	202605	2026	2026.4082	IRL	IRELAND	IRL								GOV	CHIEF EXECUTIVE						GOV			1	012	012	01	1	-0.4	2	1	2	-5.12820512820512	4	Dublin, Dublin, Ireland	EI	EI07	18288	53.3331	-6.24889	-1502554	4	Dublin, Dublin, Ireland	EI	EI07	18288	53.3331	-6.24889	-1502554	4	Dublin, Dublin, Ireland	EI	EI07	18288	53.3331	-6.24889	-1502554	20260529183000	https://www.irishtimes.com/ireland/2026/05/29/school-holidays-highly-challenging-for-thousands-of-homeless-children-as-rates-rise-again/
1306569011	20260529	202605	2026	2026.4082	IRL	IRELAND	IRL								GOV	GOVERNMENT						GOV			1	020	020	02	1	3.0	10	1	10	-5.12820512820512	4	Dublin, Dublin, Ireland	EI	EI07	18288	53.3331	-6.24889	-1502554	4	Dublin, Dublin, Ireland	EI	EI07	18288	53.3331	-6.24889	-1502554	4	Dublin, Dublin, Ireland	EI	EI07	18288	53.3331	-6.24889	-1502554	20260529183000	https://www.irishtimes.com/ireland/2026/05/29/school-holidays-highly-challenging-for-thousands-of-homeless-children-as-rates-rise-again/
1306569012	20260529	202605	2026	2026.4082	IRL	IRELAND	IRL								GOV	GOVERNMENT						GOV			1	100	100	10	3	-5.0	10	1	10	-5.12820512820512	4	Dublin, Dublin, Ireland	EI	EI07	18288	53.3331	-6.24889	-1502554	4	Dublin, Dublin, Ireland	EI	EI07	18288	53.3331	-6.24889	-1502554	4	Dublin, Dublin, Ireland	EI	EI07	18288	53.3331	-6.24889	-1502554	20260529183000	https://www.irishtimes.com/ireland/2026/05/29/school-holidays-highly-challenging-for-thousands-of-homeless-children-as-rates-rise-again/
1306569013	20260529	202605	2026	2026.4082	IRL	IRELAND	IRL								IRLHLH	IRELAND	IRL					HLH			1	043	043	04	1	2.8	2	1	2	2.02020202020202	4	Grand Canal, Galway, Ireland	EI	EI10	18303	53.3192	-8.19972	-1503229	4	Grand Canal, Galway, Ireland	EI	EI10	18303	53.3192	-8.19972	-1503229	4	Tullamore, Offaly, Ireland	EI	EI23	18302	53.2739	-7.48889	-1506052	20260529183000	https://www.offalyindependent.ie/2026/05/29/tullamore-resident-normans-132km-walk-to-remember/
1306569014	20260529	202605	2026	2026.4082	IRL	IRELAND	IRL								IRLHLH	IRELAND	IRL					HLH			1	043	043	04	1	2.8	2	1	2	2.02020202020202	4	Grand Canal, Galway, Ireland	EI	EI10	18303	53.3192	-8.19972	-1503229	4	Tullamore, Offaly, Ireland	EI	EI23	18302	53.2739	-7.48889	-1506052	4	Grand Canal, Galway, Ireland	EI	EI10	18303	53.3192	-8.19972	-1503229	20260529183000	https://www.offalyindependent.ie/2026/05/29/tullamore-resident-normans-132km-walk-to-remember/
1306569015	20260529	202605	2026	2026.4082	IRLHLH	IRELAND	IRL					HLH													1	042	042	04	1	1.9	4	1	4	2.02020202020202	4	Tullamore, Offaly, Ireland	EI	EI23	18302	53.2739	-7.48889	-1506052	0								4	Tullamore, Offaly, Ireland	EI	EI23	18302	53.2739	-7.48889	-1506052	20260529183000	https://www.offalyindependent.ie/2026/05/29/tullamore-resident-normans-132km-walk-to-remember/
1306569016	20260529	202605	2026	2026.4082	IRLHLH	IRELAND	IRL					HLH													1	071	071	07	2	7.4	4	1	4	2.02020202020202	4	Tullamore, Offaly, Ireland	EI	EI23	18302	53.2739	-7.48889	-1506052	0								4	Tullamore, Offaly, Ireland	EI	EI23	18302	53.2739	-7.48889	-1506052	20260529183000	https://www.offalyindependent.ie/2026/05/29/tullamore-resident-normans-132km-walk-to-remember/
1306569017	20260529	202605	2026	2026.4082	IRLHLH	IRELAND	IRL					HLH			IRL	IRELAND	IRL								1	042	042	04	1	1.9	2	1	2	2.02020202020202	4	Grand Canal, Galway, Ireland	EI	EI10	18303	53.3192	-8.19972	-1503229	4	Grand Canal, Galway, Ireland	EI	EI10	18303	53.3192	-8.19972	-1503229	4	Tullamore, Offaly, Ireland	EI	EI23	18302	53.2739	-7.48889	-1506052	20260529183000	https://www.offalyindependent.ie/2026/05/29/tullamore-resident-normans-132km-walk-to-remember/
1306569018	20260529	202605	2026	2026.4082	IRLHLH	IRELAND	IRL					HLH			IRL	IRELAND	IRL								1	042	042	04	1	1.9	2	1	2	2.02020202020202	4	Tullamore, Offaly, Ireland	EI	EI23	18302	53.2739	-7.48889	-1506052	4	Grand Canal, Galway, Ireland	EI	EI10	18303	53.3192	-8.19972	-1503229	4	Grand Canal, Galway, Ireland	EI	EI10	18303	53.3192	-8.19972	-1503229	20260529183000	https://www.offalyindependent.ie/2026/05/29/tullamore-resident-normans-132km-walk-to-remember/
1306569019	20260529	202605	2026	2026.4082	IRLHLH	IRELAND	IRL					HLH			IRL	IRELAND	IRL								1	071	071	07	2	7.4	2	1	2	2.02020202020202	4	Grand Canal, Galway, Ireland	EI	EI10	18303	53.3192	-8.19972	-1503229	4	Grand Canal, Galway, Ireland	EI	EI10	18303	53.3192	-8.19972	-1503229	4	Tullamore, Offaly, Ireland	EI	EI23	18302	53.2739	-7.48889	-1506052	20260529183000	https://www.offalyindependent.ie/2026/05/29/tullamore-resident-normans-132km-walk-to-remember/
1306569020	20260529	202605	2026	2026.4082	IRLHLH	IRELAND	IRL					HLH			IRL	IRELAND	IRL								1	071	071	07	2	7.4	2	1	2	2.02020202020202	4	Tullamore, Offaly, Ireland	EI	EI23	18302	53.2739	-7.48889	-1506052	4	Grand Canal, Galway, Ireland	EI	EI10	18303	53.3192	-8.19972	-1503229	4	Grand Canal, Galway, Ireland	EI	EI10	18303	53.3192	-8.19972	-1503229	20260529183000	https://www.offalyindependent.ie/2026/05/29/tullamore-resident-normans-132km-walk-to-remember/
1306569021	20260529	202605	2026	2026.4082	IRN	IRAN	IRN																		1	014	014	01	1	0.0	1	1	1	-1.29107981220658	4	Beirut, Beyrouth, Lebanon	LE	LE04	18808	33.8719	35.5097	-801546	0								4	Tehran, Tehran, Iran	IR	IR26	41130	35.75	51.5148	10074674	20260529183000	https://www.dailymail.com/news/article-15859225/Trump-decide-imminently-Iran-ceasefire-deal.html
1306569022	20260529	202605	2026	2026.4082	IRN	IRAN	IRN																		1	014	014	01	1	0.0	1	1	1	-1.29107981220658	1	Israel	IS	IS		31.5	34.75	IS	0								1	Israel	IS	IS		31.5	34.75	IS	20260529183000	https://www.dailymail.com/news/article-15859225/Trump-decide-imminently-Iran-ceasefire-deal.html
1306569023	20260529	202605	2026	2026.4082	IRN	IRANIAN	IRN																		1	0841	084	08	2	7.0	10	1	10	0	1	Iran	IR	IR		32	53	IR	0								1	Iran	IR	IR		32	53	IR	20260529183000	https://timesofoman.com/article/172358-oman-and-iran-reaffirm-commitment-to-strait-of-hormuz-security
1306569024	20260529	202605	2026	2026.4082	IRN	IRAN	IRN																		1	100	100	10	3	-5.0	1	1	1	-3.56536502546689	4	Jordan Valley, Israel (general), Israel	IS	IS00	18314	32.6667	35.5	-2542918	0								4	Jordan Valley, Israel (general), Israel	IS	IS00	18314	32.6667	35.5	-2542918	20260529183000	https://timesofoman.com/article/172357-iran-war-us-to-lift-naval-blockade-of-ports-trump-says
1306569025	20260529	202605	2026	2026.4082	IRN	IRAN	IRN																		0	100	100	10	3	-5.0	1	1	1	-1.29107981220658	4	Beirut, Beyrouth, Lebanon	LE	LE04	18808	33.8719	35.5097	-801546	0								4	Tehran, Tehran, Iran	IR	IR26	41130	35.75	51.5148	10074674	20260529183000	https://www.dailymail.com/news/article-15859225/Trump-decide-imminently-Iran-ceasefire-deal.html
1306569026	20260529	202605	2026	2026.4082	IRN	IRAN	IRN																		1	100	100	10	3	-5.0	4	1	4	-3.56536502546689	1	Gaza Strip	GZ	GZ		31.425074	34.373398	GZ	0								1	Gaza Strip	GZ	GZ		31.425074	34.373398	GZ	20260529183000	https://timesofoman.com/article/172357-iran-war-us-to-lift-naval-blockade-of-ports-trump-says
1306569027	20260529	202605	2026	2026.4082	IRN	IRAN	IRN								GOV	ADMINISTRATION						GOV			1	040	040	04	1	1.0	4	1	4	-2.77349768875193	4	Tehran, Tehran, Iran	IR	IR26	41130	35.75	51.5148	10074674	1	Oman	MU	MU		21	57	MU	4	Tehran, Tehran, Iran	IR	IR26	41130	35.75	51.5148	10074674	20260529183000	https://www.presstv.ir/Detail/2026/05/29/769480/Iran-Oman-Araghchi-Busaidi-
1306569028	20260529	202605	2026	2026.4082	IRN	IRAN	IRN								GOV	ADMINISTRATION						GOV			1	040	040	04	1	1.0	4	1	4	-2.77349768875193	4	Tehran, Tehran, Iran	IR	IR26	41130	35.75	51.5148	10074674	1	Oman	MU	MU		21	57	MU	1	Oman	MU	MU		21	57	MU	20260529183000	https://www.presstv.ir/Detail/2026/05/29/769480/Iran-Oman-Araghchi-Busaidi-
1306569029	20260529	202605	2026	2026.4082	IRN	IRAN	IRN								GOV	ADMINISTRATION						GOV			1	040	040	04	1	1.0	2	1	2	-2.77349768875193	1	Israel	IS	IS		31.5	34.75	IS	1	Israel	IS	IS		31.5	34.75	IS	1	Israel	IS	IS		31.5	34.75	IS	20260529183000	https://www.presstv.ir/Detail/2026/05/29/769480/Iran-Oman-Araghchi-Busaidi-
1306569030	20260529	202605	2026	2026.4082	IRN	IRANIAN	IRN								IRNGOV	IRAN	IRN					GOV			0	010	010	01	1	0.0	1	1	1	-4.67289719626168	1	Iran	IR	IR		32	53	IR	1	Iran	IR	IR		32	53	IR	1	United States	US	US		39.828175	-98.5795	US	20260529183000	https://www.kten.com/news/trump-making-final-determination-on-iranian-ceasefire-deal/article_1800488a-c0dd-55ef-a8d7-9ddcb852194b.html
1306569031	20260529	202605	2026	2026.4082	IRN	IRANIAN	IRN								IRNLEG	IRAN	IRN					LEG			0	154	154	15	4	-7.2	2	1	2	-2.77349768875193	4	Tehran, Tehran, Iran	IR	IR26	41130	35.75	51.5148	10074674	4	Tehran, Tehran, Iran	IR	IR26	41130	35.75	51.5148	10074674	4	Tehran, Tehran, Iran	IR	IR26	41130	35.75	51.5148	10074674	20260529183000	https://www.presstv.ir/Detail/2026/05/29/769480/Iran-Oman-Araghchi-Busaidi-
1306569032	20260529	202605	2026	2026.4082	IRN	IRANIAN	IRN								IRNMED	IRAN	IRN					MED			0	010	010	01	1	0.0	2	1	2	-2.77349768875193	1	Oman	MU	MU		21	57	MU	4	Tehran, Tehran, Iran	IR	IR26	41130	35.75	51.5148	10074674	4	Tehran, Tehran, Iran	IR	IR26	41130	35.75	51.5148	10074674	20260529183000	https://www.presstv.ir/Detail/2026/05/29/769480/Iran-Oman-Araghchi-Busaidi-
1306569033	20260529	202605	2026	2026.4082	IRN	IRAN	IRN								MIL	NAVAL						MIL			1	0872	087	08	2	9.0	1	1	1	-3.56536502546689	4	Jordan Valley, Israel (general), Israel	IS	IS00	18314	32.6667	35.5	-2542918	4	Jordan Valley, Israel (general), Israel	IS	IS00	18314	32.6667	35.5	-2542918	4	Jordan Valley, Israel (general), Israel	IS	IS00	18314	32.6667	35.5	-2542918	20260529183000	https://timesofoman.com/article/172357-iran-war-us-to-lift-naval-blockade-of-ports-trump-says
1306569034	20260529	202605	2026	2026.4082	IRN	IRAN	IRN								MIL	NAVAL						MIL			1	0872	087	08	2	9.0	4	1	4	-3.56536502546689	1	Gaza Strip	GZ	GZ		31.425074	34.373398	GZ	1	Gaza Strip	GZ	GZ		31.425074	34.373398	GZ	1	Gaza Strip	GZ	GZ		31.425074	34.373398	GZ	20260529183000	https://timesofoman.com/article/172357-iran-war-us-to-lift-naval-blockade-of-ports-trump-says
1306569035	20260529	202605	2026	2026.4082	IRN	IRANIAN	IRN								MOS	ISLAMIC				MOS					0	010	010	01	1	0.0	2	1	2	-2.77349768875193	3	Washington, District of Columbia, United States	US	USDC	DC001	38.8951	-77.0364	531871	3	Washington, District of Columbia, United States	US	USDC	DC001	38.8951	-77.0364	531871	3	Washington, District of Columbia, United States	US	USDC	DC001	38.8951	-77.0364	531871	20260529183000	https://www.presstv.ir/Detail/2026/05/29/769480/Iran-Oman-Araghchi-Busaidi-
1306569036	20260529	202605	2026	2026.4082	IRN	IRAN	IRN								MOS	ISLAMIC				MOS					0	020	020	02	1	3.0	4	1	4	-4.73251028806585	4	Tehran, Tehran, Iran	IR	IR26	41130	35.75	51.5148	10074674	1	Qatar	QA	QA		25.5	51.25	QA	1	Qatar	QA	QA		25.5	51.25	QA	20260529183000	https://www.presstv.ir/Detail/2026/05/29/769488/Iran-says-no-final-understanding-with-US-yet-rejects-Trump-language-must
1306569037	20260529	202605	2026	2026.4082	IRN	IRAN	IRN								MOS	ISLAMIC				MOS					0	020	020	02	1	3.0	1	1	1	-4.73251028806585	3	Washington, District of Columbia, United States	US	USDC	DC001	38.8951	-77.0364	531871	4	Tehran, Tehran, Iran	IR	IR26	41130	35.75	51.5148	10074674	1	Pakistan	PK	PK		30	70	PK	20260529183000	https://www.presstv.ir/Detail/2026/05/29/769488/Iran-says-no-final-understanding-with-US-yet-rejects-Trump-language-must
1306569038	20260529	202605	2026	2026.4082	IRN	IRAN	IRN								OMN	OMAN	OMN								0	040	040	04	1	1.0	2	1	2	-2.11817168338907	1	Iran	IR	IR		32	53	IR	1	Iran	IR	IR		32	53	IR	1	Iran	IR	IR		32	53	IR	20260529183000	https://www.2news.com/news/national/president-trump-meeting-with-aides-to-make-final-determination-on-moving-forward-with-iran-deal/article_5a53502a-51f6-4a7b-b1cb-0f36d23e3842.html
1306569039	20260529	202605	2026	2026.4082	IRN	IRAN	IRN								OMN	OMAN	OMN								1	051	051	05	1	3.4	2	1	2	-2.77349768875193	4	Tehran, Tehran, Iran	IR	IR26	41130	35.75	51.5148	10074674	3	Washington, District of Columbia, United States	US	USDC	DC001	38.8951	-77.0364	531871	3	Washington, District of Columbia, United States	US	USDC	DC001	38.8951	-77.0364	531871	20260529183000	https://www.presstv.ir/Detail/2026/05/29/769480/Iran-Oman-Araghchi-Busaidi-
1306569040	20260529	202605	2026	2026.4082	IRN	IRAN	IRN								USA	THE US	USA								1	010	010	01	1	0.0	2	1	2	-3.9440203562341	4	Tehran, Tehran, Iran	IR	IR26	41130	35.75	51.5148	10074674	4	Gaza, Israel (general), Israel	IS	IS00	18315	31.4167	34.3333	-797156	4	Tehran, Tehran, Iran	IR	IR26	41130	35.75	51.5148	10074674	20260529183000	https://www.presstv.ir/Detail/2026/05/29/769487/Leader
1306569041	20260529	202605	2026	2026.4082	IRN	IRAN	IRN								USA	WASHINGTON	USA								0	012	012	01	1	-0.4	1	1	1	-4.73251028806585	4	Tehran, Tehran, Iran	IR	IR26	41130	35.75	51.5148	10074674	3	Washington, District of Columbia, United States	US	USDC	DC001	38.8951	-77.0364	531871	3	Washington, District of Columbia, United States	US	USDC	DC001	38.8951	-77.0364	531871	20260529183000	https://www.presstv.ir/Detail/2026/05/29/769488/Iran-says-no-final-understanding-with-US-yet-rejects-Trump-language-must
1306569042	20260529	202605	2026	2026.4082	IRN	IRAN	IRN								USA	WASHINGTON	USA								1	013	013	01	1	0.4	2	1	2	-2.77349768875193	4	Tehran, Tehran, Iran	IR	IR26	41130	35.75	51.5148	10074674	4	Tehran, Tehran, Iran	IR	IR26	41130	35.75	51.5148	10074674	3	Washington, District of Columbia, United States	US	USDC	DC001	38.8951	-77.0364	531871	20260529183000	https://www.presstv.ir/Detail/2026/05/29/769480/Iran-Oman-Araghchi-Busaidi-
1306569043	20260529	202605	2026	2026.4082	IRN	IRAN	IRN								USA	UNITED STATES	USA								0	046	046	04	1	7.0	1	1	1	-3.56536502546689	4	Gaza, Israel (general), Israel	IS	IS00	18315	31.4167	34.3333	-797156	4	Tehran, Tehran, Iran	IR	IR26	41130	35.75	51.5148	10074674	4	Gaza, Israel (general), Israel	IS	IS00	18315	31.4167	34.3333	-797156	20260529183000	https://timesofoman.com/article/172357-iran-war-us-to-lift-naval-blockade-of-ports-trump-says
1306569044	20260529	202605	2026	2026.4082	IRN	IRAN	IRN								USA	THE US	USA								0	046	046	04	1	7.0	2	1	2	-4.73251028806585	4	Tehran, Tehran, Iran	IR	IR26	41130	35.75	51.5148	10074674	4	Tehran, Tehran, Iran	IR	IR26	41130	35.75	51.5148	10074674	3	Washington, District of Columbia, United States	US	USDC	DC001	38.8951	-77.0364	531871	20260529183000	https://www.presstv.ir/Detail/2026/05/29/769488/Iran-says-no-final-understanding-with-US-yet-rejects-Trump-language-must
1306569045	20260529	202605	2026	2026.4082	IRN	IRAN	IRN								USA	WASHINGTON	USA								0	071	071	07	2	7.4	6	1	6	-4.73251028806585	4	Tehran, Tehran, Iran	IR	IR26	41130	35.75	51.5148	10074674	3	Washington, District of Columbia, United States	US	USDC	DC001	38.8951	-77.0364	531871	4	Tehran, Tehran, Iran	IR	IR26	41130	35.75	51.5148	10074674	20260529183000	https://www.presstv.ir/Detail/2026/05/29/769488/Iran-says-no-final-understanding-with-US-yet-rejects-Trump-language-must
1306569046	20260529	202605	2026	2026.4082	IRN	IRAN	IRN								USA	THE US	USA								1	081	081	08	2	5.0	2	1	2	-1.29107981220658	4	Tehran, Tehran, Iran	IR	IR26	41130	35.75	51.5148	10074674	4	Tehran, Tehran, Iran	IR	IR26	41130	35.75	51.5148	10074674	4	Tehran, Tehran, Iran	IR	IR26	41130	35.75	51.5148	10074674	20260529183000	https://www.dailymail.com/news/article-15859225/Trump-decide-imminently-Iran-ceasefire-deal.html
1306569047	20260529	202605	2026	2026.4082	IRN	IRAN	IRN								USAGOV	THE WHITE HOUSE	USA					GOV			0	040	040	04	1	1.0	2	1	2	4.51977401129943	4	Tehran, Tehran, Iran	IR	IR26	41130	35.75	51.5148	10074674	3	White House, District of Columbia, United States	US	USDC		38.8951	-77.0364	531871	3	White House, District of Columbia, United States	US	USDC		38.8951	-77.0364	531871	20260529183000	https://www.geo.tv/latest/666519-dpm-dar-holds-presser-following-meeting-with-rubio-in-washington
1306569048	20260529	202605	2026	2026.4082	IRN	IRAN	IRN								USAGOV	UNITED STATES	USA					GOV			0	040	040	04	1	1.0	2	1	2	4.51977401129943	3	White House, District of Columbia, United States	US	USDC		38.8951	-77.0364	531871	3	White House, District of Columbia, United States	US	USDC		38.8951	-77.0364	531871	3	White House, District of Columbia, United States	US	USDC		38.8951	-77.0364	531871	20260529183000	https://www.geo.tv/latest/666519-dpm-dar-holds-presser-following-meeting-with-rubio-in-washington
1306569049	20260529	202605	2026	2026.4082	IRNGOV	IRANIAN	IRN					GOV			MEDGOV	SPOKESMAN						MED	GOV		0	010	010	01	1	0.0	6	1	6	-2.77349768875193	4	Tehran, Tehran, Iran	IR	IR26	41130	35.75	51.5148	10074674	4	Tehran, Tehran, Iran	IR	IR26	41130	35.75	51.5148	10074674	4	Tehran, Tehran, Iran	IR	IR26	41130	35.75	51.5148	10074674	20260529183000	https://www.presstv.ir/Detail/2026/05/29/769480/Iran-Oman-Araghchi-Busaidi-
1306569050	20260529	202605	2026	2026.4082	IRNGOV	IRANIAN	IRN					GOV			MOS	ISLAMIC				MOS					0	010	010	01	1	0.0	6	1	6	-2.77349768875193	4	Tehran, Tehran, Iran	IR	IR26	41130	35.75	51.5148	10074674	4	Tehran, Tehran, Iran	IR	IR26	41130	35.75	51.5148	10074674	4	Tehran, Tehran, Iran	IR	IR26	41130	35.75	51.5148	10074674	20260529183000	https://www.presstv.ir/Detail/2026/05/29/769480/Iran-Oman-Araghchi-Busaidi-
1306569051	20260529	202605	2026	2026.4082	IRNGOV	IRAN	IRN					GOV			USA	UNITED STATES	USA								0	111	111	11	3	-2.0	1	1	1	-2.77349768875193	4	Tehran, Tehran, Iran	IR	IR26	41130	35.75	51.5148	10074674	4	Tehran, Tehran, Iran	IR	IR26	41130	35.75	51.5148	10074674	4	Tehran, Tehran, Iran	IR	IR26	41130	35.75	51.5148	10074674	20260529183000	https://www.presstv.ir/Detail/2026/05/29/769480/Iran-Oman-Araghchi-Busaidi-
1306569052	20260529	202605	2026	2026.4082	IRNGOV	IRANIAN	IRN					GOV			USA	UNITED STATES	USA								0	111	111	11	3	-2.0	7	1	7	-2.77349768875193	4	Tehran, Tehran, Iran	IR	IR26	41130	35.75	51.5148	10074674	3	Washington, District of Columbia, United States	US	USDC	DC001	38.8951	-77.0364	531871	4	Tehran, Tehran, Iran	IR	IR26	41130	35.75	51.5148	10074674	20260529183000	https://www.presstv.ir/Detail/2026/05/29/769480/Iran-Oman-Araghchi-Busaidi-
1306569053	20260529	202605	2026	2026.4082	IRNLEG	IRANIAN	IRN					LEG													0	154	154	15	4	-7.2	5	1	5	-2.77349768875193	4	Tehran, Tehran, Iran	IR	IR26	41130	35.75	51.5148	10074674	0								4	Tehran, Tehran, Iran	IR	IR26	41130	35.75	51.5148	10074674	20260529183000	https://www.presstv.ir/Detail/2026/05/29/769480/Iran-Oman-Araghchi-Busaidi-
1306569054	20260529	202605	2026	2026.4082	IRQ	IRAQ	IRQ																		0	030	030	03	1	4.0	4	1	4	-9.48148148148147	1	Iraq	IZ	IZ		33	44	IZ	0								1	Iraq	IZ	IZ		33	44	IZ	20260529183000	https://twitchy.com/samj/2026/05/29/here-are-a-bunch-of-idiot-democrats-trying-to-dunk-on-susan-collins-because-platner-sent-himself-to-war-n2428698
1306569055	20260529	202605	2026	2026.4082	ISR	ISRAEL	ISR																		0	050	050	05	1	3.5	2	1	2	-4.22818791946308	4	Tel Aviv, Tel Aviv, Israel	IS	IS05	18316	32.0667	34.7667	-781545	0								4	Tel Aviv, Tel Aviv, Israel	IS	IS05	18316	32.0667	34.7667	-781545	20260529183000	https://edition.cnn.com/2026/05/29/middleeast/iran-deal-trump-netanyahu-legacy-intl
1306569056	20260529	202605	2026	2026.4082	ISR	ISRAEL	ISR																		0	0874	087	08	2	10.0	2	1	2	1.25984251968504	4	Dead Sea, Israel (general), Israel	IS	IS00	65745	31.5	35.5	-779554	0								4	Dead Sea, Israel (general), Israel	IS	IS00	65745	31.5	35.5	-779554	20260529183000	https://www.haaretz.com/archaeology/2026-05-29/ty-article-magazine/who-built-the-biblical-era-fortresses-in-the-deserts-of-israel-and-jordan/0000019e-6ee3-d84e-a3be-effb1c9d0000
1306569057	20260529	202605	2026	2026.4082	ISR	ISRAEL	ISR																		0	114	114	11	3	-2.0	2	1	2	-4.22818791946308	4	Tel Aviv, Tel Aviv, Israel	IS	IS05	18316	32.0667	34.7667	-781545	0								4	Tel Aviv, Tel Aviv, Israel	IS	IS05	18316	32.0667	34.7667	-781545	20260529183000	https://edition.cnn.com/2026/05/29/middleeast/iran-deal-trump-netanyahu-legacy-intl
1306569058	20260529	202605	2026	2026.4082	ISR	ISRAEL	ISR																		0	160	160	16	4	-4.0	2	1	2	-3.56536502546689	5	Beqaa, Béa, Lebanon	LE	LE08	18792	33.6667	35.8333	-798017	0								5	Beqaa, Béa, Lebanon	LE	LE08	18792	33.6667	35.8333	-798017	20260529183000	https://timesofoman.com/article/172357-iran-war-us-to-lift-naval-blockade-of-ports-trump-says
1306569059	20260529	202605	2026	2026.4082	ISR	ISRAEL	ISR								EGY	SINAI	EGY								0	046	046	04	1	7.0	4	1	4	1.25984251968504	4	Dead Sea, Israel (general), Israel	IS	IS00	65745	31.5	35.5	-779554	4	Dead Sea, Israel (general), Israel	IS	IS00	65745	31.5	35.5	-779554	4	Dead Sea, Israel (general), Israel	IS	IS00	65745	31.5	35.5	-779554	20260529183000	https://www.haaretz.com/archaeology/2026-05-29/ty-article-magazine/who-built-the-biblical-era-fortresses-in-the-deserts-of-israel-and-jordan/0000019e-6ee3-d84e-a3be-effb1c9d0000
1306569060	20260529	202605	2026	2026.4082	ISR	ISRAEL	ISR								GOV	KING						GOV			0	080	080	08	2	5.0	2	1	2	1.25984251968504	4	Dead Sea, Israel (general), Israel	IS	IS00	65745	31.5	35.5	-779554	4	Dead Sea, Israel (general), Israel	IS	IS00	65745	31.5	35.5	-779554	4	Dead Sea, Israel (general), Israel	IS	IS00	65745	31.5	35.5	-779554	20260529183000	https://www.haaretz.com/archaeology/2026-05-29/ty-article-magazine/who-built-the-biblical-era-fortresses-in-the-deserts-of-israel-and-jordan/0000019e-6ee3-d84e-a3be-effb1c9d0000
1306569061	20260529	202605	2026	2026.4082	ISR	ISRAELI	ISR								IGOUNO	THE UN		UNO				IGO			0	111	111	11	3	-2.0	1	1	1	-3.56536502546689	5	Beqaa, Béa, Lebanon	LE	LE08	18792	33.6667	35.8333	-798017	5	Beqaa, Béa, Lebanon	LE	LE08	18792	33.6667	35.8333	-798017	5	Beqaa, Béa, Lebanon	LE	LE08	18792	33.6667	35.8333	-798017	20260529183000	https://timesofoman.com/article/172357-iran-war-us-to-lift-naval-blockade-of-ports-trump-says
1306569062	20260529	202605	2026	2026.4082	ISR	ISRAEL	ISR								IRN	IRANIAN	IRN								0	120	120	12	3	-4.0	1	1	1	-3.9440203562341	4	Gaza, Israel (general), Israel	IS	IS00	18315	31.4167	34.3333	-797156	4	Tehran, Tehran, Iran	IR	IR26	41130	35.75	51.5148	10074674	4	Gaza, Israel (general), Israel	IS	IS00	18315	31.4167	34.3333	-797156	20260529183000	https://www.presstv.ir/Detail/2026/05/29/769487/Leader
1306569063	20260529	202605	2026	2026.4082	ISR	ISRAEL	ISR								IRN	IRAN	IRN								0	190	190	19	4	-10.0	2	1	2	-3.9440203562341	4	Tehran, Tehran, Iran	IR	IR26	41130	35.75	51.5148	10074674	1	Israel	IS	IS		31.5	34.75	IS	4	Tehran, Tehran, Iran	IR	IR26	41130	35.75	51.5148	10074674	20260529183000	https://www.presstv.ir/Detail/2026/05/29/769487/Leader
1306569064	20260529	202605	2026	2026.4082	ISR	ISRAEL	ISR								IRN	IRAN	IRN								0	190	190	19	4	-10.0	3	1	3	-2.23953261927946	2	California, United States	US	USCA		36.17	-119.746	CA	2	California, United States	US	USCA		36.17	-119.746	CA	2	California, United States	US	USCA		36.17	-119.746	CA	20260529183000	https://www.nbcnews.com/business/energy/oil-monthly-drop-gas-prices-fall-rcna347518
1306569065	20260529	202605	2026	2026.4082	ISR	ISRAEL	ISR								IRNREL	IRANIAN	IRN								0	120	120	12	3	-4.0	3	1	3	-3.9440203562341	4	Tehran, Tehran, Iran	IR	IR26	41130	35.75	51.5148	10074674	4	Gaza, Israel (general), Israel	IS	IS00	18315	31.4167	34.3333	-797156	4	Tehran, Tehran, Iran	IR	IR26	41130	35.75	51.5148	10074674	20260529183000	https://www.presstv.ir/Detail/2026/05/29/769487/Leader
1306569066	20260529	202605	2026	2026.4082	ISR	ISRAELI	ISR								LBN	LEBANESE	LBN								0	044	044	04	1	2.5	2	1	2	-3.56536502546689	4	Gaza, Israel (general), Israel	IS	IS00	18315	31.4167	34.3333	-797156	4	Gaza, Israel (general), Israel	IS	IS00	18315	31.4167	34.3333	-797156	4	Gaza, Israel (general), Israel	IS	IS00	18315	31.4167	34.3333	-797156	20260529183000	https://timesofoman.com/article/172357-iran-war-us-to-lift-naval-blockade-of-ports-trump-says
1306569067	20260529	202605	2026	2026.4082	ISR	ISRAELI	ISR								LBN	LEBANESE	LBN								0	044	044	04	1	2.5	2	1	2	-3.56536502546689	4	Gaza, Israel (general), Israel	IS	IS00	18315	31.4167	34.3333	-797156	5	Beqaa, Béa, Lebanon	LE	LE08	18792	33.6667	35.8333	-798017	5	Beqaa, Béa, Lebanon	LE	LE08	18792	33.6667	35.8333	-798017	20260529183000	https://timesofoman.com/article/172357-iran-war-us-to-lift-naval-blockade-of-ports-trump-says
1306569068	20260529	202605	2026	2026.4082	ISR	ISRAELI	ISR								LBN	LEBANESE	LBN								0	046	046	04	1	7.0	2	1	2	-3.56536502546689	4	Gaza, Israel (general), Israel	IS	IS00	18315	31.4167	34.3333	-797156	5	Beqaa, Béa, Lebanon	LE	LE08	18792	33.6667	35.8333	-798017	3	Washington, District of Columbia, United States	US	USDC	DC001	38.8951	-77.0364	531871	20260529183000	https://timesofoman.com/article/172357-iran-war-us-to-lift-naval-blockade-of-ports-trump-says
1306569069	20260529	202605	2026	2026.4082	ISR	ISRAEL	ISR								LBNMIL	LEBANON	LBN					MIL			0	044	044	04	1	2.5	2	1	2	-3.56536502546689	4	Gaza, Israel (general), Israel	IS	IS00	18315	31.4167	34.3333	-797156	4	Gaza, Israel (general), Israel	IS	IS00	18315	31.4167	34.3333	-797156	5	Beqaa, Béa, Lebanon	LE	LE08	18792	33.6667	35.8333	-798017	20260529183000	https://timesofoman.com/article/172357-iran-war-us-to-lift-naval-blockade-of-ports-trump-says
1306569070	20260529	202605	2026	2026.4082	ISR	ISRAELI	ISR								LBNMIL	LEBANESE	LBN					MIL			0	044	044	04	1	2.5	4	1	4	-3.56536502546689	4	Gaza, Israel (general), Israel	IS	IS00	18315	31.4167	34.3333	-797156	5	Beqaa, Béa, Lebanon	LE	LE08	18792	33.6667	35.8333	-798017	5	Beqaa, Béa, Lebanon	LE	LE08	18792	33.6667	35.8333	-798017	20260529183000	https://timesofoman.com/article/172357-iran-war-us-to-lift-naval-blockade-of-ports-trump-says
1306569071	20260529	202605	2026	2026.4082	ISR	ISRAELI	ISR								LBNMIL	LEBANESE	LBN					MIL			0	046	046	04	1	7.0	4	1	4	-3.56536502546689	4	Gaza, Israel (general), Israel	IS	IS00	18315	31.4167	34.3333	-797156	5	Beqaa, Béa, Lebanon	LE	LE08	18792	33.6667	35.8333	-798017	3	Washington, District of Columbia, United States	US	USDC	DC001	38.8951	-77.0364	531871	20260529183000	https://timesofoman.com/article/172357-iran-war-us-to-lift-naval-blockade-of-ports-trump-says
1306569072	20260529	202605	2026	2026.4082	ISR	ISRAEL	ISR								MIL	MILITARY						MIL			0	051	051	05	1	3.4	2	1	2	-3.56536502546689	4	Gaza, Israel (general), Israel	IS	IS00	18315	31.4167	34.3333	-797156	4	Gaza, Israel (general), Israel	IS	IS00	18315	31.4167	34.3333	-797156	4	Gaza, Israel (general), Israel	IS	IS00	18315	31.4167	34.3333	-797156	20260529183000	https://timesofoman.com/article/172357-iran-war-us-to-lift-naval-blockade-of-ports-trump-says
1306569073	20260529	202605	2026	2026.4082	ISR	ISRAELI	ISR								MIL	MILITARY						MIL			0	051	051	05	1	3.4	6	1	6	-3.56536502546689	4	Gaza, Israel (general), Israel	IS	IS00	18315	31.4167	34.3333	-797156	5	Beqaa, Béa, Lebanon	LE	LE08	18792	33.6667	35.8333	-798017	4	Gaza, Israel (general), Israel	IS	IS00	18315	31.4167	34.3333	-797156	20260529183000	https://timesofoman.com/article/172357-iran-war-us-to-lift-naval-blockade-of-ports-trump-says
1306569074	20260529	202605	2026	2026.4082	ISR	ISRAELI	ISR								MIL	MILITARY						MIL			0	051	051	05	1	3.4	2	1	2	-3.56536502546689	5	Beqaa, Béa, Lebanon	LE	LE08	18792	33.6667	35.8333	-798017	5	Beqaa, Béa, Lebanon	LE	LE08	18792	33.6667	35.8333	-798017	5	Beqaa, Béa, Lebanon	LE	LE08	18792	33.6667	35.8333	-798017	20260529183000	https://timesofoman.com/article/172357-iran-war-us-to-lift-naval-blockade-of-ports-trump-says
1306569075	20260529	202605	2026	2026.4082	ISR	ISRAEL	ISR								MNCUSA	NETFLIX	USA					MNC			0	051	051	05	1	3.4	5	1	5	2.33100233100234	4	Gaza, Israel (general), Israel	IS	IS00	18315	31.4167	34.3333	-797156	4	Gaza, Israel (general), Israel	IS	IS00	18315	31.4167	34.3333	-797156	4	Gaza, Israel (general), Israel	IS	IS00	18315	31.4167	34.3333	-797156	20260529183000	https://www.ynetnews.com/culture/article/b1qcilvezx
1306569076	20260529	202605	2026	2026.4082	ISR	ISRAELI	ISR								USA	WASHINGTON	USA								0	036	036	03	1	4.0	2	1	2	-3.56536502546689	4	Gaza, Israel (general), Israel	IS	IS00	18315	31.4167	34.3333	-797156	4	Gaza, Israel (general), Israel	IS	IS00	18315	31.4167	34.3333	-797156	4	Gaza, Israel (general), Israel	IS	IS00	18315	31.4167	34.3333	-797156	20260529183000	https://timesofoman.com/article/172357-iran-war-us-to-lift-naval-blockade-of-ports-trump-says
1306569077	20260529	202605	2026	2026.4082	ISR	ISRAELI	ISR								USA	WASHINGTON	USA								0	036	036	03	1	4.0	8	1	8	-3.56536502546689	4	Gaza, Israel (general), Israel	IS	IS00	18315	31.4167	34.3333	-797156	3	Washington, District of Columbia, United States	US	USDC	DC001	38.8951	-77.0364	531871	5	Beqaa, Béa, Lebanon	LE	LE08	18792	33.6667	35.8333	-798017	20260529183000	https://timesofoman.com/article/172357-iran-war-us-to-lift-naval-blockade-of-ports-trump-says
1306569078	20260529	202605	2026	2026.4082	ISR	ISRAEL	ISR								USA	UNITED STATES	USA								1	040	040	04	1	1.0	1	1	1	-0.64655172413793	4	Tehran, Tehran, Iran	IR	IR26	41130	35.75	51.5148	10074674	4	Tehran, Tehran, Iran	IR	IR26	41130	35.75	51.5148	10074674	1	Israel	IS	IS		31.5	34.75	IS	20260529183000	https://www.presstv.ir/Detail/2026/05/29/769476/Iran-Eurasian-Economic-Union-regional-development-US-Israel-aggression-Masoud-Pezeshkian
1306569079	20260529	202605	2026	2026.4082	ISR	ISRAEL	ISR								USA	UNITED STATES	USA								1	040	040	04	1	1.0	3	1	3	-0.64655172413793	1	Israel	IS	IS		31.5	34.75	IS	1	United States	US	US		39.828175	-98.5795	US	1	Israel	IS	IS		31.5	34.75	IS	20260529183000	https://www.presstv.ir/Detail/2026/05/29/769476/Iran-Eurasian-Economic-Union-regional-development-US-Israel-aggression-Masoud-Pezeshkian
1306569080	20260529	202605	2026	2026.4082	ISR	ISRAEL	ISR								USA	UNITED STATES	USA								1	040	040	04	1	1.0	1	1	1	-0.64655172413793	1	United States	US	US		39.828175	-98.5795	US	4	Tehran, Tehran, Iran	IR	IR26	41130	35.75	51.5148	10074674	1	Israel	IS	IS		31.5	34.75	IS	20260529183000	https://www.presstv.ir/Detail/2026/05/29/769476/Iran-Eurasian-Economic-Union-regional-development-US-Israel-aggression-Masoud-Pezeshkian
1306569081	20260529	202605	2026	2026.4082	ISRGOV	ISRAEL	ISR					GOV			PSE	GAZA	PSE								0	172	172	17	4	-5.0	2	1	2	-3.56536502546689	4	Gaza, Israel (general), Israel	IS	IS00	18315	31.4167	34.3333	-797156	4	Gaza, Israel (general), Israel	IS	IS00	18315	31.4167	34.3333	-797156	4	Gaza, Israel (general), Israel	IS	IS00	18315	31.4167	34.3333	-797156	20260529183000	https://timesofoman.com/article/172357-iran-war-us-to-lift-naval-blockade-of-ports-trump-says
1306569082	20260529	202605	2026	2026.4082	ITA	ITALY	ITA																		1	010	010	01	1	0.0	2	1	2	5.5	4	Courmayeur, Valle d'Aosta, Italy	IT	IT19	16333	45.7833	6.96667	-116466	0								4	Courmayeur, Valle d'Aosta, Italy	IT	IT19	16333	45.7833	6.96667	-116466	20260529183000	https://www.vogue.com/article/crochet-wedding-dresses-2026-bridal-trend-bohemian-romance-craftsmanship
1306569083	20260529	202605	2026	2026.4082	ITA	ITALY	ITA																		1	010	010	01	1	0.0	8	1	8	-0.92050209205021	4	Maranello, Emilia-Romagna, Italy	IT	IT05	18341	44.5333	10.8667	-120984	0								4	Maranello, Emilia-Romagna, Italy	IT	IT05	18341	44.5333	10.8667	-120984	20260529183000	https://www.overdrive.in/news-cars-auto/winkelmann-may-have-just-said-what-supercar-buyers-were-thinking/
1306569084	20260529	202605	2026	2026.4082	ITA	ITALIAN	ITA																		1	010	010	01	1	0.0	6	1	6	-0.92050209205021	1	India	IN	IN		20	77	IN	0								1	India	IN	IN		20	77	IN	20260529183000	https://www.overdrive.in/news-cars-auto/winkelmann-may-have-just-said-what-supercar-buyers-were-thinking/
1306569085	20260529	202605	2026	2026.4082	ITA	ITALY	ITA																		1	020	020	02	1	3.0	1	1	1	5.29100529100529	1	Greece	GR	GR		39	22	GR	0								1	Greece	GR	GR		39	22	GR	20260529183000	https://www.harpersbazaar.com/fashion/trends/a71413601/how-to-style-fisherman-sandals-outfits/
1306569086	20260529	202605	2026	2026.4082	ITA	ITALIAN	ITA																		0	051	051	05	1	3.4	3	1	3	2.64965652600589	4	Montecarlo, Toscana, Italy	IT	IT16	18406	43.8667	10.6833	-122237	0								4	Montecarlo, Toscana, Italy	IT	IT16	18406	43.8667	10.6833	-122237	20260529183000	https://www.marieclaire.com/fashion/celebrity-style/ballet-sneaker-trend-outfits-2026/
1306569087	20260529	202605	2026	2026.4082	ITA	ITALY	ITA																		1	110	110	11	3	-2.0	28	1	8	-0.92050209205021	4	Maranello, Emilia-Romagna, Italy	IT	IT05	18341	44.5333	10.8667	-120984	0								4	Maranello, Emilia-Romagna, Italy	IT	IT05	18341	44.5333	10.8667	-120984	20260529183000	https://www.overdrive.in/news-cars-auto/winkelmann-may-have-just-said-what-supercar-buyers-were-thinking/
1306569088	20260529	202605	2026	2026.4082	ITA	CALABRIA	ITA								CVL	MIGRANT						CVL			1	043	043	04	1	2.8	10	1	10	0.79239302694136	4	Cropani, Calabria, Italy	IT	IT03	18325	38.9667	16.7833	-116604	4	Cropani, Calabria, Italy	IT	IT03	18325	38.9667	16.7833	-116604	4	Cropani, Calabria, Italy	IT	IT03	18325	38.9667	16.7833	-116604	20260529183000	https://www.odnako.org/catanzaro-the-budget-of-the-prefect-castrese-de-rosa-crimes-in-decline-and-legality-at-the-center-of-territorial-action/
1306569089	20260529	202605	2026	2026.4082	ITA	ITALY	ITA								GRC	GREECE	GRC								1	020	020	02	1	3.0	1	1	1	5.29100529100529	1	Greece	GR	GR		39	22	GR	1	Greece	GR	GR		39	22	GR	1	Greece	GR	GR		39	22	GR	20260529183000	https://www.harpersbazaar.com/fashion/trends/a71413601/how-to-style-fisherman-sandals-outfits/
1306569090	20260529	202605	2026	2026.4082	ITA	ITALIAN	ITA								IRL	IRISH	IRL								0	051	051	05	1	3.4	3	1	3	2.64965652600589	4	Montecarlo, Toscana, Italy	IT	IT16	18406	43.8667	10.6833	-122237	4	Montecarlo, Toscana, Italy	IT	IT16	18406	43.8667	10.6833	-122237	4	Montecarlo, Toscana, Italy	IT	IT16	18406	43.8667	10.6833	-122237	20260529183000	https://www.marieclaire.com/fashion/celebrity-style/ballet-sneaker-trend-outfits-2026/
1306569091	20260529	202605	2026	2026.4082	ITA	ITALIAN	ITA								IRL	IRISH	IRL								0	051	051	05	1	3.4	2	1	2	2.64965652600589	4	Montecarlo, Toscana, Italy	IT	IT16	18406	43.8667	10.6833	-122237	1	Sweden	SW	SW		62	15	SW	4	Montecarlo, Toscana, Italy	IT	IT16	18406	43.8667	10.6833	-122237	20260529183000	https://www.marieclaire.com/fashion/celebrity-style/ballet-sneaker-trend-outfits-2026/
1306569092	20260529	202605	2026	2026.4082	ITA	ITALIAN	ITA								IRL	IRISH	IRL								0	051	051	05	1	3.4	2	1	2	2.64965652600589	1	Sweden	SW	SW		62	15	SW	1	Sweden	SW	SW		62	15	SW	1	Sweden	SW	SW		62	15	SW	20260529183000	https://www.marieclaire.com/fashion/celebrity-style/ballet-sneaker-trend-outfits-2026/
1306569093	20260529	202605	2026	2026.4082	ITA	ITALY	ITA								ISR	ISRAELI	ISR								1	143	143	14	3	-6.5	5	1	5	-8.38323353293413	4	Milan, Lombardia, Italy	IT	IT09	18363	45.4667	9.2	-121726	4	Milan, Lombardia, Italy	IT	IT09	18363	45.4667	9.2	-121726	4	Milan, Lombardia, Italy	IT	IT09	18363	45.4667	9.2	-121726	20260529183000	https://www.presstv.ir/Detail/2026/05/29/769478/Italy-Israel-Lebanon-Gaza
1306569094	20260529	202605	2026	2026.4082	ITA	ITALIAN	ITA								LBY	LIBYA	LBY								1	060	060	06	2	6.0	2	1	2	-8.20895522388059	4	Rome, Lazio, Italy	IT	IT07	18350	41.9	12.4833	-126693	1	Libya	LY	LY		25	17	LY	4	Rome, Lazio, Italy	IT	IT07	18350	41.9	12.4833	-126693	20260529183000	https://www.politico.eu/article/italy-accused-breaching-migrants-rights-release-libyan-militia-chief/
1306569095	20260529	202605	2026	2026.4082	ITA	MILAN	ITA								NLD	THE NETHERLAND	NLD								1	061	061	06	2	6.4	9	1	9	0.7085020242915	4	Milan, Lombardia, Italy	IT	IT09	18363	45.4667	9.2	-121726	4	Milan, Lombardia, Italy	IT	IT09	18363	45.4667	9.2	-121726	4	Milan, Lombardia, Italy	IT	IT09	18363	45.4667	9.2	-121726	20260529183000	https://www.odnako.org/the-challenges-of-architecture-the-vertical-forest-and-the-ecosystem-city-by-stefano-boeri/
1306569096	20260529	202605	2026	2026.4082	ITA	MILAN	ITA								NLD	THE NETHERLAND	NLD								1	061	061	06	2	6.4	1	1	1	0.7085020242915	4	Milan, Lombardia, Italy	IT	IT09	18363	45.4667	9.2	-121726	4	Amsterdam, Noord-Holland, Netherlands	NL	NL07	22373	52.35	4.91667	-2140479	4	Amsterdam, Noord-Holland, Netherlands	NL	NL07	22373	52.35	4.91667	-2140479	20260529183000	https://www.odnako.org/the-challenges-of-architecture-the-vertical-forest-and-the-ecosystem-city-by-stefano-boeri/
1306569097	20260529	202605	2026	2026.4082	ITALAB	ITALY	ITA					LAB													1	141	141	14	3	-6.5	5	1	5	-8.38323353293413	4	Milan, Lombardia, Italy	IT	IT09	18363	45.4667	9.2	-121726	0								4	Milan, Lombardia, Italy	IT	IT09	18363	45.4667	9.2	-121726	20260529183000	https://www.presstv.ir/Detail/2026/05/29/769478/Italy-Israel-Lebanon-Gaza
1306569098	20260529	202605	2026	2026.4082	ITALAB	ITALY	ITA					LAB			GOV	CONSULATE						GOV			1	112	112	11	3	-2.0	10	1	10	-5.88235294117647	4	Milan, Lombardia, Italy	IT	IT09	18363	45.4667	9.2	-121726	4	Milan, Lombardia, Italy	IT	IT09	18363	45.4667	9.2	-121726	4	Milan, Lombardia, Italy	IT	IT09	18363	45.4667	9.2	-121726	20260529183000	https://economictimes.indiatimes.com/nri/latest-updates/us-consulate-contractor-accused-of-exploiting-indian-workers-in-italy/articleshow/131396697.cms
1306569099	20260529	202605	2026	2026.4082	JAM	KINGSTON	JAM																		1	060	060	06	2	6.0	14	1	10	-2.86564942314849	4	Brockville, Ontario, Canada	CA	CA08	30554	44.5833	-75.6833	-561684	0								4	Brockville, Ontario, Canada	CA	CA08	30554	44.5833	-75.6833	-561684	20260529183000	https://www.recorder.ca:443/feature/kingston-man-lyme-disease-maid-medical-assistance-dying
1306569100	20260529	202605	2026	2026.4082	JAM	KINGSTON	JAM																		1	190	190	19	4	-10.0	10	1	10	-2.86564942314849	4	Brockville, Ontario, Canada	CA	CA08	30554	44.5833	-75.6833	-561684	0								4	Brockville, Ontario, Canada	CA	CA08	30554	44.5833	-75.6833	-561684	20260529183000	https://www.recorder.ca:443/feature/kingston-man-lyme-disease-maid-medical-assistance-dying
1306569101	20260529	202605	2026	2026.4082	JAM	KINGSTON	JAM								CAN	CANADA	CAN								1	060	060	06	2	6.0	6	1	6	-2.86564942314849	4	Brockville, Ontario, Canada	CA	CA08	30554	44.5833	-75.6833	-561684	4	Brockville, Ontario, Canada	CA	CA08	30554	44.5833	-75.6833	-561684	4	Brockville, Ontario, Canada	CA	CA08	30554	44.5833	-75.6833	-561684	20260529183000	https://www.recorder.ca:443/feature/kingston-man-lyme-disease-maid-medical-assistance-dying
1306569102	20260529	202605	2026	2026.4082	JAM	KINGSTON	JAM								CAN	CANADA	CAN								1	190	190	19	4	-10.0	4	1	4	-2.86564942314849	4	Toronto, Ontario, Canada	CA	CA08	12686	43.6667	-79.4167	-574890	4	Toronto, Ontario, Canada	CA	CA08	12686	43.6667	-79.4167	-574890	4	Toronto, Ontario, Canada	CA	CA08	12686	43.6667	-79.4167	-574890	20260529183000	https://www.recorder.ca:443/feature/kingston-man-lyme-disease-maid-medical-assistance-dying
1306569103	20260529	202605	2026	2026.4082	JAM	KINGSTON	JAM								CAN	CANADA	CAN								1	190	190	19	4	-10.0	2	1	2	-2.86564942314849	1	Germany	GM	GM		51.5	10.5	GM	1	Germany	GM	GM		51.5	10.5	GM	1	Germany	GM	GM		51.5	10.5	GM	20260529183000	https://www.recorder.ca:443/feature/kingston-man-lyme-disease-maid-medical-assistance-dying
1306569104	20260529	202605	2026	2026.4082	JAMGOVMIL	PETER PHILLIPS	JAM					GOV	MIL		REL	SAINT									1	042	042	04	1	1.9	5	1	5	0	0								0								0								20260529183000	https://www.geo.tv/latest/666522-king-charles-camilla-cant-hide-joy-ahead-of-big-celebration
1306569105	20260529	202605	2026	2026.4082	JAN	JAIN				JAN															0	040	040	04	1	1.0	6	1	6	-1.39165009940358	3	White House, District of Columbia, United States	US	USDC		38.8951	-77.0364	531871	0								3	White House, District of Columbia, United States	US	USDC		38.8951	-77.0364	531871	20260529183000	https://www.alternet.org/trump-eisenhower-building/
1306569106	20260529	202605	2026	2026.4082	JAN	JAIN				JAN															0	114	114	11	3	-2.0	6	1	6	-1.39165009940358	3	White House, District of Columbia, United States	US	USDC		38.8951	-77.0364	531871	0								3	White House, District of Columbia, United States	US	USDC		38.8951	-77.0364	531871	20260529183000	https://www.alternet.org/trump-eisenhower-building/
1306569107	20260529	202605	2026	2026.4082	JAN	JAIN				JAN					USA	UNITED STATES	USA								0	040	040	04	1	1.0	2	1	2	-1.39165009940358	3	White House, District of Columbia, United States	US	USDC		38.8951	-77.0364	531871	3	White House, District of Columbia, United States	US	USDC		38.8951	-77.0364	531871	3	White House, District of Columbia, United States	US	USDC		38.8951	-77.0364	531871	20260529183000	https://www.alternet.org/trump-eisenhower-building/
1306569108	20260529	202605	2026	2026.4082	JAN	JAIN				JAN					USA	UNITED STATES	USA								0	114	114	11	3	-2.0	2	1	2	-1.39165009940358	3	White House, District of Columbia, United States	US	USDC		38.8951	-77.0364	531871	3	White House, District of Columbia, United States	US	USDC		38.8951	-77.0364	531871	3	White House, District of Columbia, United States	US	USDC		38.8951	-77.0364	531871	20260529183000	https://www.alternet.org/trump-eisenhower-building/
1306569109	20260529	202605	2026	2026.4082	JPN	JAPAN	JPN																		1	051	051	05	1	3.4	2	1	2	2.64965652600589	4	Montecarlo, Toscana, Italy	IT	IT16	18406	43.8667	10.6833	-122237	0								4	Montecarlo, Toscana, Italy	IT	IT16	18406	43.8667	10.6833	-122237	20260529183000	https://www.marieclaire.com/fashion/celebrity-style/ballet-sneaker-trend-outfits-2026/
1306569110	20260529	202605	2026	2026.4082	JPN	JAPAN	JPN																		0	120	120	12	3	-4.0	2	1	2	1.06241699867198	4	Tokyo, Tokyo, Japan	JA	JA40	36340	35.685	139.751	-246227	0								1	China	CH	CH		35	105	CH	20260529183000	https://news.harvard.edu/gazette/story/2026/05/how-u-s-ties-to-japan-help-manage-rising-challenge-of-china/
1306569111	20260529	202605	2026	2026.4082	JPN	JAPAN	JPN																		0	120	120	12	3	-4.0	4	1	4	1.06241699867198	1	Taiwan	TW	TW		24	121	TW	0								4	Scarborough Shoal, Philippines (general), Philippines	RP	RP00	25318	15.1333	117.767	-2452628	20260529183000	https://news.harvard.edu/gazette/story/2026/05/how-u-s-ties-to-japan-help-manage-rising-challenge-of-china/
1306569112	20260529	202605	2026	2026.4082	JPN	JAPAN	JPN																		0	120	120	12	3	-4.0	2	1	2	1.06241699867198	1	Taiwan	TW	TW		24	121	TW	0								1	Taiwan	TW	TW		24	121	TW	20260529183000	https://news.harvard.edu/gazette/story/2026/05/how-u-s-ties-to-japan-help-manage-rising-challenge-of-china/
1306569113	20260529	202605	2026	2026.4082	JPN	JAPAN	JPN								IGOSEAASN	ASSOCIATION OF SOUTHEAST ASIAN NATIONS	SEA	ASN				IGO			0	010	010	01	1	0.0	4	1	4	1.06241699867198	4	Tokyo, Tokyo, Japan	JA	JA40	36340	35.685	139.751	-246227	4	Tokyo, Tokyo, Japan	JA	JA40	36340	35.685	139.751	-246227	4	Tokyo, Tokyo, Japan	JA	JA40	36340	35.685	139.751	-246227	20260529183000	https://news.harvard.edu/gazette/story/2026/05/how-u-s-ties-to-japan-help-manage-rising-challenge-of-china/
1306569114	20260529	202605	2026	2026.4082	JPN	JAPAN	JPN								USA	AMERICAN	USA								1	020	020	02	1	3.0	1	1	1	1.06241699867198	4	Tokyo, Tokyo, Japan	JA	JA40	36340	35.685	139.751	-246227	4	Tokyo, Tokyo, Japan	JA	JA40	36340	35.685	139.751	-246227	4	Tokyo, Tokyo, Japan	JA	JA40	36340	35.685	139.751	-246227	20260529183000	https://news.harvard.edu/gazette/story/2026/05/how-u-s-ties-to-japan-help-manage-rising-challenge-of-china/
1306569115	20260529	202605	2026	2026.4082	JPN	JAPAN	JPN								USA	UNITED STATES	USA								1	020	020	02	1	3.0	2	1	2	1.06241699867198	4	Tokyo, Tokyo, Japan	JA	JA40	36340	35.685	139.751	-246227	1	China	CH	CH		35	105	CH	4	Tokyo, Tokyo, Japan	JA	JA40	36340	35.685	139.751	-246227	20260529183000	https://news.harvard.edu/gazette/story/2026/05/how-u-s-ties-to-japan-help-manage-rising-challenge-of-china/
1306569116	20260529	202605	2026	2026.4082	JPN	JAPAN	JPN								USA	UNITED STATES	USA								1	020	020	02	1	3.0	1	1	1	1.06241699867198	4	Tokyo, Tokyo, Japan	JA	JA40	36340	35.685	139.751	-246227	1	Taiwan	TW	TW		24	121	TW	4	Tokyo, Tokyo, Japan	JA	JA40	36340	35.685	139.751	-246227	20260529183000	https://news.harvard.edu/gazette/story/2026/05/how-u-s-ties-to-japan-help-manage-rising-challenge-of-china/
1306569117	20260529	202605	2026	2026.4082	JUD	LAWYER						JUD													1	010	010	01	1	0.0	4	1	4	-4.90593876798229	4	Novosibirsk, Novosibirskaya Oblast', Russia	RS	RS53	25082	55.0411	82.9344	-2970528	0								4	Novosibirsk, Novosibirskaya Oblast', Russia	RS	RS53	25082	55.0411	82.9344	-2970528	20260529183000	https://www.washingtonblade.com/2026/05/29/nine-russian-lgbtq-groups-deemed-extremist-banned/
1306569118	20260529	202605	2026	2026.4082	JUD	LAWYER						JUD													1	010	010	01	1	0.0	1	1	1	-4.90593876798229	4	Novosibirsk, Novosibirskaya Oblast', Russia	RS	RS53	25082	55.0411	82.9344	-2970528	0								2	New York, United States	US	USNY		42.1497	-74.9384	NY	20260529183000	https://www.washingtonblade.com/2026/05/29/nine-russian-lgbtq-groups-deemed-extremist-banned/
1306569119	20260529	202605	2026	2026.4082	JUD	PROSECUTOR						JUD													1	020	020	02	1	3.0	5	1	5	-9.62199312714773	3	Brooklyn, New York, United States	US	USNY	NY025	42.3442	-75.1704	944840	0								3	Brooklyn, New York, United States	US	USNY	NY025	42.3442	-75.1704	944840	20260529183000	https://nypost.com/2026/05/29/real-estate/fraudster-stole-manhattan-brownstone-in-huge-conspiracy-da/
1306569120	20260529	202605	2026	2026.4082	JUD	JUDGE						JUD													0	025	025	02	1	-0.3	10	1	10	-13.7709137709138	1	Bahamas, The	BF	BF		24	-76	BF	0								1	Bahamas, The	BF	BF		24	-76	BF	20260529183000	https://www.tribune242.com/news/2026/may/29/man-ordered-to-serve-prison-time-for-manslaughter-conviction-in-infants-death/
1306569121	20260529	202605	2026	2026.4082	JUD	JUDGE						JUD													0	081	081	08	2	5.0	10	1	10	-13.7709137709138	1	Bahamas, The	BF	BF		24	-76	BF	0								1	Bahamas, The	BF	BF		24	-76	BF	20260529183000	https://www.tribune242.com/news/2026/may/29/man-ordered-to-serve-prison-time-for-manslaughter-conviction-in-infants-death/
1306569122	20260529	202605	2026	2026.4082	JUD	JUDGE						JUD													0	090	090	09	2	-2.0	6	1	6	-3.55677154582763	3	Springfield, Missouri, United States	US	USMO	MO077	37.2153	-93.2982	735864	0								3	Springfield, Missouri, United States	US	USMO	MO077	37.2153	-93.2982	735864	20260529183000	https://www.bransontrilakesnews.com/news/article_7e898d42-de5d-4ec1-8999-20eac5ece714.html
1306569123	20260529	202605	2026	2026.4082	JUD	JUDGE						JUD													0	110	110	11	3	-2.0	6	1	6	-2.54424778761061	2	Nevada, United States	US	USNV		38.4199	-117.122	NV	0								2	Nevada, United States	US	USNV		38.4199	-117.122	NV	20260529183000	https://www.2news.com/news/nevada-supreme-court-rules-parental-notification-abortion-law-unconstitutionally-vague/article_9d947f02-3f78-4354-8c83-3982b9f91c00.html
1306569124	20260529	202605	2026	2026.4082	JUD	JUDGE						JUD													0	120	120	12	3	-4.0	8	1	5	-3.80673499267936	4	Bishkek, Bishkek, Kyrgyzstan	KG	KG01	37216	42.8731	74.6003	-2331392	0								4	Bishkek, Bishkek, Kyrgyzstan	KG	KG01	37216	42.8731	74.6003	-2331392	20260529183000	http://www.centralasiatimes.com/news/279089703/kyrgyzstan-secret-police-latest-target-baptists
1306569125	20260529	202605	2026	2026.4082	JUD	JUDGE						JUD													0	120	120	12	3	-4.0	6	1	6	-2.92887029288703	3	Dekalb County, Georgia, United States	US	USGA	GA089	33.7504	-84.2333	1687424	0								3	Dekalb County, Georgia, United States	US	USGA		33.7504	-84.2333	1687424	20260529183000	https://dailycaller.com/2026/05/29/married-federal-judge-eleanor-ross-reprimanded-sex-affair-courthouse-obama/
1306569126	20260529	202605	2026	2026.4082	JUD	SUPREME COURT						JUD													1	190	190	19	4	-10.0	1	1	1	-1.16279069767442	3	Cleo, Texas, United States	US	USTX	TX267	30.6038	-99.8751	1379558	0								3	Cleo, Texas, United States	US	USTX	TX267	30.6038	-99.8751	1379558	20260529183000	https://www.yahoo.com/news/articles/louisiana-approves-us-house-map-175751796.html
1306569127	20260529	202605	2026	2026.4082	JUD	JUDGE						JUD			COP	DEPUTY						COP			1	010	010	01	1	0.0	2	1	2	-2.92887029288703	3	Dekalb County, Georgia, United States	US	USGA	GA089	33.7504	-84.2333	1687424	3	Dekalb County, Georgia, United States	US	USGA		33.7504	-84.2333	1687424	3	Dekalb County, Georgia, United States	US	USGA		33.7504	-84.2333	1687424	20260529183000	https://dailycaller.com/2026/05/29/married-federal-judge-eleanor-ross-reprimanded-sex-affair-courthouse-obama/
1306569128	20260529	202605	2026	2026.4082	JUD	FEDERAL JUDGE						JUD			GOV	ADMINISTRATION						GOV			1	071	071	07	2	7.4	8	2	8	-1.93236714975846	3	New Haven, Connecticut, United States	US	USCT	CT009	41.3082	-72.9282	209231	3	New Haven, Connecticut, United States	US	USCT		41.3082	-72.9282	209231	3	New Haven, Connecticut, United States	US	USCT		41.3082	-72.9282	209231	20260529183000	https://www.wqcs.org/2026-05-29/justice-department-anti-weaponization-fund-paused
1306569129	20260529	202605	2026	2026.4082	JUD	FEDERAL JUDGE						JUD			GOV	ADMINISTRATION						GOV			1	071	071	07	2	7.4	12	2	12	-1.93236714975846	2	North Carolina, United States	US	USNC		35.6411	-79.8431	NC	2	North Carolina, United States	US	USNC		35.6411	-79.8431	NC	2	North Carolina, United States	US	USNC		35.6411	-79.8431	NC	20260529183000	https://www.wqcs.org/2026-05-29/justice-department-anti-weaponization-fund-paused
1306569130	20260529	202605	2026	2026.4082	JUD	JUDGE						JUD			GOV	GOVERNMENT						GOV			1	172	172	17	4	-5.0	6	1	6	-8.58725761772856	2	Oregon, United States	US	USOR		44.5672	-122.127	OR	2	Oregon, United States	US	USOR		44.5672	-122.127	OR	2	Oregon, United States	US	USOR		44.5672	-122.127	OR	20260529183000	https://krcrtv.com/news/nation-world/judge-temporarily-blocks-18-billion-dollar-anti-weaponization-fund-for-president-donald-trump-allies-politically-motivated-prosecution-justice-department-irs-lawsuit-capitol-riots-illegal-slush-fund
1306569131	20260529	202605	2026	2026.4082	JUD	DISTRICT COURT						JUD			KGZ	BISHKEK	KGZ								1	036	036	03	1	4.0	8	1	8	-3.80673499267936	4	Bishkek, Bishkek, Kyrgyzstan	KG	KG01	37216	42.8731	74.6003	-2331392	4	Bishkek, Bishkek, Kyrgyzstan	KG	KG01	37216	42.8731	74.6003	-2331392	4	Bishkek, Bishkek, Kyrgyzstan	KG	KG01	37216	42.8731	74.6003	-2331392	20260529183000	http://www.centralasiatimes.com/news/279089703/kyrgyzstan-secret-police-latest-target-baptists
1306569132	20260529	202605	2026	2026.4082	JUD	DISTRICT COURT						JUD			KGZ	KYRGYZSTAN	KGZ								0	120	120	12	3	-4.0	3	1	3	-3.80673499267936	4	Bishkek, Bishkek, Kyrgyzstan	KG	KG01	37216	42.8731	74.6003	-2331392	4	Bishkek, Bishkek, Kyrgyzstan	KG	KG01	37216	42.8731	74.6003	-2331392	4	Bishkek, Bishkek, Kyrgyzstan	KG	KG01	37216	42.8731	74.6003	-2331392	20260529183000	http://www.centralasiatimes.com/news/279089703/kyrgyzstan-secret-police-latest-target-baptists
1306569133	20260529	202605	2026	2026.4082	JUD	JUDGE						JUD			KGZ	BISHKEK	KGZ								0	1241	124	12	3	-4.0	4	1	4	-3.80673499267936	4	Bishkek, Bishkek, Kyrgyzstan	KG	KG01	37216	42.8731	74.6003	-2331392	4	Bishkek, Bishkek, Kyrgyzstan	KG	KG01	37216	42.8731	74.6003	-2331392	4	Bishkek, Bishkek, Kyrgyzstan	KG	KG01	37216	42.8731	74.6003	-2331392	20260529183000	http://www.centralasiatimes.com/news/279089703/kyrgyzstan-secret-police-latest-target-baptists
1306569134	20260529	202605	2026	2026.4082	JUD	JUDGE						JUD			KGZJUD	KYRGYZSTAN	KGZ					JUD			0	1241	124	12	3	-4.0	1	1	1	-3.80673499267936	4	Bishkek, Bishkek, Kyrgyzstan	KG	KG01	37216	42.8731	74.6003	-2331392	4	Bishkek, Bishkek, Kyrgyzstan	KG	KG01	37216	42.8731	74.6003	-2331392	4	Bishkek, Bishkek, Kyrgyzstan	KG	KG01	37216	42.8731	74.6003	-2331392	20260529183000	http://www.centralasiatimes.com/news/279089703/kyrgyzstan-secret-police-latest-target-baptists
1306569135	20260529	202605	2026	2026.4082	JUD	PROSECUTOR						JUD			RAD	EXTREMIST						RAD			0	172	172	17	4	-5.0	10	1	10	-3.80673499267936	4	Bishkek, Bishkek, Kyrgyzstan	KG	KG01	37216	42.8731	74.6003	-2331392	4	Bishkek, Bishkek, Kyrgyzstan	KG	KG01	37216	42.8731	74.6003	-2331392	4	Bishkek, Bishkek, Kyrgyzstan	KG	KG01	37216	42.8731	74.6003	-2331392	20260529183000	http://www.centralasiatimes.com/news/279089703/kyrgyzstan-secret-police-latest-target-baptists
1306569136	20260529	202605	2026	2026.4082	JUD	LAWYER						JUD			USA	UNITED STATES	USA								1	020	020	02	1	3.0	10	1	10	-5.56291390728476	3	Des Moines, Iowa, United States	US	USIA	IA153	41.6005	-93.6091	465961	3	Des Moines, Iowa, United States	US	USIA		41.6005	-93.6091	465961	3	Des Moines, Iowa, United States	US	USIA		41.6005	-93.6091	465961	20260529183000	https://www.thehour.com/news/article/former-iowa-superintendent-to-be-sentenced-for-22281887.php
1306569137	20260529	202605	2026	2026.4082	JUD	ADVOCATE						JUD			USA	UNITED STATES	USA								0	020	020	02	1	3.0	4	1	4	-12.9597197898423	3	Newark, New Jersey, United States	US	USNJ	NJ013	40.7357	-74.1724	878762	3	Newark, New Jersey, United States	US	USNJ	NJ013	40.7357	-74.1724	878762	3	Newark, New Jersey, United States	US	USNJ	NJ013	40.7357	-74.1724	878762	20260529183000	https://www.ibtimes.co.uk/hunger-strike-delaney-hall-ice-facility-1799684
1306569138	20260529	202605	2026	2026.4082	JUD	JUDGE						JUD			USA	UNITED STATES	USA								0	055	055	05	1	7.0	1	1	1	-5.5185537583254	3	White House, District of Columbia, United States	US	USDC		38.8951	-77.0364	531871	3	White House, District of Columbia, United States	US	USDC		38.8951	-77.0364	531871	3	White House, District of Columbia, United States	US	USDC		38.8951	-77.0364	531871	20260529183000	https://www.timescitizen.com/news/jan-6-protestor-speaks-for-jim-carlin-at-if-event/article_d1fdae42-2cdc-44fd-b227-623adeaf661c.html
1306569139	20260529	202605	2026	2026.4082	JUD	JUDGE						JUD			USA	UNITED STATES	USA								1	071	071	07	2	7.4	2	1	2	-5.0531914893617	1	United States	US	US		39.828175	-98.5795	US	1	United States	US	US		39.828175	-98.5795	US	1	United States	US	US		39.828175	-98.5795	US	20260529183000	https://dailycaller.com/2026/05/29/federal-judge-blocks-trump-anti-weaponization-fund-leonie-brinkema-attorney-general-settlement-irs/
1306569140	20260529	202605	2026	2026.4082	JUD	JUDGE						JUD			USA	UNITED STATES	USA								0	090	090	09	2	-2.0	2	1	2	-3.55677154582763	3	Springfield, Missouri, United States	US	USMO	MO077	37.2153	-93.2982	735864	3	Taney County, Missouri, United States	US	USMO		36.6501	-93.0502	758559	3	Taney County, Missouri, United States	US	USMO		36.6501	-93.0502	758559	20260529183000	https://www.bransontrilakesnews.com/news/article_7e898d42-de5d-4ec1-8999-20eac5ece714.html
1306569141	20260529	202605	2026	2026.4082	JUD	ATTORNEY						JUD			USA	UNITED STATES	USA								1	110	110	11	3	-2.0	2	1	2	-6.76691729323308	3	Arlington Heights, Illinois, United States	US	USIL	IL167	39.8198	-89.6015	403610	3	Arlington Heights, Illinois, United States	US	USIL		39.8198	-89.6015	403610	2	Illinois, United States	US	USIL		40.3363	-89.0022	IL	20260529183000	https://www.chicagotribune.com/2026/05/29/federal-judge-imposes-maximum-sentence-for-man-involved-in-assault-at-glenview-motel/
1306569142	20260529	202605	2026	2026.4082	JUD	ATTORNEY						JUD			USA	UNITED STATES	USA								1	110	110	11	3	-2.0	2	1	2	-6.76691729323308	2	Illinois, United States	US	USIL		40.3363	-89.0022	IL	3	Arlington Heights, Illinois, United States	US	USIL		39.8198	-89.6015	403610	3	Arlington Heights, Illinois, United States	US	USIL		39.8198	-89.6015	403610	20260529183000	https://www.chicagotribune.com/2026/05/29/federal-judge-imposes-maximum-sentence-for-man-involved-in-assault-at-glenview-motel/
1306569143	20260529	202605	2026	2026.4082	JUD	ATTORNEY						JUD			USA	ILLINOIS	USA								1	110	110	11	3	-2.0	6	1	6	-6.76691729323308	2	Illinois, United States	US	USIL		40.3363	-89.0022	IL	2	Illinois, United States	US	USIL		40.3363	-89.0022	IL	2	Illinois, United States	US	USIL		40.3363	-89.0022	IL	20260529183000	https://www.chicagotribune.com/2026/05/29/federal-judge-imposes-maximum-sentence-for-man-involved-in-assault-at-glenview-motel/
1306569144	20260529	202605	2026	2026.4082	JUD	ADVOCATE						JUD			USA	UNITED STATES	USA								0	141	141	14	3	-6.5	4	1	4	-12.9597197898423	3	Newark, New Jersey, United States	US	USNJ	NJ013	40.7357	-74.1724	878762	3	Newark, New Jersey, United States	US	USNJ	NJ013	40.7357	-74.1724	878762	3	Newark, New Jersey, United States	US	USNJ	NJ013	40.7357	-74.1724	878762	20260529183000	https://www.ibtimes.co.uk/hunger-strike-delaney-hall-ice-facility-1799684
1306569145	20260529	202605	2026	2026.4082	JUD	ATTORNEY						JUD			USA	UNITED STATES	USA								1	173	173	17	4	-5.0	2	1	2	-6.76691729323308	3	Arlington Heights, Illinois, United States	US	USIL	IL167	39.8198	-89.6015	403610	3	Arlington Heights, Illinois, United States	US	USIL		39.8198	-89.6015	403610	2	Illinois, United States	US	USIL		40.3363	-89.0022	IL	20260529183000	https://www.chicagotribune.com/2026/05/29/federal-judge-imposes-maximum-sentence-for-man-involved-in-assault-at-glenview-motel/
1306569146	20260529	202605	2026	2026.4082	JUD	ATTORNEY						JUD			USA	UNITED STATES	USA								1	173	173	17	4	-5.0	2	1	2	-6.76691729323308	2	Illinois, United States	US	USIL		40.3363	-89.0022	IL	3	Arlington Heights, Illinois, United States	US	USIL		39.8198	-89.6015	403610	3	Arlington Heights, Illinois, United States	US	USIL		39.8198	-89.6015	403610	20260529183000	https://www.chicagotribune.com/2026/05/29/federal-judge-imposes-maximum-sentence-for-man-involved-in-assault-at-glenview-motel/
1306569147	20260529	202605	2026	2026.4082	JUD	ATTORNEY						JUD			USA	ILLINOIS	USA								1	173	173	17	4	-5.0	2	1	2	-6.76691729323308	2	Illinois, United States	US	USIL		40.3363	-89.0022	IL	2	Illinois, United States	US	USIL		40.3363	-89.0022	IL	3	Chicago, Illinois, United States	US	USIL	IL031	41.85	-87.6501	423587	20260529183000	https://www.chicagotribune.com/2026/05/29/federal-judge-imposes-maximum-sentence-for-man-involved-in-assault-at-glenview-motel/
1306569148	20260529	202605	2026	2026.4082	JUD	JUDGE						JUD			USA	UNITED STATES	USA								0	185	185	18	4	-8.0	1	1	1	-5.5185537583254	3	White House, District of Columbia, United States	US	USDC		38.8951	-77.0364	531871	3	Washington, District of Columbia, United States	US	USDC	DC001	38.8951	-77.0364	531871	3	Washington, District of Columbia, United States	US	USDC	DC001	38.8951	-77.0364	531871	20260529183000	https://www.timescitizen.com/news/jan-6-protestor-speaks-for-jim-carlin-at-if-event/article_d1fdae42-2cdc-44fd-b227-623adeaf661c.html
1306569149	20260529	202605	2026	2026.4082	JUD	SUPREME COURT						JUD			USA	UNITED STATES	USA								1	190	190	19	4	-10.0	2	1	2	-1.16279069767442	3	Cleo, Texas, United States	US	USTX	TX267	30.6038	-99.8751	1379558	3	Cleo, Texas, United States	US	USTX	TX267	30.6038	-99.8751	1379558	3	Cleo, Texas, United States	US	USTX	TX267	30.6038	-99.8751	1379558	20260529183000	https://www.yahoo.com/news/articles/louisiana-approves-us-house-map-175751796.html
1306569150	20260529	202605	2026	2026.4082	KAZ	KAZAKHSTAN	KAZ								GOV	CHIEF EXECUTIVE						GOV			1	043	043	04	1	2.8	2	1	2	4.21686746987952	1	Hong Kong	HK	HK		22.25	114.166667	HK	1	Hong Kong	HK	HK		22.25	114.166667	HK	1	Hong Kong	HK	HK		22.25	114.166667	HK	20260529183000	http://www.centralasiatimes.com/news/279089817/hksar-chief-executive-to-visit-kazakhstan-uzbekistan
1306569151	20260529	202605	2026	2026.4082	KAZ	KAZAKHSTAN	KAZ								IRN	IRAN	IRN								0	030	030	03	1	4.0	3	1	3	-1.29107981220658	1	Kazakhstan	KZ	KZ		48	68	KZ	4	Tehran, Tehran, Iran	IR	IR26	41130	35.75	51.5148	10074674	4	Tehran, Tehran, Iran	IR	IR26	41130	35.75	51.5148	10074674	20260529183000	https://www.dailymail.com/news/article-15859225/Trump-decide-imminently-Iran-ceasefire-deal.html
1306569152	20260529	202605	2026	2026.4082	KAZ	KAZAKHSTAN	KAZ								IRN	IRAN	IRN								0	060	060	06	2	6.0	2	1	2	-0.64655172413793	4	Astana, Gorod Astana, Kazakhstan	KZ	KZ05	37174	51.1811	71.4278	-2334218	4	Tehran, Tehran, Iran	IR	IR26	41130	35.75	51.5148	10074674	1	Russia	RS	RS		60	100	RS	20260529183000	https://www.presstv.ir/Detail/2026/05/29/769476/Iran-Eurasian-Economic-Union-regional-development-US-Israel-aggression-Masoud-Pezeshkian
1306569153	20260529	202605	2026	2026.4082	KAZ	KAZAKHSTAN	KAZ								IRN	IRAN	IRN								0	060	060	06	2	6.0	2	1	2	-0.64655172413793	1	Belarus	BO	BO		53	28	BO	1	Russia	RS	RS		60	100	RS	1	Russia	RS	RS		60	100	RS	20260529183000	https://www.presstv.ir/Detail/2026/05/29/769476/Iran-Eurasian-Economic-Union-regional-development-US-Israel-aggression-Masoud-Pezeshkian
1306569154	20260529	202605	2026	2026.4082	KEN	KENYAN	KEN								GOV	PRESIDENT						GOV			1	042	042	04	1	1.9	10	1	10	3.47826086956522	1	Kenya	KE	KE		1	38	KE	1	Kenya	KE	KE		1	38	KE	1	Kenya	KE	KE		1	38	KE	20260529183000	https://www.channelafrica.co.za/channelafrica/news/sa-president-to-host-kenyan-counterpart-ruto-next-week/
1306569155	20260529	202605	2026	2026.4082	KENBUS	KENYA	KEN					BUS			AFR	AFRICA	AFR								1	046	046	04	1	7.0	1	1	1	3.47826086956522	4	Midrand, Gauteng, South Africa	SF	SF06	77346	-25.9636	28.1378	437319	4	Johannesburg, Gauteng, South Africa	SF	SF06	77364	-26.2	28.0833	-1240261	4	Midrand, Gauteng, South Africa	SF	SF06	77346	-25.9636	28.1378	437319	20260529183000	https://www.channelafrica.co.za/channelafrica/news/sa-president-to-host-kenyan-counterpart-ruto-next-week/
1306569156	20260529	202605	2026	2026.4082	KENBUS	KENYA	KEN					BUS			AFR	AFRICA	AFR								1	046	046	04	1	7.0	5	1	5	3.47826086956522	4	Midrand, Gauteng, South Africa	SF	SF06	77346	-25.9636	28.1378	437319	4	Midrand, Gauteng, South Africa	SF	SF06	77346	-25.9636	28.1378	437319	4	Midrand, Gauteng, South Africa	SF	SF06	77346	-25.9636	28.1378	437319	20260529183000	https://www.channelafrica.co.za/channelafrica/news/sa-president-to-host-kenyan-counterpart-ruto-next-week/
1306569157	20260529	202605	2026	2026.4082	KENBUS	KENYA	KEN					BUS			ZAF	JOHANNESBURG	ZAF								1	046	046	04	1	7.0	1	1	1	3.47826086956522	4	Midrand, Gauteng, South Africa	SF	SF06	77346	-25.9636	28.1378	437319	4	Johannesburg, Gauteng, South Africa	SF	SF06	77364	-26.2	28.0833	-1240261	4	Midrand, Gauteng, South Africa	SF	SF06	77346	-25.9636	28.1378	437319	20260529183000	https://www.channelafrica.co.za/channelafrica/news/sa-president-to-host-kenyan-counterpart-ruto-next-week/
1306569158	20260529	202605	2026	2026.4082	KGZ	KYRGYZSTAN	KGZ																		0	020	020	02	1	3.0	2	1	2	-3.80673499267936	4	Bishkek, Bishkek, Kyrgyzstan	KG	KG01	37216	42.8731	74.6003	-2331392	0								4	Bishkek, Bishkek, Kyrgyzstan	KG	KG01	37216	42.8731	74.6003	-2331392	20260529183000	http://www.centralasiatimes.com/news/279089703/kyrgyzstan-secret-police-latest-target-baptists
1306569159	20260529	202605	2026	2026.4082	KGZ	BISHKEK	KGZ																		1	036	036	03	1	4.0	2	1	2	-3.80673499267936	4	Bishkek, Bishkek, Kyrgyzstan	KG	KG01	37216	42.8731	74.6003	-2331392	0								4	Bishkek, Bishkek, Kyrgyzstan	KG	KG01	37216	42.8731	74.6003	-2331392	20260529183000	http://www.centralasiatimes.com/news/279089703/kyrgyzstan-secret-police-latest-target-baptists
1306569160	20260529	202605	2026	2026.4082	KGZ	BISHKEK	KGZ																		0	120	120	12	3	-4.0	1	1	1	-3.80673499267936	1	United States	US	US		39.828175	-98.5795	US	0								1	United States	US	US		39.828175	-98.5795	US	20260529183000	http://www.centralasiatimes.com/news/279089703/kyrgyzstan-secret-police-latest-target-baptists
1306569161	20260529	202605	2026	2026.4082	KGZ	BISHKEK	KGZ																		0	1241	124	12	3	-4.0	1	1	1	-3.80673499267936	1	United States	US	US		39.828175	-98.5795	US	0								1	United States	US	US		39.828175	-98.5795	US	20260529183000	http://www.centralasiatimes.com/news/279089703/kyrgyzstan-secret-police-latest-target-baptists
1306569162	20260529	202605	2026	2026.4082	KGZ	KYRGYZSTAN	KGZ								GOV	REGIME						GOV			0	040	040	04	1	1.0	4	1	4	-3.80673499267936	4	Bishkek, Bishkek, Kyrgyzstan	KG	KG01	37216	42.8731	74.6003	-2331392	4	Bishkek, Bishkek, Kyrgyzstan	KG	KG01	37216	42.8731	74.6003	-2331392	4	Bishkek, Bishkek, Kyrgyzstan	KG	KG01	37216	42.8731	74.6003	-2331392	20260529183000	http://www.centralasiatimes.com/news/279089703/kyrgyzstan-secret-police-latest-target-baptists
1306569163	20260529	202605	2026	2026.4082	KGZ	KYRGYZSTAN	KGZ								IRN	IRAN	IRN								0	060	060	06	2	6.0	2	1	2	-0.64655172413793	1	Kyrgyzstan	KG	KG		41	75	KG	4	Tehran, Tehran, Iran	IR	IR26	41130	35.75	51.5148	10074674	1	Russia	RS	RS		60	100	RS	20260529183000	https://www.presstv.ir/Detail/2026/05/29/769476/Iran-Eurasian-Economic-Union-regional-development-US-Israel-aggression-Masoud-Pezeshkian
1306569164	20260529	202605	2026	2026.4082	KGZ	KYRGYZSTAN	KGZ								IRN	IRAN	IRN								0	060	060	06	2	6.0	2	1	2	-0.64655172413793	1	Kyrgyzstan	KG	KG		41	75	KG	1	Russia	RS	RS		60	100	RS	1	Russia	RS	RS		60	100	RS	20260529183000	https://www.presstv.ir/Detail/2026/05/29/769476/Iran-Eurasian-Economic-Union-regional-development-US-Israel-aggression-Masoud-Pezeshkian
1306569165	20260529	202605	2026	2026.4082	KGZ	BISHKEK	KGZ								JUD	DISTRICT COURT						JUD			0	020	020	02	1	3.0	8	1	8	-3.80673499267936	4	Bishkek, Bishkek, Kyrgyzstan	KG	KG01	37216	42.8731	74.6003	-2331392	4	Bishkek, Bishkek, Kyrgyzstan	KG	KG01	37216	42.8731	74.6003	-2331392	4	Bishkek, Bishkek, Kyrgyzstan	KG	KG01	37216	42.8731	74.6003	-2331392	20260529183000	http://www.centralasiatimes.com/news/279089703/kyrgyzstan-secret-police-latest-target-baptists
1306569166	20260529	202605	2026	2026.4082	KGZ	BISHKEK	KGZ								JUD	DISTRICT COURT						JUD			1	036	036	03	1	4.0	8	1	8	-3.80673499267936	4	Bishkek, Bishkek, Kyrgyzstan	KG	KG01	37216	42.8731	74.6003	-2331392	4	Bishkek, Bishkek, Kyrgyzstan	KG	KG01	37216	42.8731	74.6003	-2331392	4	Bishkek, Bishkek, Kyrgyzstan	KG	KG01	37216	42.8731	74.6003	-2331392	20260529183000	http://www.centralasiatimes.com/news/279089703/kyrgyzstan-secret-police-latest-target-baptists
1306569167	20260529	202605	2026	2026.4082	KGZ	BISHKEK	KGZ								JUD	DISTRICT COURT						JUD			0	173	173	17	4	-5.0	1	1	1	-3.80673499267936	1	Russia	RS	RS		60	100	RS	1	Russia	RS	RS		60	100	RS	4	Bishkek, Bishkek, Kyrgyzstan	KG	KG01	37216	42.8731	74.6003	-2331392	20260529183000	http://www.centralasiatimes.com/news/279089703/kyrgyzstan-secret-police-latest-target-baptists
1306569168	20260529	202605	2026	2026.4082	KGZ	BISHKEK	KGZ								MED	PUBLICATION						MED			0	172	172	17	4	-5.0	10	1	10	-3.80673499267936	4	Bishkek, Bishkek, Kyrgyzstan	KG	KG01	37216	42.8731	74.6003	-2331392	4	Bishkek, Bishkek, Kyrgyzstan	KG	KG01	37216	42.8731	74.6003	-2331392	4	Bishkek, Bishkek, Kyrgyzstan	KG	KG01	37216	42.8731	74.6003	-2331392	20260529183000	http://www.centralasiatimes.com/news/279089703/kyrgyzstan-secret-police-latest-target-baptists
1306569169	20260529	202605	2026	2026.4082	KGZ	KYRGYZSTAN	KGZ								RAD	EXTREMIST						RAD			0	020	020	02	1	3.0	8	1	8	-3.80673499267936	4	Bishkek, Bishkek, Kyrgyzstan	KG	KG01	37216	42.8731	74.6003	-2331392	4	Bishkek, Bishkek, Kyrgyzstan	KG	KG01	37216	42.8731	74.6003	-2331392	4	Bishkek, Bishkek, Kyrgyzstan	KG	KG01	37216	42.8731	74.6003	-2331392	20260529183000	http://www.centralasiatimes.com/news/279089703/kyrgyzstan-secret-police-latest-target-baptists
1306569170	20260529	202605	2026	2026.4082	KGZ	KYRGYZSTAN	KGZ								RAD	EXTREMIST						RAD			0	020	020	02	1	3.0	2	1	2	-3.80673499267936	1	Netherlands	NL	NL		52.5	5.75	NL	1	Netherlands	NL	NL		52.5	5.75	NL	1	Netherlands	NL	NL		52.5	5.75	NL	20260529183000	http://www.centralasiatimes.com/news/279089703/kyrgyzstan-secret-police-latest-target-baptists
1306569171	20260529	202605	2026	2026.4082	KGZ	BISHKEK	KGZ								SPY	SECRET POLICE						SPY			1	040	040	04	1	1.0	13	1	10	-3.80673499267936	4	Bishkek, Bishkek, Kyrgyzstan	KG	KG01	37216	42.8731	74.6003	-2331392	4	Bishkek, Bishkek, Kyrgyzstan	KG	KG01	37216	42.8731	74.6003	-2331392	4	Bishkek, Bishkek, Kyrgyzstan	KG	KG01	37216	42.8731	74.6003	-2331392	20260529183000	http://www.centralasiatimes.com/news/279089703/kyrgyzstan-secret-police-latest-target-baptists
1306569172	20260529	202605	2026	2026.4082	KNAGOV	QUEEN ELIZABETH II	KNA					GOV													1	017	017	01	1	0.0	3	1	3	1.88235294117647	4	Balmoral, Belfast, United Kingdom	UK	UKR3	40158	54.55	-5.96667	-2589140	0								4	Balmoral, Belfast, United Kingdom	UK	UKR3	40158	54.55	-5.96667	-2589140	20260529183000	https://www.geo.tv/latest/666506-tearful-palace-moment-clip-resurfaces-unforgettable
1306569173	20260529	202605	2026	2026.4082	KOR	SOUTH KOREA	KOR																		1	020	020	02	1	3.0	4	1	4	3.97772474144789	4	Dokdo, Cholla-namdo, South Korea	KS	KS16	24974	34.6989	126.386	9185044	0								4	Dokdo, Cholla-namdo, South Korea	KS	KS16	24974	34.6989	126.386	9185044	20260529183000	https://www.marieclaire.com/beauty/skincare/best-korean-beauty-products-olive-young/
1306569174	20260529	202605	2026	2026.4082	LAB	WORKER						LAB													0	051	051	05	1	3.4	10	1	10	-1.16279069767442	4	Cramlington, Northumberland, United Kingdom	UK	UKJ6	40134	55.0667	-1.58333	-2593512	0								4	Cramlington, Northumberland, United Kingdom	UK	UKJ6	40134	55.0667	-1.58333	-2593512	20260529183000	https://www.chroniclelive.co.uk/news/north-east-news/cramlington-packaging-workers-ramp-up-34034217
1306569175	20260529	202605	2026	2026.4082	LAB	WORKER						LAB													0	130	130	13	3	-4.4	10	1	10	-1.16279069767442	4	Cramlington, Northumberland, United Kingdom	UK	UKJ6	40134	55.0667	-1.58333	-2593512	0								4	Cramlington, Northumberland, United Kingdom	UK	UKJ6	40134	55.0667	-1.58333	-2593512	20260529183000	https://www.chroniclelive.co.uk/news/north-east-news/cramlington-packaging-workers-ramp-up-34034217
1306569176	20260529	202605	2026	2026.4082	LAB	WORKER						LAB													0	143	143	14	3	-6.5	2	1	2	-0.96660808435852	3	West Dummerston, Vermont, United States	US	USVT	VT025	42.9265	-72.6154	1460131	0								3	West Dummerston, Vermont, United States	US	USVT		42.9265	-72.6154	1460131	20260529183000	https://www.reformer.com/community-news/local-history-dummerston-man-was-an-energetic-worker-for-labor-unions/article_a635ba86-3087-4d38-b8dc-13fc90e18c6a.html
1306569177	20260529	202605	2026	2026.4082	LAB	WORKER						LAB													1	160	160	16	4	-4.0	10	1	10	-0.75528700906345	1	United Kingdom	UK	UK		54	-4	UK	0								1	United Kingdom	UK	UK		54	-4	UK	20260529183000	https://www.pentictonherald.ca/news/article_cef1c27a-9b04-4ce1-a8cc-2472fb3e288d.html
1306569178	20260529	202605	2026	2026.4082	LAB	WORKER						LAB													1	164	164	16	4	-7.0	4	1	2	-1.16279069767442	4	Cramlington, Northumberland, United Kingdom	UK	UKJ6	40134	55.0667	-1.58333	-2593512	0								4	Cramlington, Northumberland, United Kingdom	UK	UKJ6	40134	55.0667	-1.58333	-2593512	20260529183000	https://www.chroniclelive.co.uk/news/north-east-news/cramlington-packaging-workers-ramp-up-34034217
1306569179	20260529	202605	2026	2026.4082	LAB	WORKER						LAB			DZA	ALGIERS	DZA								1	042	042	04	1	1.9	3	1	3	-0.80906148867314	4	Algiers, Alger, Algeria	AG	AG01	37774	36.7631	3.05056	-458371	4	Algiers, Alger, Algeria	AG	AG01	37774	36.7631	3.05056	-458371	4	Algiers, Alger, Algeria	AG	AG01	37774	36.7631	3.05056	-458371	20260529183000	https://www.washingtonblade.com/2026/05/29/the-stranger-movie-review/
1306569180	20260529	202605	2026	2026.4082	LAB	EMPLOYEE						LAB			MNCUSA	NVIDIA	USA					MNC			1	030	030	03	1	4.0	10	1	10	1.77777777777778	0								0								0								20260529183000	https://techcrunch.com/2026/05/29/after-nvidias-20b-not-aqui-hire-ai-chip-startup-groq-reportedly-raising-650m/
1306569181	20260529	202605	2026	2026.4082	LAB	WORKER						LAB			USA	UNITED STATES	USA								0	143	143	14	3	-6.5	6	1	6	-0.96660808435852	3	West Dummerston, Vermont, United States	US	USVT	VT025	42.9265	-72.6154	1460131	3	West Dummerston, Vermont, United States	US	USVT		42.9265	-72.6154	1460131	3	West Dummerston, Vermont, United States	US	USVT		42.9265	-72.6154	1460131	20260529183000	https://www.reformer.com/community-news/local-history-dummerston-man-was-an-energetic-worker-for-labor-unions/article_a635ba86-3087-4d38-b8dc-13fc90e18c6a.html
1306569182	20260529	202605	2026	2026.4082	LBN	LEBANESE	LBN																		1	100	100	10	3	-5.0	3	1	3	-2.38450074515649	1	Lebanon	LE	LE		33.833333	35.833333	LE	0								1	Lebanon	LE	LE		33.833333	35.833333	LE	20260529183000	https://www.al-monitor.com/originals/2026/05/what-options-un-forces-lebanon-exit-looms
1306569183	20260529	202605	2026	2026.4082	LBN	LEBANESE	LBN								DEU	GERMANY	DEU								0	020	020	02	1	3.0	4	1	4	-2.38450074515649	1	Lebanon	LE	LE		33.833333	35.833333	LE	1	Lebanon	LE	LE		33.833333	35.833333	LE	1	Lebanon	LE	LE		33.833333	35.833333	LE	20260529183000	https://www.al-monitor.com/originals/2026/05/what-options-un-forces-lebanon-exit-looms
1306569184	20260529	202605	2026	2026.4082	LBN	LEBANESE	LBN								DEU	GERMANY	DEU								0	042	042	04	1	1.9	4	1	4	-2.38450074515649	1	Lebanon	LE	LE		33.833333	35.833333	LE	1	Germany	GM	GM		51.5	10.5	GM	1	Germany	GM	GM		51.5	10.5	GM	20260529183000	https://www.al-monitor.com/originals/2026/05/what-options-un-forces-lebanon-exit-looms
1306569185	20260529	202605	2026	2026.4082	LBN	LEBANESE	LBN								ISR	ISRAELI	ISR								0	044	044	04	1	2.5	2	1	2	-3.56536502546689	4	Gaza, Israel (general), Israel	IS	IS00	18315	31.4167	34.3333	-797156	4	Gaza, Israel (general), Israel	IS	IS00	18315	31.4167	34.3333	-797156	4	Gaza, Israel (general), Israel	IS	IS00	18315	31.4167	34.3333	-797156	20260529183000	https://timesofoman.com/article/172357-iran-war-us-to-lift-naval-blockade-of-ports-trump-says
1306569186	20260529	202605	2026	2026.4082	LBN	LEBANESE	LBN								ISR	ISRAELI	ISR								0	044	044	04	1	2.5	2	1	2	-3.56536502546689	5	Beqaa, Béa, Lebanon	LE	LE08	18792	33.6667	35.8333	-798017	4	Gaza, Israel (general), Israel	IS	IS00	18315	31.4167	34.3333	-797156	5	Beqaa, Béa, Lebanon	LE	LE08	18792	33.6667	35.8333	-798017	20260529183000	https://timesofoman.com/article/172357-iran-war-us-to-lift-naval-blockade-of-ports-trump-says
1306569187	20260529	202605	2026	2026.4082	LBN	LEBANESE	LBN								ISR	ISRAELI	ISR								0	046	046	04	1	7.0	2	1	2	-3.56536502546689	5	Beqaa, Béa, Lebanon	LE	LE08	18792	33.6667	35.8333	-798017	4	Gaza, Israel (general), Israel	IS	IS00	18315	31.4167	34.3333	-797156	3	Washington, District of Columbia, United States	US	USDC	DC001	38.8951	-77.0364	531871	20260529183000	https://timesofoman.com/article/172357-iran-war-us-to-lift-naval-blockade-of-ports-trump-says
1306569188	20260529	202605	2026	2026.4082	LBN	LEBANESE	LBN								USA	WASHINGTON	USA								0	013	013	01	1	0.4	3	1	3	-2.38450074515649	1	Lebanon	LE	LE		33.833333	35.833333	LE	3	Washington, District of Columbia, United States	US	USDC	DC001	38.8951	-77.0364	531871	1	Lebanon	LE	LE		33.833333	35.833333	LE	20260529183000	https://www.al-monitor.com/originals/2026/05/what-options-un-forces-lebanon-exit-looms
1306569189	20260529	202605	2026	2026.4082	LBN	LEBANESE	LBN								USA	WASHINGTON	USA								0	036	036	03	1	4.0	2	1	2	-3.56536502546689	4	Gaza, Israel (general), Israel	IS	IS00	18315	31.4167	34.3333	-797156	4	Gaza, Israel (general), Israel	IS	IS00	18315	31.4167	34.3333	-797156	4	Gaza, Israel (general), Israel	IS	IS00	18315	31.4167	34.3333	-797156	20260529183000	https://timesofoman.com/article/172357-iran-war-us-to-lift-naval-blockade-of-ports-trump-says
1306569190	20260529	202605	2026	2026.4082	LBN	LEBANESE	LBN								USA	WASHINGTON	USA								0	036	036	03	1	4.0	2	1	2	-3.56536502546689	5	Beqaa, Béa, Lebanon	LE	LE08	18792	33.6667	35.8333	-798017	3	Washington, District of Columbia, United States	US	USDC	DC001	38.8951	-77.0364	531871	5	Beqaa, Béa, Lebanon	LE	LE08	18792	33.6667	35.8333	-798017	20260529183000	https://timesofoman.com/article/172357-iran-war-us-to-lift-naval-blockade-of-ports-trump-says
1306569191	20260529	202605	2026	2026.4082	LBNGOV	LEBANESE	LBN					GOV			DEU	GERMANY	DEU								0	020	020	02	1	3.0	6	1	6	-2.38450074515649	1	Lebanon	LE	LE		33.833333	35.833333	LE	1	Germany	GM	GM		51.5	10.5	GM	1	Germany	GM	GM		51.5	10.5	GM	20260529183000	https://www.al-monitor.com/originals/2026/05/what-options-un-forces-lebanon-exit-looms
1306569192	20260529	202605	2026	2026.4082	LBNGOV	LEBANESE	LBN					GOV			DEU	GERMANY	DEU								0	042	042	04	1	1.9	6	1	6	-2.38450074515649	1	Lebanon	LE	LE		33.833333	35.833333	LE	1	Germany	GM	GM		51.5	10.5	GM	1	Germany	GM	GM		51.5	10.5	GM	20260529183000	https://www.al-monitor.com/originals/2026/05/what-options-un-forces-lebanon-exit-looms
1306569193	20260529	202605	2026	2026.4082	LBNMIL	LEBANON	LBN					MIL			ISR	ISRAEL	ISR								0	044	044	04	1	2.5	2	1	2	-3.56536502546689	4	Gaza, Israel (general), Israel	IS	IS00	18315	31.4167	34.3333	-797156	4	Gaza, Israel (general), Israel	IS	IS00	18315	31.4167	34.3333	-797156	5	Beqaa, Béa, Lebanon	LE	LE08	18792	33.6667	35.8333	-798017	20260529183000	https://timesofoman.com/article/172357-iran-war-us-to-lift-naval-blockade-of-ports-trump-says
1306569194	20260529	202605	2026	2026.4082	LBNMIL	LEBANESE	LBN					MIL			ISR	ISRAELI	ISR								0	044	044	04	1	2.5	4	1	4	-3.56536502546689	5	Beqaa, Béa, Lebanon	LE	LE08	18792	33.6667	35.8333	-798017	4	Gaza, Israel (general), Israel	IS	IS00	18315	31.4167	34.3333	-797156	5	Beqaa, Béa, Lebanon	LE	LE08	18792	33.6667	35.8333	-798017	20260529183000	https://timesofoman.com/article/172357-iran-war-us-to-lift-naval-blockade-of-ports-trump-says
1306569195	20260529	202605	2026	2026.4082	LBNMIL	LEBANESE	LBN					MIL			ISR	ISRAELI	ISR								0	046	046	04	1	7.0	4	1	4	-3.56536502546689	5	Beqaa, Béa, Lebanon	LE	LE08	18792	33.6667	35.8333	-798017	4	Gaza, Israel (general), Israel	IS	IS00	18315	31.4167	34.3333	-797156	3	Washington, District of Columbia, United States	US	USDC	DC001	38.8951	-77.0364	531871	20260529183000	https://timesofoman.com/article/172357-iran-war-us-to-lift-naval-blockade-of-ports-trump-says
1306569196	20260529	202605	2026	2026.4082	LBNMIL	LEBANON	LBN					MIL			USA	UNITED STATES	USA								0	036	036	03	1	4.0	2	1	2	-3.56536502546689	4	Gaza, Israel (general), Israel	IS	IS00	18315	31.4167	34.3333	-797156	3	Washington, District of Columbia, United States	US	USDC	DC001	38.8951	-77.0364	531871	5	Beqaa, Béa, Lebanon	LE	LE08	18792	33.6667	35.8333	-798017	20260529183000	https://timesofoman.com/article/172357-iran-war-us-to-lift-naval-blockade-of-ports-trump-says
1306569197	20260529	202605	2026	2026.4082	LBNMIL	LEBANESE	LBN					MIL			USA	WASHINGTON	USA								0	036	036	03	1	4.0	4	1	4	-3.56536502546689	5	Beqaa, Béa, Lebanon	LE	LE08	18792	33.6667	35.8333	-798017	3	Washington, District of Columbia, United States	US	USDC	DC001	38.8951	-77.0364	531871	5	Beqaa, Béa, Lebanon	LE	LE08	18792	33.6667	35.8333	-798017	20260529183000	https://timesofoman.com/article/172357-iran-war-us-to-lift-naval-blockade-of-ports-trump-says
1306569198	20260529	202605	2026	2026.4082	LBR	LIBERIA	LBR								GOV	CABINET						GOV			1	043	043	04	1	2.8	5	1	5	-2.26700251889168	4	Monrovia, Montserrado, Liberia	LI	LI14	147290	6.31056	-10.8047	-2134012	4	Monrovia, Montserrado, Liberia	LI	LI14	147290	6.31056	-10.8047	-2134012	4	Monrovia, Montserrado, Liberia	LI	LI14	147290	6.31056	-10.8047	-2134012	20260529183000	https://www.emansion.gov.lr/media/press-release/president-boakai-issues-cabinet-directive-excessive-foreign-trips-orders
1306569199	20260529	202605	2026	2026.4082	LBY	LIBYA	LBY								ITA	ITALIAN	ITA								1	060	060	06	2	6.0	2	1	2	-8.20895522388059	1	Libya	LY	LY		25	17	LY	4	Rome, Lazio, Italy	IT	IT07	18350	41.9	12.4833	-126693	4	Rome, Lazio, Italy	IT	IT07	18350	41.9	12.4833	-126693	20260529183000	https://www.politico.eu/article/italy-accused-breaching-migrants-rights-release-libyan-militia-chief/
1306569200	20260529	202605	2026	2026.4082	LEG	LAWMAKER						LEG													1	010	010	01	1	0.0	5	1	5	-12.9597197898423	2	New Jersey, United States	US	USNJ		40.314	-74.5089	NJ	0								2	New Jersey, United States	US	USNJ		40.314	-74.5089	NJ	20260529183000	https://www.ibtimes.co.uk/hunger-strike-delaney-hall-ice-facility-1799684
1306569201	20260529	202605	2026	2026.4082	LEG	LAWMAKER						LEG													1	042	042	04	1	1.9	5	1	5	-12.9597197898423	3	Newark, New Jersey, United States	US	USNJ	NJ013	40.7357	-74.1724	878762	0								3	Newark, New Jersey, United States	US	USNJ	NJ013	40.7357	-74.1724	878762	20260529183000	https://www.ibtimes.co.uk/hunger-strike-delaney-hall-ice-facility-1799684
1306569202	20260529	202605	2026	2026.4082	LEG	CONGRESS						LEG													0	043	043	04	1	2.8	4	2	4	-1.93236714975846	3	New Haven, Connecticut, United States	US	USCT	CT009	41.3082	-72.9282	209231	0								3	New Haven, Connecticut, United States	US	USCT		41.3082	-72.9282	209231	20260529183000	https://www.wqcs.org/2026-05-29/justice-department-anti-weaponization-fund-paused
1306569203	20260529	202605	2026	2026.4082	LEG	CONGRESS						LEG													0	043	043	04	1	2.8	6	2	6	-1.93236714975846	2	North Carolina, United States	US	USNC		35.6411	-79.8431	NC	0								2	North Carolina, United States	US	USNC		35.6411	-79.8431	NC	20260529183000	https://www.wqcs.org/2026-05-29/justice-department-anti-weaponization-fund-paused
1306569204	20260529	202605	2026	2026.4082	LEG	SENATE						LEG													1	110	110	11	3	-2.0	8	1	8	0.650406504065039	2	Mississippi, United States	US	USMS		32.7673	-89.6812	MS	0								2	Mississippi, United States	US	USMS		32.7673	-89.6812	MS	20260529183000	https://www.waterwaysjournal.net/2026/05/29/house-panel-passes-fy27-energy-water-development-bill/
1306569205	20260529	202605	2026	2026.4082	LEG	SENATE						LEG													1	110	110	11	3	-2.0	2	1	2	0.650406504065039	2	Texas, United States	US	USTX		31.106	-97.6475	TX	0								2	Mississippi, United States	US	USMS		32.7673	-89.6812	MS	20260529183000	https://www.waterwaysjournal.net/2026/05/29/house-panel-passes-fy27-energy-water-development-bill/
1306569206	20260529	202605	2026	2026.4082	LEG	SENATE						LEG													0	141	141	14	3	-6.5	6	1	6	4.13669064748202	3	Jackson County, Missouri, United States	US	USMO	MO095	39.0167	-94.3502	758502	0								2	Missouri, United States	US	USMO		38.4623	-92.302	MO	20260529183000	https://themissouritimes.com/winners-of-the-2026-legislative-session/
1306569207	20260529	202605	2026	2026.4082	LEG	SENATE						LEG			GOV	PRESIDENT						GOV			1	030	030	03	1	4.0	10	1	10	0.650406504065039	2	Mississippi, United States	US	USMS		32.7673	-89.6812	MS	2	Mississippi, United States	US	USMS		32.7673	-89.6812	MS	2	Mississippi, United States	US	USMS		32.7673	-89.6812	MS	20260529183000	https://www.waterwaysjournal.net/2026/05/29/house-panel-passes-fy27-energy-water-development-bill/
1306569208	20260529	202605	2026	2026.4082	LEG	SENATE						LEG			GOV	PRESIDENT						GOV			1	036	036	03	1	4.0	10	1	10	0.650406504065039	2	Mississippi, United States	US	USMS		32.7673	-89.6812	MS	2	Mississippi, United States	US	USMS		32.7673	-89.6812	MS	2	Mississippi, United States	US	USMS		32.7673	-89.6812	MS	20260529183000	https://www.waterwaysjournal.net/2026/05/29/house-panel-passes-fy27-energy-water-development-bill/
1306569209	20260529	202605	2026	2026.4082	LEG	SENATOR						LEG			USA	UNITED STATES	USA								0	010	010	01	1	0.0	2	2	2	-1.93236714975846	2	North Carolina, United States	US	USNC		35.6411	-79.8431	NC	2	North Carolina, United States	US	USNC		35.6411	-79.8431	NC	2	North Carolina, United States	US	USNC		35.6411	-79.8431	NC	20260529183000	https://www.wqcs.org/2026-05-29/justice-department-anti-weaponization-fund-paused
1306569210	20260529	202605	2026	2026.4082	LEG	SENATE						LEG			USA	IOWA	USA								1	042	042	04	1	1.9	7	1	7	-5.5185537583254	1	Ukraine	UP	UP		49	32	UP	1	Ukraine	UP	UP		49	32	UP	1	Ukraine	UP	UP		49	32	UP	20260529183000	https://www.timescitizen.com/news/jan-6-protestor-speaks-for-jim-carlin-at-if-event/article_d1fdae42-2cdc-44fd-b227-623adeaf661c.html
1306569211	20260529	202605	2026	2026.4082	LEG	HOUSE OF REPRESENTATIVES						LEG			USA	UNITED STATES	USA								1	051	051	05	1	3.4	4	1	4	0	1	United States	US	US		39.828175	-98.5795	US	1	United States	US	US		39.828175	-98.5795	US	1	United States	US	US		39.828175	-98.5795	US	20260529183000	https://www.wshu.org/long-island-news/2026-05-29/oceanside-post-office-luis-alvarez-911
1306569212	20260529	202605	2026	2026.4082	LEG	LAWMAKER						LEG			USA	UNITED STATES	USA								0	090	090	09	2	-2.0	4	1	4	-1.82946749428291	3	Capitol Hill, District of Columbia, United States	US	USDC	DC001	38.889	-77.0003	529313	3	Rayburn House Office Building, District of Columbia, United States	US	USDC		38.8868	-77.0105	528876	3	Capitol Hill, District of Columbia, United States	US	USDC		38.889	-77.0003	529313	20260529183000	https://www.thehour.com/news/politics/article/the-latest-us-and-iranian-reach-tentative-deal-22282146.php
1306569213	20260529	202605	2026	2026.4082	LEG	SENATE						LEG			USALEG	IOWA	USA					LEG			1	042	042	04	1	1.9	3	1	3	-5.5185537583254	1	Ukraine	UP	UP		49	32	UP	1	Ukraine	UP	UP		49	32	UP	1	Ukraine	UP	UP		49	32	UP	20260529183000	https://www.timescitizen.com/news/jan-6-protestor-speaks-for-jim-carlin-at-if-event/article_d1fdae42-2cdc-44fd-b227-623adeaf661c.html
1306569214	20260529	202605	2026	2026.4082	MCOELI	ALBERT	MCO					ELI													0	036	036	03	1	4.0	6	1	6	-0.80906148867314	4	Algiers, Alger, Algeria	AG	AG01	37774	36.7631	3.05056	-458371	0								4	Algiers, Alger, Algeria	AG	AG01	37774	36.7631	3.05056	-458371	20260529183000	https://www.washingtonblade.com/2026/05/29/the-stranger-movie-review/
1306569215	20260529	202605	2026	2026.4082	MCOELI	ALBERT	MCO					ELI			FRA	FRANCE	FRA								0	036	036	03	1	4.0	2	1	2	-0.80906148867314	4	Letranger, Centre, France	FR	FRA3	16263	46.9569	1.24033	-1446278	4	Letranger, Centre, France	FR	FRA3	16263	46.9569	1.24033	-1446278	4	Letranger, Centre, France	FR	FRA3	16263	46.9569	1.24033	-1446278	20260529183000	https://www.washingtonblade.com/2026/05/29/the-stranger-movie-review/
1306569216	20260529	202605	2026	2026.4082	MDV	MALE	MDV																		1	190	190	19	4	-10.0	5	1	5	-5.73593073593073	1	Zimbabwe	ZI	ZI		-19	29	ZI	0								1	Zimbabwe	ZI	ZI		-19	29	ZI	20260529183000	https://www.thestandard.co.zw/opinion-amp-analysis/article/200047221/irreversible-pain-how-non-consensual-correctional-surgery-shaped-an-intersex-activists-battle-for-rights
1306569217	20260529	202605	2026	2026.4082	MED	MEDIA						MED													0	010	010	01	1	0.0	6	1	6	-1.99501246882793	3	Okanogan County, Washington, United States	US	USWA	WA047	48.5499	-119.735	1531928	0								3	Oroville, Washington, United States	US	USWA	WA047	48.9391	-119.436	1524077	20260529183000	https://www.dailymail.com/tvshowbiz/article-15859253/Alaskan-Bush-People-Matt-Brown-feared-dead-washington.html
1306569218	20260529	202605	2026	2026.4082	MED	WEBSITE						MED													1	010	010	01	1	0.0	10	1	10	-12.6050420168067	1	Mexico	MX	MX		23	-102	MX	0								1	Mexico	MX	MX		23	-102	MX	20260529183000	https://krcrtv.com/news/nation-world/white-house-launches-searchable-ice-arrests-website
1306569219	20260529	202605	2026	2026.4082	MED	COMMENTATOR						MED													0	027	027	02	1	4.0	2	1	2	-3.46779900920029	4	Yerevan, Yerevan*, Armenia	AM	AM11	4936	40.1811	44.5136	-2325645	0								4	Yerevan, Yerevan*, Armenia	AM	AM11	4936	40.1811	44.5136	-2325645	20260529183000	https://www.eng.kavkaz-uzel.eu/articles/75689
1306569220	20260529	202605	2026	2026.4082	MED	COMMENTATOR						MED													0	027	027	02	1	4.0	8	1	8	-3.46779900920029	4	Karabakh, Dagestan, Russia	RS	RS17	25069	42.4692	46.8645	-2920856	0								4	Karabakh, Dagestan, Russia	RS	RS17	25069	42.4692	46.8645	-2920856	20260529183000	https://www.eng.kavkaz-uzel.eu/articles/75689
1306569221	20260529	202605	2026	2026.4082	MED	NEWSPAPER						MED													0	042	042	04	1	1.9	3	1	3	-0.22002200220022	2	Illinois, United States	US	USIL		40.3363	-89.0022	IL	0								2	Illinois, United States	US	USIL		40.3363	-89.0022	IL	20260529183000	https://www.waterwaysjournal.net/2026/05/29/the-harry-dyer-had-a-bright-start-and-dramatic-end/
1306569222	20260529	202605	2026	2026.4082	MED	MEDIA						MED													1	081	081	08	2	5.0	2	1	2	-11.1111111111111	4	Sochi, Krasnodarskiy Kray, Russia	RS	RS38	25065	43.5992	39.7257	-3006514	0								4	Sochi, Krasnodarskiy Kray, Russia	RS	RS38	25065	43.5992	39.7257	-3006514	20260529183000	https://www.eng.kavkaz-uzel.eu/articles/75687
1306569223	20260529	202605	2026	2026.4082	MED	CORRESPONDENT						MED													0	090	090	09	2	-2.0	6	1	6	-8.36466165413534	4	Starobelsk, Luhans'ka Oblast', Ukraine	UP	UP14	25090	49.2783	38.9107	-1055017	0								4	Starobelsk, Luhans'ka Oblast', Ukraine	UP	UP14	25090	49.2783	38.9107	-1055017	20260529183000	http://www.russiaherald.com/news/279090621/ukraine-killed-21-russian-students-and-lied-about-it-what-really-happened-in-starobelsk
1306569224	20260529	202605	2026	2026.4082	MED	MEDIA						MED													1	090	090	09	2	-2.0	1	1	1	-4	1	Mozambique	MZ	MZ		-18.25	35	MZ	0								4	Durban, KwaZulu-Natal, South Africa	SF	SF02	77363	-29.85	31.0167	-1224926	20260529183000	https://www.dailymaverick.co.za/article/2026-05-29-phala-phala-impeachment-committee-revealed-a-kruger-park-tragedy-and-bold-local-flavours/
1306569225	20260529	202605	2026	2026.4082	MED	MEDIA						MED													1	090	090	09	2	-2.0	2	1	2	-4	1	Mozambique	MZ	MZ		-18.25	35	MZ	0								1	Mozambique	MZ	MZ		-18.25	35	MZ	20260529183000	https://www.dailymaverick.co.za/article/2026-05-29-phala-phala-impeachment-committee-revealed-a-kruger-park-tragedy-and-bold-local-flavours/
1306569226	20260529	202605	2026	2026.4082	MED	MEDIA						MED													1	120	120	12	3	-4.0	2	1	2	-11.1111111111111	4	Sochi, Krasnodarskiy Kray, Russia	RS	RS38	25065	43.5992	39.7257	-3006514	0								4	Sochi, Krasnodarskiy Kray, Russia	RS	RS38	25065	43.5992	39.7257	-3006514	20260529183000	https://www.eng.kavkaz-uzel.eu/articles/75687
1306569227	20260529	202605	2026	2026.4082	MED	WRITER						MED													0	120	120	12	3	-4.0	10	1	10	0.77145612343298	1	Iran	IR	IR		32	53	IR	0								1	Iran	IR	IR		32	53	IR	20260529183000	https://economictimes.indiatimes.com/opinion/et-commentary/ai-in-literature-debate-does-the-book-still-matter/articleshow/131396985.cms
1306569228	20260529	202605	2026	2026.4082	MED	WEBSITE						MED													1	180	180	18	4	-9.0	10	1	10	-12.6050420168067	1	Mexico	MX	MX		23	-102	MX	0								1	Mexico	MX	MX		23	-102	MX	20260529183000	https://krcrtv.com/news/nation-world/white-house-launches-searchable-ice-arrests-website
1306569229	20260529	202605	2026	2026.4082	MED	COMMENTATOR						MED			ARM	ARMENIAN	ARM								0	010	010	01	1	0.0	1	1	1	-3.46779900920029	4	Khojaly, Xocali, Azerbaijan	AJ	AJ64	488	39.913	46.7903	-2707002	4	Karabakh, Dagestan, Russia	RS	RS17	25069	42.4692	46.8645	-2920856	4	Karabakh, Dagestan, Russia	RS	RS17	25069	42.4692	46.8645	-2920856	20260529183000	https://www.eng.kavkaz-uzel.eu/articles/75689
1306569230	20260529	202605	2026	2026.4082	MED	COMMENTATOR						MED			ARM	ARMENIAN	ARM								0	010	010	01	1	0.0	1	1	1	-3.46779900920029	4	Karabakh, Dagestan, Russia	RS	RS17	25069	42.4692	46.8645	-2920856	4	Yerevan, Yerevan*, Armenia	AM	AM11	4936	40.1811	44.5136	-2325645	4	Khojaly, Xocali, Azerbaijan	AJ	AJ64	488	39.913	46.7903	-2707002	20260529183000	https://www.eng.kavkaz-uzel.eu/articles/75689
1306569231	20260529	202605	2026	2026.4082	MED	COMMENTATOR						MED			ARM	ARMENIAN	ARM								0	040	040	04	1	1.0	1	1	1	-3.46779900920029	4	Khojaly, Xocali, Azerbaijan	AJ	AJ64	488	39.913	46.7903	-2707002	4	Karabakh, Dagestan, Russia	RS	RS17	25069	42.4692	46.8645	-2920856	4	Khojaly, Xocali, Azerbaijan	AJ	AJ64	488	39.913	46.7903	-2707002	20260529183000	https://www.eng.kavkaz-uzel.eu/articles/75689
1306569232	20260529	202605	2026	2026.4082	MED	COMMENTATOR						MED			ARM	ARMENIAN	ARM								0	040	040	04	1	1.0	1	1	1	-3.46779900920029	4	Karabakh, Dagestan, Russia	RS	RS17	25069	42.4692	46.8645	-2920856	4	Yerevan, Yerevan*, Armenia	AM	AM11	4936	40.1811	44.5136	-2325645	4	Karabakh, Dagestan, Russia	RS	RS17	25069	42.4692	46.8645	-2920856	20260529183000	https://www.eng.kavkaz-uzel.eu/articles/75689
1306569233	20260529	202605	2026	2026.4082	MED	COMMENTATOR						MED			AZE	AZERBAIJANI	AZE								0	010	010	01	1	0.0	1	1	1	-3.46779900920029	4	Khojaly, Xocali, Azerbaijan	AJ	AJ64	488	39.913	46.7903	-2707002	4	Karabakh, Dagestan, Russia	RS	RS17	25069	42.4692	46.8645	-2920856	4	Karabakh, Dagestan, Russia	RS	RS17	25069	42.4692	46.8645	-2920856	20260529183000	https://www.eng.kavkaz-uzel.eu/articles/75689
1306569234	20260529	202605	2026	2026.4082	MED	COMMENTATOR						MED			AZE	AZERBAIJANI	AZE								0	010	010	01	1	0.0	1	1	1	-3.46779900920029	4	Karabakh, Dagestan, Russia	RS	RS17	25069	42.4692	46.8645	-2920856	4	Khojaly, Xocali, Azerbaijan	AJ	AJ64	488	39.913	46.7903	-2707002	4	Khojaly, Xocali, Azerbaijan	AJ	AJ64	488	39.913	46.7903	-2707002	20260529183000	https://www.eng.kavkaz-uzel.eu/articles/75689
1306569235	20260529	202605	2026	2026.4082	MED	COMMENTATOR						MED			AZE	AZERBAIJANI	AZE								0	040	040	04	1	1.0	1	1	1	-3.46779900920029	4	Khojaly, Xocali, Azerbaijan	AJ	AJ64	488	39.913	46.7903	-2707002	4	Karabakh, Dagestan, Russia	RS	RS17	25069	42.4692	46.8645	-2920856	4	Khojaly, Xocali, Azerbaijan	AJ	AJ64	488	39.913	46.7903	-2707002	20260529183000	https://www.eng.kavkaz-uzel.eu/articles/75689
1306569236	20260529	202605	2026	2026.4082	MED	COMMENTATOR						MED			AZE	AZERBAIJANI	AZE								0	040	040	04	1	1.0	1	1	1	-3.46779900920029	4	Karabakh, Dagestan, Russia	RS	RS17	25069	42.4692	46.8645	-2920856	4	Khojaly, Xocali, Azerbaijan	AJ	AJ64	488	39.913	46.7903	-2707002	4	Karabakh, Dagestan, Russia	RS	RS17	25069	42.4692	46.8645	-2920856	20260529183000	https://www.eng.kavkaz-uzel.eu/articles/75689
1306569237	20260529	202605	2026	2026.4082	MED	WEBSITE						MED			BHS	BAHAMA	BHS								0	020	020	02	1	3.0	2	1	2	-2.7063599458728	4	Nassau, New Providence, Bahamas, The	BF	BF23	5747	25.0833	-77.35	-1543832	4	Nassau, New Providence, Bahamas, The	BF	BF23	5747	25.0833	-77.35	-1543832	4	Nassau, New Providence, Bahamas, The	BF	BF23	5747	25.0833	-77.35	-1543832	20260529183000	https://www.cruisehive.com/carnival-sued-after-passenger-loses-both-legs-in-bahamas-shore-excursion-accident/210359
1306569238	20260529	202605	2026	2026.4082	MED	WEBSITE						MED			BHS	BAHAMA	BHS								0	020	020	02	1	3.0	2	1	2	-2.7063599458728	2	Florida, United States	US	USFL		27.8333	-81.717	FL	4	Nassau, New Providence, Bahamas, The	BF	BF23	5747	25.0833	-77.35	-1543832	4	Nassau, New Providence, Bahamas, The	BF	BF23	5747	25.0833	-77.35	-1543832	20260529183000	https://www.cruisehive.com/carnival-sued-after-passenger-loses-both-legs-in-bahamas-shore-excursion-accident/210359
1306569239	20260529	202605	2026	2026.4082	MED	MEDIA						MED			BUS	COMPANY						BUS			0	020	020	02	1	3.0	5	1	5	-2.34604105571847	2	California, United States	US	USCA		36.17	-119.746	CA	2	California, United States	US	USCA		36.17	-119.746	CA	2	California, United States	US	USCA		36.17	-119.746	CA	20260529183000	https://www.nbcnews.com/news/us-news/drag-queen-pattie-gonia-asks-apparel-company-patagonia-drop-trademark-rcna347549
1306569240	20260529	202605	2026	2026.4082	MED	PUBLICATION						MED			BUS	COMPANY						BUS			1	043	043	04	1	2.8	5	1	5	4.76190476190476	4	Paris, France (general), France	FR	FR00	16282	48.8667	2.33333	-1456928	4	Paris, France (general), France	FR	FR00	16282	48.8667	2.33333	-1456928	4	Paris, France (general), France	FR	FR00	16282	48.8667	2.33333	-1456928	20260529183000	https://www.esmmagazine.com/technology/picnic-reports-full-year-revenue-growth-in-france-313075
1306569241	20260529	202605	2026	2026.4082	MED	COMMENTATOR						MED			CVL	SCIENTIST						CVL			0	120	120	12	3	-4.0	2	1	2	0.699300699300689	3	Department Of Energy, District of Columbia, United States	US	USDC	DC001	38.8862	-77.025	530856	3	Department Of Energy, District of Columbia, United States	US	USDC		38.8862	-77.025	530856	3	Department Of Energy, District of Columbia, United States	US	USDC		38.8862	-77.025	530856	20260529183000	https://www.foxnews.com/media/mamdanis-coge-rollout-gets-doges-attention-critics-say-ripped-elon-musk
1306569242	20260529	202605	2026	2026.4082	MED	TELEVISION						MED			ELI	ACTOR						ELI			0	043	043	04	1	2.8	1	1	1	-3.04659498207885	2	New York, United States	US	USNY		42.1497	-74.9384	NY	2	New York, United States	US	USNY		42.1497	-74.9384	NY	2	New York, United States	US	USNY		42.1497	-74.9384	NY	20260529183000	https://krcrtv.com/news/entertainment/elderly-couple-dies-in-murder-suicide-after-scam-by-alleged-tom-selleck-impersonator
1306569243	20260529	202605	2026	2026.4082	MED	MEDIA						MED			RUS	RUSSIA	RUS								1	172	172	17	4	-5.0	5	1	5	-11.1111111111111	4	Sochi, Krasnodarskiy Kray, Russia	RS	RS38	25065	43.5992	39.7257	-3006514	4	Sochi, Krasnodarskiy Kray, Russia	RS	RS38	25065	43.5992	39.7257	-3006514	4	Sochi, Krasnodarskiy Kray, Russia	RS	RS38	25065	43.5992	39.7257	-3006514	20260529183000	https://www.eng.kavkaz-uzel.eu/articles/75687
1306569244	20260529	202605	2026	2026.4082	MED	CORRESPONDENT						MED			UKR	UKRAINE	UKR								0	090	090	09	2	-2.0	2	1	2	-8.36466165413534	4	Starobelsk, Luhans'ka Oblast', Ukraine	UP	UP14	25090	49.2783	38.9107	-1055017	4	Starobelsk, Luhans'ka Oblast', Ukraine	UP	UP14	25090	49.2783	38.9107	-1055017	4	Starobelsk, Luhans'ka Oblast', Ukraine	UP	UP14	25090	49.2783	38.9107	-1055017	20260529183000	http://www.russiaherald.com/news/279090621/ukraine-killed-21-russian-students-and-lied-about-it-what-really-happened-in-starobelsk
1306569245	20260529	202605	2026	2026.4082	MED	WEBSITE						MED			USA	CONNECTICUT	USA								1	042	042	04	1	1.9	10	1	10	3.21428571428572	2	Maryland, United States	US	USMD		39.0724	-76.7902	MD	2	Connecticut, United States	US	USCT		41.5834	-72.7622	CT	2	Maryland, United States	US	USMD		39.0724	-76.7902	MD	20260529183000	https://www.thehour.com/food/article/colony-pizza-only-in-your-state-legendary-22282141.php
1306569246	20260529	202605	2026	2026.4082	MED	TELEVISION						MED			USA	UNITED STATES	USA								0	043	043	04	1	2.8	2	1	2	-3.04659498207885	3	Burbank, California, United States	US	USCA	CA085	37.3233	-121.932	277480	2	New York, United States	US	USNY		42.1497	-74.9384	NY	2	New York, United States	US	USNY		42.1497	-74.9384	NY	20260529183000	https://krcrtv.com/news/entertainment/elderly-couple-dies-in-murder-suicide-after-scam-by-alleged-tom-selleck-impersonator
1306569247	20260529	202605	2026	2026.4082	MED	NEWSPAPER						MED			USA	UNITED STATES	USA								0	043	043	04	1	2.8	2	1	2	-0.22002200220022	2	Illinois, United States	US	USIL		40.3363	-89.0022	IL	2	Illinois, United States	US	USIL		40.3363	-89.0022	IL	2	Illinois, United States	US	USIL		40.3363	-89.0022	IL	20260529183000	https://www.waterwaysjournal.net/2026/05/29/the-harry-dyer-had-a-bright-start-and-dramatic-end/
1306569248	20260529	202605	2026	2026.4082	MED	TELEVISION						MED			USA	UNITED STATES	USA								0	043	043	04	1	2.8	3	1	2	-3.04659498207885	2	New York, United States	US	USNY		42.1497	-74.9384	NY	3	Burbank, California, United States	US	USCA	CA085	37.3233	-121.932	277480	2	New York, United States	US	USNY		42.1497	-74.9384	NY	20260529183000	https://krcrtv.com/news/entertainment/elderly-couple-dies-in-murder-suicide-after-scam-by-alleged-tom-selleck-impersonator
1306569249	20260529	202605	2026	2026.4082	MED	TELEVISION						MED			USA	UNITED STATES	USA								0	043	043	04	1	2.8	1	1	1	-3.04659498207885	2	New York, United States	US	USNY		42.1497	-74.9384	NY	2	New York, United States	US	USNY		42.1497	-74.9384	NY	2	New York, United States	US	USNY		42.1497	-74.9384	NY	20260529183000	https://krcrtv.com/news/entertainment/elderly-couple-dies-in-murder-suicide-after-scam-by-alleged-tom-selleck-impersonator
1306569250	20260529	202605	2026	2026.4082	MED	TELEVISION						MED			USA	SOUTH DAKOTA	USA								1	051	051	05	1	3.4	10	1	10	10.4575163398692	2	South Dakota, United States	US	USSD		44.2853	-99.4632	SD	2	South Dakota, United States	US	USSD		44.2853	-99.4632	SD	2	South Dakota, United States	US	USSD		44.2853	-99.4632	SD	20260529183000	https://www.sdpb.org/sdpb-press/2026-05-29/sdpb-earns-two-regional-edward-r-murrow-awards
1306569251	20260529	202605	2026	2026.4082	MED	WEBSITE						MED			USA	CONNECTICUT	USA								1	084	084	08	2	7.0	10	1	10	3.21428571428572	2	Connecticut, United States	US	USCT		41.5834	-72.7622	CT	2	Connecticut, United States	US	USCT		41.5834	-72.7622	CT	2	Connecticut, United States	US	USCT		41.5834	-72.7622	CT	20260529183000	https://www.thehour.com/food/article/colony-pizza-only-in-your-state-legendary-22282141.php
1306569252	20260529	202605	2026	2026.4082	MED	NEWS ORGANIZATION						MED			USA	UNITED STATES	USA								0	090	090	09	2	-2.0	1	1	1	-1.82946749428291	1	Iran	IR	IR		32	53	IR	3	Boston, Massachusetts, United States	US	USMA	MA025	42.3584	-71.0598	617565	3	Boston, Massachusetts, United States	US	USMA	MA025	42.3584	-71.0598	617565	20260529183000	https://www.thehour.com/news/politics/article/the-latest-us-and-iranian-reach-tentative-deal-22282146.php
1306569253	20260529	202605	2026	2026.4082	MED	MEDIA						MED			USA	UNITED STATES	USA								1	173	173	17	4	-5.0	4	1	4	-7.09677419354839	3	Manhattan, New York, United States	US	USNY	NY061	40.7834	-73.9662	971945	3	Manhattan, New York, United States	US	USNY	NY061	40.7834	-73.9662	971945	3	Manhattan, New York, United States	US	USNY	NY061	40.7834	-73.9662	971945	20260529183000	https://www.wibw.com/2026/05/29/man-held-100000-bond-connection-with-sex-crimes-manhattan/
1306569254	20260529	202605	2026	2026.4082	MED	TELEVISION						MED			USAELI	UNITED STATES	USA					ELI			0	043	043	04	1	2.8	1	1	1	-3.04659498207885	2	New York, United States	US	USNY		42.1497	-74.9384	NY	2	New York, United States	US	USNY		42.1497	-74.9384	NY	2	New York, United States	US	USNY		42.1497	-74.9384	NY	20260529183000	https://krcrtv.com/news/entertainment/elderly-couple-dies-in-murder-suicide-after-scam-by-alleged-tom-selleck-impersonator
1306569255	20260529	202605	2026	2026.4082	MEX	MEXICO	MEX								CRM	CARTEL						CRM			1	173	173	17	4	-5.0	2	1	2	-4	4	Sinaloa, Tabasco, Mexico	MX	MX27		18.4917	-93.75	6226960	4	Sinaloa, Tabasco, Mexico	MX	MX27		18.4917	-93.75	6226960	4	Sinaloa, Tabasco, Mexico	MX	MX27		18.4917	-93.75	6226960	20260529183000	https://www.dailymaverick.co.za/article/2026-05-29-phala-phala-impeachment-committee-revealed-a-kruger-park-tragedy-and-bold-local-flavours/
1306569256	20260529	202605	2026	2026.4082	MEX	MEXICO	MEX								MEXCRM	MEXICO	MEX					CRM			1	173	173	17	4	-5.0	6	1	6	-4	4	Sinaloa, Tabasco, Mexico	MX	MX27		18.4917	-93.75	6226960	4	Sinaloa, Tabasco, Mexico	MX	MX27		18.4917	-93.75	6226960	4	Sinaloa, Tabasco, Mexico	MX	MX27		18.4917	-93.75	6226960	20260529183000	https://www.dailymaverick.co.za/article/2026-05-29-phala-phala-impeachment-committee-revealed-a-kruger-park-tragedy-and-bold-local-flavours/
1306569257	20260529	202605	2026	2026.4082	MEX	MEXICO	MEX								MEXCRM	MEXICO	MEX					CRM			1	173	173	17	4	-5.0	2	1	2	-4	1	Mozambique	MZ	MZ		-18.25	35	MZ	1	Mozambique	MZ	MZ		-18.25	35	MZ	1	Mozambique	MZ	MZ		-18.25	35	MZ	20260529183000	https://www.dailymaverick.co.za/article/2026-05-29-phala-phala-impeachment-committee-revealed-a-kruger-park-tragedy-and-bold-local-flavours/
1306569258	20260529	202605	2026	2026.4082	MIL	MILITARY						MIL													0	0311	031	03	1	5.2	3	1	3	-3.9440203562341	4	Tehran, Tehran, Iran	IR	IR26	41130	35.75	51.5148	10074674	0								4	Gaza, Israel (general), Israel	IS	IS00	18315	31.4167	34.3333	-797156	20260529183000	https://www.presstv.ir/Detail/2026/05/29/769487/Leader
1306569259	20260529	202605	2026	2026.4082	MIL	MILITARY						MIL													0	0311	031	03	1	5.2	1	1	1	-3.9440203562341	1	China	CH	CH		35	105	CH	0								4	Gaza, Israel (general), Israel	IS	IS00	18315	31.4167	34.3333	-797156	20260529183000	https://www.presstv.ir/Detail/2026/05/29/769487/Leader
1306569260	20260529	202605	2026	2026.4082	MIL	MILITARY						MIL													0	0311	031	03	1	5.2	1	1	1	-3.9440203562341	1	China	CH	CH		35	105	CH	0								1	Israel	IS	IS		31.5	34.75	IS	20260529183000	https://www.presstv.ir/Detail/2026/05/29/769487/Leader
1306569261	20260529	202605	2026	2026.4082	MIL	COAST GUARD						MIL													0	040	040	04	1	1.0	5	1	5	-2.9126213592233	2	Tennessee, United States	US	USTN		35.7449	-86.7489	TN	0								2	Tennessee, United States	US	USTN		35.7449	-86.7489	TN	20260529183000	https://www.waterwaysjournal.net/2026/05/29/warrior-tom-meeting-stresses-infrastructure/
1306569262	20260529	202605	2026	2026.4082	MIL	COAST GUARD						MIL													0	042	042	04	1	1.9	10	1	10	-2.9126213592233	2	Tennessee, United States	US	USTN		35.7449	-86.7489	TN	0								2	Tennessee, United States	US	USTN		35.7449	-86.7489	TN	20260529183000	https://www.waterwaysjournal.net/2026/05/29/warrior-tom-meeting-stresses-infrastructure/
1306569263	20260529	202605	2026	2026.4082	MIL	MILITARY						MIL													1	051	051	05	1	3.4	10	1	10	-0.40697674418605	3	World Trade Center, Illinois, United States	US	USIL	IL031	41.8889	-87.6303	1837285	0								3	World Trade Center, Illinois, United States	US	USIL		41.8889	-87.6303	1837285	20260529183000	https://www.chicagotribune.com/2026/05/29/lagrange-pilot-pet-parade-film/
1306569264	20260529	202605	2026	2026.4082	MIL	COAST GUARD						MIL													0	090	090	09	2	-2.0	10	1	10	-2.9126213592233	2	Tennessee, United States	US	USTN		35.7449	-86.7489	TN	0								2	Tennessee, United States	US	USTN		35.7449	-86.7489	TN	20260529183000	https://www.waterwaysjournal.net/2026/05/29/warrior-tom-meeting-stresses-infrastructure/
1306569265	20260529	202605	2026	2026.4082	MIL	MILITARY						MIL													0	100	100	10	3	-5.0	1	1	1	-0.30581039755352	3	Washington, District of Columbia, United States	US	USDC	DC001	38.8951	-77.0364	531871	0								1	Saudi Arabia	SA	SA		25	45	SA	20260529183000	https://krcrtv.com/news/nation-world/president-donald-trump-says-he-is-meeting-in-white-house-situation-room-to-make-final-determination-on-iran-agreement-tehran-enriched-uranium-nuclear-weapons-bombs-strait-of-hormuz-oil-gas-prices-naval-blockade
1306569266	20260529	202605	2026	2026.4082	MIL	MILITARY						MIL													0	100	100	10	3	-5.0	1	1	1	-0.30581039755352	3	Washington, District of Columbia, United States	US	USDC	DC001	38.8951	-77.0364	531871	0								1	Turkey	TU	TU		39.059012	34.911546	TU	20260529183000	https://krcrtv.com/news/nation-world/president-donald-trump-says-he-is-meeting-in-white-house-situation-room-to-make-final-determination-on-iran-agreement-tehran-enriched-uranium-nuclear-weapons-bombs-strait-of-hormuz-oil-gas-prices-naval-blockade
1306569267	20260529	202605	2026	2026.4082	MIL	MILITARY						MIL													0	100	100	10	3	-5.0	3	1	3	-0.30581039755352	1	Saudi Arabia	SA	SA		25	45	SA	0								1	Egypt	EG	EG		27	30	EG	20260529183000	https://krcrtv.com/news/nation-world/president-donald-trump-says-he-is-meeting-in-white-house-situation-room-to-make-final-determination-on-iran-agreement-tehran-enriched-uranium-nuclear-weapons-bombs-strait-of-hormuz-oil-gas-prices-naval-blockade
1306569268	20260529	202605	2026	2026.4082	MIL	COAST GUARD						MIL													0	110	110	11	3	-2.0	10	1	10	-2.9126213592233	2	Tennessee, United States	US	USTN		35.7449	-86.7489	TN	0								2	Tennessee, United States	US	USTN		35.7449	-86.7489	TN	20260529183000	https://www.waterwaysjournal.net/2026/05/29/warrior-tom-meeting-stresses-infrastructure/
1306569269	20260529	202605	2026	2026.4082	MIL	NAVY						MIL													0	111	111	11	3	-2.0	1	1	1	2.64965652600589	4	Montecarlo, Toscana, Italy	IT	IT16	18406	43.8667	10.6833	-122237	0								4	Montecarlo, Toscana, Italy	IT	IT16	18406	43.8667	10.6833	-122237	20260529183000	https://www.marieclaire.com/fashion/celebrity-style/ballet-sneaker-trend-outfits-2026/
1306569270	20260529	202605	2026	2026.4082	MIL	CRUISER						MIL													1	193	193	19	4	-10.0	5	1	5	-8.14977973568282	3	Cleveland, Ohio, United States	US	USOH	OH035	41.4995	-81.6954	1066654	0								3	Cleveland, Ohio, United States	US	USOH	OH035	41.4995	-81.6954	1066654	20260529183000	https://www.cleveland19.com/2026/05/29/cleveland-police-give-update-suspect-who-injured-several-officers/
1306569271	20260529	202605	2026	2026.4082	MIL	MILITARY						MIL			AFG	AFGHANISTAN	AFG								0	043	043	04	1	2.8	5	1	5	2.65282583621684	1	Afghanistan	AF	AF		33	66	AF	1	Afghanistan	AF	AF		33	66	AF	1	Afghanistan	AF	AF		33	66	AF	20260529183000	https://www.ric.edu/news/mother-son
1306569272	20260529	202605	2026	2026.4082	MIL	NAVY						MIL			AUS	AUSTRALIA	AUS								0	071	071	07	2	7.4	2	1	2	0.12787723785166	4	Beijing, Beijing, China	CH	CH22	13001	39.9289	116.388	-1898541	4	Canberra, Australian Capital Territory, Australia	AS	AS01	4940	-35.2833	149.217	-1563952	4	Canberra, Australian Capital Territory, Australia	AS	AS01	4940	-35.2833	149.217	-1563952	20260529183000	https://www.manilatimes.net/2026/05/30/world/asia-oceania/pngs-marape-says-no-foreign-bases-as-australias-defense-presence-grows/2354693
1306569273	20260529	202605	2026	2026.4082	MIL	CRUISER						MIL			COP	POLICE						COP			1	010	010	01	1	0.0	5	1	5	-8.14977973568282	3	Cleveland, Ohio, United States	US	USOH	OH035	41.4995	-81.6954	1066654	3	Cleveland, Ohio, United States	US	USOH	OH035	41.4995	-81.6954	1066654	3	Cleveland, Ohio, United States	US	USOH	OH035	41.4995	-81.6954	1066654	20260529183000	https://www.cleveland19.com/2026/05/29/cleveland-police-give-update-suspect-who-injured-several-officers/
1306569274	20260529	202605	2026	2026.4082	MIL	CRUISER						MIL			COP	POLICE						COP			1	193	193	19	4	-10.0	5	1	5	-8.14977973568282	3	Cleveland, Ohio, United States	US	USOH	OH035	41.4995	-81.6954	1066654	3	Cleveland, Ohio, United States	US	USOH	OH035	41.4995	-81.6954	1066654	3	Cleveland, Ohio, United States	US	USOH	OH035	41.4995	-81.6954	1066654	20260529183000	https://www.cleveland19.com/2026/05/29/cleveland-police-give-update-suspect-who-injured-several-officers/
1306569275	20260529	202605	2026	2026.4082	MIL	CAPTAIN						MIL			MNCUSA	ROYAL CARIBBEAN	USA					MNC			1	111	111	11	3	-2.0	10	1	10	13.6363636363637	0								0								0								20260529183000	https://www.cruisehive.com/celebrity-cruises-unveils-new-loyalty-tiers-and-perks-for-captains-club-members/210414
1306569276	20260529	202605	2026	2026.4082	MIL	ARMY						MIL			NER	NIGER	NER								0	190	190	19	4	-10.0	3	1	3	-3.17460317460317	3	Miami, Florida, United States	US	USFL	FL086	25.7743	-80.1937	295004	3	Miami, Florida, United States	US	USFL	FL086	25.7743	-80.1937	295004	3	White House, District of Columbia, United States	US	USDC		38.8951	-77.0364	531871	20260529183000	https://www.foxnews.com/politics/dem-rep-frederica-wilson-announces-retirement-days-after-denying-crazy-rumor-she-would-leave-congress
1306569277	20260529	202605	2026	2026.4082	MIL	COAST GUARD						MIL			USA	UNITED STATES	USA								0	010	010	01	1	0.0	8	1	8	2.48138957816378	3	Washington, District of Columbia, United States	US	USDC	DC001	38.8951	-77.0364	531871	3	Washington, District of Columbia, United States	US	USDC	DC001	38.8951	-77.0364	531871	3	Washington, District of Columbia, United States	US	USDC	DC001	38.8951	-77.0364	531871	20260529183000	https://www.waterwaysjournal.net/2026/05/29/washington-waves-6/
1306569278	20260529	202605	2026	2026.4082	MIL	ARMY						MIL			USA	MIAMI	USA								0	190	190	19	4	-10.0	3	1	3	-3.17460317460317	3	Miami, Florida, United States	US	USFL	FL086	25.7743	-80.1937	295004	3	Miami, Florida, United States	US	USFL	FL086	25.7743	-80.1937	295004	3	White House, District of Columbia, United States	US	USDC		38.8951	-77.0364	531871	20260529183000	https://www.foxnews.com/politics/dem-rep-frederica-wilson-announces-retirement-days-after-denying-crazy-rumor-she-would-leave-congress
1306569279	20260529	202605	2026	2026.4082	MIL	ARMY						MIL			USA	UNITED STATES	USA								0	190	190	19	4	-10.0	2	1	2	-3.17460317460317	3	Miami, Florida, United States	US	USFL	FL086	25.7743	-80.1937	295004	2	Florida, United States	US	USFL		27.8333	-81.717	FL	3	Broward County, Florida, United States	US	USFL		26.1504	-80.4831	295753	20260529183000	https://www.foxnews.com/politics/dem-rep-frederica-wilson-announces-retirement-days-after-denying-crazy-rumor-she-would-leave-congress
1306569280	20260529	202605	2026	2026.4082	MIL	ARMY						MIL			USA	UNITED STATES	USA								0	190	190	19	4	-10.0	2	1	2	-3.17460317460317	3	Miami, Florida, United States	US	USFL	FL086	25.7743	-80.1937	295004	2	Florida, United States	US	USFL		27.8333	-81.717	FL	3	Washington, District of Columbia, United States	US	USDC	DC001	38.8951	-77.0364	531871	20260529183000	https://www.foxnews.com/politics/dem-rep-frederica-wilson-announces-retirement-days-after-denying-crazy-rumor-she-would-leave-congress
1306569281	20260529	202605	2026	2026.4082	MILHLH	AIR FORCE						MIL	HLH		AFG	AFGHANISTAN	AFG								1	154	154	15	4	-7.2	6	1	6	2.65282583621684	2	Rhode Island, United States	US	USRI		41.6772	-71.5101	RI	2	Rhode Island, United States	US	USRI		41.6772	-71.5101	RI	2	Rhode Island, United States	US	USRI		41.6772	-71.5101	RI	20260529183000	https://www.ric.edu/news/mother-son
1306569282	20260529	202605	2026	2026.4082	MNC	CHEVRON						MNC													0	130	130	13	3	-4.4	6	1	6	-2.23953261927946	2	California, United States	US	USCA		36.17	-119.746	CA	0								2	California, United States	US	USCA		36.17	-119.746	CA	20260529183000	https://www.nbcnews.com/business/energy/oil-monthly-drop-gas-prices-fall-rcna347518
1306569283	20260529	202605	2026	2026.4082	MNC	CHEVRON						MNC			IRN	IRAN	IRN								0	130	130	13	3	-4.4	4	1	4	-2.23953261927946	1	Iran	IR	IR		32	53	IR	1	Iran	IR	IR		32	53	IR	1	Iran	IR	IR		32	53	IR	20260529183000	https://www.nbcnews.com/business/energy/oil-monthly-drop-gas-prices-fall-rcna347518
1306569284	20260529	202605	2026	2026.4082	MNCJPN	SONY	JPN					MNC			FRA	CANNES	FRA								1	010	010	01	1	0.0	3	1	3	2.21238938053098	1	United States	US	US		39.828175	-98.5795	US	1	United States	US	US		39.828175	-98.5795	US	1	United States	US	US		39.828175	-98.5795	US	20260529183000	https://deadline.com/2026/05/paramount-florence-pugh-midnight-library-1236930260/
1306569285	20260529	202605	2026	2026.4082	MNCUSA	CONOCOPHILLIPS	USA					MNC			USA	UNITED STATES	USA								1	010	010	01	1	0.0	1	1	1	2.80612244897959	2	Alaska, United States	US	USAK		61.385	-152.268	AK	2	Alaska, United States	US	USAK		61.385	-152.268	AK	3	North Slope, Alaska, United States	US	USAK		69	-152	1895952	20260529183000	https://alaska-native-news.com/state-of-alaska-secures-win-in-fight-for-transparency-around-oil-development/84276/
1306569286	20260529	202605	2026	2026.4082	MNCUSA	CONOCOPHILLIPS	USA					MNC			USA	UNITED STATES	USA								1	010	010	01	1	0.0	1	1	1	2.80612244897959	2	Alaska, United States	US	USAK		61.385	-152.268	AK	2	Alaska, United States	US	USAK		61.385	-152.268	AK	2	Alaska, United States	US	USAK		61.385	-152.268	AK	20260529183000	https://alaska-native-news.com/state-of-alaska-secures-win-in-fight-for-transparency-around-oil-development/84276/
1306569287	20260529	202605	2026	2026.4082	MOS	ISLAMIC				MOS					CHR	CHRISTIAN				CHR					0	010	010	01	1	0.0	3	1	3	-6.5891472868217	4	Fulani, Zamfara, Nigeria	NI	NI57	191424	12.2658	6.63738	-2029580	1	United Kingdom	UK	UK		54	-4	UK	1	United Kingdom	UK	UK		54	-4	UK	20260529183000	https://www.foxnews.com/world/christian-farming-communities-under-siege-us-report-names-fulani-militants-nigerias-deadliest-threat
1306569288	20260529	202605	2026	2026.4082	MOS	ISLAMIC				MOS					CHR	CHRISTIAN				CHR					0	010	010	01	1	0.0	4	1	4	-6.5891472868217	1	United Kingdom	UK	UK		54	-4	UK	1	United Kingdom	UK	UK		54	-4	UK	1	United Kingdom	UK	UK		54	-4	UK	20260529183000	https://www.foxnews.com/world/christian-farming-communities-under-siege-us-report-names-fulani-militants-nigerias-deadliest-threat
1306569289	20260529	202605	2026	2026.4082	MOZ	MOZAMBIQUE	MOZ								CRM	CARTEL						CRM			0	020	020	02	1	3.0	1	1	1	-4	4	Sinaloa, Tabasco, Mexico	MX	MX27		18.4917	-93.75	6226960	4	Swartberg, KwaZulu-Natal, South Africa	SF	SF02	77352	-30.2384	29.3408	-1288680	4	Swartberg, KwaZulu-Natal, South Africa	SF	SF02	77352	-30.2384	29.3408	-1288680	20260529183000	https://www.dailymaverick.co.za/article/2026-05-29-phala-phala-impeachment-committee-revealed-a-kruger-park-tragedy-and-bold-local-flavours/
1306569290	20260529	202605	2026	2026.4082	MOZ	MOZAMBIQUE	MOZ								CRM	CARTEL						CRM			0	020	020	02	1	3.0	3	1	3	-4	1	Mozambique	MZ	MZ		-18.25	35	MZ	4	Swartberg, KwaZulu-Natal, South Africa	SF	SF02	77352	-30.2384	29.3408	-1288680	4	Swartberg, KwaZulu-Natal, South Africa	SF	SF02	77352	-30.2384	29.3408	-1288680	20260529183000	https://www.dailymaverick.co.za/article/2026-05-29-phala-phala-impeachment-committee-revealed-a-kruger-park-tragedy-and-bold-local-flavours/
1306569291	20260529	202605	2026	2026.4082	MOZ	MOZAMBIQUE	MOZ								CRM	CARTEL						CRM			0	020	020	02	1	3.0	1	1	1	-4	1	Mozambique	MZ	MZ		-18.25	35	MZ	4	Swartberg, KwaZulu-Natal, South Africa	SF	SF02	77352	-30.2384	29.3408	-1288680	1	Mozambique	MZ	MZ		-18.25	35	MZ	20260529183000	https://www.dailymaverick.co.za/article/2026-05-29-phala-phala-impeachment-committee-revealed-a-kruger-park-tragedy-and-bold-local-flavours/
1306569292	20260529	202605	2026	2026.4082	NER	NIGER	NER								MIL	ARMY						MIL			0	190	190	19	4	-10.0	3	1	3	-3.17460317460317	1	Niger	NG	NG		16	8	NG	3	Miami, Florida, United States	US	USFL	FL086	25.7743	-80.1937	295004	3	Miami, Florida, United States	US	USFL	FL086	25.7743	-80.1937	295004	20260529183000	https://www.foxnews.com/politics/dem-rep-frederica-wilson-announces-retirement-days-after-denying-crazy-rumor-she-would-leave-congress
1306569293	20260529	202605	2026	2026.4082	NER	NIGER	NER								USA	UNITED STATES	USA								0	190	190	19	4	-10.0	1	1	1	-3.17460317460317	2	Florida, United States	US	USFL		27.8333	-81.717	FL	3	Miami, Florida, United States	US	USFL	FL086	25.7743	-80.1937	295004	2	Florida, United States	US	USFL		27.8333	-81.717	FL	20260529183000	https://www.foxnews.com/politics/dem-rep-frederica-wilson-announces-retirement-days-after-denying-crazy-rumor-she-would-leave-congress
1306569294	20260529	202605	2026	2026.4082	NER	NIGER	NER								USA	MIAMI	USA								0	190	190	19	4	-10.0	3	1	3	-3.17460317460317	1	Niger	NG	NG		16	8	NG	3	Miami, Florida, United States	US	USFL	FL086	25.7743	-80.1937	295004	3	Miami, Florida, United States	US	USFL	FL086	25.7743	-80.1937	295004	20260529183000	https://www.foxnews.com/politics/dem-rep-frederica-wilson-announces-retirement-days-after-denying-crazy-rumor-she-would-leave-congress
1306569295	20260529	202605	2026	2026.4082	NER	NIGER	NER								USA	UNITED STATES	USA								0	190	190	19	4	-10.0	1	1	1	-3.17460317460317	1	Niger	NG	NG		16	8	NG	3	Miami, Florida, United States	US	USFL	FL086	25.7743	-80.1937	295004	1	Niger	NG	NG		16	8	NG	20260529183000	https://www.foxnews.com/politics/dem-rep-frederica-wilson-announces-retirement-days-after-denying-crazy-rumor-she-would-leave-congress
1306569296	20260529	202605	2026	2026.4082	NGA	ABUJA	NGA																		0	036	036	03	1	4.0	6	1	6	-0.30674846625767	4	Abuja, Abuja Federal Capital Territory, Nigeria	NI	NI11	191147	9.08333	7.53333	-1997013	0								4	Abuja, Abuja Federal Capital Territory, Nigeria	NI	NI11	191147	9.08333	7.53333	-1997013	20260529183000	https://thesun.ng/take-ownership-of-our-achievements-gov-mbah-charges-enugu-people/
1306569297	20260529	202605	2026	2026.4082	NGA	NIGERIA	NGA																		0	036	036	03	1	4.0	2	1	2	-0.30674846625767	4	Abuja, Abuja Federal Capital Territory, Nigeria	NI	NI11	191147	9.08333	7.53333	-1997013	0								4	Enugu, Enugu, Nigeria	NI	NI47	191302	6.4402	7.4943	-2006530	20260529183000	https://thesun.ng/take-ownership-of-our-achievements-gov-mbah-charges-enugu-people/
1306569298	20260529	202605	2026	2026.4082	NGA	ABUJA	NGA																		0	036	036	03	1	4.0	2	1	2	-0.30674846625767	4	Ezeagu, Enugu, Nigeria	NI	NI47	22761	6.3832	7.2898	-2006878	0								4	Ezeagu, Enugu, Nigeria	NI	NI47	22761	6.3832	7.2898	-2006878	20260529183000	https://thesun.ng/take-ownership-of-our-achievements-gov-mbah-charges-enugu-people/
1306569299	20260529	202605	2026	2026.4082	NGA	NIGERIA	NGA																		0	046	046	04	1	7.0	4	1	4	3.72262773722628	4	Adamawa, Nigeria (general), Nigeria	NI	NI00	23118	11.4833	10.9667	-1997189	0								4	Adamawa, Nigeria (general), Nigeria	NI	NI00	23118	11.4833	10.9667	-1997189	20260529183000	https://www.girlsnotbrides.org/en/articles/northern-nigeria-communities-driving-progress-end-child-marriage/
1306569300	20260529	202605	2026	2026.4082	NGA	NIGERIA	NGA																		0	046	046	04	1	7.0	2	1	2	3.72262773722628	4	Adamawa, Nigeria (general), Nigeria	NI	NI00	23118	11.4833	10.9667	-1997189	0								4	Bauchi, Bauchi, Nigeria	NI	NI46	22661	10.3134	9.84327	-2002330	20260529183000	https://www.girlsnotbrides.org/en/articles/northern-nigeria-communities-driving-progress-end-child-marriage/
1306569301	20260529	202605	2026	2026.4082	NGA	NIGERIA	NGA																		1	073	073	07	2	7.4	2	1	2	-0.30674846625767	4	Enugu, Enugu, Nigeria	NI	NI47	191302	6.4402	7.4943	-2006530	0								4	Enugu, Enugu, Nigeria	NI	NI47	191302	6.4402	7.4943	-2006530	20260529183000	https://thesun.ng/take-ownership-of-our-achievements-gov-mbah-charges-enugu-people/
1306569302	20260529	202605	2026	2026.4082	NGA	NIGERIA	NGA																		1	112	112	11	3	-2.0	4	1	4	-3.74707259953162	4	Kaduna, Kaduna, Nigeria	NI	NI23	22832	10.5231	7.44028	-2014086	0								4	Kaduna, Kaduna, Nigeria	NI	NI23	22832	10.5231	7.44028	-2014086	20260529183000	https://thesun.ng/nigeria-sliding-back-to-abacha-era-gbenga-hashim/
1306569303	20260529	202605	2026	2026.4082	NGA	NIGERIA	NGA								CVL	CIVIL SOCIETY						CVL			1	013	013	01	1	0.4	10	1	10	3.72262773722628	4	Bauchi, Bauchi, Nigeria	NI	NI46	22661	10.3134	9.84327	-2002330	4	Bauchi, Bauchi, Nigeria	NI	NI46	22661	10.3134	9.84327	-2002330	4	Bauchi, Bauchi, Nigeria	NI	NI46	22661	10.3134	9.84327	-2002330	20260529183000	https://www.girlsnotbrides.org/en/articles/northern-nigeria-communities-driving-progress-end-child-marriage/
1306569304	20260529	202605	2026	2026.4082	NGA	NIGERIA	NGA								CVL	CIVIL SOCIETY						CVL			1	051	051	05	1	3.4	10	1	10	3.72262773722628	4	Bauchi, Bauchi, Nigeria	NI	NI46	22661	10.3134	9.84327	-2002330	4	Bauchi, Bauchi, Nigeria	NI	NI46	22661	10.3134	9.84327	-2002330	4	Bauchi, Bauchi, Nigeria	NI	NI46	22661	10.3134	9.84327	-2002330	20260529183000	https://www.girlsnotbrides.org/en/articles/northern-nigeria-communities-driving-progress-end-child-marriage/
1306569305	20260529	202605	2026	2026.4082	NGA	NIGERIA	NGA								CVL	CIVIL SOCIETY						CVL			0	051	051	05	1	3.4	10	1	10	3.72262773722628	4	Kaduna, Kaduna, Nigeria	NI	NI23	22832	10.5231	7.44028	-2014086	4	Kaduna, Kaduna, Nigeria	NI	NI23	22832	10.5231	7.44028	-2014086	4	Kaduna, Kaduna, Nigeria	NI	NI23	22832	10.5231	7.44028	-2014086	20260529183000	https://www.girlsnotbrides.org/en/articles/northern-nigeria-communities-driving-progress-end-child-marriage/
1306569306	20260529	202605	2026	2026.4082	NGA	NIGERIA	NGA								CVL	CIVIL SOCIETY						CVL			1	100	100	10	3	-5.0	10	1	10	3.72262773722628	4	Bauchi, Bauchi, Nigeria	NI	NI46	22661	10.3134	9.84327	-2002330	4	Bauchi, Bauchi, Nigeria	NI	NI46	22661	10.3134	9.84327	-2002330	4	Bauchi, Bauchi, Nigeria	NI	NI46	22661	10.3134	9.84327	-2002330	20260529183000	https://www.girlsnotbrides.org/en/articles/northern-nigeria-communities-driving-progress-end-child-marriage/
1306569307	20260529	202605	2026	2026.4082	NGA	NIGERIA	NGA								GOV	ADMINISTRATION						GOV			1	017	017	01	1	0.0	8	1	8	-0.30674846625767	4	Enugu, Enugu, Nigeria	NI	NI47	191302	6.4402	7.4943	-2006530	4	Enugu, Enugu, Nigeria	NI	NI47	191302	6.4402	7.4943	-2006530	4	Enugu, Enugu, Nigeria	NI	NI47	191302	6.4402	7.4943	-2006530	20260529183000	https://thesun.ng/take-ownership-of-our-achievements-gov-mbah-charges-enugu-people/
1306569308	20260529	202605	2026	2026.4082	NGA	NIGERIA	NGA								GOV	ADMINISTRATION						GOV			1	040	040	04	1	1.0	8	1	8	-0.30674846625767	4	Enugu, Enugu, Nigeria	NI	NI47	191302	6.4402	7.4943	-2006530	4	Enugu, Enugu, Nigeria	NI	NI47	191302	6.4402	7.4943	-2006530	4	Enugu, Enugu, Nigeria	NI	NI47	191302	6.4402	7.4943	-2006530	20260529183000	https://thesun.ng/take-ownership-of-our-achievements-gov-mbah-charges-enugu-people/
1306569309	20260529	202605	2026	2026.4082	NGA	NIGERIA	NGA								NGACOP	NIGERIA	NGA					COP			0	051	051	05	1	3.4	4	1	4	-0.30674846625767	4	Enugu, Enugu, Nigeria	NI	NI47	191302	6.4402	7.4943	-2006530	4	Enugu, Enugu, Nigeria	NI	NI47	191302	6.4402	7.4943	-2006530	4	Enugu, Enugu, Nigeria	NI	NI47	191302	6.4402	7.4943	-2006530	20260529183000	https://thesun.ng/take-ownership-of-our-achievements-gov-mbah-charges-enugu-people/
1306569310	20260529	202605	2026	2026.4082	NGA	NIGERIA	NGA								NGAGOV	NIGERIA	NGA					GOV			1	073	073	07	2	7.4	3	1	3	-4.23452768729642	5	Oyo State, Oyo, Nigeria	NI	NI32	191166	8	4	-2024630	5	Oyo State, Oyo, Nigeria	NI	NI32	191166	8	4	-2024630	5	Oyo State, Oyo, Nigeria	NI	NI32	191166	8	4	-2024630	20260529183000	https://thesun.ng/oyo-abduction-verydarkman-issues-4-day-ultimatum-to-fg/
1306569311	20260529	202605	2026	2026.4082	NGA	NIGERIA	NGA								NGAGOV	NIGERIA	NGA					GOV			1	139	139	13	3	-7.0	3	1	3	-4.23452768729642	5	Oyo State, Oyo, Nigeria	NI	NI32	191166	8	4	-2024630	5	Oyo State, Oyo, Nigeria	NI	NI32	191166	8	4	-2024630	5	Oyo State, Oyo, Nigeria	NI	NI32	191166	8	4	-2024630	20260529183000	https://thesun.ng/oyo-abduction-verydarkman-issues-4-day-ultimatum-to-fg/
1306569312	20260529	202605	2026	2026.4082	NGACRM	NIGERIA	NGA					CRM			MOS	MUSLIM				MOS					0	190	190	19	4	-10.0	2	1	2	-6.5891472868217	4	Middle Belt, Nigeria (general), Nigeria	NI	NI00	191192	8	8	-2019662	4	Middle Belt, Nigeria (general), Nigeria	NI	NI00	191192	8	8	-2019662	4	Middle Belt, Nigeria (general), Nigeria	NI	NI00	191192	8	8	-2019662	20260529183000	https://www.foxnews.com/world/christian-farming-communities-under-siege-us-report-names-fulani-militants-nigerias-deadliest-threat
1306569313	20260529	202605	2026	2026.4082	NGAGOV	NIGERIAN	NGA					GOV													1	073	073	07	2	7.4	7	1	7	-4.23452768729642	5	Oyo State, Oyo, Nigeria	NI	NI32	191166	8	4	-2024630	0								5	Oyo State, Oyo, Nigeria	NI	NI32	191166	8	4	-2024630	20260529183000	https://thesun.ng/oyo-abduction-verydarkman-issues-4-day-ultimatum-to-fg/
1306569314	20260529	202605	2026	2026.4082	NGAGOV	NIGERIAN	NGA					GOV													1	139	139	13	3	-7.0	6	1	6	-4.23452768729642	5	Oyo State, Oyo, Nigeria	NI	NI32	191166	8	4	-2024630	0								5	Oyo State, Oyo, Nigeria	NI	NI32	191166	8	4	-2024630	20260529183000	https://thesun.ng/oyo-abduction-verydarkman-issues-4-day-ultimatum-to-fg/
1306569315	20260529	202605	2026	2026.4082	NGAGOV	NIGERIA	NGA					GOV			NGA	NIGERIAN	NGA								0	020	020	02	1	3.0	4	1	4	-6.5891472868217	4	Middle Belt, Nigeria (general), Nigeria	NI	NI00	191192	8	8	-2019662	4	Middle Belt, Nigeria (general), Nigeria	NI	NI00	191192	8	8	-2019662	4	Middle Belt, Nigeria (general), Nigeria	NI	NI00	191192	8	8	-2019662	20260529183000	https://www.foxnews.com/world/christian-farming-communities-under-siege-us-report-names-fulani-militants-nigerias-deadliest-threat
1306569316	20260529	202605	2026	2026.4082	NGOHRI	HUMAN RIGHTS ORGANIZATION						NGO	HRI												0	203	203	20	4	-10.0	2	1	2	-3.56536502546689	4	Jordan Valley, Israel (general), Israel	IS	IS00	18314	32.6667	35.5	-2542918	0								4	Jordan Valley, Israel (general), Israel	IS	IS00	18314	32.6667	35.5	-2542918	20260529183000	https://timesofoman.com/article/172357-iran-war-us-to-lift-naval-blockade-of-ports-trump-says
1306569317	20260529	202605	2026	2026.4082	NGOHRIHRW	HUMAN RIGHTS WATCH		HRW				NGO	HRI												0	173	173	17	4	-5.0	5	1	5	-4.90593876798229	4	Novosibirsk, Novosibirskaya Oblast', Russia	RS	RS53	25082	55.0411	82.9344	-2970528	0								4	Novosibirsk, Novosibirskaya Oblast', Russia	RS	RS53	25082	55.0411	82.9344	-2970528	20260529183000	https://www.washingtonblade.com/2026/05/29/nine-russian-lgbtq-groups-deemed-extremist-banned/
1306569318	20260529	202605	2026	2026.4082	NLD	LEYDEN	NLD																		1	014	014	01	1	0.0	1	1	1	1.19165839126118	3	Town Hall, Massachusetts, United States	US	USMA	MA023	42.0654	-70.8661	614014	0								3	Town Hall, Massachusetts, United States	US	USMA		42.0654	-70.8661	614014	20260529183000	https://recorder.com/2026/05/29/leyden-town-meeting-to-tackle-2-35m-budget-school-assessments/
1306569319	20260529	202605	2026	2026.4082	NLD	LEYDEN	NLD																		1	014	014	01	1	0.0	1	1	1	1.19165839126118	2	Massachusetts, United States	US	USMA		42.2373	-71.5314	MA	0								2	Massachusetts, United States	US	USMA		42.2373	-71.5314	MA	20260529183000	https://recorder.com/2026/05/29/leyden-town-meeting-to-tackle-2-35m-budget-school-assessments/
1306569320	20260529	202605	2026	2026.4082	NLD	LEYDEN	NLD								EDU	SCHOOL						EDU			1	010	010	01	1	0.0	1	1	1	1.19165839126118	3	Bernardston, Massachusetts, United States	US	USMA	MA011	42.6709	-72.5495	608710	3	Bernardston, Massachusetts, United States	US	USMA	MA011	42.6709	-72.5495	608710	3	Bernardston, Massachusetts, United States	US	USMA	MA011	42.6709	-72.5495	608710	20260529183000	https://recorder.com/2026/05/29/leyden-town-meeting-to-tackle-2-35m-budget-school-assessments/
1306569321	20260529	202605	2026	2026.4082	NLD	LEYDEN	NLD								EDU	SCHOOL						EDU			1	010	010	01	1	0.0	4	1	4	1.19165839126118	3	Bernardston, Massachusetts, United States	US	USMA	MA011	42.6709	-72.5495	608710	2	Massachusetts, United States	US	USMA		42.2373	-71.5314	MA	2	Massachusetts, United States	US	USMA		42.2373	-71.5314	MA	20260529183000	https://recorder.com/2026/05/29/leyden-town-meeting-to-tackle-2-35m-budget-school-assessments/
1306569322	20260529	202605	2026	2026.4082	NMR	NORTH AMERICA	NMR																		1	036	036	03	1	4.0	2	1	2	-3.02690582959641	3	Phoenix, Arizona, United States	US	USAZ	AZ013	33.4484	-112.074	44784	0								3	Phoenix, Arizona, United States	US	USAZ	AZ013	33.4484	-112.074	44784	20260529183000	https://www.knac.com/news/news/arch-enemy-the-black-dahlia-murder-announce-co-headline-tour-this-fall/
1306569323	20260529	202605	2026	2026.4082	NMR	NORTH AMERICA	NMR																		1	043	043	04	1	2.8	2	1	2	-3.02690582959641	3	Phoenix, Arizona, United States	US	USAZ	AZ013	33.4484	-112.074	44784	0								3	Phoenix, Arizona, United States	US	USAZ	AZ013	33.4484	-112.074	44784	20260529183000	https://www.knac.com/news/news/arch-enemy-the-black-dahlia-murder-announce-co-headline-tour-this-fall/
1306569324	20260529	202605	2026	2026.4082	NMR	NORTH AMERICA	NMR																		1	084	084	08	2	7.0	2	1	2	1.55038759689923	1	Japan	JA	JA		36	138	JA	0								1	Japan	JA	JA		36	138	JA	20260529183000	https://www.cartoonbrew.com/anime/adolescence-of-utena-gkids-kunihiko-ikuhara-261791.html
1306569325	20260529	202605	2026	2026.4082	NMR	NORTH AMERICA	NMR								USA	UNITED STATES	USA								1	036	036	03	1	4.0	2	1	2	-3.02690582959641	3	Phoenix, Arizona, United States	US	USAZ	AZ013	33.4484	-112.074	44784	3	Phoenix, Arizona, United States	US	USAZ	AZ013	33.4484	-112.074	44784	3	Phoenix, Arizona, United States	US	USAZ	AZ013	33.4484	-112.074	44784	20260529183000	https://www.knac.com/news/news/arch-enemy-the-black-dahlia-murder-announce-co-headline-tour-this-fall/
1306569326	20260529	202605	2026	2026.4082	NMR	NORTH AMERICA	NMR								USA	UNITED STATES	USA								1	043	043	04	1	2.8	2	1	2	-3.02690582959641	3	Phoenix, Arizona, United States	US	USAZ	AZ013	33.4484	-112.074	44784	3	Phoenix, Arizona, United States	US	USAZ	AZ013	33.4484	-112.074	44784	3	Phoenix, Arizona, United States	US	USAZ	AZ013	33.4484	-112.074	44784	20260529183000	https://www.knac.com/news/news/arch-enemy-the-black-dahlia-murder-announce-co-headline-tour-this-fall/
1306569327	20260529	202605	2026	2026.4082	NPL	NEPAL	NPL																		0	010	010	01	1	0.0	8	1	4	1.05485232067511	4	Balaju, Nepal (general), Nepal	NP	NP00	22353	27.7333	85.3	-1021673	0								4	Balaju, Nepal (general), Nepal	NP	NP00	22353	27.7333	85.3	-1021673	20260529183000	https://kathmandupost.com/national/2026/05/29/budget-offers-10-year-tax-holiday-for-cinema-halls-outside-major-cities-film-sector-welcomes-move
1306569328	20260529	202605	2026	2026.4082	NPL	NEPAL	NPL																		0	020	020	02	1	3.0	4	1	4	1.05485232067511	4	Balaju, Nepal (general), Nepal	NP	NP00	22353	27.7333	85.3	-1021673	0								4	Balaju, Nepal (general), Nepal	NP	NP00	22353	27.7333	85.3	-1021673	20260529183000	https://kathmandupost.com/national/2026/05/29/budget-offers-10-year-tax-holiday-for-cinema-halls-outside-major-cities-film-sector-welcomes-move
1306569329	20260529	202605	2026	2026.4082	NPL	NEPAL	NPL								BUS	INVESTOR						BUS			1	012	012	01	1	-0.4	10	1	10	1.05485232067511	4	Balaju, Nepal (general), Nepal	NP	NP00	22353	27.7333	85.3	-1021673	4	Balaju, Nepal (general), Nepal	NP	NP00	22353	27.7333	85.3	-1021673	4	Balaju, Nepal (general), Nepal	NP	NP00	22353	27.7333	85.3	-1021673	20260529183000	https://kathmandupost.com/national/2026/05/29/budget-offers-10-year-tax-holiday-for-cinema-halls-outside-major-cities-film-sector-welcomes-move
1306569330	20260529	202605	2026	2026.4082	NPL	NEPAL	NPL								BUS	INVESTOR						BUS			1	013	013	01	1	0.4	2	1	2	1.05485232067511	4	Balaju, Nepal (general), Nepal	NP	NP00	22353	27.7333	85.3	-1021673	4	Balaju, Nepal (general), Nepal	NP	NP00	22353	27.7333	85.3	-1021673	4	Balaju, Nepal (general), Nepal	NP	NP00	22353	27.7333	85.3	-1021673	20260529183000	https://kathmandupost.com/national/2026/05/29/budget-offers-10-year-tax-holiday-for-cinema-halls-outside-major-cities-film-sector-welcomes-move
1306569331	20260529	202605	2026	2026.4082	NPL	NEPAL	NPL								BUS	INVESTOR						BUS			1	013	013	01	1	0.4	6	1	6	1.05485232067511	4	Balaju, Nepal (general), Nepal	NP	NP00	22353	27.7333	85.3	-1021673	4	Dolakha, Nepal (general), Nepal	NP	NP00	22352	27.6791	86.0743	-1021939	4	Balaju, Nepal (general), Nepal	NP	NP00	22353	27.7333	85.3	-1021673	20260529183000	https://kathmandupost.com/national/2026/05/29/budget-offers-10-year-tax-holiday-for-cinema-halls-outside-major-cities-film-sector-welcomes-move
1306569332	20260529	202605	2026	2026.4082	NPL	NEPAL	NPL								BUS	INVESTOR						BUS			1	013	013	01	1	0.4	2	1	2	1.05485232067511	4	Balaju, Nepal (general), Nepal	NP	NP00	22353	27.7333	85.3	-1021673	4	Dolakha, Nepal (general), Nepal	NP	NP00	22352	27.6791	86.0743	-1021939	4	Dolakha, Nepal (general), Nepal	NP	NP00	22352	27.6791	86.0743	-1021939	20260529183000	https://kathmandupost.com/national/2026/05/29/budget-offers-10-year-tax-holiday-for-cinema-halls-outside-major-cities-film-sector-welcomes-move
1306569333	20260529	202605	2026	2026.4082	NPL	NEPAL	NPL								BUS	COMPANY						BUS			0	020	020	02	1	3.0	4	1	4	1.05485232067511	4	Balaju, Nepal (general), Nepal	NP	NP00	22353	27.7333	85.3	-1021673	4	Balaju, Nepal (general), Nepal	NP	NP00	22353	27.7333	85.3	-1021673	4	Balaju, Nepal (general), Nepal	NP	NP00	22353	27.7333	85.3	-1021673	20260529183000	https://kathmandupost.com/national/2026/05/29/budget-offers-10-year-tax-holiday-for-cinema-halls-outside-major-cities-film-sector-welcomes-move
1306569334	20260529	202605	2026	2026.4082	NRMRAC020	CREATIVITY				NRM					USA	RHODE ISLAND	USA								1	010	010	01	1	0.0	9	1	9	0.79787234042553	3	Brown University, Rhode Island, United States	US	USRI	RI007	41.8262	-71.3976	1219651	3	Brown University, Rhode Island, United States	US	USRI		41.8262	-71.3976	1219651	3	Brown University, Rhode Island, United States	US	USRI		41.8262	-71.3976	1219651	20260529183000	https://www.ric.edu/news/sonya-cheteyan-one-1st-earn-degree-artificial-intelligence-ric
1306569335	20260529	202605	2026	2026.4082	OMN	OMAN	OMN								IRN	IRAN	IRN								0	040	040	04	1	1.0	2	1	2	-2.11817168338907	1	Iran	IR	IR		32	53	IR	1	Iran	IR	IR		32	53	IR	1	Iran	IR	IR		32	53	IR	20260529183000	https://www.2news.com/news/national/president-trump-meeting-with-aides-to-make-final-determination-on-moving-forward-with-iran-deal/article_5a53502a-51f6-4a7b-b1cb-0f36d23e3842.html
1306569336	20260529	202605	2026	2026.4082	OMN	OMAN	OMN								IRN	IRAN	IRN								1	051	051	05	1	3.4	10	1	10	0	1	Iran	IR	IR		32	53	IR	1	Iran	IR	IR		32	53	IR	1	Iran	IR	IR		32	53	IR	20260529183000	https://timesofoman.com/article/172358-oman-and-iran-reaffirm-commitment-to-strait-of-hormuz-security
1306569337	20260529	202605	2026	2026.4082	OPP	DETAINEE						OPP													0	043	043	04	1	2.8	6	1	6	-12.9597197898423	2	New Jersey, United States	US	USNJ		40.314	-74.5089	NJ	0								2	New Jersey, United States	US	USNJ		40.314	-74.5089	NJ	20260529183000	https://www.ibtimes.co.uk/hunger-strike-delaney-hall-ice-facility-1799684
1306569338	20260529	202605	2026	2026.4082	OPP	DETAINEE						OPP													1	142	142	14	3	-6.5	1	1	1	-12.9597197898423	3	Newark, New Jersey, United States	US	USNJ	NJ013	40.7357	-74.1724	878762	0								3	Newark, New Jersey, United States	US	USNJ	NJ013	40.7357	-74.1724	878762	20260529183000	https://www.ibtimes.co.uk/hunger-strike-delaney-hall-ice-facility-1799684
1306569339	20260529	202605	2026	2026.4082	OPP	ACTIVIST						OPP													1	190	190	19	4	-10.0	10	1	10	-5.73593073593073	1	Zimbabwe	ZI	ZI		-19	29	ZI	0								1	Zimbabwe	ZI	ZI		-19	29	ZI	20260529183000	https://www.thestandard.co.zw/opinion-amp-analysis/article/200047221/irreversible-pain-how-non-consensual-correctional-surgery-shaped-an-intersex-activists-battle-for-rights
1306569340	20260529	202605	2026	2026.4082	OPP	DETAINEE						OPP			USA	UNITED STATES	USA								0	043	043	04	1	2.8	4	1	4	-12.9597197898423	2	New Jersey, United States	US	USNJ		40.314	-74.5089	NJ	2	New Jersey, United States	US	USNJ		40.314	-74.5089	NJ	2	New Jersey, United States	US	USNJ		40.314	-74.5089	NJ	20260529183000	https://www.ibtimes.co.uk/hunger-strike-delaney-hall-ice-facility-1799684
1306569341	20260529	202605	2026	2026.4082	OPP	DETAINEE						OPP			USA	NEW JERSEY	USA								1	142	142	14	3	-6.5	4	1	4	-12.9597197898423	3	Newark, New Jersey, United States	US	USNJ	NJ013	40.7357	-74.1724	878762	3	Newark, New Jersey, United States	US	USNJ	NJ013	40.7357	-74.1724	878762	3	Newark, New Jersey, United States	US	USNJ	NJ013	40.7357	-74.1724	878762	20260529183000	https://www.ibtimes.co.uk/hunger-strike-delaney-hall-ice-facility-1799684
1306569342	20260529	202605	2026	2026.4082	PAK	PAKISTAN	PAK								USA	UNITED STATES	USA								1	051	051	05	1	3.4	2	1	2	4.51977401129943	4	Islamabad, Islamabad, Pakistan	PK	PK08	23674	33.7	73.1667	-2762812	3	Washington, District of Columbia, United States	US	USDC	DC001	38.8951	-77.0364	531871	4	Islamabad, Islamabad, Pakistan	PK	PK08	23674	33.7	73.1667	-2762812	20260529183000	https://www.geo.tv/latest/666519-dpm-dar-holds-presser-following-meeting-with-rubio-in-washington
1306569343	20260529	202605	2026	2026.4082	PAK	PAKISTAN	PAK								USA	UNITED STATES	USA								1	051	051	05	1	3.4	1	1	1	4.51977401129943	3	Washington, District of Columbia, United States	US	USDC	DC001	38.8951	-77.0364	531871	3	Washington, District of Columbia, United States	US	USDC	DC001	38.8951	-77.0364	531871	3	Washington, District of Columbia, United States	US	USDC	DC001	38.8951	-77.0364	531871	20260529183000	https://www.geo.tv/latest/666519-dpm-dar-holds-presser-following-meeting-with-rubio-in-washington
1306569344	20260529	202605	2026	2026.4082	PAKGOV	PAKISTAN	PAK					GOV			GOV	SECRETARY OF STATE						GOV			0	040	040	04	1	1.0	4	1	4	-1.29107981220658	1	Pakistan	PK	PK		30	70	PK	4	Tehran, Tehran, Iran	IR	IR26	41130	35.75	51.5148	10074674	3	Washington, District of Columbia, United States	US	USDC	DC001	38.8951	-77.0364	531871	20260529183000	https://www.dailymail.com/news/article-15859225/Trump-decide-imminently-Iran-ceasefire-deal.html
1306569345	20260529	202605	2026	2026.4082	PAKGOV	PAKISTAN	PAK					GOV			GOV	SECRETARY OF STATE						GOV			0	040	040	04	1	1.0	12	1	8	-1.29107981220658	1	Pakistan	PK	PK		30	70	PK	3	Washington, District of Columbia, United States	US	USDC	DC001	38.8951	-77.0364	531871	3	Washington, District of Columbia, United States	US	USDC	DC001	38.8951	-77.0364	531871	20260529183000	https://www.dailymail.com/news/article-15859225/Trump-decide-imminently-Iran-ceasefire-deal.html
1306569346	20260529	202605	2026	2026.4082	PAKGOV	PAKISTAN	PAK					GOV			GOV	SECRETARY OF STATE						GOV			0	046	046	04	1	7.0	4	1	4	-1.29107981220658	1	Pakistan	PK	PK		30	70	PK	4	Tehran, Tehran, Iran	IR	IR26	41130	35.75	51.5148	10074674	3	Washington, District of Columbia, United States	US	USDC	DC001	38.8951	-77.0364	531871	20260529183000	https://www.dailymail.com/news/article-15859225/Trump-decide-imminently-Iran-ceasefire-deal.html
1306569347	20260529	202605	2026	2026.4082	PAKGOV	PAKISTAN	PAK					GOV			USAGOV	UNITED STATES	USA					GOV			0	040	040	04	1	1.0	4	1	2	-1.29107981220658	3	Washington, District of Columbia, United States	US	USDC	DC001	38.8951	-77.0364	531871	3	Washington, District of Columbia, United States	US	USDC	DC001	38.8951	-77.0364	531871	3	Washington, District of Columbia, United States	US	USDC	DC001	38.8951	-77.0364	531871	20260529183000	https://www.dailymail.com/news/article-15859225/Trump-decide-imminently-Iran-ceasefire-deal.html
1306569348	20260529	202605	2026	2026.4082	PAKGOV	PAKISTAN	PAK					GOV			USAGOV	UNITED STATES	USA					GOV			0	046	046	04	1	7.0	2	1	2	-1.29107981220658	3	Washington, District of Columbia, United States	US	USDC	DC001	38.8951	-77.0364	531871	3	Washington, District of Columbia, United States	US	USDC	DC001	38.8951	-77.0364	531871	1	Kazakhstan	KZ	KZ		48	68	KZ	20260529183000	https://www.dailymail.com/news/article-15859225/Trump-decide-imminently-Iran-ceasefire-deal.html
1306569349	20260529	202605	2026	2026.4082	PGS	PERSIAN GULF	PGS								USAMIL	THE US	USA					MIL			0	191	191	19	4	-9.5	9	1	9	-4.73251028806585	4	Tehran, Tehran, Iran	IR	IR26	41130	35.75	51.5148	10074674	4	Tehran, Tehran, Iran	IR	IR26	41130	35.75	51.5148	10074674	4	Tehran, Tehran, Iran	IR	IR26	41130	35.75	51.5148	10074674	20260529183000	https://www.presstv.ir/Detail/2026/05/29/769488/Iran-says-no-final-understanding-with-US-yet-rejects-Trump-language-must
1306569350	20260529	202605	2026	2026.4082	PGS	PERSIAN GULF	PGS								USAMIL	THE US	USA					MIL			0	191	191	19	4	-9.5	1	1	1	-4.73251028806585	3	Washington, District of Columbia, United States	US	USDC	DC001	38.8951	-77.0364	531871	4	Tehran, Tehran, Iran	IR	IR26	41130	35.75	51.5148	10074674	4	Tehran, Tehran, Iran	IR	IR26	41130	35.75	51.5148	10074674	20260529183000	https://www.presstv.ir/Detail/2026/05/29/769488/Iran-says-no-final-understanding-with-US-yet-rejects-Trump-language-must
1306569351	20260529	202605	2026	2026.4082	PNGGOV	PAPUA NEW GUINEA	PNG					GOV			FRA	FRANCE	FRA								1	010	010	01	1	0.0	1	1	1	0.12787723785166	4	Beijing, Beijing, China	CH	CH22	13001	39.9289	116.388	-1898541	4	Pacific Island, Solomon Islands (general), Solomon Islands	BP	BP00	18585	-7.91746	156.528	-1545691	4	Pacific Island, Solomon Islands (general), Solomon Islands	BP	BP00	18585	-7.91746	156.528	-1545691	20260529183000	https://www.manilatimes.net/2026/05/30/world/asia-oceania/pngs-marape-says-no-foreign-bases-as-australias-defense-presence-grows/2354693
1306569352	20260529	202605	2026	2026.4082	PNGGOV	PAPUA NEW GUINEA	PNG					GOV			FRA	FRANCE	FRA								1	010	010	01	1	0.0	2	1	2	0.12787723785166	4	Rabaul, East New Britain, Papua New Guinea	PP	PP10	18585	-4.21389	152.176	-2198783	4	Canberra, Australian Capital Territory, Australia	AS	AS01	4940	-35.2833	149.217	-1563952	4	Canberra, Australian Capital Territory, Australia	AS	AS01	4940	-35.2833	149.217	-1563952	20260529183000	https://www.manilatimes.net/2026/05/30/world/asia-oceania/pngs-marape-says-no-foreign-bases-as-australias-defense-presence-grows/2354693
1306569353	20260529	202605	2026	2026.4082	POL	POLAND	POL																		0	030	030	03	1	4.0	5	1	5	0.26690391459075	1	Poland	PL	PL		52	20	PL	0								1	France	FR	FR		46	2	FR	20260529183000	https://www.kyivpost.com/analysis/77117
1306569354	20260529	202605	2026	2026.4082	POL	POLAND	POL								GBR	BRITAIN	GBR								0	030	030	03	1	4.0	8	1	8	0.26690391459075	1	Poland	PL	PL		52	20	PL	1	United Kingdom	UK	UK		54	-4	UK	1	Germany	GM	GM		51.5	10.5	GM	20260529183000	https://www.kyivpost.com/analysis/77117
1306569355	20260529	202605	2026	2026.4082	POL	POLAND	POL								GBR	UNITED KINGDOM	GBR								0	030	030	03	1	4.0	2	1	2	0.26690391459075	1	United Kingdom	UK	UK		54	-4	UK	1	United Kingdom	UK	UK		54	-4	UK	1	Russia	RS	RS		60	100	RS	20260529183000	https://www.kyivpost.com/analysis/77117
1306569356	20260529	202605	2026	2026.4082	PTY	POLITICIAN																			0	011	011	01	1	-0.1	10	1	10	-7.31707317073167	1	United States	US	US		39.828175	-98.5795	US	0								1	United States	US	US		39.828175	-98.5795	US	20260529183000	https://thyblackman.com/2026/05/28/trump-imperial-presidency-america-corruption-fatigue/comment-page-1/
1306569357	20260529	202605	2026	2026.4082	PTY	DEMOCRATIC PARTY																			0	111	111	11	3	-2.0	5	1	5	0	2	New Mexico, United States	US	USNM		34.8375	-106.237	NM	0								2	New Mexico, United States	US	USNM		34.8375	-106.237	NM	20260529183000	https://dailycaller.com/2026/05/29/democrat-gov-dismisses-male-votes-dnc/
1306569358	20260529	202605	2026	2026.4082	PTY	POLITICIAN									GOV	GOVERNMENT						GOV			0	090	090	09	2	-2.0	10	1	10	-7.31707317073167	1	United States	US	US		39.828175	-98.5795	US	1	United States	US	US		39.828175	-98.5795	US	1	United States	US	US		39.828175	-98.5795	US	20260529183000	https://thyblackman.com/2026/05/28/trump-imperial-presidency-america-corruption-fatigue/comment-page-1/
1306569359	20260529	202605	2026	2026.4082	PTY	POLITICIAN									GOV	GOVERNMENT						GOV			0	111	111	11	3	-2.0	10	1	10	-7.31707317073167	1	United States	US	US		39.828175	-98.5795	US	1	United States	US	US		39.828175	-98.5795	US	1	United States	US	US		39.828175	-98.5795	US	20260529183000	https://thyblackman.com/2026/05/28/trump-imperial-presidency-america-corruption-fatigue/comment-page-1/
1306569360	20260529	202605	2026	2026.4082	RAD	EXTREMIST						RAD			EARNRM010	FALUN GONG				NRM					0	100	100	10	3	-5.0	2	1	2	-3.80673499267936	4	Bishkek, Bishkek, Kyrgyzstan	KG	KG01	37216	42.8731	74.6003	-2331392	4	Bishkek, Bishkek, Kyrgyzstan	KG	KG01	37216	42.8731	74.6003	-2331392	4	Bishkek, Bishkek, Kyrgyzstan	KG	KG01	37216	42.8731	74.6003	-2331392	20260529183000	http://www.centralasiatimes.com/news/279089703/kyrgyzstan-secret-police-latest-target-baptists
1306569361	20260529	202605	2026	2026.4082	RAD	EXTREMIST						RAD			EARNRM010	FALUN GONG				NRM					0	100	100	10	3	-5.0	5	1	5	-3.80673499267936	1	China	CH	CH		35	105	CH	1	China	CH	CH		35	105	CH	1	China	CH	CH		35	105	CH	20260529183000	http://www.centralasiatimes.com/news/279089703/kyrgyzstan-secret-police-latest-target-baptists
1306569362	20260529	202605	2026	2026.4082	RAD	EXTREMIST						RAD			JUD	PROSECUTOR						JUD			0	172	172	17	4	-5.0	10	1	10	-3.80673499267936	4	Bishkek, Bishkek, Kyrgyzstan	KG	KG01	37216	42.8731	74.6003	-2331392	4	Bishkek, Bishkek, Kyrgyzstan	KG	KG01	37216	42.8731	74.6003	-2331392	4	Bishkek, Bishkek, Kyrgyzstan	KG	KG01	37216	42.8731	74.6003	-2331392	20260529183000	http://www.centralasiatimes.com/news/279089703/kyrgyzstan-secret-police-latest-target-baptists
1306569363	20260529	202605	2026	2026.4082	REB	REBELLION						REB													1	046	046	04	1	7.0	2	1	2	-2.58690379951495	1	France	FR	FR		46	2	FR	0								1	France	FR	FR		46	2	FR	20260529183000	https://strangehorizons.com/wordpress/non-fiction/the-witch-by-marie-ndiaye/
1306569364	20260529	202605	2026	2026.4082	REB	REBELLION						REB													1	046	046	04	1	7.0	3	1	3	-2.58690379951495	1	Jordan	JO	JO		31	36	JO	0								1	Jordan	JO	JO		31	36	JO	20260529183000	https://strangehorizons.com/wordpress/non-fiction/the-witch-by-marie-ndiaye/
1306569365	20260529	202605	2026	2026.4082	REF	DISPLACED PERSON						REF			ARM	ARMENIA	ARM								0	042	042	04	1	1.9	1	1	1	-3.46779900920029	4	Karabakh, Dagestan, Russia	RS	RS17	25069	42.4692	46.8645	-2920856	4	Yerevan, Yerevan*, Armenia	AM	AM11	4936	40.1811	44.5136	-2325645	4	Yerevan, Yerevan*, Armenia	AM	AM11	4936	40.1811	44.5136	-2325645	20260529183000	https://www.eng.kavkaz-uzel.eu/articles/75689
1306569366	20260529	202605	2026	2026.4082	REF	DISPLACED PERSON						REF			ARM	ARMENIA	ARM								0	042	042	04	1	1.9	3	1	3	-3.46779900920029	4	Karabakh, Dagestan, Russia	RS	RS17	25069	42.4692	46.8645	-2920856	4	Yerevan, Yerevan*, Armenia	AM	AM11	4936	40.1811	44.5136	-2325645	4	Karabakh, Dagestan, Russia	RS	RS17	25069	42.4692	46.8645	-2920856	20260529183000	https://www.eng.kavkaz-uzel.eu/articles/75689
1306569367	20260529	202605	2026	2026.4082	REF	DISPLACED PERSON						REF			ARM	ARMENIA	ARM								0	042	042	04	1	1.9	1	1	1	-3.46779900920029	4	Artsakh, Azerbaijan (general), Azerbaijan	AJ	AJ00	147321	40	46.5833	335527	4	Artsakh, Azerbaijan (general), Azerbaijan	AJ	AJ00	147321	40	46.5833	335527	4	Artsakh, Azerbaijan (general), Azerbaijan	AJ	AJ00	147321	40	46.5833	335527	20260529183000	https://www.eng.kavkaz-uzel.eu/articles/75689
1306569368	20260529	202605	2026	2026.4082	REL	PILGRIM																			1	100	100	10	3	-5.0	4	1	4	0	4	Srinagar, Jammu and Kashmir, India	IN	IN12	72811	34.0922	74.8022	-2111972	0								4	Srinagar, Jammu and Kashmir, India	IN	IN12	72811	34.0922	74.8022	-2111972	20260529183000	https://kashmirlife.net/majority-of-hajj-pilgrims-luggage-to-arrive-in-kashmir-by-road-438089/
1306569369	20260529	202605	2026	2026.4082	REL	PILGRIM									IND	SRINAGAR	IND								1	042	042	04	1	1.9	6	1	6	0	4	Srinagar, Jammu and Kashmir, India	IN	IN12	72811	34.0922	74.8022	-2111972	4	Srinagar, Jammu and Kashmir, India	IN	IN12	72811	34.0922	74.8022	-2111972	4	Srinagar, Jammu and Kashmir, India	IN	IN12	72811	34.0922	74.8022	-2111972	20260529183000	https://kashmirlife.net/majority-of-hajj-pilgrims-luggage-to-arrive-in-kashmir-by-road-438089/
1306569370	20260529	202605	2026	2026.4082	REL	PILGRIM									IND	SRINAGAR	IND								1	100	100	10	3	-5.0	6	1	6	0	4	Srinagar, Jammu and Kashmir, India	IN	IN12	72811	34.0922	74.8022	-2111972	4	Srinagar, Jammu and Kashmir, India	IN	IN12	72811	34.0922	74.8022	-2111972	4	Srinagar, Jammu and Kashmir, India	IN	IN12	72811	34.0922	74.8022	-2111972	20260529183000	https://kashmirlife.net/majority-of-hajj-pilgrims-luggage-to-arrive-in-kashmir-by-road-438089/
1306569371	20260529	202605	2026	2026.4082	REL	SAINT									JAMGOVMIL	PETER PHILLIPS	JAM					GOV	MIL		1	043	043	04	1	2.8	5	1	5	0	0								0								0								20260529183000	https://www.geo.tv/latest/666522-king-charles-camilla-cant-hide-joy-ahead-of-big-celebration
1306569372	20260529	202605	2026	2026.4082	ROU	ROMANIAN																			0	010	010	01	1	0.0	1	1	1	-7.48792270531401	1	Romania	RO	RO		46	25	RO	0								4	Kremlin, Moskva, Russia	RS	RS48	25106	55.7522	37.6156	-2960561	20260529183000	https://www.alternet.org/matthew-whitaker-putin-nato/
1306569373	20260529	202605	2026	2026.4082	ROU	ROMANIAN									CVL	CIVILIAN						CVL			1	190	190	19	4	-10.0	5	1	5	0.26690391459075	4	Kyiv, Kyyiv, Misto, Ukraine	UP	UP12	28554	50.4333	30.5167	-1044367	4	Kyiv, Kyyiv, Misto, Ukraine	UP	UP12	28554	50.4333	30.5167	-1044367	4	Kyiv, Kyyiv, Misto, Ukraine	UP	UP12	28554	50.4333	30.5167	-1044367	20260529183000	https://www.kyivpost.com/analysis/77117
1306569374	20260529	202605	2026	2026.4082	ROU	ROMANIAN									CVL	CIVILIAN						CVL			1	190	190	19	4	-10.0	1	1	1	-8.30258302583026	4	Kremlin, Moskva, Russia	RS	RS48	25106	55.7522	37.6156	-2960561	1	Romania	RO	RO		46	25	RO	4	Black Sea, Oceans (general), Oceans	OS	OS00		43	35	-1506338	20260529183000	https://www.kyivpost.com/post/77128
1306569375	20260529	202605	2026	2026.4082	ROU	ROMANIAN									CVL	CIVILIAN						CVL			1	190	190	19	4	-10.0	4	1	4	-8.30258302583026	1	Romania	RO	RO		46	25	RO	4	Kyiv, Kyyiv, Misto, Ukraine	UP	UP12	28554	50.4333	30.5167	-1044367	1	Romania	RO	RO		46	25	RO	20260529183000	https://www.kyivpost.com/post/77128
1306569376	20260529	202605	2026	2026.4082	ROU	ROMANIA									GOV	FOREIGN MINIST						GOV			1	112	112	11	3	-2.0	1	1	1	-5.37124802527646	1	Moldova	MD	MD		47	29	MD	4	Bucharest, Bucuresti, Romania	RO	RO10	25006	44.4333	26.1	-1153951	4	Bucharest, Bucuresti, Romania	RO	RO10	25006	44.4333	26.1	-1153951	20260529183000	https://www.2news.com/news/national/russian-drone-targeting-ukraine-hits-apartment-building-in-romania-injuring-2-officials-say/article_bc663ac7-374b-5116-9235-0a13a1bc13dc.html
1306569377	20260529	202605	2026	2026.4082	ROU	ROMANIA									IGOWSTNAT	NATO	WST	NAT				IGO			1	020	020	02	1	3.0	2	1	2	-5.37124802527646	4	Moscow, Moskva, Russia	RS	RS48	25106	55.7522	37.6156	-2960561	4	Kyiv, Kyyiv, Misto, Ukraine	UP	UP12	28554	50.4333	30.5167	-1044367	4	Kyiv, Kyyiv, Misto, Ukraine	UP	UP12	28554	50.4333	30.5167	-1044367	20260529183000	https://www.2news.com/news/national/russian-drone-targeting-ukraine-hits-apartment-building-in-romania-injuring-2-officials-say/article_bc663ac7-374b-5116-9235-0a13a1bc13dc.html
1306569378	20260529	202605	2026	2026.4082	ROU	ROMANIA									IGOWSTNAT	NATO	WST	NAT				IGO			1	020	020	02	1	3.0	6	1	6	-2.14541120381406	4	Moscow, Moskva, Russia	RS	RS48	25106	55.7522	37.6156	-2960561	4	Bucharest, Bucuresti, Romania	RO	RO10	25006	44.4333	26.1	-1153951	4	Bucharest, Bucuresti, Romania	RO	RO10	25006	44.4333	26.1	-1153951	20260529183000	https://www.politico.eu/article/romania-asks-for-nato-support-after-russian-drone-crash/
1306569379	20260529	202605	2026	2026.4082	ROU	ROMANIA									IGOWSTNAT	NATO	WST	NAT				IGO			1	020	020	02	1	3.0	4	1	4	-2.14541120381406	4	Moscow, Moskva, Russia	RS	RS48	25106	55.7522	37.6156	-2960561	4	Bucharest, Bucuresti, Romania	RO	RO10	25006	44.4333	26.1	-1153951	4	Moscow, Moskva, Russia	RS	RS48	25106	55.7522	37.6156	-2960561	20260529183000	https://www.politico.eu/article/romania-asks-for-nato-support-after-russian-drone-crash/
1306569380	20260529	202605	2026	2026.4082	ROU	BUCHAREST									IGOWSTNAT	NATO	WST	NAT				IGO			0	036	036	03	1	4.0	8	1	8	-2.14541120381406	4	Bucharest, Bucuresti, Romania	RO	RO10	25006	44.4333	26.1	-1153951	4	Bucharest, Bucuresti, Romania	RO	RO10	25006	44.4333	26.1	-1153951	4	Bucharest, Bucuresti, Romania	RO	RO10	25006	44.4333	26.1	-1153951	20260529183000	https://www.politico.eu/article/romania-asks-for-nato-support-after-russian-drone-crash/
1306569381	20260529	202605	2026	2026.4082	ROU	BUCHAREST									IGOWSTNAT	NATO	WST	NAT				IGO			0	036	036	03	1	4.0	2	1	2	-2.14541120381406	4	Moscow, Moskva, Russia	RS	RS48	25106	55.7522	37.6156	-2960561	4	Moscow, Moskva, Russia	RS	RS48	25106	55.7522	37.6156	-2960561	4	Moscow, Moskva, Russia	RS	RS48	25106	55.7522	37.6156	-2960561	20260529183000	https://www.politico.eu/article/romania-asks-for-nato-support-after-russian-drone-crash/
1306569382	20260529	202605	2026	2026.4082	ROU	ROMANIA									IGOWSTNAT	NATO	WST	NAT				IGO			0	040	040	04	1	1.0	2	1	2	-5.37124802527646	4	Bucharest, Bucuresti, Romania	RO	RO10	25006	44.4333	26.1	-1153951	1	Moldova	MD	MD		47	29	MD	4	Bucharest, Bucuresti, Romania	RO	RO10	25006	44.4333	26.1	-1153951	20260529183000	https://www.2news.com/news/national/russian-drone-targeting-ukraine-hits-apartment-building-in-romania-injuring-2-officials-say/article_bc663ac7-374b-5116-9235-0a13a1bc13dc.html
1306569383	20260529	202605	2026	2026.4082	ROU	ROMANIAN									ROUGOV	ROMANIA						GOV			0	010	010	01	1	0.0	1	1	1	-7.48792270531401	4	Kremlin, Moskva, Russia	RS	RS48	25106	55.7522	37.6156	-2960561	4	Kremlin, Moskva, Russia	RS	RS48	25106	55.7522	37.6156	-2960561	4	Kremlin, Moskva, Russia	RS	RS48	25106	55.7522	37.6156	-2960561	20260529183000	https://www.alternet.org/matthew-whitaker-putin-nato/
1306569384	20260529	202605	2026	2026.4082	ROU	ROMANIAN									ROUGOV	ROMANIA						GOV			0	010	010	01	1	0.0	1	1	1	-7.48792270531401	1	Romania	RO	RO		46	25	RO	1	Romania	RO	RO		46	25	RO	4	Kremlin, Moskva, Russia	RS	RS48	25106	55.7522	37.6156	-2960561	20260529183000	https://www.alternet.org/matthew-whitaker-putin-nato/
1306569385	20260529	202605	2026	2026.4082	ROU	ROMANIAN									RUS	RUSSIA	RUS								0	010	010	01	1	0.0	2	1	2	-8.30258302583026	4	Kyiv, Kyyiv, Misto, Ukraine	UP	UP12	28554	50.4333	30.5167	-1044367	4	Black Sea, Oceans (general), Oceans	OS	OS00		43	35	-1506338	4	Kremlin, Moskva, Russia	RS	RS48	25106	55.7522	37.6156	-2960561	20260529183000	https://www.kyivpost.com/post/77128
1306569386	20260529	202605	2026	2026.4082	ROU	BUCHAREST									RUS	RUSSIAN	RUS								0	040	040	04	1	1.0	2	1	2	-5.37124802527646	4	Black Sea, Oceans (general), Oceans	OS	OS00		43	35	-1506338	4	Moscow, Moskva, Russia	RS	RS48	25106	55.7522	37.6156	-2960561	4	Moscow, Moskva, Russia	RS	RS48	25106	55.7522	37.6156	-2960561	20260529183000	https://www.2news.com/news/national/russian-drone-targeting-ukraine-hits-apartment-building-in-romania-injuring-2-officials-say/article_bc663ac7-374b-5116-9235-0a13a1bc13dc.html
1306569387	20260529	202605	2026	2026.4082	ROU	BUCHAREST									RUS	RUSSIAN	RUS								0	043	043	04	1	2.8	2	1	2	-5.37124802527646	4	Bucharest, Bucuresti, Romania	RO	RO10	25006	44.4333	26.1	-1153951	4	Bucharest, Bucuresti, Romania	RO	RO10	25006	44.4333	26.1	-1153951	4	Bucharest, Bucuresti, Romania	RO	RO10	25006	44.4333	26.1	-1153951	20260529183000	https://www.2news.com/news/national/russian-drone-targeting-ukraine-hits-apartment-building-in-romania-injuring-2-officials-say/article_bc663ac7-374b-5116-9235-0a13a1bc13dc.html
1306569388	20260529	202605	2026	2026.4082	ROU	BUCHAREST									RUS	RUSSIAN	RUS								0	043	043	04	1	2.8	2	1	2	-5.37124802527646	4	Bucharest, Bucuresti, Romania	RO	RO10	25006	44.4333	26.1	-1153951	4	Moscow, Moskva, Russia	RS	RS48	25106	55.7522	37.6156	-2960561	4	Bucharest, Bucuresti, Romania	RO	RO10	25006	44.4333	26.1	-1153951	20260529183000	https://www.2news.com/news/national/russian-drone-targeting-ukraine-hits-apartment-building-in-romania-injuring-2-officials-say/article_bc663ac7-374b-5116-9235-0a13a1bc13dc.html
1306569389	20260529	202605	2026	2026.4082	ROU	BUCHAREST									RUSGOV	RUSSIAN	RUS					GOV			0	043	043	04	1	2.8	6	1	6	-5.37124802527646	4	Bucharest, Bucuresti, Romania	RO	RO10	25006	44.4333	26.1	-1153951	4	Moscow, Moskva, Russia	RS	RS48	25106	55.7522	37.6156	-2960561	4	Bucharest, Bucuresti, Romania	RO	RO10	25006	44.4333	26.1	-1153951	20260529183000	https://www.2news.com/news/national/russian-drone-targeting-ukraine-hits-apartment-building-in-romania-injuring-2-officials-say/article_bc663ac7-374b-5116-9235-0a13a1bc13dc.html
1306569390	20260529	202605	2026	2026.4082	ROU	ROMANIA									RUSGOV	RUSSIA	RUS					GOV			1	161	161	16	4	-4.0	2	1	2	-2.33812949640287	4	Kyiv, Kyyiv, Misto, Ukraine	UP	UP12	28554	50.4333	30.5167	-1044367	4	Kyiv, Kyyiv, Misto, Ukraine	UP	UP12	28554	50.4333	30.5167	-1044367	4	Kyiv, Kyyiv, Misto, Ukraine	UP	UP12	28554	50.4333	30.5167	-1044367	20260529183000	https://www.kyivpost.com/post/77127
1306569391	20260529	202605	2026	2026.4082	ROUGOV	ROMANIAN						GOV													0	010	010	01	1	0.0	4	1	4	-7.48792270531401	1	Romania	RO	RO		46	25	RO	0								4	Kremlin, Moskva, Russia	RS	RS48	25106	55.7522	37.6156	-2960561	20260529183000	https://www.alternet.org/matthew-whitaker-putin-nato/
1306569392	20260529	202605	2026	2026.4082	RUS	RUSSIA	RUS																		0	043	043	04	1	2.8	4	1	4	-3.46779900920029	4	Karabakh, Dagestan, Russia	RS	RS17	25069	42.4692	46.8645	-2920856	0								4	Karabakh, Dagestan, Russia	RS	RS17	25069	42.4692	46.8645	-2920856	20260529183000	https://www.eng.kavkaz-uzel.eu/articles/75689
1306569393	20260529	202605	2026	2026.4082	RUS	RUSSIAN	RUS																		1	056	056	05	1	7.0	10	1	10	2.21518987341772	1	Russia	RS	RS		60	100	RS	0								1	Russia	RS	RS		60	100	RS	20260529183000	https://www.oikoumene.org/news/caux-foundation-builds-authentic-connections-that-augment-hope
1306569394	20260529	202605	2026	2026.4082	RUS	RUSSIA	RUS																		1	111	111	11	3	-2.0	2	1	2	-2.33812949640287	4	Cheboksary, Chuvashiya, Russia	RS	RS16	25102	56.1322	47.2519	-2896432	0								4	Cheboksary, Chuvashiya, Russia	RS	RS16	25102	56.1322	47.2519	-2896432	20260529183000	https://www.kyivpost.com/post/77127
1306569395	20260529	202605	2026	2026.4082	RUS	NOVOSIBIRSK	RUS																		0	130	130	13	3	-4.4	8	1	8	-4.90593876798229	4	Novosibirsk, Novosibirskaya Oblast', Russia	RS	RS53	25082	55.0411	82.9344	-2970528	0								4	Novosibirsk, Novosibirskaya Oblast', Russia	RS	RS53	25082	55.0411	82.9344	-2970528	20260529183000	https://www.washingtonblade.com/2026/05/29/nine-russian-lgbtq-groups-deemed-extremist-banned/
1306569396	20260529	202605	2026	2026.4082	RUS	NOVOSIBIRSK	RUS																		0	130	130	13	3	-4.4	2	1	2	-4.90593876798229	2	New York, United States	US	USNY		42.1497	-74.9384	NY	0								2	New York, United States	US	USNY		42.1497	-74.9384	NY	20260529183000	https://www.washingtonblade.com/2026/05/29/nine-russian-lgbtq-groups-deemed-extremist-banned/
1306569397	20260529	202605	2026	2026.4082	RUS	NOVOSIBIRSK	RUS																		0	138	138	13	3	-7.0	8	1	8	-4.90593876798229	4	Novosibirsk, Novosibirskaya Oblast', Russia	RS	RS53	25082	55.0411	82.9344	-2970528	0								4	Novosibirsk, Novosibirskaya Oblast', Russia	RS	RS53	25082	55.0411	82.9344	-2970528	20260529183000	https://www.washingtonblade.com/2026/05/29/nine-russian-lgbtq-groups-deemed-extremist-banned/
1306569398	20260529	202605	2026	2026.4082	RUS	NOVOSIBIRSK	RUS																		0	138	138	13	3	-7.0	2	1	2	-4.90593876798229	2	New York, United States	US	USNY		42.1497	-74.9384	NY	0								2	New York, United States	US	USNY		42.1497	-74.9384	NY	20260529183000	https://www.washingtonblade.com/2026/05/29/nine-russian-lgbtq-groups-deemed-extremist-banned/
1306569399	20260529	202605	2026	2026.4082	RUS	RUSSIA	RUS																		0	192	192	19	4	-9.5	2	1	2	-3.46779900920029	4	Karabakh, Dagestan, Russia	RS	RS17	25069	42.4692	46.8645	-2920856	0								4	Artsakh, Azerbaijan (general), Azerbaijan	AJ	AJ00	147321	40	46.5833	335527	20260529183000	https://www.eng.kavkaz-uzel.eu/articles/75689
1306569400	20260529	202605	2026	2026.4082	RUS	RUSSIA	RUS								ARM	ARMENIA	ARM								0	042	042	04	1	1.9	1	1	1	-3.46779900920029	4	Karabakh, Dagestan, Russia	RS	RS17	25069	42.4692	46.8645	-2920856	4	Yerevan, Yerevan*, Armenia	AM	AM11	4936	40.1811	44.5136	-2325645	4	Yerevan, Yerevan*, Armenia	AM	AM11	4936	40.1811	44.5136	-2325645	20260529183000	https://www.eng.kavkaz-uzel.eu/articles/75689
1306569401	20260529	202605	2026	2026.4082	RUS	RUSSIA	RUS								ARM	ARMENIA	ARM								0	042	042	04	1	1.9	1	1	1	-3.46779900920029	4	Artsakh, Azerbaijan (general), Azerbaijan	AJ	AJ00	147321	40	46.5833	335527	4	Artsakh, Azerbaijan (general), Azerbaijan	AJ	AJ00	147321	40	46.5833	335527	4	Artsakh, Azerbaijan (general), Azerbaijan	AJ	AJ00	147321	40	46.5833	335527	20260529183000	https://www.eng.kavkaz-uzel.eu/articles/75689
1306569402	20260529	202605	2026	2026.4082	RUS	RUSSIA	RUS								ARM	ARMENIAN	ARM								0	192	192	19	4	-9.5	1	1	1	-3.46779900920029	4	Karabakh, Dagestan, Russia	RS	RS17	25069	42.4692	46.8645	-2920856	4	Yerevan, Yerevan*, Armenia	AM	AM11	4936	40.1811	44.5136	-2325645	4	Artsakh, Azerbaijan (general), Azerbaijan	AJ	AJ00	147321	40	46.5833	335527	20260529183000	https://www.eng.kavkaz-uzel.eu/articles/75689
1306569403	20260529	202605	2026	2026.4082	RUS	RUSSIA	RUS								ARM	ARMENIAN	ARM								0	192	192	19	4	-9.5	1	1	1	-3.46779900920029	4	Artsakh, Azerbaijan (general), Azerbaijan	AJ	AJ00	147321	40	46.5833	335527	4	Artsakh, Azerbaijan (general), Azerbaijan	AJ	AJ00	147321	40	46.5833	335527	4	Artsakh, Azerbaijan (general), Azerbaijan	AJ	AJ00	147321	40	46.5833	335527	20260529183000	https://www.eng.kavkaz-uzel.eu/articles/75689
1306569404	20260529	202605	2026	2026.4082	RUS	RUSSIA	RUS								CVL	SETTLEMENT						CVL			1	042	042	04	1	1.9	6	1	6	-3.46779900920029	4	Karabakh, Dagestan, Russia	RS	RS17	25069	42.4692	46.8645	-2920856	4	Karabakh, Dagestan, Russia	RS	RS17	25069	42.4692	46.8645	-2920856	4	Karabakh, Dagestan, Russia	RS	RS17	25069	42.4692	46.8645	-2920856	20260529183000	https://www.eng.kavkaz-uzel.eu/articles/75689
1306569405	20260529	202605	2026	2026.4082	RUS	RUSSIA	RUS								EURGOV	EUROPEAN	EUR					GOV			1	110	110	11	3	-2.0	2	1	2	-5.54323725055433	4	Moscow, Moskva, Russia	RS	RS48	25106	55.7522	37.6156	-2960561	4	Moscow, Moskva, Russia	RS	RS48	25106	55.7522	37.6156	-2960561	4	Moscow, Moskva, Russia	RS	RS48	25106	55.7522	37.6156	-2960561	20260529183000	https://www.thevermilion.com/medvedev-threatens-europe-eu-citizens-should-not-expect-peaceful-nights/article_18401/
1306569406	20260529	202605	2026	2026.4082	RUS	RUSSIA	RUS								GOV	CONSUL						GOV			0	013	013	01	1	0.4	2	1	2	-5.37124802527646	4	Moscow, Moskva, Russia	RS	RS48	25106	55.7522	37.6156	-2960561	4	Bucharest, Bucuresti, Romania	RO	RO10	25006	44.4333	26.1	-1153951	4	Moscow, Moskva, Russia	RS	RS48	25106	55.7522	37.6156	-2960561	20260529183000	https://www.2news.com/news/national/russian-drone-targeting-ukraine-hits-apartment-building-in-romania-injuring-2-officials-say/article_bc663ac7-374b-5116-9235-0a13a1bc13dc.html
1306569407	20260529	202605	2026	2026.4082	RUS	RUSSIA	RUS								GOV	AUTHORITIES						GOV			1	195	195	19	4	-10.0	2	1	2	-7.93201133144476	4	Chernivtsi, Chernivets'ka Oblast', Ukraine	UP	UP03	28545	48.2915	25.9403	-1037073	4	Chernivtsi, Chernivets'ka Oblast', Ukraine	UP	UP03	28545	48.2915	25.9403	-1037073	4	Chernivtsi, Chernivets'ka Oblast', Ukraine	UP	UP03	28545	48.2915	25.9403	-1037073	20260529183000	https://www.kyivpost.com/post/77131
1306569408	20260529	202605	2026	2026.4082	RUS	RUSSIAN	RUS								GOV	AUTHORITIES						GOV			0	195	195	19	4	-10.0	4	1	4	-2.33812949640287	4	Kyiv, Kyyiv, Misto, Ukraine	UP	UP12	28554	50.4333	30.5167	-1044367	1	Romania	RO	RO		46	25	RO	4	Cheboksary, Chuvashiya, Russia	RS	RS16	25102	56.1322	47.2519	-2896432	20260529183000	https://www.kyivpost.com/post/77127
1306569409	20260529	202605	2026	2026.4082	RUS	RUSSIAN	RUS								GOV	AUTHORITIES						GOV			1	195	195	19	4	-10.0	3	1	3	-7.93201133144476	4	Odesa, Odes'ka Oblast, Ukraine	UP	UP17	28558	46.4639	30.7386	-1049092	4	Chernivtsi, Chernivets'ka Oblast', Ukraine	UP	UP03	28545	48.2915	25.9403	-1037073	4	Chernivtsi, Chernivets'ka Oblast', Ukraine	UP	UP03	28545	48.2915	25.9403	-1037073	20260529183000	https://www.kyivpost.com/post/77131
1306569410	20260529	202605	2026	2026.4082	RUS	RUSSIAN	RUS								GOV	AUTHORITIES						GOV			1	195	195	19	4	-10.0	9	1	9	-2.91026548559694	4	Cheboksary, Chuvashiya, Russia	RS	RS16	25102	56.1322	47.2519	-2896432	4	Cheboksary, Chuvashiya, Russia	RS	RS16	25102	56.1322	47.2519	-2896432	4	Cheboksary, Chuvashiya, Russia	RS	RS16	25102	56.1322	47.2519	-2896432	20260529183000	https://www.kyivpost.com/post/77139
1306569411	20260529	202605	2026	2026.4082	RUS	RUSSIA	RUS								GOV	AUTHORITIES						GOV			0	195	195	19	4	-10.0	1	1	1	-2.33812949640287	4	Cheboksary, Chuvashiya, Russia	RS	RS16	25102	56.1322	47.2519	-2896432	1	Romania	RO	RO		46	25	RO	1	Romania	RO	RO		46	25	RO	20260529183000	https://www.kyivpost.com/post/77127
1306569412	20260529	202605	2026	2026.4082	RUS	RUSSIAN	RUS								GOV	AUTHORITIES						GOV			1	195	195	19	4	-10.0	1	1	1	-4.19847328244275	4	Moscow, Moskva, Russia	RS	RS48	25106	55.7522	37.6156	-2960561	4	Kyiv, Kyyiv, Misto, Ukraine	UP	UP12	28554	50.4333	30.5167	-1044367	4	Kyiv, Kyyiv, Misto, Ukraine	UP	UP12	28554	50.4333	30.5167	-1044367	20260529183000	https://www.kyivpost.com/post/77133
1306569413	20260529	202605	2026	2026.4082	RUS	RUSSIA	RUS								IGOUNO	UN ENVOY		UNO				IGO			0	112	112	11	3	-2.0	2	1	2	-8.36466165413534	4	Kiev, Ukraine (general), Ukraine	UP	UP00	28554	50.4333	30.5167	-1044367	4	Kiev, Ukraine (general), Ukraine	UP	UP00	28554	50.4333	30.5167	-1044367	4	Moscow, Moskva, Russia	RS	RS48	25106	55.7522	37.6156	-2960561	20260529183000	http://www.russiaherald.com/news/279090621/ukraine-killed-21-russian-students-and-lied-about-it-what-really-happened-in-starobelsk
1306569414	20260529	202605	2026	2026.4082	RUS	RUSSIA	RUS								IGOUNO	UN ENVOY		UNO				IGO			0	112	112	11	3	-2.0	8	1	8	-8.36466165413534	4	Moscow, Moskva, Russia	RS	RS48	25106	55.7522	37.6156	-2960561	4	Moscow, Moskva, Russia	RS	RS48	25106	55.7522	37.6156	-2960561	4	Moscow, Moskva, Russia	RS	RS48	25106	55.7522	37.6156	-2960561	20260529183000	http://www.russiaherald.com/news/279090621/ukraine-killed-21-russian-students-and-lied-about-it-what-really-happened-in-starobelsk
1306569415	20260529	202605	2026	2026.4082	RUS	RUSSIA	RUS								IGOWSTNAT	NATO	WST	NAT				IGO			0	190	190	19	4	-10.0	10	1	10	-5.54323725055433	4	Kremlin, Moskva, Russia	RS	RS48	25106	55.7522	37.6156	-2960561	4	Kremlin, Moskva, Russia	RS	RS48	25106	55.7522	37.6156	-2960561	4	Kremlin, Moskva, Russia	RS	RS48	25106	55.7522	37.6156	-2960561	20260529183000	https://www.thevermilion.com/medvedev-threatens-europe-eu-citizens-should-not-expect-peaceful-nights/article_18401/
1306569416	20260529	202605	2026	2026.4082	RUS	RUSSIA	RUS								IRN	IRAN	IRN								0	060	060	06	2	6.0	3	1	3	-0.64655172413793	1	Kyrgyzstan	KG	KG		41	75	KG	1	Russia	RS	RS		60	100	RS	1	Russia	RS	RS		60	100	RS	20260529183000	https://www.presstv.ir/Detail/2026/05/29/769476/Iran-Eurasian-Economic-Union-regional-development-US-Israel-aggression-Masoud-Pezeshkian
1306569417	20260529	202605	2026	2026.4082	RUS	RUSSIA	RUS								IRN	IRAN	IRN								0	060	060	06	2	6.0	3	1	3	-0.64655172413793	1	Russia	RS	RS		60	100	RS	4	Tehran, Tehran, Iran	IR	IR26	41130	35.75	51.5148	10074674	1	Russia	RS	RS		60	100	RS	20260529183000	https://www.presstv.ir/Detail/2026/05/29/769476/Iran-Eurasian-Economic-Union-regional-development-US-Israel-aggression-Masoud-Pezeshkian
1306569418	20260529	202605	2026	2026.4082	RUS	RUSSIA	RUS								MED	MEDIA						MED			1	010	010	01	1	0.0	4	1	4	-4.90593876798229	4	Novosibirsk, Novosibirskaya Oblast', Russia	RS	RS53	25082	55.0411	82.9344	-2970528	4	Novosibirsk, Novosibirskaya Oblast', Russia	RS	RS53	25082	55.0411	82.9344	-2970528	4	Novosibirsk, Novosibirskaya Oblast', Russia	RS	RS53	25082	55.0411	82.9344	-2970528	20260529183000	https://www.washingtonblade.com/2026/05/29/nine-russian-lgbtq-groups-deemed-extremist-banned/
1306569419	20260529	202605	2026	2026.4082	RUS	RUSSIA	RUS								MED	MEDIA						MED			0	040	040	04	1	1.0	1	1	1	-3.46779900920029	4	Khojaly, Xocali, Azerbaijan	AJ	AJ64	488	39.913	46.7903	-2707002	4	Khojaly, Xocali, Azerbaijan	AJ	AJ64	488	39.913	46.7903	-2707002	4	Khojaly, Xocali, Azerbaijan	AJ	AJ64	488	39.913	46.7903	-2707002	20260529183000	https://www.eng.kavkaz-uzel.eu/articles/75689
1306569420	20260529	202605	2026	2026.4082	RUS	RUSSIA	RUS								MED	MEDIA						MED			0	040	040	04	1	1.0	2	1	2	-3.46779900920029	4	Khojaly, Xocali, Azerbaijan	AJ	AJ64	488	39.913	46.7903	-2707002	4	Karabakh, Dagestan, Russia	RS	RS17	25069	42.4692	46.8645	-2920856	4	Karabakh, Dagestan, Russia	RS	RS17	25069	42.4692	46.8645	-2920856	20260529183000	https://www.eng.kavkaz-uzel.eu/articles/75689
1306569421	20260529	202605	2026	2026.4082	RUS	RUSSIA	RUS								MED	MEDIA						MED			0	040	040	04	1	1.0	3	1	3	-3.46779900920029	4	Karabakh, Dagestan, Russia	RS	RS17	25069	42.4692	46.8645	-2920856	4	Karabakh, Dagestan, Russia	RS	RS17	25069	42.4692	46.8645	-2920856	4	Karabakh, Dagestan, Russia	RS	RS17	25069	42.4692	46.8645	-2920856	20260529183000	https://www.eng.kavkaz-uzel.eu/articles/75689
1306569422	20260529	202605	2026	2026.4082	RUS	RUSSIA	RUS								MED	MEDIA						MED			1	081	081	08	2	5.0	8	1	8	-11.1111111111111	4	Sochi, Krasnodarskiy Kray, Russia	RS	RS38	25065	43.5992	39.7257	-3006514	4	Sochi, Krasnodarskiy Kray, Russia	RS	RS38	25065	43.5992	39.7257	-3006514	4	Sochi, Krasnodarskiy Kray, Russia	RS	RS38	25065	43.5992	39.7257	-3006514	20260529183000	https://www.eng.kavkaz-uzel.eu/articles/75687
1306569423	20260529	202605	2026	2026.4082	RUS	RUSSIA	RUS								MED	MEDIA						MED			1	120	120	12	3	-4.0	8	1	8	-11.1111111111111	4	Sochi, Krasnodarskiy Kray, Russia	RS	RS38	25065	43.5992	39.7257	-3006514	4	Sochi, Krasnodarskiy Kray, Russia	RS	RS38	25065	43.5992	39.7257	-3006514	4	Sochi, Krasnodarskiy Kray, Russia	RS	RS38	25065	43.5992	39.7257	-3006514	20260529183000	https://www.eng.kavkaz-uzel.eu/articles/75687
1306569424	20260529	202605	2026	2026.4082	RUS	RUSSIA	RUS								MIL	MILITARY						MIL			0	013	013	01	1	0.4	1	1	1	-4.67980295566503	4	Kremlin, Moskva, Russia	RS	RS48	25106	55.7522	37.6156	-2960561	4	Kremlin, Moskva, Russia	RS	RS48	25106	55.7522	37.6156	-2960561	4	Kremlin, Moskva, Russia	RS	RS48	25106	55.7522	37.6156	-2960561	20260529183000	https://www.kyivpost.com/post/77130
1306569425	20260529	202605	2026	2026.4082	RUS	RUSSIA	RUS								MIL	MILITARY						MIL			0	013	013	01	1	0.4	1	1	1	-4.67980295566503	1	Romania	RO	RO		46	25	RO	4	Kremlin, Moskva, Russia	RS	RS48	25106	55.7522	37.6156	-2960561	1	Romania	RO	RO		46	25	RO	20260529183000	https://www.kyivpost.com/post/77130
1306569426	20260529	202605	2026	2026.4082	RUS	KRASNODAR	RUS								RAD	EXTREMIST						RAD			1	172	172	17	4	-5.0	5	1	5	-11.1111111111111	4	Sochi, Krasnodarskiy Kray, Russia	RS	RS38	25065	43.5992	39.7257	-3006514	4	Sochi, Krasnodarskiy Kray, Russia	RS	RS38	25065	43.5992	39.7257	-3006514	4	Sochi, Krasnodarskiy Kray, Russia	RS	RS38	25065	43.5992	39.7257	-3006514	20260529183000	https://www.eng.kavkaz-uzel.eu/articles/75687
1306569427	20260529	202605	2026	2026.4082	RUS	RUSSIAN FEDERATION	RUS								ROU	ROMANIA									0	020	020	02	1	3.0	3	1	3	-7.23226703755215	4	Kyiv, Kyyiv, Misto, Ukraine	UP	UP12	28554	50.4333	30.5167	-1044367	4	Kyiv, Kyyiv, Misto, Ukraine	UP	UP12	28554	50.4333	30.5167	-1044367	4	Kyiv, Kyyiv, Misto, Ukraine	UP	UP12	28554	50.4333	30.5167	-1044367	20260529183000	https://www.manilatimes.net/2026/05/30/world/americas-emea/russian-drone-hits-romanian-building-nato-eu-outraged/2354679
1306569428	20260529	202605	2026	2026.4082	RUS	RUSSIAN	RUS								ROU	BUCHAREST									0	042	042	04	1	1.9	2	1	2	-5.37124802527646	4	Bucharest, Bucuresti, Romania	RO	RO10	25006	44.4333	26.1	-1153951	4	Bucharest, Bucuresti, Romania	RO	RO10	25006	44.4333	26.1	-1153951	4	Bucharest, Bucuresti, Romania	RO	RO10	25006	44.4333	26.1	-1153951	20260529183000	https://www.2news.com/news/national/russian-drone-targeting-ukraine-hits-apartment-building-in-romania-injuring-2-officials-say/article_bc663ac7-374b-5116-9235-0a13a1bc13dc.html
1306569429	20260529	202605	2026	2026.4082	RUS	RUSSIAN	RUS								ROU	BUCHAREST									0	042	042	04	1	1.9	2	1	2	-5.37124802527646	4	Moscow, Moskva, Russia	RS	RS48	25106	55.7522	37.6156	-2960561	4	Bucharest, Bucuresti, Romania	RO	RO10	25006	44.4333	26.1	-1153951	4	Bucharest, Bucuresti, Romania	RO	RO10	25006	44.4333	26.1	-1153951	20260529183000	https://www.2news.com/news/national/russian-drone-targeting-ukraine-hits-apartment-building-in-romania-injuring-2-officials-say/article_bc663ac7-374b-5116-9235-0a13a1bc13dc.html
1306569430	20260529	202605	2026	2026.4082	RUS	RUSSIAN	RUS								ROU	ROMANIA									0	111	111	11	3	-2.0	1	1	1	-5.37124802527646	4	Bucharest, Bucuresti, Romania	RO	RO10	25006	44.4333	26.1	-1153951	4	Bucharest, Bucuresti, Romania	RO	RO10	25006	44.4333	26.1	-1153951	4	Bucharest, Bucuresti, Romania	RO	RO10	25006	44.4333	26.1	-1153951	20260529183000	https://www.2news.com/news/national/russian-drone-targeting-ukraine-hits-apartment-building-in-romania-injuring-2-officials-say/article_bc663ac7-374b-5116-9235-0a13a1bc13dc.html
1306569431	20260529	202605	2026	2026.4082	RUS	RUSSIAN	RUS								RUSGOV	RUSSIA	RUS					GOV			0	111	111	11	3	-2.0	1	1	1	-5.37124802527646	4	Bucharest, Bucuresti, Romania	RO	RO10	25006	44.4333	26.1	-1153951	4	Bucharest, Bucuresti, Romania	RO	RO10	25006	44.4333	26.1	-1153951	4	Bucharest, Bucuresti, Romania	RO	RO10	25006	44.4333	26.1	-1153951	20260529183000	https://www.2news.com/news/national/russian-drone-targeting-ukraine-hits-apartment-building-in-romania-injuring-2-officials-say/article_bc663ac7-374b-5116-9235-0a13a1bc13dc.html
1306569432	20260529	202605	2026	2026.4082	RUS	RUSSIA	RUS								SAU	MEDINA	SAU								0	043	043	04	1	2.8	4	1	4	-3.46779900920029	4	Karabakh, Dagestan, Russia	RS	RS17	25069	42.4692	46.8645	-2920856	4	Karabakh, Dagestan, Russia	RS	RS17	25069	42.4692	46.8645	-2920856	4	Karabakh, Dagestan, Russia	RS	RS17	25069	42.4692	46.8645	-2920856	20260529183000	https://www.eng.kavkaz-uzel.eu/articles/75689
1306569433	20260529	202605	2026	2026.4082	RUS	RUSSIA	RUS								UAF	TERRORIST						UAF			1	111	111	11	3	-2.0	10	1	10	-8.36466165413534	4	Moscow, Moskva, Russia	RS	RS48	25106	55.7522	37.6156	-2960561	4	Moscow, Moskva, Russia	RS	RS48	25106	55.7522	37.6156	-2960561	4	Moscow, Moskva, Russia	RS	RS48	25106	55.7522	37.6156	-2960561	20260529183000	http://www.russiaherald.com/news/279090621/ukraine-killed-21-russian-students-and-lied-about-it-what-really-happened-in-starobelsk
1306569434	20260529	202605	2026	2026.4082	RUS	RUSSIA	RUS								UKR	KYIV	UKR								0	013	013	01	1	0.4	2	1	2	-3.38983050847457	4	Kyiv, Kyyiv, Misto, Ukraine	UP	UP12	28554	50.4333	30.5167	-1044367	4	Kyiv, Kyyiv, Misto, Ukraine	UP	UP12	28554	50.4333	30.5167	-1044367	4	Kyiv, Kyyiv, Misto, Ukraine	UP	UP12	28554	50.4333	30.5167	-1044367	20260529183000	https://www.kyivpost.com/post/77125
1306569435	20260529	202605	2026	2026.4082	RUS	MOSCOW	RUS								UKR	KYIV	UKR								0	013	013	01	1	0.4	3	1	3	-3.38983050847457	4	Moscow, Moskva, Russia	RS	RS48	25106	55.7522	37.6156	-2960561	4	Kyiv, Kyyiv, Misto, Ukraine	UP	UP12	28554	50.4333	30.5167	-1044367	4	Kyiv, Kyyiv, Misto, Ukraine	UP	UP12	28554	50.4333	30.5167	-1044367	20260529183000	https://www.kyivpost.com/post/77125
1306569436	20260529	202605	2026	2026.4082	RUS	RUSSIA	RUS								UKRMIL	UKRAINIAN	UKR					MIL			0	190	190	19	4	-10.0	6	1	6	-8.36466165413534	4	Oreshnik, Kirovskaya Oblast', Russia	RS	RS33	25060	57.3633	49.9722	11149267	4	Kiev, Ukraine (general), Ukraine	UP	UP00	28554	50.4333	30.5167	-1044367	4	Kiev, Ukraine (general), Ukraine	UP	UP00	28554	50.4333	30.5167	-1044367	20260529183000	http://www.russiaherald.com/news/279090621/ukraine-killed-21-russian-students-and-lied-about-it-what-really-happened-in-starobelsk
1306569437	20260529	202605	2026	2026.4082	RUS	RUSSIA	RUS								USA	THE US	USA								1	040	040	04	1	1.0	1	1	1	-3.38983050847457	4	Kyiv, Kyyiv, Misto, Ukraine	UP	UP12	28554	50.4333	30.5167	-1044367	4	Moscow, Moskva, Russia	RS	RS48	25106	55.7522	37.6156	-2960561	4	Kyiv, Kyyiv, Misto, Ukraine	UP	UP12	28554	50.4333	30.5167	-1044367	20260529183000	https://www.kyivpost.com/post/77125
1306569438	20260529	202605	2026	2026.4082	RUS	RUSSIA	RUS								USA	THE US	USA								1	040	040	04	1	1.0	1	1	1	-3.38983050847457	4	Oreshnik, Kirovskaya Oblast', Russia	RS	RS33	25060	57.3633	49.9722	11149267	4	Oreshnik, Kirovskaya Oblast', Russia	RS	RS33	25060	57.3633	49.9722	11149267	4	Kyiv, Kyyiv, Misto, Ukraine	UP	UP12	28554	50.4333	30.5167	-1044367	20260529183000	https://www.kyivpost.com/post/77125
1306569439	20260529	202605	2026	2026.4082	RUS	RUSSIA	RUS								USA	THE US	USA								1	040	040	04	1	1.0	3	1	3	-3.38983050847457	4	Oreshnik, Kirovskaya Oblast', Russia	RS	RS33	25060	57.3633	49.9722	11149267	4	Oreshnik, Kirovskaya Oblast', Russia	RS	RS33	25060	57.3633	49.9722	11149267	4	Oreshnik, Kirovskaya Oblast', Russia	RS	RS33	25060	57.3633	49.9722	11149267	20260529183000	https://www.kyivpost.com/post/77125
1306569440	20260529	202605	2026	2026.4082	RUS	RUSSIA	RUS								USA	THE US	USA								1	045	045	04	1	5.0	1	1	1	-3.38983050847457	4	Kyiv, Kyyiv, Misto, Ukraine	UP	UP12	28554	50.4333	30.5167	-1044367	4	Moscow, Moskva, Russia	RS	RS48	25106	55.7522	37.6156	-2960561	4	Moscow, Moskva, Russia	RS	RS48	25106	55.7522	37.6156	-2960561	20260529183000	https://www.kyivpost.com/post/77125
1306569441	20260529	202605	2026	2026.4082	RUS	RUSSIA	RUS								USA	THE US	USA								1	045	045	04	1	5.0	4	1	4	-3.38983050847457	4	Oreshnik, Kirovskaya Oblast', Russia	RS	RS33	25060	57.3633	49.9722	11149267	4	Oreshnik, Kirovskaya Oblast', Russia	RS	RS33	25060	57.3633	49.9722	11149267	4	Oreshnik, Kirovskaya Oblast', Russia	RS	RS33	25060	57.3633	49.9722	11149267	20260529183000	https://www.kyivpost.com/post/77125
1306569442	20260529	202605	2026	2026.4082	RUS	RUSSIA	RUS								USA	THE US	USA								1	051	051	05	1	3.4	1	1	1	-3.38983050847457	4	Kyiv, Kyyiv, Misto, Ukraine	UP	UP12	28554	50.4333	30.5167	-1044367	4	Moscow, Moskva, Russia	RS	RS48	25106	55.7522	37.6156	-2960561	4	Kyiv, Kyyiv, Misto, Ukraine	UP	UP12	28554	50.4333	30.5167	-1044367	20260529183000	https://www.kyivpost.com/post/77125
1306569443	20260529	202605	2026	2026.4082	RUS	RUSSIA	RUS								USA	THE US	USA								1	051	051	05	1	3.4	4	1	4	-3.38983050847457	4	Oreshnik, Kirovskaya Oblast', Russia	RS	RS33	25060	57.3633	49.9722	11149267	4	Oreshnik, Kirovskaya Oblast', Russia	RS	RS33	25060	57.3633	49.9722	11149267	4	Oreshnik, Kirovskaya Oblast', Russia	RS	RS33	25060	57.3633	49.9722	11149267	20260529183000	https://www.kyivpost.com/post/77125
1306569444	20260529	202605	2026	2026.4082	RUSGOV	RUSSIA	RUS					GOV													1	016	016	01	1	-2.0	1	1	1	-4.81012658227848	4	Kyiv, Kyyiv, Misto, Ukraine	UP	UP12	28554	50.4333	30.5167	-1044367	0								4	Cheboksary, Chuvashiya, Russia	RS	RS16	25102	56.1322	47.2519	-2896432	20260529183000	https://www.kyivpost.com/post/77135
1306569445	20260529	202605	2026	2026.4082	RUSGOV	RUSSIA	RUS					GOV													1	016	016	01	1	-2.0	4	1	4	-4.81012658227848	4	Cheboksary, Chuvashiya, Russia	RS	RS16	25102	56.1322	47.2519	-2896432	0								4	Cheboksary, Chuvashiya, Russia	RS	RS16	25102	56.1322	47.2519	-2896432	20260529183000	https://www.kyivpost.com/post/77135
1306569446	20260529	202605	2026	2026.4082	RUSGOV	RUSSIA	RUS					GOV													0	111	111	11	3	-2.0	3	1	3	-8.30258302583026	4	Kyiv, Kyyiv, Misto, Ukraine	UP	UP12	28554	50.4333	30.5167	-1044367	0								4	Kyiv, Kyyiv, Misto, Ukraine	UP	UP12	28554	50.4333	30.5167	-1044367	20260529183000	https://www.kyivpost.com/post/77128
1306569447	20260529	202605	2026	2026.4082	RUSGOV	RUSSIA	RUS					GOV													0	111	111	11	3	-2.0	1	1	1	-8.30258302583026	4	Kyiv, Kyyiv, Misto, Ukraine	UP	UP12	28554	50.4333	30.5167	-1044367	0								4	Kremlin, Moskva, Russia	RS	RS48	25106	55.7522	37.6156	-2960561	20260529183000	https://www.kyivpost.com/post/77128
1306569448	20260529	202605	2026	2026.4082	RUSGOV	RUSSIA	RUS					GOV													0	111	111	11	3	-2.0	2	1	2	-8.30258302583026	1	Romania	RO	RO		46	25	RO	0								1	Romania	RO	RO		46	25	RO	20260529183000	https://www.kyivpost.com/post/77128
1306569449	20260529	202605	2026	2026.4082	RUSGOV	RUSSIAN	RUS					GOV													0	172	172	17	4	-5.0	3	1	3	-4.90593876798229	4	Novosibirsk, Novosibirskaya Oblast', Russia	RS	RS53	25082	55.0411	82.9344	-2970528	0								4	Novosibirsk, Novosibirskaya Oblast', Russia	RS	RS53	25082	55.0411	82.9344	-2970528	20260529183000	https://www.washingtonblade.com/2026/05/29/nine-russian-lgbtq-groups-deemed-extremist-banned/
1306569450	20260529	202605	2026	2026.4082	RUSGOV	RUSSIAN	RUS					GOV			CVL	COMMUNITY						CVL			0	172	172	17	4	-5.0	3	1	3	-4.90593876798229	4	Novosibirsk, Novosibirskaya Oblast', Russia	RS	RS53	25082	55.0411	82.9344	-2970528	4	Novosibirsk, Novosibirskaya Oblast', Russia	RS	RS53	25082	55.0411	82.9344	-2970528	4	Novosibirsk, Novosibirskaya Oblast', Russia	RS	RS53	25082	55.0411	82.9344	-2970528	20260529183000	https://www.washingtonblade.com/2026/05/29/nine-russian-lgbtq-groups-deemed-extremist-banned/
1306569451	20260529	202605	2026	2026.4082	RUSGOV	VLADIMIR	RUS					GOV			GOV	CONSUL						GOV			0	013	013	01	1	0.4	8	1	8	-5.37124802527646	4	Moscow, Moskva, Russia	RS	RS48	25106	55.7522	37.6156	-2960561	4	Bucharest, Bucuresti, Romania	RO	RO10	25006	44.4333	26.1	-1153951	4	Moscow, Moskva, Russia	RS	RS48	25106	55.7522	37.6156	-2960561	20260529183000	https://www.2news.com/news/national/russian-drone-targeting-ukraine-hits-apartment-building-in-romania-injuring-2-officials-say/article_bc663ac7-374b-5116-9235-0a13a1bc13dc.html
1306569452	20260529	202605	2026	2026.4082	RUSGOV	RUSSIAN	RUS					GOV			ROU	BUCHAREST									0	042	042	04	1	1.9	6	1	6	-5.37124802527646	4	Moscow, Moskva, Russia	RS	RS48	25106	55.7522	37.6156	-2960561	4	Bucharest, Bucuresti, Romania	RO	RO10	25006	44.4333	26.1	-1153951	4	Bucharest, Bucuresti, Romania	RO	RO10	25006	44.4333	26.1	-1153951	20260529183000	https://www.2news.com/news/national/russian-drone-targeting-ukraine-hits-apartment-building-in-romania-injuring-2-officials-say/article_bc663ac7-374b-5116-9235-0a13a1bc13dc.html
1306569453	20260529	202605	2026	2026.4082	RUSGOV	RUSSIA	RUS					GOV			RUS	RUSSIA	RUS								1	016	016	01	1	-2.0	2	1	2	-4.81012658227848	4	Cheboksary, Chuvashiya, Russia	RS	RS16	25102	56.1322	47.2519	-2896432	4	Cheboksary, Chuvashiya, Russia	RS	RS16	25102	56.1322	47.2519	-2896432	4	Cheboksary, Chuvashiya, Russia	RS	RS16	25102	56.1322	47.2519	-2896432	20260529183000	https://www.kyivpost.com/post/77135
1306569454	20260529	202605	2026	2026.4082	RUSGOV	VLADIMIR PUTIN	RUS					GOV			USA	UNITED STATES	USA								1	080	080	08	2	5.0	1	1	1	-3.38983050847457	3	Washington, District of Columbia, United States	US	USDC	DC001	38.8951	-77.0364	531871	4	Moscow, Moskva, Russia	RS	RS48	25106	55.7522	37.6156	-2960561	4	Moscow, Moskva, Russia	RS	RS48	25106	55.7522	37.6156	-2960561	20260529183000	https://www.kyivpost.com/post/77125
1306569455	20260529	202605	2026	2026.4082	RUSGOV	VLADIMIR PUTIN	RUS					GOV			USA	UNITED STATES	USA								1	080	080	08	2	5.0	1	1	1	-3.38983050847457	3	Washington, District of Columbia, United States	US	USDC	DC001	38.8951	-77.0364	531871	3	Washington, District of Columbia, United States	US	USDC	DC001	38.8951	-77.0364	531871	3	Washington, District of Columbia, United States	US	USDC	DC001	38.8951	-77.0364	531871	20260529183000	https://www.kyivpost.com/post/77125
1306569456	20260529	202605	2026	2026.4082	SAU	MEDINA	SAU																		0	043	043	04	1	2.8	1	1	1	-3.46779900920029	4	Karabakh, Dagestan, Russia	RS	RS17	25069	42.4692	46.8645	-2920856	0								4	Karabakh, Dagestan, Russia	RS	RS17	25069	42.4692	46.8645	-2920856	20260529183000	https://www.eng.kavkaz-uzel.eu/articles/75689
1306569457	20260529	202605	2026	2026.4082	SAU	MEDINA	SAU								RUS	RUSSIA	RUS								0	042	042	04	1	1.9	4	1	4	-3.46779900920029	4	Karabakh, Dagestan, Russia	RS	RS17	25069	42.4692	46.8645	-2920856	4	Karabakh, Dagestan, Russia	RS	RS17	25069	42.4692	46.8645	-2920856	4	Karabakh, Dagestan, Russia	RS	RS17	25069	42.4692	46.8645	-2920856	20260529183000	https://www.eng.kavkaz-uzel.eu/articles/75689
1306569458	20260529	202605	2026	2026.4082	SPY	SECRET POLICE						SPY													0	010	010	01	1	0.0	10	1	10	-3.80673499267936	4	Bishkek, Bishkek, Kyrgyzstan	KG	KG01	37216	42.8731	74.6003	-2331392	0								4	Bishkek, Bishkek, Kyrgyzstan	KG	KG01	37216	42.8731	74.6003	-2331392	20260529183000	http://www.centralasiatimes.com/news/279089703/kyrgyzstan-secret-police-latest-target-baptists
1306569459	20260529	202605	2026	2026.4082	SPY	INTELLIGENCE						SPY													1	010	010	01	1	0.0	2	1	2	3.95256916996048	3	Hollywood, California, United States	US	USCA	CA037	34.0983	-118.327	1660757	0								3	Hollywood, California, United States	US	USCA	CA037	34.0983	-118.327	1660757	20260529183000	https://www.ric.edu/news/film-trilogy-ric-senior-picked-apple-tv-amazon-prime-tubi
1306569460	20260529	202605	2026	2026.4082	SPY	INTELLIGENCE						SPY													1	010	010	01	1	0.0	3	1	3	3.95256916996048	2	Rhode Island, United States	US	USRI		41.6772	-71.5101	RI	0								2	Rhode Island, United States	US	USRI		41.6772	-71.5101	RI	20260529183000	https://www.ric.edu/news/film-trilogy-ric-senior-picked-apple-tv-amazon-prime-tubi
1306569461	20260529	202605	2026	2026.4082	SPY	SECRET POLICE						SPY													0	042	042	04	1	1.9	10	1	10	-3.80673499267936	4	Bishkek, Bishkek, Kyrgyzstan	KG	KG01	37216	42.8731	74.6003	-2331392	0								4	Bishkek, Bishkek, Kyrgyzstan	KG	KG01	37216	42.8731	74.6003	-2331392	20260529183000	http://www.centralasiatimes.com/news/279089703/kyrgyzstan-secret-police-latest-target-baptists
1306569462	20260529	202605	2026	2026.4082	SPY	INTELLIGENCE						SPY													1	057	057	05	1	8.0	5	1	5	2.19298245614035	4	Allahabad, Uttar Pradesh, India	IN	IN36	70270	25.45	81.85	-2088510	0								4	Allahabad, Uttar Pradesh, India	IN	IN36	70270	25.45	81.85	-2088510	20260529183000	https://indiaeducationdiary.in/iiit-allahabad-signs-mou-with-teamlease-edtech-to-introduce-exec-m-tech-in-artificial-intelligence-data-science/
1306569463	20260529	202605	2026	2026.4082	SPY	SECRET POLICE						SPY													0	172	172	17	4	-5.0	1	1	1	-3.80673499267936	4	Bishkek, Bishkek, Kyrgyzstan	KG	KG01	37216	42.8731	74.6003	-2331392	0								1	Russia	RS	RS		60	100	RS	20260529183000	http://www.centralasiatimes.com/news/279089703/kyrgyzstan-secret-police-latest-target-baptists
1306569464	20260529	202605	2026	2026.4082	SPY	SECRET POLICE						SPY													0	1721	172	17	4	-5.0	4	1	4	-3.80673499267936	4	Bishkek, Bishkek, Kyrgyzstan	KG	KG01	37216	42.8731	74.6003	-2331392	0								4	Bishkek, Bishkek, Kyrgyzstan	KG	KG01	37216	42.8731	74.6003	-2331392	20260529183000	http://www.centralasiatimes.com/news/279089703/kyrgyzstan-secret-police-latest-target-baptists
1306569465	20260529	202605	2026	2026.4082	SPY	SECRET POLICE						SPY													0	1721	172	17	4	-5.0	6	1	6	-3.80673499267936	1	Netherlands	NL	NL		52.5	5.75	NL	0								1	Netherlands	NL	NL		52.5	5.75	NL	20260529183000	http://www.centralasiatimes.com/news/279089703/kyrgyzstan-secret-police-latest-target-baptists
1306569466	20260529	202605	2026	2026.4082	SPY	INTELLIGENCE						SPY			IND	ALLAHABAD	IND								1	057	057	05	1	8.0	5	1	5	2.19298245614035	4	Allahabad, Uttar Pradesh, India	IN	IN36	70270	25.45	81.85	-2088510	4	Allahabad, Uttar Pradesh, India	IN	IN36	70270	25.45	81.85	-2088510	4	Allahabad, Uttar Pradesh, India	IN	IN36	70270	25.45	81.85	-2088510	20260529183000	https://indiaeducationdiary.in/iiit-allahabad-signs-mou-with-teamlease-edtech-to-introduce-exec-m-tech-in-artificial-intelligence-data-science/
1306569467	20260529	202605	2026	2026.4082	SPY	SECRET POLICE						SPY			KGZ	BISHKEK	KGZ								1	040	040	04	1	1.0	13	1	10	-3.80673499267936	4	Bishkek, Bishkek, Kyrgyzstan	KG	KG01	37216	42.8731	74.6003	-2331392	4	Bishkek, Bishkek, Kyrgyzstan	KG	KG01	37216	42.8731	74.6003	-2331392	4	Bishkek, Bishkek, Kyrgyzstan	KG	KG01	37216	42.8731	74.6003	-2331392	20260529183000	http://www.centralasiatimes.com/news/279089703/kyrgyzstan-secret-police-latest-target-baptists
1306569468	20260529	202605	2026	2026.4082	SPY	SECRET POLICE						SPY			MOS	MUSLIM				MOS					0	013	013	01	1	0.4	10	1	10	-3.80673499267936	4	Bishkek, Bishkek, Kyrgyzstan	KG	KG01	37216	42.8731	74.6003	-2331392	4	Bishkek, Bishkek, Kyrgyzstan	KG	KG01	37216	42.8731	74.6003	-2331392	4	Bishkek, Bishkek, Kyrgyzstan	KG	KG01	37216	42.8731	74.6003	-2331392	20260529183000	http://www.centralasiatimes.com/news/279089703/kyrgyzstan-secret-police-latest-target-baptists
1306569469	20260529	202605	2026	2026.4082	SPY	SECRET POLICE						SPY			REL	RELIGION									0	0841	084	08	2	7.0	4	1	4	-3.80673499267936	4	Bishkek, Bishkek, Kyrgyzstan	KG	KG01	37216	42.8731	74.6003	-2331392	4	Bishkek, Bishkek, Kyrgyzstan	KG	KG01	37216	42.8731	74.6003	-2331392	4	Bishkek, Bishkek, Kyrgyzstan	KG	KG01	37216	42.8731	74.6003	-2331392	20260529183000	http://www.centralasiatimes.com/news/279089703/kyrgyzstan-secret-police-latest-target-baptists
1306569470	20260529	202605	2026	2026.4082	SPY	SECRET POLICE						SPY			REL	RELIGION									0	0841	084	08	2	7.0	6	1	6	-3.80673499267936	1	Netherlands	NL	NL		52.5	5.75	NL	1	Netherlands	NL	NL		52.5	5.75	NL	1	Netherlands	NL	NL		52.5	5.75	NL	20260529183000	http://www.centralasiatimes.com/news/279089703/kyrgyzstan-secret-police-latest-target-baptists
1306569471	20260529	202605	2026	2026.4082	SWE	SWEDEN	SWE								MIL	NAVY						MIL			0	111	111	11	3	-2.0	2	1	2	2.64965652600589	4	Montecarlo, Toscana, Italy	IT	IT16	18406	43.8667	10.6833	-122237	4	Montecarlo, Toscana, Italy	IT	IT16	18406	43.8667	10.6833	-122237	4	Montecarlo, Toscana, Italy	IT	IT16	18406	43.8667	10.6833	-122237	20260529183000	https://www.marieclaire.com/fashion/celebrity-style/ballet-sneaker-trend-outfits-2026/
1306569472	20260529	202605	2026	2026.4082	SWE	SWEDEN	SWE								MIL	NAVY						MIL			0	111	111	11	3	-2.0	2	1	2	2.64965652600589	1	Sweden	SW	SW		62	15	SW	1	Sweden	SW	SW		62	15	SW	1	Sweden	SW	SW		62	15	SW	20260529183000	https://www.marieclaire.com/fashion/celebrity-style/ballet-sneaker-trend-outfits-2026/
1306569473	20260529	202605	2026	2026.4082	SWE	SWEDEN	SWE								USA	UNITED STATES	USA								0	043	043	04	1	2.8	2	1	2	-3.02690582959641	1	Sweden	SW	SW		62	15	SW	3	Phoenix, Arizona, United States	US	USAZ	AZ013	33.4484	-112.074	44784	1	Sweden	SW	SW		62	15	SW	20260529183000	https://www.knac.com/news/news/arch-enemy-the-black-dahlia-murder-announce-co-headline-tour-this-fall/
1306569474	20260529	202605	2026	2026.4082	TWN	TAIWAN	TWN								FRAMED	AGENCE FRANCE PRESS	FRA					MED			0	010	010	01	1	0.0	3	1	3	-1.41206675224647	1	Taiwan	TW	TW		24	121	TW	1	Taiwan	TW	TW		24	121	TW	1	Taiwan	TW	TW		24	121	TW	20260529183000	https://www.manilatimes.net/2026/05/30/world/asia-oceania/china-leaders-skip-asia-defense-summit-headlined-by-hegseth/2354697
1306569475	20260529	202605	2026	2026.4082	TWN	TAIWAN	TWN								FRAMED	AGENCE FRANCE PRESS	FRA					MED			0	013	013	01	1	0.4	1	1	1	-1.41206675224647	1	Singapore	SN	SN		1.366667	103.8	SN	4	Beijing, Beijing, China	CH	CH22	13001	39.9289	116.388	-1898541	4	Beijing, Beijing, China	CH	CH22	13001	39.9289	116.388	-1898541	20260529183000	https://www.manilatimes.net/2026/05/30/world/asia-oceania/china-leaders-skip-asia-defense-summit-headlined-by-hegseth/2354697
1306569476	20260529	202605	2026	2026.4082	TWN	TAIWAN	TWN								FRAMED	AGENCE FRANCE PRESS	FRA					MED			0	013	013	01	1	0.4	1	1	1	-1.41206675224647	1	Taiwan	TW	TW		24	121	TW	4	Beijing, Beijing, China	CH	CH22	13001	39.9289	116.388	-1898541	4	Beijing, Beijing, China	CH	CH22	13001	39.9289	116.388	-1898541	20260529183000	https://www.manilatimes.net/2026/05/30/world/asia-oceania/china-leaders-skip-asia-defense-summit-headlined-by-hegseth/2354697
1306569477	20260529	202605	2026	2026.4082	UKR	UKRAINE	UKR																		1	010	010	01	1	0.0	2	1	2	-8.04195804195804	4	Oleksandrivka, Odes'ka Oblast, Ukraine	UP	UP17	28558	45.8917	28.9494	-1034099	0								4	Oleksandrivka, Odes'ka Oblast, Ukraine	UP	UP17	28558	45.8917	28.9494	-1034099	20260529183000	https://www.kyivpost.com/post/77136
1306569478	20260529	202605	2026	2026.4082	UKR	ODESSA	UKR																		1	020	020	02	1	3.0	2	1	2	-3.73831775700935	3	Odessa, Texas, United States	US	USTX	TX135	31.8457	-102.368	1343067	0								3	Odessa, Texas, United States	US	USTX	TX135	31.8457	-102.368	1343067	20260529183000	https://www.firstalert7.com/2026/05/29/first-alert-7-forecast-friday-may-29th-2026-2/
1306569479	20260529	202605	2026	2026.4082	UKR	UKRAINE	UKR																		0	0333	033	03	1	5.2	3	1	3	-7.93201133144476	4	Chernivtsi, Chernivets'ka Oblast', Ukraine	UP	UP03	28545	48.2915	25.9403	-1037073	0								4	Odesa, Odes'ka Oblast, Ukraine	UP	UP17	28558	46.4639	30.7386	-1049092	20260529183000	https://www.kyivpost.com/post/77131
1306569480	20260529	202605	2026	2026.4082	UKR	UKRAINE	UKR																		0	0333	033	03	1	5.2	7	1	7	-7.93201133144476	4	Odesa, Odes'ka Oblast, Ukraine	UP	UP17	28558	46.4639	30.7386	-1049092	0								4	Odesa, Odes'ka Oblast, Ukraine	UP	UP17	28558	46.4639	30.7386	-1049092	20260529183000	https://www.kyivpost.com/post/77131
1306569481	20260529	202605	2026	2026.4082	UKR	KYIV	UKR																		0	051	051	05	1	3.4	1	1	1	-5.37124802527646	4	Moscow, Moskva, Russia	RS	RS48	25106	55.7522	37.6156	-2960561	0								4	Bucharest, Bucuresti, Romania	RO	RO10	25006	44.4333	26.1	-1153951	20260529183000	https://www.2news.com/news/national/russian-drone-targeting-ukraine-hits-apartment-building-in-romania-injuring-2-officials-say/article_bc663ac7-374b-5116-9235-0a13a1bc13dc.html
1306569482	20260529	202605	2026	2026.4082	UKR	UKRAINE	UKR																		0	0874	087	08	2	10.0	4	1	4	-8.36466165413534	4	Starobelsk, Luhans'ka Oblast', Ukraine	UP	UP14	25090	49.2783	38.9107	-1055017	0								4	Starobelsk, Luhans'ka Oblast', Ukraine	UP	UP14	25090	49.2783	38.9107	-1055017	20260529183000	http://www.russiaherald.com/news/279090621/ukraine-killed-21-russian-students-and-lied-about-it-what-really-happened-in-starobelsk
1306569483	20260529	202605	2026	2026.4082	UKR	UKRAINIAN	UKR								EDU	COLLEGE						EDU			1	182	182	18	4	-9.5	2	1	2	-8.36466165413534	4	Starobelsk, Luhans'ka Oblast', Ukraine	UP	UP14	25090	49.2783	38.9107	-1055017	4	Starobelsk, Luhans'ka Oblast', Ukraine	UP	UP14	25090	49.2783	38.9107	-1055017	4	Lugansk, Novosibirskaya Oblast', Russia	RS	RS53	25082	53.622	77.5991	-2948357	20260529183000	http://www.russiaherald.com/news/279090621/ukraine-killed-21-russian-students-and-lied-about-it-what-really-happened-in-starobelsk
1306569484	20260529	202605	2026	2026.4082	UKR	UKRAINE	UKR								EDU	STUDENT						EDU			1	190	190	19	4	-10.0	18	1	10	-8.36466165413534	4	Starobelsk, Luhans'ka Oblast', Ukraine	UP	UP14	25090	49.2783	38.9107	-1055017	4	Starobelsk, Luhans'ka Oblast', Ukraine	UP	UP14	25090	49.2783	38.9107	-1055017	4	Starobelsk, Luhans'ka Oblast', Ukraine	UP	UP14	25090	49.2783	38.9107	-1055017	20260529183000	http://www.russiaherald.com/news/279090621/ukraine-killed-21-russian-students-and-lied-about-it-what-really-happened-in-starobelsk
1306569485	20260529	202605	2026	2026.4082	UKR	UKRAINE	UKR								GBR	UNITED KINGDOM	GBR								1	173	173	17	4	-5.0	1	1	1	-8.1145584725537	1	Ukraine	UP	UP		49	32	UP	4	New Malden, Kingston upon Thames, United Kingdom	UK	UKG7	40133	51.4046	-0.250766	-2604022	4	London, London, City of, United Kingdom	UK	UKH9	40110	51.5	-0.116667	-2601889	20260529183000	https://www.chroniclelive.co.uk/news/uk-news/jealous-man-stabbed-ex-death-34035010
1306569486	20260529	202605	2026	2026.4082	UKR	UKRAINE	UKR								GBR	UNITED KINGDOM	GBR								1	173	173	17	4	-5.0	1	1	1	-8.1145584725537	1	Ukraine	UP	UP		49	32	UP	1	Ukraine	UP	UP		49	32	UP	4	London, London, City of, United Kingdom	UK	UKH9	40110	51.5	-0.116667	-2601889	20260529183000	https://www.chroniclelive.co.uk/news/uk-news/jealous-man-stabbed-ex-death-34035010
1306569487	20260529	202605	2026	2026.4082	UKR	UKRAINE	UKR								IGOWSTNAT	NATO	WST	NAT				IGO			0	1056	105	10	3	-5.0	1	1	1	-2.33812949640287	4	Kyiv, Kyyiv, Misto, Ukraine	UP	UP12	28554	50.4333	30.5167	-1044367	4	Kyiv, Kyyiv, Misto, Ukraine	UP	UP12	28554	50.4333	30.5167	-1044367	4	Kyiv, Kyyiv, Misto, Ukraine	UP	UP12	28554	50.4333	30.5167	-1044367	20260529183000	https://www.kyivpost.com/post/77127
1306569488	20260529	202605	2026	2026.4082	UKR	UKRAINE	UKR								IGOWSTNAT	NATO	WST	NAT				IGO			0	1056	105	10	3	-5.0	4	1	4	-2.33812949640287	4	Kyiv, Kyyiv, Misto, Ukraine	UP	UP12	28554	50.4333	30.5167	-1044367	4	Cheboksary, Chuvashiya, Russia	RS	RS16	25102	56.1322	47.2519	-2896432	4	Cheboksary, Chuvashiya, Russia	RS	RS16	25102	56.1322	47.2519	-2896432	20260529183000	https://www.kyivpost.com/post/77127
1306569489	20260529	202605	2026	2026.4082	UKR	KYIV	UKR								MIL	MILITARY BASE						MIL			0	190	190	19	4	-10.0	2	1	2	-5.37124802527646	4	Moscow, Moskva, Russia	RS	RS48	25106	55.7522	37.6156	-2960561	4	Kyiv, Kyyiv, Misto, Ukraine	UP	UP12	28554	50.4333	30.5167	-1044367	4	Kyiv, Kyyiv, Misto, Ukraine	UP	UP12	28554	50.4333	30.5167	-1044367	20260529183000	https://www.2news.com/news/national/russian-drone-targeting-ukraine-hits-apartment-building-in-romania-injuring-2-officials-say/article_bc663ac7-374b-5116-9235-0a13a1bc13dc.html
1306569490	20260529	202605	2026	2026.4082	UKR	UKRAINE	UKR								ROU	ROMANIA									0	0874	087	08	2	10.0	1	1	1	-2.33812949640287	4	Kyiv, Kyyiv, Misto, Ukraine	UP	UP12	28554	50.4333	30.5167	-1044367	1	Romania	RO	RO		46	25	RO	4	Kyiv, Kyyiv, Misto, Ukraine	UP	UP12	28554	50.4333	30.5167	-1044367	20260529183000	https://www.kyivpost.com/post/77127
1306569491	20260529	202605	2026	2026.4082	UKR	UKRAINE	UKR								ROU	ROMANIA									0	0874	087	08	2	10.0	4	1	4	-2.33812949640287	4	Kyiv, Kyyiv, Misto, Ukraine	UP	UP12	28554	50.4333	30.5167	-1044367	1	Romania	RO	RO		46	25	RO	4	Cheboksary, Chuvashiya, Russia	RS	RS16	25102	56.1322	47.2519	-2896432	20260529183000	https://www.kyivpost.com/post/77127
1306569492	20260529	202605	2026	2026.4082	UKR	UKRAINE	UKR								ROUGOVMIL	ROMANIA						GOV	MIL		1	190	190	19	4	-10.0	10	1	10	-6.75105485232068	4	Kremlin, Moskva, Russia	RS	RS48	25106	55.7522	37.6156	-2960561	4	Kremlin, Moskva, Russia	RS	RS48	25106	55.7522	37.6156	-2960561	4	Kremlin, Moskva, Russia	RS	RS48	25106	55.7522	37.6156	-2960561	20260529183000	https://www.channelnewsasia.com/world/russia-romania-drone-strike-nato-ukraine-6150446
1306569493	20260529	202605	2026	2026.4082	UKR	UKRAINIAN	UKR								RUS	RUSSIA	RUS								0	010	010	01	1	0.0	3	1	3	0.26690391459075	4	Odesa, Odes'ka Oblast, Ukraine	UP	UP17	28558	46.4639	30.7386	-1049092	1	Russia	RS	RS		60	100	RS	4	Odesa, Odes'ka Oblast, Ukraine	UP	UP17	28558	46.4639	30.7386	-1049092	20260529183000	https://www.kyivpost.com/analysis/77117
1306569494	20260529	202605	2026	2026.4082	UKR	UKRAINIAN	UKR								RUS	RUSSIA	RUS								0	012	012	01	1	-0.4	1	1	1	-8.30258302583026	4	Kyiv, Kyyiv, Misto, Ukraine	UP	UP12	28554	50.4333	30.5167	-1044367	4	Kremlin, Moskva, Russia	RS	RS48	25106	55.7522	37.6156	-2960561	1	Romania	RO	RO		46	25	RO	20260529183000	https://www.kyivpost.com/post/77128
1306569495	20260529	202605	2026	2026.4082	UKR	UKRAINIAN	UKR								RUS	RUSSIA	RUS								0	012	012	01	1	-0.4	1	1	1	-7.48792270531401	1	Romania	RO	RO		46	25	RO	4	Kremlin, Moskva, Russia	RS	RS48	25106	55.7522	37.6156	-2960561	4	Kremlin, Moskva, Russia	RS	RS48	25106	55.7522	37.6156	-2960561	20260529183000	https://www.alternet.org/matthew-whitaker-putin-nato/
1306569496	20260529	202605	2026	2026.4082	UKR	UKRAINE	UKR								RUS	RUSSIA	RUS								0	013	013	01	1	0.4	2	1	2	0.26690391459075	4	Kyiv, Kyyiv, Misto, Ukraine	UP	UP12	28554	50.4333	30.5167	-1044367	4	Kyiv, Kyyiv, Misto, Ukraine	UP	UP12	28554	50.4333	30.5167	-1044367	4	Kyiv, Kyyiv, Misto, Ukraine	UP	UP12	28554	50.4333	30.5167	-1044367	20260529183000	https://www.kyivpost.com/analysis/77117
1306569497	20260529	202605	2026	2026.4082	UKR	UKRAINE	UKR								RUS	RUSSIA	RUS								0	013	013	01	1	0.4	2	1	2	0.26690391459075	4	Odesa, Odes'ka Oblast, Ukraine	UP	UP17	28558	46.4639	30.7386	-1049092	1	Russia	RS	RS		60	100	RS	4	Odesa, Odes'ka Oblast, Ukraine	UP	UP17	28558	46.4639	30.7386	-1049092	20260529183000	https://www.kyivpost.com/analysis/77117
1306569498	20260529	202605	2026	2026.4082	UKR	UKRAINE	UKR								RUS	MOSCOW	RUS								0	020	020	02	1	3.0	1	1	1	-1.8796992481203	4	Kyiv, Kyyiv, Misto, Ukraine	UP	UP12	28554	50.4333	30.5167	-1044367	4	Kyiv, Kyyiv, Misto, Ukraine	UP	UP12	28554	50.4333	30.5167	-1044367	4	Kyiv, Kyyiv, Misto, Ukraine	UP	UP12	28554	50.4333	30.5167	-1044367	20260529183000	https://www.kyivpost.com/post/77139
1306569499	20260529	202605	2026	2026.4082	UKR	KYIV	UKR								RUS	RUSSIA	RUS								1	020	020	02	1	3.0	2	1	2	-3.38983050847457	4	Kyiv, Kyyiv, Misto, Ukraine	UP	UP12	28554	50.4333	30.5167	-1044367	4	Odesa, Odes'ka Oblast, Ukraine	UP	UP17	28558	46.4639	30.7386	-1049092	4	Kyiv, Kyyiv, Misto, Ukraine	UP	UP12	28554	50.4333	30.5167	-1044367	20260529183000	https://www.kyivpost.com/post/77125
1306569500	20260529	202605	2026	2026.4082	UKR	KYIV	UKR								RUS	RUSSIA	RUS								1	020	020	02	1	3.0	2	1	2	-3.38983050847457	4	Kyiv, Kyyiv, Misto, Ukraine	UP	UP12	28554	50.4333	30.5167	-1044367	4	Moscow, Moskva, Russia	RS	RS48	25106	55.7522	37.6156	-2960561	4	Kyiv, Kyyiv, Misto, Ukraine	UP	UP12	28554	50.4333	30.5167	-1044367	20260529183000	https://www.kyivpost.com/post/77125
1306569501	20260529	202605	2026	2026.4082	UKR	KYIV	UKR								RUS	MOSCOW	RUS								1	051	051	05	1	3.4	8	1	8	-3.38983050847457	4	Kyiv, Kyyiv, Misto, Ukraine	UP	UP12	28554	50.4333	30.5167	-1044367	4	Kyiv, Kyyiv, Misto, Ukraine	UP	UP12	28554	50.4333	30.5167	-1044367	4	Kyiv, Kyyiv, Misto, Ukraine	UP	UP12	28554	50.4333	30.5167	-1044367	20260529183000	https://www.kyivpost.com/post/77125
1306569502	20260529	202605	2026	2026.4082	UKR	KYIV	UKR								RUS	RUSSIA	RUS								1	051	051	05	1	3.4	2	1	2	-3.38983050847457	4	Kyiv, Kyyiv, Misto, Ukraine	UP	UP12	28554	50.4333	30.5167	-1044367	4	Kyiv, Kyyiv, Misto, Ukraine	UP	UP12	28554	50.4333	30.5167	-1044367	3	Washington, District of Columbia, United States	US	USDC	DC001	38.8951	-77.0364	531871	20260529183000	https://www.kyivpost.com/post/77125
1306569503	20260529	202605	2026	2026.4082	UKR	KYIV	UKR								RUS	RUSSIA	RUS								0	072	072	07	2	8.3	2	1	2	-5.37124802527646	4	Moscow, Moskva, Russia	RS	RS48	25106	55.7522	37.6156	-2960561	4	Kyiv, Kyyiv, Misto, Ukraine	UP	UP12	28554	50.4333	30.5167	-1044367	4	Moscow, Moskva, Russia	RS	RS48	25106	55.7522	37.6156	-2960561	20260529183000	https://www.2news.com/news/national/russian-drone-targeting-ukraine-hits-apartment-building-in-romania-injuring-2-officials-say/article_bc663ac7-374b-5116-9235-0a13a1bc13dc.html
1306569504	20260529	202605	2026	2026.4082	UKR	UKRAINIAN	UKR								RUS	RUSSIAN	RUS								1	110	110	11	3	-2.0	1	1	1	-8.36466165413534	4	Starobelsk, Luhans'ka Oblast', Ukraine	UP	UP14	25090	49.2783	38.9107	-1055017	4	Kiev, Ukraine (general), Ukraine	UP	UP00	28554	50.4333	30.5167	-1044367	4	Starobelsk, Luhans'ka Oblast', Ukraine	UP	UP14	25090	49.2783	38.9107	-1055017	20260529183000	http://www.russiaherald.com/news/279090621/ukraine-killed-21-russian-students-and-lied-about-it-what-really-happened-in-starobelsk
1306569505	20260529	202605	2026	2026.4082	UKR	UKRAINIAN	UKR								RUS	RUSSIAN	RUS								1	110	110	11	3	-2.0	1	1	1	-8.36466165413534	4	Starobelsk, Luhans'ka Oblast', Ukraine	UP	UP14	25090	49.2783	38.9107	-1055017	4	Starobelsk, Luhans'ka Oblast', Ukraine	UP	UP14	25090	49.2783	38.9107	-1055017	1	United States	US	US		39.828175	-98.5795	US	20260529183000	http://www.russiaherald.com/news/279090621/ukraine-killed-21-russian-students-and-lied-about-it-what-really-happened-in-starobelsk
1306569506	20260529	202605	2026	2026.4082	UKR	UKRAINIAN	UKR								RUS	RUSSIAN	RUS								1	110	110	11	3	-2.0	2	1	2	-8.36466165413534	4	Starobelsk, Luhans'ka Oblast', Ukraine	UP	UP14	25090	49.2783	38.9107	-1055017	4	Lugansk, Novosibirskaya Oblast', Russia	RS	RS53	25082	53.622	77.5991	-2948357	4	Starobelsk, Luhans'ka Oblast', Ukraine	UP	UP14	25090	49.2783	38.9107	-1055017	20260529183000	http://www.russiaherald.com/news/279090621/ukraine-killed-21-russian-students-and-lied-about-it-what-really-happened-in-starobelsk
1306569507	20260529	202605	2026	2026.4082	UKR	UKRAINIAN	UKR								RUS	MOSCOW	RUS								1	110	110	11	3	-2.0	1	1	1	-8.36466165413534	4	Starobelsk, Luhans'ka Oblast', Ukraine	UP	UP14	25090	49.2783	38.9107	-1055017	4	Moscow, Moskva, Russia	RS	RS48	25106	55.7522	37.6156	-2960561	4	Moscow, Moskva, Russia	RS	RS48	25106	55.7522	37.6156	-2960561	20260529183000	http://www.russiaherald.com/news/279090621/ukraine-killed-21-russian-students-and-lied-about-it-what-really-happened-in-starobelsk
1306569508	20260529	202605	2026	2026.4082	UKR	UKRAINIAN	UKR								RUS	RUSSIA	RUS								0	111	111	11	3	-2.0	2	1	2	-8.30258302583026	4	Kyiv, Kyyiv, Misto, Ukraine	UP	UP12	28554	50.4333	30.5167	-1044367	4	Kremlin, Moskva, Russia	RS	RS48	25106	55.7522	37.6156	-2960561	4	Kyiv, Kyyiv, Misto, Ukraine	UP	UP12	28554	50.4333	30.5167	-1044367	20260529183000	https://www.kyivpost.com/post/77128
1306569509	20260529	202605	2026	2026.4082	UKR	UKRAINIAN	UKR								RUS	RUSSIA	RUS								0	111	111	11	3	-2.0	1	1	1	-8.30258302583026	4	Kyiv, Kyyiv, Misto, Ukraine	UP	UP12	28554	50.4333	30.5167	-1044367	4	Kremlin, Moskva, Russia	RS	RS48	25106	55.7522	37.6156	-2960561	1	Romania	RO	RO		46	25	RO	20260529183000	https://www.kyivpost.com/post/77128
1306569510	20260529	202605	2026	2026.4082	UKR	UKRAINIAN	UKR								RUS	RUSSIA	RUS								1	112	112	11	3	-2.0	1	1	1	-8.36466165413534	4	Starobelsk, Luhans'ka Oblast', Ukraine	UP	UP14	25090	49.2783	38.9107	-1055017	4	Moscow, Moskva, Russia	RS	RS48	25106	55.7522	37.6156	-2960561	4	Moscow, Moskva, Russia	RS	RS48	25106	55.7522	37.6156	-2960561	20260529183000	http://www.russiaherald.com/news/279090621/ukraine-killed-21-russian-students-and-lied-about-it-what-really-happened-in-starobelsk
1306569511	20260529	202605	2026	2026.4082	UKR	UKRAINIAN	UKR								RUS	RUSSIAN	RUS								0	138	138	13	3	-7.0	2	1	2	-4.81012658227848	4	Kyiv, Kyyiv, Misto, Ukraine	UP	UP12	28554	50.4333	30.5167	-1044367	4	Cheboksary, Chuvashiya, Russia	RS	RS16	25102	56.1322	47.2519	-2896432	4	Kyiv, Kyyiv, Misto, Ukraine	UP	UP12	28554	50.4333	30.5167	-1044367	20260529183000	https://www.kyivpost.com/post/77135
1306569512	20260529	202605	2026	2026.4082	UKR	UKRAINIAN	UKR								RUS	RUSSIA	RUS								0	194	194	19	4	-10.0	4	1	4	-4.81012658227848	4	Kyiv, Kyyiv, Misto, Ukraine	UP	UP12	28554	50.4333	30.5167	-1044367	4	Cheboksary, Chuvashiya, Russia	RS	RS16	25102	56.1322	47.2519	-2896432	4	Cheboksary, Chuvashiya, Russia	RS	RS16	25102	56.1322	47.2519	-2896432	20260529183000	https://www.kyivpost.com/post/77135
1306569513	20260529	202605	2026	2026.4082	UKR	UKRAINE	UKR								UKRGOV	UKRAINE	UKR					GOV			0	013	013	01	1	0.4	1	1	1	-3.38983050847457	4	Kyiv, Kyyiv, Misto, Ukraine	UP	UP12	28554	50.4333	30.5167	-1044367	4	Kyiv, Kyyiv, Misto, Ukraine	UP	UP12	28554	50.4333	30.5167	-1044367	4	Moscow, Moskva, Russia	RS	RS48	25106	55.7522	37.6156	-2960561	20260529183000	https://www.kyivpost.com/post/77125
1306569514	20260529	202605	2026	2026.4082	UKRGOV	UKRAINE	UKR					GOV													0	040	040	04	1	1.0	2	1	2	-3.38983050847457	4	Kyiv, Kyyiv, Misto, Ukraine	UP	UP12	28554	50.4333	30.5167	-1044367	0								4	Kyiv, Kyyiv, Misto, Ukraine	UP	UP12	28554	50.4333	30.5167	-1044367	20260529183000	https://www.kyivpost.com/post/77125
1306569515	20260529	202605	2026	2026.4082	UKRGOV	UKRAINE	UKR					GOV			CVL	RESIDENTS						CVL			1	130	130	13	3	-4.4	2	1	2	-8.2051282051282	4	Lviv, L'vivs'ka Oblast', Ukraine	UP	UP15	28555	49.8407	24.0305	-1045268	4	Lviv, L'vivs'ka Oblast', Ukraine	UP	UP15	28555	49.8407	24.0305	-1045268	4	Lviv, L'vivs'ka Oblast', Ukraine	UP	UP15	28555	49.8407	24.0305	-1045268	20260529183000	https://www.kyivpost.com/post/77138
1306569516	20260529	202605	2026	2026.4082	UKRGOV	UKRAINIAN	UKR					GOV			RUS	RUSSIAN	RUS								1	110	110	11	3	-2.0	6	1	6	-8.36466165413534	4	Starobelsk, Luhans'ka Oblast', Ukraine	UP	UP14	25090	49.2783	38.9107	-1055017	4	Kiev, Ukraine (general), Ukraine	UP	UP00	28554	50.4333	30.5167	-1044367	4	Starobelsk, Luhans'ka Oblast', Ukraine	UP	UP14	25090	49.2783	38.9107	-1055017	20260529183000	http://www.russiaherald.com/news/279090621/ukraine-killed-21-russian-students-and-lied-about-it-what-really-happened-in-starobelsk
1306569517	20260529	202605	2026	2026.4082	UKRGOV	UKRAINIAN	UKR					GOV			RUS	MOSCOW	RUS								1	110	110	11	3	-2.0	3	1	3	-8.36466165413534	4	Starobelsk, Luhans'ka Oblast', Ukraine	UP	UP14	25090	49.2783	38.9107	-1055017	4	Moscow, Moskva, Russia	RS	RS48	25106	55.7522	37.6156	-2960561	4	Moscow, Moskva, Russia	RS	RS48	25106	55.7522	37.6156	-2960561	20260529183000	http://www.russiaherald.com/news/279090621/ukraine-killed-21-russian-students-and-lied-about-it-what-really-happened-in-starobelsk
1306569518	20260529	202605	2026	2026.4082	UKRGOV	UKRAINIAN	UKR					GOV			RUS	RUSSIA	RUS								1	112	112	11	3	-2.0	3	1	3	-8.36466165413534	4	Starobelsk, Luhans'ka Oblast', Ukraine	UP	UP14	25090	49.2783	38.9107	-1055017	4	Moscow, Moskva, Russia	RS	RS48	25106	55.7522	37.6156	-2960561	4	Moscow, Moskva, Russia	RS	RS48	25106	55.7522	37.6156	-2960561	20260529183000	http://www.russiaherald.com/news/279090621/ukraine-killed-21-russian-students-and-lied-about-it-what-really-happened-in-starobelsk
1306569519	20260529	202605	2026	2026.4082	UKRGOV	UKRAINIAN	UKR					GOV			RUS	RUSSIAN	RUS								0	138	138	13	3	-7.0	6	1	6	-4.81012658227848	4	Kyiv, Kyyiv, Misto, Ukraine	UP	UP12	28554	50.4333	30.5167	-1044367	4	Cheboksary, Chuvashiya, Russia	RS	RS16	25102	56.1322	47.2519	-2896432	4	Kyiv, Kyyiv, Misto, Ukraine	UP	UP12	28554	50.4333	30.5167	-1044367	20260529183000	https://www.kyivpost.com/post/77135
1306569520	20260529	202605	2026	2026.4082	UKRGOV	UKRAINIAN	UKR					GOV			RUS	RUSSIAN	RUS								0	194	194	19	4	-10.0	6	1	6	-4.81012658227848	4	Kyiv, Kyyiv, Misto, Ukraine	UP	UP12	28554	50.4333	30.5167	-1044367	4	Cheboksary, Chuvashiya, Russia	RS	RS16	25102	56.1322	47.2519	-2896432	4	Cheboksary, Chuvashiya, Russia	RS	RS16	25102	56.1322	47.2519	-2896432	20260529183000	https://www.kyivpost.com/post/77135
1306569521	20260529	202605	2026	2026.4082	UKRGOV	UKRAINIAN	UKR					GOV			UKR	UKRAINIAN	UKR								0	111	111	11	3	-2.0	6	1	6	-8.30258302583026	4	Kyiv, Kyyiv, Misto, Ukraine	UP	UP12	28554	50.4333	30.5167	-1044367	4	Kyiv, Kyyiv, Misto, Ukraine	UP	UP12	28554	50.4333	30.5167	-1044367	4	Kyiv, Kyyiv, Misto, Ukraine	UP	UP12	28554	50.4333	30.5167	-1044367	20260529183000	https://www.kyivpost.com/post/77128
1306569522	20260529	202605	2026	2026.4082	UKRMED	UKRAINE	UKR					MED			MED	JOURNALIST						MED			0	090	090	09	2	-2.0	2	1	2	-8.36466165413534	4	Starobelsk, Luhans'ka Oblast', Ukraine	UP	UP14	25090	49.2783	38.9107	-1055017	4	Starobelsk, Luhans'ka Oblast', Ukraine	UP	UP14	25090	49.2783	38.9107	-1055017	4	Starobelsk, Luhans'ka Oblast', Ukraine	UP	UP14	25090	49.2783	38.9107	-1055017	20260529183000	http://www.russiaherald.com/news/279090621/ukraine-killed-21-russian-students-and-lied-about-it-what-really-happened-in-starobelsk
1306569523	20260529	202605	2026	2026.4082	UKRMIL	UKRAINIAN	UKR					MIL			ROU	ROMANIA									0	010	010	01	1	0.0	3	1	3	-2.14541120381406	1	Ukraine	UP	UP		49	32	UP	4	Bucharest, Bucuresti, Romania	RO	RO10	25006	44.4333	26.1	-1153951	4	Bucharest, Bucuresti, Romania	RO	RO10	25006	44.4333	26.1	-1153951	20260529183000	https://www.politico.eu/article/romania-asks-for-nato-support-after-russian-drone-crash/
1306569524	20260529	202605	2026	2026.4082	UKRMIL	UKRAINE	UKR					MIL			RUS	RUSSIA	RUS								1	130	130	13	3	-4.4	1	1	1	-8.2051282051282	4	Kyiv, Kyyiv, Misto, Ukraine	UP	UP12	28554	50.4333	30.5167	-1044367	4	Tserkva, Nizhegorodskaya Oblast', Russia	RS	RS51	25080	57.3654	46.1369	10959121	4	Kyiv, Kyyiv, Misto, Ukraine	UP	UP12	28554	50.4333	30.5167	-1044367	20260529183000	https://www.kyivpost.com/post/77138
1306569525	20260529	202605	2026	2026.4082	UKRMIL	UKRAINE	UKR					MIL			RUS	RUSSIAN	RUS								1	130	130	13	3	-4.4	2	1	2	-8.2051282051282	4	Kyiv, Kyyiv, Misto, Ukraine	UP	UP12	28554	50.4333	30.5167	-1044367	4	Tserkva, Nizhegorodskaya Oblast', Russia	RS	RS51	25080	57.3654	46.1369	10959121	4	Tserkva, Nizhegorodskaya Oblast', Russia	RS	RS51	25080	57.3654	46.1369	10959121	20260529183000	https://www.kyivpost.com/post/77138
1306569526	20260529	202605	2026	2026.4082	USA	UNITED STATES	USA																		1	010	010	01	1	0.0	4	1	4	-2.29007633587787	3	Mcpherson County, South Dakota, United States	US	USSD	SD089	45.775	-99.2448	1265762	0								3	Mcpherson County, South Dakota, United States	US	USSD		45.775	-99.2448	1265762	20260529183000	https://hubcityradio.com/get-to-know-austin-hoffman/
1306569527	20260529	202605	2026	2026.4082	USA	VERMONT	USA																		0	010	010	01	1	0.0	2	1	2	-0.96660808435852	3	West Dummerston, Vermont, United States	US	USVT	VT025	42.9265	-72.6154	1460131	0								3	West Dummerston, Vermont, United States	US	USVT		42.9265	-72.6154	1460131	20260529183000	https://www.reformer.com/community-news/local-history-dummerston-man-was-an-energetic-worker-for-labor-unions/article_a635ba86-3087-4d38-b8dc-13fc90e18c6a.html
1306569528	20260529	202605	2026	2026.4082	USA	UNITED STATES	USA																		0	010	010	01	1	0.0	3	1	3	-4.73411154345006	3	Big Island, California, United States	US	USCA	CA055	38.5735	-122.224	1657264	0								2	California, United States	US	USCA		36.17	-119.746	CA	20260529183000	https://bigislandnow.com/2026/05/29/who-is-jacob-baker-hes-in-a-viral-video-with-a-bong-served-time-in-california-and-has-a-baby-girl/
1306569529	20260529	202605	2026	2026.4082	USA	UNITED STATES	USA																		1	010	010	01	1	0.0	4	1	4	2.05973223480948	3	Majestic Theatre, New York, United States	US	USNY	NY101	42.3256	-77.6606	2375676	0								3	Majestic Theatre, New York, United States	US	USNY		42.3256	-77.6606	2375676	20260529183000	https://epgn.com/2026/05/29/sean-seamus-thompson-phantom-of-the-opera-masquerade/
1306569530	20260529	202605	2026	2026.4082	USA	UNITED STATES	USA																		0	010	010	01	1	0.0	2	1	2	-1.34020618556701	3	Hinsdale, Illinois, United States	US	USIL	IL043	41.8009	-87.937	421852	0								3	Hinsdale, Illinois, United States	US	USIL	IL043	41.8009	-87.937	421852	20260529183000	https://chicago.suntimes.com/health/2026/05/26/pancreatic-cancer-daraxonrasib-early-access-treatment
1306569531	20260529	202605	2026	2026.4082	USA	UNITED STATES	USA																		1	010	010	01	1	0.0	1	1	1	1.6990291262136	3	Naperville, Illinois, United States	US	USIL	IL043	41.7859	-88.1473	421954	0								3	Brookdale, Illinois, United States	US	USIL	IL031	41.7681	-87.5945	1737415	20260529183000	https://www.chicagotribune.com/2026/05/29/st-charles-north-teacher-andrew-bernard-to-fill-vacancy-on-indian-prairie-d204-board/
1306569532	20260529	202605	2026	2026.4082	USA	UNITED STATES	USA																		1	010	010	01	1	0.0	3	1	3	1.6990291262136	3	Naperville, Illinois, United States	US	USIL	IL043	41.7859	-88.1473	421954	0								3	Naperville, Illinois, United States	US	USIL	IL043	41.7859	-88.1473	421954	20260529183000	https://www.chicagotribune.com/2026/05/29/st-charles-north-teacher-andrew-bernard-to-fill-vacancy-on-indian-prairie-d204-board/
1306569533	20260529	202605	2026	2026.4082	USA	UNITED STATES	USA																		1	010	010	01	1	0.0	2	1	2	-5.5185537583254	2	Iowa, United States	US	USIA		42.0046	-93.214	IA	0								3	Cedar Rapids, Iowa, United States	US	USIA		42.0083	-91.6441	465941	20260529183000	https://www.timescitizen.com/news/jan-6-protestor-speaks-for-jim-carlin-at-if-event/article_d1fdae42-2cdc-44fd-b227-623adeaf661c.html
1306569534	20260529	202605	2026	2026.4082	USA	UNITED STATES	USA																		1	010	010	01	1	0.0	4	1	4	-1.09575988565984	2	New York, United States	US	USNY		42.1497	-74.9384	NY	0								3	Chicago, Illinois, United States	US	USIL	IL031	41.85	-87.6501	423587	20260529183000	https://www.chicagoreview.org/viola-on-norma-coles-drawing/
1306569535	20260529	202605	2026	2026.4082	USA	VERMONT	USA																		0	010	010	01	1	0.0	8	1	8	-0.96660808435852	2	Vermont, United States	US	USVT		44.0407	-72.7093	VT	0								2	Vermont, United States	US	USVT		44.0407	-72.7093	VT	20260529183000	https://www.reformer.com/community-news/local-history-dummerston-man-was-an-energetic-worker-for-labor-unions/article_a635ba86-3087-4d38-b8dc-13fc90e18c6a.html
1306569536	20260529	202605	2026	2026.4082	USA	UNITED STATES	USA																		0	012	012	01	1	-0.4	2	1	2	-3.28767123287672	3	Rayburn House Office Building, District of Columbia, United States	US	USDC	DC001	38.8868	-77.0105	528876	0								3	White House, District of Columbia, United States	US	USDC		38.8951	-77.0364	531871	20260529183000	https://www.thehour.com/news/politics/article/pam-bondi-to-face-closed-door-questioning-from-22281880.php
1306569537	20260529	202605	2026	2026.4082	USA	UNITED STATES	USA																		0	012	012	01	1	-0.4	4	1	4	-7.84615384615385	2	New Jersey, United States	US	USNJ		40.314	-74.5089	NJ	0								2	New Jersey, United States	US	USNJ		40.314	-74.5089	NJ	20260529183000	https://www.foxnews.com/politics/anti-ice-agitator-screams-ill-kill-whole-f-family-day-dem-gov-praises-peaceful-protesting
1306569538	20260529	202605	2026	2026.4082	USA	UNITED STATES	USA																		0	013	013	01	1	0.4	4	1	4	-2.34917245061399	2	South Dakota, United States	US	USSD		44.2853	-99.4632	SD	0								2	South Dakota, United States	US	USSD		44.2853	-99.4632	SD	20260529183000	https://www.sdpb.org/podcast/sdpb-news/2026-05-29/gop-legislative-primaries-reflect-reagan-v-trump-tug-of-war-former-lawmaker-says-todays-stories-may-29
1306569539	20260529	202605	2026	2026.4082	USA	UNITED STATES	USA																		0	015	015	01	1	0.0	4	1	4	-2.34917245061399	3	Sioux Falls, South Dakota, United States	US	USSD	SD099	43.55	-96.7003	1267670	0								3	Sioux Falls, South Dakota, United States	US	USSD		43.55	-96.7003	1267670	20260529183000	https://www.sdpb.org/podcast/sdpb-news/2026-05-29/gop-legislative-primaries-reflect-reagan-v-trump-tug-of-war-former-lawmaker-says-todays-stories-may-29
1306569540	20260529	202605	2026	2026.4082	USA	UNITED STATES	USA																		1	017	017	01	1	0.0	6	1	6	1.0752688172043	3	Southport, North Carolina, United States	US	USNC	NC019	33.9216	-78.0203	1022722	0								3	Southport, North Carolina, United States	US	USNC	NC019	33.9216	-78.0203	1022722	20260529183000	https://www.wwaytv3.com/coast-guard-officer-named-grand-marshal-of-nc-4th-of-july-festival-parade-in-southport/
1306569541	20260529	202605	2026	2026.4082	USA	UNITED STATES	USA																		1	020	020	02	1	3.0	6	1	6	-3.73831775700935	3	Odessa, Texas, United States	US	USTX	TX135	31.8457	-102.368	1343067	0								3	Odessa, Texas, United States	US	USTX	TX135	31.8457	-102.368	1343067	20260529183000	https://www.firstalert7.com/2026/05/29/first-alert-7-forecast-friday-may-29th-2026-2/
1306569542	20260529	202605	2026	2026.4082	USA	UNITED STATES	USA																		0	020	020	02	1	3.0	2	1	2	2.29729729729729	3	White House, District of Columbia, United States	US	USDC		38.8951	-77.0364	531871	0								2	Alaska, United States	US	USAK		61.385	-152.268	AK	20260529183000	https://alaska-native-news.com/the-call-came-from-the-white-house-trump-aide-secured-620-million-pentagon-loan-for-firm-tied-to-don-jr/84268/
1306569543	20260529	202605	2026	2026.4082	USA	UNITED STATES	USA																		0	020	020	02	1	3.0	2	1	2	-3.28767123287672	2	Virginia, United States	US	USVA		37.768	-78.2057	VA	0								3	Rayburn House Office Building, District of Columbia, United States	US	USDC		38.8868	-77.0105	528876	20260529183000	https://www.thehour.com/news/politics/article/pam-bondi-to-face-closed-door-questioning-from-22281880.php
1306569544	20260529	202605	2026	2026.4082	USA	UNITED STATES	USA																		1	023	023	02	1	3.4	2	1	2	4.47761194029851	3	La Playa, California, United States	US	USCA	CA073	32.7123	-117.245	1660864	0								3	La Playa, California, United States	US	USCA		32.7123	-117.245	1660864	20260529183000	https://www.vogue.com/slideshow/maddi-lucas-and-connor-oman-wedding
1306569545	20260529	202605	2026	2026.4082	USA	UNITED STATES	USA																		0	026	026	02	1	4.0	2	1	2	2.98329355608592	3	Trenton, Pennsylvania, United States	US	USPA	PA107	40.8381	-76.0905	1204826	0								3	Trenton, Pennsylvania, United States	US	USPA	PA107	40.8381	-76.0905	1204826	20260529183000	https://www.yakimaherald.com/news/nation_and_world/entertainment/grammy-nominated-orrin-evans-to-lead-seattle-repertory-jazz-orchestra/article_da70ee1a-4ab7-5b39-9fab-8d4d899dc17e.html
1306569546	20260529	202605	2026	2026.4082	USA	SEATTLE	USA																		0	026	026	02	1	4.0	3	1	3	2.98329355608592	2	Iowa, United States	US	USIA		42.0046	-93.214	IA	0								2	Iowa, United States	US	USIA		42.0046	-93.214	IA	20260529183000	https://www.yakimaherald.com/news/nation_and_world/entertainment/grammy-nominated-orrin-evans-to-lead-seattle-repertory-jazz-orchestra/article_da70ee1a-4ab7-5b39-9fab-8d4d899dc17e.html
1306569547	20260529	202605	2026	2026.4082	USA	UNITED STATES	USA																		1	030	030	03	1	4.0	4	1	4	5.89812332439678	2	Georgia, United States	US	USGA		32.9866	-83.6487	GA	0								2	Georgia, United States	US	USGA		32.9866	-83.6487	GA	20260529183000	https://valdostadailytimes.com/2026/05/29/wiregrass-georgia-technical-college-honors-former-president-james-a-bridges-with-celebration-of-life-and-inaugural-scholarship/
1306569548	20260529	202605	2026	2026.4082	USA	DETROIT	USA																		1	031	031	03	1	5.2	4	1	4	0.75901328273245	3	Flushing, Michigan, United States	US	USMI	MI049	43.0631	-83.8511	626199	0								3	Flushing, Michigan, United States	US	USMI	MI049	43.0631	-83.8511	626199	20260529183000	https://www.waterwaysjournal.net/2026/05/29/third-brandon-road-contract-awarded/
1306569549	20260529	202605	2026	2026.4082	USA	UNITED STATES	USA																		0	033	033	03	1	5.2	2	1	2	-4.01069518716577	4	Ituri, Congo, Democratic Republic of The (general), Democratic Republic Of The Congo	CG	CG00	18585	1.85	29.9667	-2044867	0								3	Washington, District of Columbia, United States	US	USDC	DC001	38.8951	-77.0364	531871	20260529183000	https://www.finanznachrichten.de/nachrichten-2026-05/68633870-who-chief-arrives-in-congo-to-oversee-ebola-response-efforts-020.htm
1306569550	20260529	202605	2026	2026.4082	USA	UNITED STATES	USA																		0	036	036	03	1	4.0	2	1	2	1.6990291262136	3	Naperville, Illinois, United States	US	USIL	IL043	41.7859	-88.1473	421954	0								3	Naperville, Illinois, United States	US	USIL	IL043	41.7859	-88.1473	421954	20260529183000	https://www.chicagotribune.com/2026/05/29/st-charles-north-teacher-andrew-bernard-to-fill-vacancy-on-indian-prairie-d204-board/
1306569551	20260529	202605	2026	2026.4082	USA	UNITED STATES	USA																		1	036	036	03	1	4.0	6	1	6	-3.02690582959641	3	Phoenix, Arizona, United States	US	USAZ	AZ013	33.4484	-112.074	44784	0								3	Phoenix, Arizona, United States	US	USAZ	AZ013	33.4484	-112.074	44784	20260529183000	https://www.knac.com/news/news/arch-enemy-the-black-dahlia-murder-announce-co-headline-tour-this-fall/
1306569552	20260529	202605	2026	2026.4082	USA	NEW JERSEY	USA																		0	040	040	04	1	1.0	14	2	14	1.30480056743582	3	Montvale, New Jersey, United States	US	USNJ	NJ003	41.0468	-74.0229	878455	0								3	Montvale, New Jersey, United States	US	USNJ	NJ003	41.0468	-74.0229	878455	20260529183000	https://www.finanznachrichten.de/nachrichten-2026-05/68633857-rubinstein-plastic-surgery-center-dr-ran-rubinstein-brings-biorepeel-to-newburgh-ny-and-montvale-nj-200.htm
1306569553	20260529	202605	2026	2026.4082	USA	UNITED STATES	USA																		1	042	042	04	1	1.9	1	1	1	-0.36101083032491	3	Santa Monica, California, United States	US	USCA	CA037	34.0195	-118.491	1652792	0								2	New York, United States	US	USNY		42.1497	-74.9384	NY	20260529183000	https://krcrtv.com/news/entertainment/emily-blunt-recalls-difficult-day-with-tom-cruise-on-edge-of-tomorrow-set-hot-ones
1306569554	20260529	202605	2026	2026.4082	USA	UNITED STATES	USA																		1	042	042	04	1	1.9	2	1	2	-6.76691729323308	3	Arlington Heights, Illinois, United States	US	USIL	IL167	39.8198	-89.6015	403610	0								3	Arlington Heights, Illinois, United States	US	USIL		39.8198	-89.6015	403610	20260529183000	https://www.chicagotribune.com/2026/05/29/federal-judge-imposes-maximum-sentence-for-man-involved-in-assault-at-glenview-motel/
1306569555	20260529	202605	2026	2026.4082	USA	UNITED STATES	USA																		1	042	042	04	1	1.9	2	1	2	-6.76691729323308	3	Arlington Heights, Illinois, United States	US	USIL	IL167	39.8198	-89.6015	403610	0								2	Illinois, United States	US	USIL		40.3363	-89.0022	IL	20260529183000	https://www.chicagotribune.com/2026/05/29/federal-judge-imposes-maximum-sentence-for-man-involved-in-assault-at-glenview-motel/
1306569556	20260529	202605	2026	2026.4082	USA	UNITED STATES	USA																		1	042	042	04	1	1.9	8	1	8	7.10059171597633	3	Bethel Church, Michigan, United States	US	USMI	MI075	42.2759	-84.435	621208	0								3	Bethel Church, Michigan, United States	US	USMI		42.2759	-84.435	621208	20260529183000	https://www.chicagotribune.com/2026/05/29/worship-news-album-release-girls-night-out-outdoor-worship-and-more/
1306569557	20260529	202605	2026	2026.4082	USA	UNITED STATES	USA																		0	042	042	04	1	1.9	2	1	2	-3.55677154582763	3	Taney County, Missouri, United States	US	USMO	MO213	36.6501	-93.0502	758559	0								3	Taney County, Missouri, United States	US	USMO		36.6501	-93.0502	758559	20260529183000	https://www.bransontrilakesnews.com/news/article_7e898d42-de5d-4ec1-8999-20eac5ece714.html
1306569558	20260529	202605	2026	2026.4082	USA	UNITED STATES	USA																		0	042	042	04	1	1.9	4	2	4	9.29853181076672	3	Bentonville, Arkansas, United States	US	USAR	AR007	36.3729	-94.2088	76305	0								2	Arkansas, United States	US	USAR		34.9513	-92.3809	AR	20260529183000	http://www.nashvilleherald.com/news/279090642/visiting-angels-in-northwest-arkansas-earns-2026-recognition-as-award-winning-home-care-agency-in-fayetteville-ar
1306569559	20260529	202605	2026	2026.4082	USA	WASHINGTON	USA																		1	042	042	04	1	1.9	3	1	3	1.82608695652174	1	Ireland	EI	EI		53	-8	EI	0								1	Ireland	EI	EI		53	-8	EI	20260529183000	https://www.ric.edu/news/driven-lead-gianna-rose
1306569560	20260529	202605	2026	2026.4082	USA	MAINE	USA																		1	042	042	04	1	1.9	3	1	3	-9.48148148148147	1	Iraq	IZ	IZ		33	44	IZ	0								1	Iraq	IZ	IZ		33	44	IZ	20260529183000	https://twitchy.com/samj/2026/05/29/here-are-a-bunch-of-idiot-democrats-trying-to-dunk-on-susan-collins-because-platner-sent-himself-to-war-n2428698
1306569561	20260529	202605	2026	2026.4082	USA	CALIFORNIA	USA																		1	042	042	04	1	1.9	1	1	1	-0.36101083032491	2	New York, United States	US	USNY		42.1497	-74.9384	NY	0								4	Paris, France (general), France	FR	FR00	16282	48.8667	2.33333	-1456928	20260529183000	https://krcrtv.com/news/entertainment/emily-blunt-recalls-difficult-day-with-tom-cruise-on-edge-of-tomorrow-set-hot-ones
1306569562	20260529	202605	2026	2026.4082	USA	UNITED STATES	USA																		1	043	043	04	1	2.8	8	1	8	0.65040650406504	3	Franklin County, Massachusetts, United States	US	USMA	MA011	42.5834	-72.5829	606932	0								3	Franklin County, Massachusetts, United States	US	USMA		42.5834	-72.5829	606932	20260529183000	https://recorder.com/2026/05/29/catching-a-blast-from-the-past-gcc-students-unearth-local-history-in-renovated-exhibit/
1306569563	20260529	202605	2026	2026.4082	USA	UNITED STATES	USA																		0	043	043	04	1	2.8	2	1	2	-3.55677154582763	3	Taney County, Missouri, United States	US	USMO	MO213	36.6501	-93.0502	758559	0								3	Taney County, Missouri, United States	US	USMO		36.6501	-93.0502	758559	20260529183000	https://www.bransontrilakesnews.com/news/article_7e898d42-de5d-4ec1-8999-20eac5ece714.html
1306569564	20260529	202605	2026	2026.4082	USA	UNITED STATES	USA																		0	043	043	04	1	2.8	2	1	2	3.87323943661972	3	Las Vegas, Nevada, United States	US	USNV	NV003	36.175	-115.137	847388	0								3	Las Vegas, Nevada, United States	US	USNV		36.175	-115.137	847388	20260529183000	https://www.manilatimes.net/2026/05/30/tmt-newswire/globenewswire/lv-petroleum-celebrates-community-milestones-with-aw-grand-opening-in-wellsville-kansas-and-live-radio-event-at-las-vegas-rallys-location/2354814
1306569565	20260529	202605	2026	2026.4082	USA	NEW YORK	USA																		1	043	043	04	1	2.8	3	1	3	-5.50070521861777	2	New York, United States	US	USNY		42.1497	-74.9384	NY	0								3	Long Island, New York, United States	US	USNY		43.152	-76.061	955858	20260529183000	https://nypost.com/2026/05/29/us-news/li-repair-shop-billed-taxpayers-nearly-2m-for-parts-it-may-never-have-installed-on-lirr-vehicles-probe/
1306569566	20260529	202605	2026	2026.4082	USA	UNITED STATES	USA																		0	046	046	04	1	7.0	2	1	2	2.81195079086116	3	Baton Rouge, Louisiana, United States	US	USLA	LA033	30.4507	-91.1545	1629914	0								3	Baton Rouge, Louisiana, United States	US	USLA		30.4507	-91.1545	1629914	20260529183000	https://www.waterwaysjournal.net/2026/05/29/la-ports-to-combine-marketing-efforts/
1306569567	20260529	202605	2026	2026.4082	USA	UNITED STATES	USA																		1	051	051	05	1	3.4	1	1	1	-2.7063599458728	4	Nassau, New Providence, Bahamas, The	BF	BF23	5747	25.0833	-77.35	-1543832	0								4	Nassau, New Providence, Bahamas, The	BF	BF23	5747	25.0833	-77.35	-1543832	20260529183000	https://www.cruisehive.com/carnival-sued-after-passenger-loses-both-legs-in-bahamas-shore-excursion-accident/210359
1306569568	20260529	202605	2026	2026.4082	USA	UNITED STATES	USA																		0	051	051	05	1	3.4	4	2	4	-1.93236714975846	3	New Haven, Connecticut, United States	US	USCT	CT009	41.3082	-72.9282	209231	0								3	New Haven, Connecticut, United States	US	USCT		41.3082	-72.9282	209231	20260529183000	https://www.wqcs.org/2026-05-29/justice-department-anti-weaponization-fund-paused
1306569569	20260529	202605	2026	2026.4082	USA	UNITED STATES	USA																		1	051	051	05	1	3.4	1	1	1	-1.09575988565984	3	Oakland, California, United States	US	USCA	CA001	37.8044	-122.271	277566	0								3	Oakland, California, United States	US	USCA	CA001	37.8044	-122.271	277566	20260529183000	https://www.chicagoreview.org/viola-on-norma-coles-drawing/
1306569570	20260529	202605	2026	2026.4082	USA	UNITED STATES	USA																		0	051	051	05	1	3.4	4	1	4	-1.34020618556701	3	Hinsdale, Illinois, United States	US	USIL	IL043	41.8009	-87.937	421852	0								3	Hinsdale, Illinois, United States	US	USIL	IL043	41.8009	-87.937	421852	20260529183000	https://chicago.suntimes.com/health/2026/05/26/pancreatic-cancer-daraxonrasib-early-access-treatment
1306569571	20260529	202605	2026	2026.4082	USA	UNITED STATES	USA																		1	051	051	05	1	3.4	2	1	2	9.30930930930931	3	Carlson School, Minnesota, United States	US	USMN	MN171	45.1314	-93.8997	640911	0								3	Carlson School, Minnesota, United States	US	USMN		45.1314	-93.8997	640911	20260529183000	https://www.pineandlakes.com/news/local/byway-bylines-congratulations-to-the-linda-ulland-scholarship-winner
1306569572	20260529	202605	2026	2026.4082	USA	UNITED STATES	USA																		1	051	051	05	1	3.4	4	1	4	1.62454873646209	2	Mississippi, United States	US	USMS		32.7673	-89.6812	MS	0								2	Mississippi, United States	US	USMS		32.7673	-89.6812	MS	20260529183000	https://www.waterwaysjournal.net/2026/05/29/blessey-marine-christens-mv-michael-g-barnett/
1306569573	20260529	202605	2026	2026.4082	USA	AUSTIN	USA																		1	057	057	05	1	8.0	6	1	6	4.47761194029851	3	Los Gatos, California, United States	US	USCA	CA085	37.2266	-121.975	1659017	0								3	Los Gatos, California, United States	US	USCA		37.2266	-121.975	1659017	20260529183000	https://www.vogue.com/slideshow/maddi-lucas-and-connor-oman-wedding
1306569574	20260529	202605	2026	2026.4082	USA	UNITED STATES	USA																		0	070	070	07	2	7.0	1	1	1	1.6990291262136	3	Naperville, Illinois, United States	US	USIL	IL043	41.7859	-88.1473	421954	0								3	Naperville, Illinois, United States	US	USIL	IL043	41.7859	-88.1473	421954	20260529183000	https://www.chicagotribune.com/2026/05/29/st-charles-north-teacher-andrew-bernard-to-fill-vacancy-on-indian-prairie-d204-board/
1306569575	20260529	202605	2026	2026.4082	USA	UNITED STATES	USA																		0	070	070	07	2	7.0	1	1	1	1.6990291262136	3	Naperville, Illinois, United States	US	USIL	IL043	41.7859	-88.1473	421954	0								2	Illinois, United States	US	USIL		40.3363	-89.0022	IL	20260529183000	https://www.chicagotribune.com/2026/05/29/st-charles-north-teacher-andrew-bernard-to-fill-vacancy-on-indian-prairie-d204-board/
1306569576	20260529	202605	2026	2026.4082	USA	UNITED STATES	USA																		1	070	070	07	2	7.0	2	1	2	0	2	Nevada, United States	US	USNV		38.4199	-117.122	NV	0								2	Nevada, United States	US	USNV		38.4199	-117.122	NV	20260529183000	https://www.2news.com/news/local/mountain-lion-spotted-in-tahoe-reno-industrial-center-in-storey-county/article_df620272-962c-427e-96c9-b31a04a3558e.html
1306569577	20260529	202605	2026	2026.4082	USA	UNITED STATES	USA																		0	073	073	07	2	7.4	2	1	2	3.76175548589341	2	Louisiana, United States	US	USLA		31.1801	-91.8749	LA	0								2	Louisiana, United States	US	USLA		31.1801	-91.8749	LA	20260529183000	https://965kvki.com/ixp/155/p/pet-adoption-statistics-louisiana-shreveport/
1306569578	20260529	202605	2026	2026.4082	USA	UNITED STATES	USA																		1	0831	083	08	2	5.0	3	1	3	1.6990291262136	3	Naperville, Illinois, United States	US	USIL	IL043	41.7859	-88.1473	421954	0								3	Naperville, Illinois, United States	US	USIL	IL043	41.7859	-88.1473	421954	20260529183000	https://www.chicagotribune.com/2026/05/29/st-charles-north-teacher-andrew-bernard-to-fill-vacancy-on-indian-prairie-d204-board/
1306569579	20260529	202605	2026	2026.4082	USA	MILWAUKEE	USA																		1	084	084	08	2	7.0	10	1	10	-0.8955223880597	3	Hollywood, California, United States	US	USCA	CA037	34.0983	-118.327	1660757	0								3	Hollywood, California, United States	US	USCA	CA037	34.0983	-118.327	1660757	20260529183000	https://www.wjjo.com/rocked-out-things/new-in-this-moment/
1306569580	20260529	202605	2026	2026.4082	USA	UNITED STATES	USA																		1	084	084	08	2	7.0	4	1	4	-6.76691729323308	3	Glenview, Illinois, United States	US	USIL	IL031	42.0698	-87.7878	409079	0								3	Glenview, Illinois, United States	US	USIL	IL031	42.0698	-87.7878	409079	20260529183000	https://www.chicagotribune.com/2026/05/29/federal-judge-imposes-maximum-sentence-for-man-involved-in-assault-at-glenview-motel/
1306569581	20260529	202605	2026	2026.4082	USA	CLEVELAND	USA																		1	084	084	08	2	7.0	7	1	7	7.10059171597633	3	Calvary Church, Michigan, United States	US	USMI	MI077	42.2045	-85.7133	622483	0								3	Calvary Church, Michigan, United States	US	USMI		42.2045	-85.7133	622483	20260529183000	https://www.chicagotribune.com/2026/05/29/worship-news-album-release-girls-night-out-outdoor-worship-and-more/
1306569582	20260529	202605	2026	2026.4082	USA	UNITED STATES	USA																		0	084	084	08	2	7.0	2	1	2	-9.62199312714773	3	Manhattan, New York, United States	US	USNY	NY061	40.7834	-73.9662	971945	0								3	Manhattan, New York, United States	US	USNY	NY061	40.7834	-73.9662	971945	20260529183000	https://nypost.com/2026/05/29/real-estate/fraudster-stole-manhattan-brownstone-in-huge-conspiracy-da/
1306569583	20260529	202605	2026	2026.4082	USA	UNITED STATES	USA																		1	084	084	08	2	7.0	4	1	4	1.55038759689923	1	Japan	JA	JA		36	138	JA	0								1	Japan	JA	JA		36	138	JA	20260529183000	https://www.cartoonbrew.com/anime/adolescence-of-utena-gkids-kunihiko-ikuhara-261791.html
1306569584	20260529	202605	2026	2026.4082	USA	UNITED STATES	USA																		0	0862	086	08	2	9.0	4	1	4	-7.84615384615385	2	New Jersey, United States	US	USNJ		40.314	-74.5089	NJ	0								2	New Jersey, United States	US	USNJ		40.314	-74.5089	NJ	20260529183000	https://www.foxnews.com/politics/anti-ice-agitator-screams-ill-kill-whole-f-family-day-dem-gov-praises-peaceful-protesting
1306569585	20260529	202605	2026	2026.4082	USA	UNITED STATES	USA																		0	090	090	09	2	-2.0	4	1	4	-7.39030023094688	3	Will County, Illinois, United States	US	USIL	IL197	41.4334	-87.9667	1785190	0								3	Will County, Illinois, United States	US	USIL		41.4334	-87.9667	1785190	20260529183000	https://chicago.suntimes.com/crime/2026/05/29/witness-hears-30-rifle-rounds-when-fbi-agents-in-riot-gear-gun-down-convicted-bank-robber-on-west-side
1306569586	20260529	202605	2026	2026.4082	USA	UNITED STATES	USA																		0	090	090	09	2	-2.0	8	2	8	-3.48625181050138	3	Capitol Hill, District of Columbia, United States	US	USDC	DC001	38.889	-77.0003	529313	0								3	Capitol Hill, District of Columbia, United States	US	USDC		38.889	-77.0003	529313	20260529183000	https://www.kten.com/news/politics/bondi-defends-doj-s-handling-of-epstein-files-but-says-blanche-was-in-charge/article_560a022d-36ab-506b-b276-fcfb7846ac55.html
1306569587	20260529	202605	2026	2026.4082	USA	UNITED STATES	USA																		0	091	091	09	2	-2.0	4	1	4	-2.36065573770492	3	Chicago, Illinois, United States	US	USIL	IL031	41.85	-87.6501	423587	0								3	Chicago, Illinois, United States	US	USIL	IL031	41.85	-87.6501	423587	20260529183000	https://www.chicagotribune.com/2026/05/29/mayor-brandon-johnson-renter-laws-landlords/
1306569588	20260529	202605	2026	2026.4082	USA	UNITED STATES	USA																		1	100	100	10	3	-5.0	4	1	4	2.98329355608592	3	Trenton, Pennsylvania, United States	US	USPA	PA107	40.8381	-76.0905	1204826	0								3	Trenton, Pennsylvania, United States	US	USPA	PA107	40.8381	-76.0905	1204826	20260529183000	https://www.yakimaherald.com/news/nation_and_world/entertainment/grammy-nominated-orrin-evans-to-lead-seattle-repertory-jazz-orchestra/article_da70ee1a-4ab7-5b39-9fab-8d4d899dc17e.html
1306569589	20260529	202605	2026	2026.4082	USA	UNITED STATES	USA																		1	100	100	10	3	-5.0	1	1	1	9.30930930930931	3	Pequot Lakes, Minnesota, United States	US	USMN	MN035	46.603	-94.3094	649276	0								3	Pequot Lakes, Minnesota, United States	US	USMN		46.603	-94.3094	649276	20260529183000	https://www.pineandlakes.com/news/local/byway-bylines-congratulations-to-the-linda-ulland-scholarship-winner
1306569590	20260529	202605	2026	2026.4082	USA	UNITED STATES	USA																		1	100	100	10	3	-5.0	1	1	1	9.30930930930931	3	Pequot Lakes, Minnesota, United States	US	USMN	MN035	46.603	-94.3094	649276	0								2	Minnesota, United States	US	USMN		45.7326	-93.9196	MN	20260529183000	https://www.pineandlakes.com/news/local/byway-bylines-congratulations-to-the-linda-ulland-scholarship-winner
1306569591	20260529	202605	2026	2026.4082	USA	UNITED STATES	USA																		1	1053	105	10	3	-5.0	2	1	2	3.95256916996048	3	Hollywood, California, United States	US	USCA	CA037	34.0983	-118.327	1660757	0								3	Hollywood, California, United States	US	USCA	CA037	34.0983	-118.327	1660757	20260529183000	https://www.ric.edu/news/film-trilogy-ric-senior-picked-apple-tv-amazon-prime-tubi
1306569592	20260529	202605	2026	2026.4082	USA	TEXAS	USA																		1	112	112	11	3	-2.0	3	1	3	-6.15384615384615	3	Big Spring, Texas, United States	US	USTX	TX227	32.2504	-101.479	1330654	0								3	Big Spring, Texas, United States	US	USTX		32.2504	-101.479	1330654	20260529183000	https://www.firstalert7.com/2026/05/29/texas-rangers-law-enforcement-solve-1997-midland-sexual-assault-case/
1306569593	20260529	202605	2026	2026.4082	USA	UNITED STATES	USA																		0	112	112	11	3	-2.0	4	1	4	-5.5185537583254	3	Cedar Rapids, Iowa, United States	US	USIA	IA113	42.0083	-91.6441	465941	0								3	Cedar Rapids, Iowa, United States	US	USIA		42.0083	-91.6441	465941	20260529183000	https://www.timescitizen.com/news/jan-6-protestor-speaks-for-jim-carlin-at-if-event/article_d1fdae42-2cdc-44fd-b227-623adeaf661c.html
1306569594	20260529	202605	2026	2026.4082	USA	UNITED STATES	USA																		0	112	112	11	3	-2.0	8	2	8	-3.48625181050138	3	Capitol Hill, District of Columbia, United States	US	USDC	DC001	38.889	-77.0003	529313	0								3	Capitol Hill, District of Columbia, United States	US	USDC		38.889	-77.0003	529313	20260529183000	https://www.kten.com/news/politics/bondi-defends-doj-s-handling-of-epstein-files-but-says-blanche-was-in-charge/article_560a022d-36ab-506b-b276-fcfb7846ac55.html
1306569595	20260529	202605	2026	2026.4082	USA	MAINE	USA																		1	112	112	11	3	-2.0	3	1	3	-9.48148148148147	1	Iraq	IZ	IZ		33	44	IZ	0								1	Iraq	IZ	IZ		33	44	IZ	20260529183000	https://twitchy.com/samj/2026/05/29/here-are-a-bunch-of-idiot-democrats-trying-to-dunk-on-susan-collins-because-platner-sent-himself-to-war-n2428698
1306569596	20260529	202605	2026	2026.4082	USA	UNITED STATES	USA																		0	114	114	11	3	-2.0	2	1	2	-7.84615384615385	2	New Jersey, United States	US	USNJ		40.314	-74.5089	NJ	0								2	New Jersey, United States	US	USNJ		40.314	-74.5089	NJ	20260529183000	https://www.foxnews.com/politics/anti-ice-agitator-screams-ill-kill-whole-f-family-day-dem-gov-praises-peaceful-protesting
1306569597	20260529	202605	2026	2026.4082	USA	THE US	USA																		1	114	114	11	3	-2.0	5	1	5	-5.52268244575937	1	United Kingdom	UK	UK		54	-4	UK	0								1	United Kingdom	UK	UK		54	-4	UK	20260529183000	https://www.carscoops.com/2026/05/kia-ev9-battery-failures/
1306569598	20260529	202605	2026	2026.4082	USA	UNITED STATES	USA																		1	128	128	12	3	-5.0	2	1	2	-5.81395348837209	3	Chicago, Illinois, United States	US	USIL	IL031	41.85	-87.6501	423587	0								3	Chicago, Illinois, United States	US	USIL	IL031	41.85	-87.6501	423587	20260529183000	https://www.alternet.org/mullin-scarborough-trump/
1306569599	20260529	202605	2026	2026.4082	USA	UNITED STATES	USA																		1	130	130	13	3	-4.4	4	1	4	-5.81395348837209	3	San Francisco, California, United States	US	USCA	CA075	37.7749	-122.419	277593	0								3	San Francisco, California, United States	US	USCA		37.7749	-122.419	277593	20260529183000	https://www.alternet.org/mullin-scarborough-trump/
1306569600	20260529	202605	2026	2026.4082	USA	UNITED STATES	USA																		1	141	141	14	3	-6.5	4	1	4	0.11904761904762	3	Cleveland, Ohio, United States	US	USOH	OH035	41.4995	-81.6954	1066654	0								3	Cleveland, Ohio, United States	US	USOH	OH035	41.4995	-81.6954	1066654	20260529183000	https://abcnews.com/GMA/Wellness/inhaled-insulin-now-fda-approved-kids-6-diabetes/story?id=133391342
1306569601	20260529	202605	2026	2026.4082	USA	UNITED STATES	USA																		0	143	143	14	3	-6.5	4	1	3	-0.96660808435852	3	West Dummerston, Vermont, United States	US	USVT	VT025	42.9265	-72.6154	1460131	0								3	West Dummerston, Vermont, United States	US	USVT		42.9265	-72.6154	1460131	20260529183000	https://www.reformer.com/community-news/local-history-dummerston-man-was-an-energetic-worker-for-labor-unions/article_a635ba86-3087-4d38-b8dc-13fc90e18c6a.html
1306569602	20260529	202605	2026	2026.4082	USA	MASSACHUSETTS	USA																		0	143	143	14	3	-6.5	8	1	8	-0.96660808435852	2	Massachusetts, United States	US	USMA		42.2373	-71.5314	MA	0								2	Massachusetts, United States	US	USMA		42.2373	-71.5314	MA	20260529183000	https://www.reformer.com/community-news/local-history-dummerston-man-was-an-energetic-worker-for-labor-unions/article_a635ba86-3087-4d38-b8dc-13fc90e18c6a.html
1306569603	20260529	202605	2026	2026.4082	USA	AUSTIN	USA																		1	172	172	17	4	-5.0	10	1	10	4.47761194029851	3	Stillwater Cove, California, United States	US	USCA	CA053	36.5639	-121.942	235482	0								3	Stillwater Cove, California, United States	US	USCA		36.5639	-121.942	235482	20260529183000	https://www.vogue.com/slideshow/maddi-lucas-and-connor-oman-wedding
1306569604	20260529	202605	2026	2026.4082	USA	UNITED STATES	USA																		0	172	172	17	4	-5.0	1	1	1	-5.5185537583254	2	Iowa, United States	US	USIA		42.0046	-93.214	IA	0								3	Cedar Rapids, Iowa, United States	US	USIA		42.0083	-91.6441	465941	20260529183000	https://www.timescitizen.com/news/jan-6-protestor-speaks-for-jim-carlin-at-if-event/article_d1fdae42-2cdc-44fd-b227-623adeaf661c.html
1306569605	20260529	202605	2026	2026.4082	USA	UNITED STATES	USA																		0	172	172	17	4	-5.0	1	1	1	-5.5185537583254	2	Iowa, United States	US	USIA		42.0046	-93.214	IA	0								2	Iowa, United States	US	USIA		42.0046	-93.214	IA	20260529183000	https://www.timescitizen.com/news/jan-6-protestor-speaks-for-jim-carlin-at-if-event/article_d1fdae42-2cdc-44fd-b227-623adeaf661c.html
1306569606	20260529	202605	2026	2026.4082	USA	UNITED STATES	USA																		1	173	173	17	4	-5.0	2	1	2	-5.65217391304348	3	Roman Nose State Park, Oklahoma, United States	US	USOK	OK011	35.9364	-98.4251	1097404	0								3	Roman Nose State Park, Oklahoma, United States	US	USOK		35.9364	-98.4251	1097404	20260529183000	https://www.stwnewspress.com/news/swadley-convicted-of-defrauding-state/article_9eea2e39-3731-50ab-892f-f62fd4939040.html
1306569607	20260529	202605	2026	2026.4082	USA	OKLAHOMA CITY	USA																		1	173	173	17	4	-5.0	2	1	2	-5.65217391304348	3	Watonga, Oklahoma, United States	US	USOK	OK011	35.8448	-98.4131	1099426	0								3	Watonga, Oklahoma, United States	US	USOK	OK011	35.8448	-98.4131	1099426	20260529183000	https://www.stwnewspress.com/news/swadley-convicted-of-defrauding-state/article_9eea2e39-3731-50ab-892f-f62fd4939040.html
1306569608	20260529	202605	2026	2026.4082	USA	UNITED STATES	USA																		1	173	173	17	4	-5.0	2	1	2	-5.65217391304348	3	Watonga, Oklahoma, United States	US	USOK	OK011	35.8448	-98.4131	1099426	0								2	Oklahoma, United States	US	USOK		35.5376	-96.9247	OK	20260529183000	https://www.stwnewspress.com/news/swadley-convicted-of-defrauding-state/article_9eea2e39-3731-50ab-892f-f62fd4939040.html
1306569609	20260529	202605	2026	2026.4082	USA	TEXAS	USA																		1	173	173	17	4	-5.0	8	1	8	-5.66037735849056	3	Smith County, Texas, United States	US	USTX	TX423	32.3668	-95.2336	1383997	0								3	Smith County, Texas, United States	US	USTX		32.3668	-95.2336	1383997	20260529183000	https://www.kten.com/news/crime/texas-kidnapping-suspect-nabbed-in-atoka/article_cd0c94d4-b322-490d-83c5-a94dc05aebdb.html
1306569610	20260529	202605	2026	2026.4082	USA	UNITED STATES	USA																		0	173	173	17	4	-5.0	4	1	4	-5.5185537583254	3	Cedar Rapids, Iowa, United States	US	USIA	IA113	42.0083	-91.6441	465941	0								3	Cedar Rapids, Iowa, United States	US	USIA		42.0083	-91.6441	465941	20260529183000	https://www.timescitizen.com/news/jan-6-protestor-speaks-for-jim-carlin-at-if-event/article_d1fdae42-2cdc-44fd-b227-623adeaf661c.html
1306569611	20260529	202605	2026	2026.4082	USA	UNITED STATES	USA																		1	173	173	17	4	-5.0	4	1	4	-9.62199312714773	3	Brooklyn, New York, United States	US	USNY	NY025	42.3442	-75.1704	944840	0								3	Brooklyn, New York, United States	US	USNY	NY025	42.3442	-75.1704	944840	20260529183000	https://nypost.com/2026/05/29/real-estate/fraudster-stole-manhattan-brownstone-in-huge-conspiracy-da/
1306569612	20260529	202605	2026	2026.4082	USA	TEXAS	USA																		1	180	180	18	4	-9.0	7	1	7	-6.15384615384615	3	Big Spring, Texas, United States	US	USTX	TX227	32.2504	-101.479	1330654	0								3	Big Spring, Texas, United States	US	USTX		32.2504	-101.479	1330654	20260529183000	https://www.firstalert7.com/2026/05/29/texas-rangers-law-enforcement-solve-1997-midland-sexual-assault-case/
1306569613	20260529	202605	2026	2026.4082	USA	CALIFORNIA	USA																		1	180	180	18	4	-9.0	6	1	6	-4.73411154345006	3	Big Island, California, United States	US	USCA	CA055	38.5735	-122.224	1657264	0								3	Big Island, California, United States	US	USCA		38.5735	-122.224	1657264	20260529183000	https://bigislandnow.com/2026/05/29/who-is-jacob-baker-hes-in-a-viral-video-with-a-bong-served-time-in-california-and-has-a-baby-girl/
1306569614	20260529	202605	2026	2026.4082	USA	UNITED STATES	USA																		1	180	180	18	4	-9.0	2	1	2	-10	3	Phoenix, Arizona, United States	US	USAZ	AZ013	33.4484	-112.074	44784	0								3	Phoenix, Arizona, United States	US	USAZ	AZ013	33.4484	-112.074	44784	20260529183000	https://965kvki.com/ixp/180/p/shreveport-downtown-club-murder/
1306569615	20260529	202605	2026	2026.4082	USA	UNITED STATES	USA																		0	190	190	19	4	-10.0	2	1	2	-6.47985989492119	3	White House, District of Columbia, United States	US	USDC		38.8951	-77.0364	531871	0								1	Iran	IR	IR		32	53	IR	20260529183000	https://www.alternet.org/trump-pam-bondi-2676972627/
1306569616	20260529	202605	2026	2026.4082	USA	UNITED STATES	USA																		1	193	193	19	4	-10.0	2	1	2	-2.36363636363636	1	Ukraine	UP	UP		49	32	UP	0								2	Florida, United States	US	USFL		27.8333	-81.717	FL	20260529183000	https://www.alternet.org/trump-midterms-2676972164/
1306569617	20260529	202605	2026	2026.4082	USA	UNITED STATES	USA																		1	193	193	19	4	-10.0	2	1	2	-2.36363636363636	1	Ukraine	UP	UP		49	32	UP	0								1	Ukraine	UP	UP		49	32	UP	20260529183000	https://www.alternet.org/trump-midterms-2676972164/
1306569618	20260529	202605	2026	2026.4082	USA	UNITED STATES	USA								BHS	BAHAMA	BHS								1	020	020	02	1	3.0	2	1	2	-2.7063599458728	4	Nassau, New Providence, Bahamas, The	BF	BF23	5747	25.0833	-77.35	-1543832	4	Nassau, New Providence, Bahamas, The	BF	BF23	5747	25.0833	-77.35	-1543832	4	Nassau, New Providence, Bahamas, The	BF	BF23	5747	25.0833	-77.35	-1543832	20260529183000	https://www.cruisehive.com/carnival-sued-after-passenger-loses-both-legs-in-bahamas-shore-excursion-accident/210359
1306569619	20260529	202605	2026	2026.4082	USA	UNITED STATES	USA								BUS	COMPANY						BUS			1	020	020	02	1	3.0	2	1	2	-0.96660808435852	3	Brattleboro, Vermont, United States	US	USVT	VT025	42.8509	-72.5579	1456556	3	West Dummerston, Vermont, United States	US	USVT		42.9265	-72.6154	1460131	3	Brattleboro, Vermont, United States	US	USVT	VT025	42.8509	-72.5579	1456556	20260529183000	https://www.reformer.com/community-news/local-history-dummerston-man-was-an-energetic-worker-for-labor-unions/article_a635ba86-3087-4d38-b8dc-13fc90e18c6a.html
1306569620	20260529	202605	2026	2026.4082	USA	UNITED STATES	USA								BUS	COMPANY						BUS			1	020	020	02	1	3.0	2	1	2	-0.96660808435852	3	Brattleboro, Vermont, United States	US	USVT	VT025	42.8509	-72.5579	1456556	2	Rhode Island, United States	US	USRI		41.6772	-71.5101	RI	3	Brattleboro, Vermont, United States	US	USVT	VT025	42.8509	-72.5579	1456556	20260529183000	https://www.reformer.com/community-news/local-history-dummerston-man-was-an-energetic-worker-for-labor-unions/article_a635ba86-3087-4d38-b8dc-13fc90e18c6a.html
1306569621	20260529	202605	2026	2026.4082	USA	ARKANSAS	USA								BUS	BUSINESS						BUS			1	042	042	04	1	1.9	20	2	20	9.29853181076672	2	Arkansas, United States	US	USAR		34.9513	-92.3809	AR	2	Arkansas, United States	US	USAR		34.9513	-92.3809	AR	2	Arkansas, United States	US	USAR		34.9513	-92.3809	AR	20260529183000	http://www.nashvilleherald.com/news/279090642/visiting-angels-in-northwest-arkansas-earns-2026-recognition-as-award-winning-home-care-agency-in-fayetteville-ar
1306569622	20260529	202605	2026	2026.4082	USA	CALIFORNIA	USA								BUS	INDUSTRY						BUS			1	057	057	05	1	8.0	2	1	2	2.50297973778308	1	Italy	IT	IT		42.833333	12.833333	IT	2	New York, United States	US	USNY		42.1497	-74.9384	NY	1	Italy	IT	IT		42.833333	12.833333	IT	20260529183000	https://www.harpersbazaar.com/fashion/designers/a71413103/alex-consani-the-good-buy/
1306569623	20260529	202605	2026	2026.4082	USA	CALIFORNIA	USA								BUS	INDUSTRY						BUS			1	057	057	05	1	8.0	8	1	8	2.50297973778308	2	New York, United States	US	USNY		42.1497	-74.9384	NY	2	New York, United States	US	USNY		42.1497	-74.9384	NY	1	Italy	IT	IT		42.833333	12.833333	IT	20260529183000	https://www.harpersbazaar.com/fashion/designers/a71413103/alex-consani-the-good-buy/
1306569624	20260529	202605	2026	2026.4082	USA	UNITED STATES	USA								BUS	COMPANY						BUS			0	060	060	06	2	6.0	2	1	2	-0.96660808435852	3	Brattleboro, Vermont, United States	US	USVT	VT025	42.8509	-72.5579	1456556	3	Brattleboro, Vermont, United States	US	USVT	VT025	42.8509	-72.5579	1456556	3	Brattleboro, Vermont, United States	US	USVT	VT025	42.8509	-72.5579	1456556	20260529183000	https://www.reformer.com/community-news/local-history-dummerston-man-was-an-energetic-worker-for-labor-unions/article_a635ba86-3087-4d38-b8dc-13fc90e18c6a.html
1306569625	20260529	202605	2026	2026.4082	USA	FRESNO	USA								CHL	CHILE	CHL								1	020	020	02	1	3.0	5	1	5	0.50150451354062	0								0								0								20260529183000	https://www.businessinsider.com/gordon-ramsay-15-minute-dinner-recipe-curry-chicken-review
1306569626	20260529	202605	2026	2026.4082	USA	ATLANTA	USA								COP	DEPUTY						COP			1	010	010	01	1	0.0	1	1	1	-2.92887029288703	3	Dekalb County, Georgia, United States	US	USGA	GA089	33.7504	-84.2333	1687424	3	Dekalb County, Georgia, United States	US	USGA		33.7504	-84.2333	1687424	3	Dekalb County, Georgia, United States	US	USGA		33.7504	-84.2333	1687424	20260529183000	https://dailycaller.com/2026/05/29/married-federal-judge-eleanor-ross-reprimanded-sex-affair-courthouse-obama/
1306569627	20260529	202605	2026	2026.4082	USA	UNITED STATES	USA								COP	TROOPER						COP			0	013	013	01	1	0.4	4	1	4	-3.55677154582763	3	Taney County, Missouri, United States	US	USMO	MO213	36.6501	-93.0502	758559	3	Taney County, Missouri, United States	US	USMO		36.6501	-93.0502	758559	3	Taney County, Missouri, United States	US	USMO		36.6501	-93.0502	758559	20260529183000	https://www.bransontrilakesnews.com/news/article_7e898d42-de5d-4ec1-8999-20eac5ece714.html
1306569628	20260529	202605	2026	2026.4082	USA	UNITED STATES	USA								COP	PRISON						COP			0	173	173	17	4	-5.0	1	1	1	-8.82352941176468	3	Cleveland, Ohio, United States	US	USOH	OH035	41.4995	-81.6954	1066654	3	Cuyahoga County, Ohio, United States	US	USOH		41.4334	-81.6665	1074030	3	Cuyahoga County, Ohio, United States	US	USOH		41.4334	-81.6665	1074030	20260529183000	https://www.cleveland19.com/2026/05/29/ohio-supreme-court-makes-ruling-murder-cleveland-firefighter-johnny-tetrick/
1306569629	20260529	202605	2026	2026.4082	USA	SOUTH DAKOTA	USA								COP	PRISON						COP			0	173	173	17	4	-5.0	2	1	2	-2.34917245061399	3	Sioux Falls, South Dakota, United States	US	USSD	SD099	43.55	-96.7003	1267670	3	Sioux Falls, South Dakota, United States	US	USSD		43.55	-96.7003	1267670	3	Sioux Falls, South Dakota, United States	US	USSD		43.55	-96.7003	1267670	20260529183000	https://www.sdpb.org/podcast/sdpb-news/2026-05-29/gop-legislative-primaries-reflect-reagan-v-trump-tug-of-war-former-lawmaker-says-todays-stories-may-29
1306569630	20260529	202605	2026	2026.4082	USA	UNITED STATES	USA								COP	LAW ENFORCEMENT AGENCIES						COP			1	173	173	17	4	-5.0	6	1	6	-5.66037735849056	3	Smith County, Texas, United States	US	USTX	TX423	32.3668	-95.2336	1383997	2	Texas, United States	US	USTX		31.106	-97.6475	TX	3	Smith County, Texas, United States	US	USTX		32.3668	-95.2336	1383997	20260529183000	https://www.kten.com/news/crime/texas-kidnapping-suspect-nabbed-in-atoka/article_cd0c94d4-b322-490d-83c5-a94dc05aebdb.html
1306569631	20260529	202605	2026	2026.4082	USA	SOUTH DAKOTA	USA								COP	PRISON						COP			0	173	173	17	4	-5.0	6	1	6	-2.34917245061399	2	South Dakota, United States	US	USSD		44.2853	-99.4632	SD	3	Sioux Falls, South Dakota, United States	US	USSD		43.55	-96.7003	1267670	3	Sioux Falls, South Dakota, United States	US	USSD		43.55	-96.7003	1267670	20260529183000	https://www.sdpb.org/podcast/sdpb-news/2026-05-29/gop-legislative-primaries-reflect-reagan-v-trump-tug-of-war-former-lawmaker-says-todays-stories-may-29
1306569632	20260529	202605	2026	2026.4082	USA	UNITED STATES	USA								COP	PRISON						COP			0	173	173	17	4	-5.0	2	1	2	-2.34917245061399	2	South Dakota, United States	US	USSD		44.2853	-99.4632	SD	3	Sioux Falls, South Dakota, United States	US	USSD		43.55	-96.7003	1267670	2	South Dakota, United States	US	USSD		44.2853	-99.4632	SD	20260529183000	https://www.sdpb.org/podcast/sdpb-news/2026-05-29/gop-legislative-primaries-reflect-reagan-v-trump-tug-of-war-former-lawmaker-says-todays-stories-may-29
1306569633	20260529	202605	2026	2026.4082	USA	TEXAS	USA								COP	LAW ENFORCEMENT AGENCIES						COP			1	173	173	17	4	-5.0	4	1	4	-5.66037735849056	2	Texas, United States	US	USTX		31.106	-97.6475	TX	2	Texas, United States	US	USTX		31.106	-97.6475	TX	3	Smith County, Texas, United States	US	USTX		32.3668	-95.2336	1383997	20260529183000	https://www.kten.com/news/crime/texas-kidnapping-suspect-nabbed-in-atoka/article_cd0c94d4-b322-490d-83c5-a94dc05aebdb.html
1306569634	20260529	202605	2026	2026.4082	USA	UNITED STATES	USA								CVL	VOTER						CVL			0	014	014	01	1	0.0	2	1	2	0.13210039630119	3	Whately, Massachusetts, United States	US	USMA	MA011	42.4398	-72.6348	608689	3	Whately, Massachusetts, United States	US	USMA	MA011	42.4398	-72.6348	608689	3	Whately, Massachusetts, United States	US	USMA	MA011	42.4398	-72.6348	608689	20260529183000	https://recorder.com/2026/05/29/whately-voters-to-consider-new-bylaw-for-battery-energy-storage-systems-at-town-meeting/
1306569635	20260529	202605	2026	2026.4082	USA	UNITED STATES	USA								CVL	VOTER						CVL			0	014	014	01	1	0.0	4	1	4	0.13210039630119	2	Massachusetts, United States	US	USMA		42.2373	-71.5314	MA	2	Massachusetts, United States	US	USMA		42.2373	-71.5314	MA	2	Massachusetts, United States	US	USMA		42.2373	-71.5314	MA	20260529183000	https://recorder.com/2026/05/29/whately-voters-to-consider-new-bylaw-for-battery-energy-storage-systems-at-town-meeting/
1306569636	20260529	202605	2026	2026.4082	USA	UNITED STATES	USA								CVL	COMMUNITY						CVL			1	040	040	04	1	1.0	8	1	8	4.16666666666666	3	Halifax County, North Carolina, United States	US	USNC	NC083	36.2502	-77.6497	1008559	2	North Carolina, United States	US	USNC		35.6411	-79.8431	NC	3	Halifax County, North Carolina, United States	US	USNC		36.2502	-77.6497	1008559	20260529183000	https://www.rrdailyherald.com/news/local/miss-north-carolina-continues-mission-to-visit-all-100-counties/article_455296e6-067e-574c-b55c-78aa95f219a5.html
1306569637	20260529	202605	2026	2026.4082	USA	ARKANSAS	USA								CVL	COMMUNITY						CVL			0	043	043	04	1	2.8	16	2	16	9.29853181076672	2	Arkansas, United States	US	USAR		34.9513	-92.3809	AR	2	Arkansas, United States	US	USAR		34.9513	-92.3809	AR	2	Arkansas, United States	US	USAR		34.9513	-92.3809	AR	20260529183000	http://www.nashvilleherald.com/news/279090642/visiting-angels-in-northwest-arkansas-earns-2026-recognition-as-award-winning-home-care-agency-in-fayetteville-ar
1306569638	20260529	202605	2026	2026.4082	USA	UNITED STATES	USA								CVL	SCIENTIST						CVL			0	120	120	12	3	-4.0	6	1	6	0.699300699300689	3	Department Of Energy, District of Columbia, United States	US	USDC	DC001	38.8862	-77.025	530856	3	Department Of Energy, District of Columbia, United States	US	USDC		38.8862	-77.025	530856	3	Department Of Energy, District of Columbia, United States	US	USDC		38.8862	-77.025	530856	20260529183000	https://www.foxnews.com/media/mamdanis-coge-rollout-gets-doges-attention-critics-say-ripped-elon-musk
1306569639	20260529	202605	2026	2026.4082	USA	UNITED STATES	USA								EDU	SCHOOL						EDU			1	015	015	01	1	0.0	2	1	2	-5.47008547008546	3	Des Moines, Iowa, United States	US	USIA	IA153	41.6005	-93.6091	465961	2	Iowa, United States	US	USIA		42.0046	-93.214	IA	2	Iowa, United States	US	USIA		42.0046	-93.214	IA	20260529183000	https://abcnews.com/US/former-des-moines-school-superintendent-ian-roberts-plead/story?id=129430279
1306569640	20260529	202605	2026	2026.4082	USA	IOWA	USA								EDU	SCHOOL						EDU			1	015	015	01	1	0.0	3	1	3	-5.47008547008546	2	Iowa, United States	US	USIA		42.0046	-93.214	IA	2	Iowa, United States	US	USIA		42.0046	-93.214	IA	2	Iowa, United States	US	USIA		42.0046	-93.214	IA	20260529183000	https://abcnews.com/US/former-des-moines-school-superintendent-ian-roberts-plead/story?id=129430279
1306569641	20260529	202605	2026	2026.4082	USA	FLORIDA	USA								EDU	COLLEGE						EDU			1	030	030	03	1	4.0	10	1	10	4.59770114942529	2	Florida, United States	US	USFL		27.8333	-81.717	FL	2	Florida, United States	US	USFL		27.8333	-81.717	FL	2	Florida, United States	US	USFL		27.8333	-81.717	FL	20260529183000	https://wccfradio.iheart.com/content/2026-05-29-having-a-baby-today-florida-prepaid-has-an-announcement/
1306569642	20260529	202605	2026	2026.4082	USA	UNITED STATES	USA								EDU	SCHOOL						EDU			1	036	036	03	1	4.0	6	1	6	7.10059171597633	3	Bethel Church, Michigan, United States	US	USMI	MI075	42.2759	-84.435	621208	3	Bethel Church, Michigan, United States	US	USMI		42.2759	-84.435	621208	3	Bethel Church, Michigan, United States	US	USMI		42.2759	-84.435	621208	20260529183000	https://www.chicagotribune.com/2026/05/29/worship-news-album-release-girls-night-out-outdoor-worship-and-more/
1306569643	20260529	202605	2026	2026.4082	USA	UNITED STATES	USA								EDU	SCHOOL						EDU			1	036	036	03	1	4.0	2	1	2	7.10059171597633	3	Calvary Church, Michigan, United States	US	USMI	MI077	42.2045	-85.7133	622483	3	Calvary Church, Michigan, United States	US	USMI		42.2045	-85.7133	622483	3	Calvary Church, Michigan, United States	US	USMI		42.2045	-85.7133	622483	20260529183000	https://www.chicagotribune.com/2026/05/29/worship-news-album-release-girls-night-out-outdoor-worship-and-more/
1306569644	20260529	202605	2026	2026.4082	USA	ILLINOIS	USA								EDU	COLLEGE						EDU			1	036	036	03	1	4.0	10	1	10	2.29885057471264	2	Illinois, United States	US	USIL		40.3363	-89.0022	IL	2	Illinois, United States	US	USIL		40.3363	-89.0022	IL	2	Illinois, United States	US	USIL		40.3363	-89.0022	IL	20260529183000	https://www.myjournalcourier.com/news/article/illinois-state-beekeepers-association-summer-22282483.php
1306569645	20260529	202605	2026	2026.4082	USA	UNITED STATES	USA								EDU	SCHOOL						EDU			1	042	042	04	1	1.9	2	1	2	-0.96660808435852	4	Whitehall, Kilkenny, Ireland	EI	EI13	18292	52.6811	-7.02222	-1506191	4	Whitehall, Kilkenny, Ireland	EI	EI13	18292	52.6811	-7.02222	-1506191	4	Whitehall, Kilkenny, Ireland	EI	EI13	18292	52.6811	-7.02222	-1506191	20260529183000	https://www.reformer.com/community-news/local-history-dummerston-man-was-an-energetic-worker-for-labor-unions/article_a635ba86-3087-4d38-b8dc-13fc90e18c6a.html
1306569646	20260529	202605	2026	2026.4082	USA	UNITED STATES	USA								EDU	SCHOOL						EDU			1	042	042	04	1	1.9	2	1	2	-0.96660808435852	4	Whitehall, Kilkenny, Ireland	EI	EI13	18292	52.6811	-7.02222	-1506191	3	West Dummerston, Vermont, United States	US	USVT		42.9265	-72.6154	1460131	3	West Dummerston, Vermont, United States	US	USVT		42.9265	-72.6154	1460131	20260529183000	https://www.reformer.com/community-news/local-history-dummerston-man-was-an-energetic-worker-for-labor-unions/article_a635ba86-3087-4d38-b8dc-13fc90e18c6a.html
1306569647	20260529	202605	2026	2026.4082	USA	UNITED STATES	USA								EDU	SCHOOL						EDU			1	043	043	04	1	2.8	4	1	4	4.06976744186047	3	San Francisco, California, United States	US	USCA	CA075	37.7749	-122.419	277593	3	San Francisco, California, United States	US	USCA		37.7749	-122.419	277593	3	San Francisco, California, United States	US	USCA		37.7749	-122.419	277593	20260529183000	https://www.vogue.com/article/first-time-tony-nominees-questionnaire-2026
1306569648	20260529	202605	2026	2026.4082	USA	UNITED STATES	USA								EDU	COLLEGE						EDU			1	051	051	05	1	3.4	8	1	8	5.89812332439678	2	Georgia, United States	US	USGA		32.9866	-83.6487	GA	2	Georgia, United States	US	USGA		32.9866	-83.6487	GA	2	Georgia, United States	US	USGA		32.9866	-83.6487	GA	20260529183000	https://valdostadailytimes.com/2026/05/29/wiregrass-georgia-technical-college-honors-former-president-james-a-bridges-with-celebration-of-life-and-inaugural-scholarship/
1306569649	20260529	202605	2026	2026.4082	USA	UNITED STATES	USA								ELI	ACTOR						ELI			0	042	042	04	1	1.9	1	1	1	-0.36101083032491	3	Santa Monica, California, United States	US	USCA	CA037	34.0195	-118.491	1652792	2	New York, United States	US	USNY		42.1497	-74.9384	NY	2	New York, United States	US	USNY		42.1497	-74.9384	NY	20260529183000	https://krcrtv.com/news/entertainment/emily-blunt-recalls-difficult-day-with-tom-cruise-on-edge-of-tomorrow-set-hot-ones
1306569650	20260529	202605	2026	2026.4082	USA	UNITED STATES	USA								ELI	ACTOR						ELI			0	043	043	04	1	2.8	1	1	1	-0.36101083032491	3	Santa Monica, California, United States	US	USCA	CA037	34.0195	-118.491	1652792	2	New York, United States	US	USNY		42.1497	-74.9384	NY	2	New York, United States	US	USNY		42.1497	-74.9384	NY	20260529183000	https://krcrtv.com/news/entertainment/emily-blunt-recalls-difficult-day-with-tom-cruise-on-edge-of-tomorrow-set-hot-ones
1306569651	20260529	202605	2026	2026.4082	USA	UNITED STATES	USA								FRA	CANNES	FRA								1	013	013	01	1	0.4	2	1	2	2.21238938053098	1	United States	US	US		39.828175	-98.5795	US	1	United States	US	US		39.828175	-98.5795	US	1	United States	US	US		39.828175	-98.5795	US	20260529183000	https://deadline.com/2026/05/paramount-florence-pugh-midnight-library-1236930260/
1306569652	20260529	202605	2026	2026.4082	USA	TENNESSEE	USA								GBR	UNITED KINGDOM	GBR								1	173	173	17	4	-5.0	2	1	2	-2.88184438040346	4	Andover, Hampshire, United Kingdom	UK	UKF2	40112	51.2	-1.48333	-2588265	4	Andover, Hampshire, United Kingdom	UK	UKF2	40112	51.2	-1.48333	-2588265	4	Andover, Hampshire, United Kingdom	UK	UKF2	40112	51.2	-1.48333	-2588265	20260529183000	https://www.andoveradvertiser.co.uk/news/26149385.andover-mum-launches-fundraiser-help-son-detained-us-police/
1306569653	20260529	202605	2026	2026.4082	USA	UNITED STATES	USA								GOV	AUTHORITIES						GOV			1	013	013	01	1	0.4	2	1	2	-5.2	1	United States	US	US		39.828175	-98.5795	US	4	Hope Town, Hope Town, Bahamas, The	BF	BF43	5747	26.55	-76.95	-1543490	4	Hope Town, Hope Town, Bahamas, The	BF	BF43	5747	26.55	-76.95	-1543490	20260529183000	https://www.tribune242.com/news/2026/may/29/us-asks-police-to-expand-search/
1306569654	20260529	202605	2026	2026.4082	USA	UNITED STATES	USA								GOV	ADMINISTRATION						GOV			1	042	042	04	1	1.9	2	1	2	-8.06451612903226	3	White House, District of Columbia, United States	US	USDC		38.8951	-77.0364	531871	1	Ukraine	UP	UP		49	32	UP	3	White House, District of Columbia, United States	US	USDC		38.8951	-77.0364	531871	20260529183000	https://www.alternet.org/trump-ukraine-putin-zelensky/
1306569655	20260529	202605	2026	2026.4082	USA	UNITED STATES	USA								GOV	ADMINISTRATION						GOV			1	042	042	04	1	1.9	4	1	4	-8.06451612903226	1	Ukraine	UP	UP		49	32	UP	1	Ukraine	UP	UP		49	32	UP	1	Ukraine	UP	UP		49	32	UP	20260529183000	https://www.alternet.org/trump-ukraine-putin-zelensky/
1306569656	20260529	202605	2026	2026.4082	USA	WASHINGTON	USA								GOV	PRESIDENT						GOV			1	043	043	04	1	2.8	6	1	6	-8.06451612903226	2	Washington, United States	US	USWA		47.3917	-121.571	WA	1	Ukraine	UP	UP		49	32	UP	3	White House, District of Columbia, United States	US	USDC		38.8951	-77.0364	531871	20260529183000	https://www.alternet.org/trump-ukraine-putin-zelensky/
1306569657	20260529	202605	2026	2026.4082	USA	UNITED STATES	USA								GOV	PRESIDENT						GOV			0	046	046	04	1	7.0	1	1	1	-1.82946749428291	1	Iran	IR	IR		32	53	IR	3	Capitol Hill, District of Columbia, United States	US	USDC		38.889	-77.0003	529313	3	Capitol Hill, District of Columbia, United States	US	USDC		38.889	-77.0003	529313	20260529183000	https://www.thehour.com/news/politics/article/the-latest-us-and-iranian-reach-tentative-deal-22282146.php
1306569658	20260529	202605	2026	2026.4082	USA	UNITED STATES	USA								GOV	PRESIDENT						GOV			0	111	111	11	3	-2.0	4	1	4	3.87323943661972	3	Las Vegas, Nevada, United States	US	USNV	NV003	36.175	-115.137	847388	3	Las Vegas, Nevada, United States	US	USNV		36.175	-115.137	847388	3	Las Vegas, Nevada, United States	US	USNV		36.175	-115.137	847388	20260529183000	https://www.manilatimes.net/2026/05/30/tmt-newswire/globenewswire/lv-petroleum-celebrates-community-milestones-with-aw-grand-opening-in-wellsville-kansas-and-live-radio-event-at-las-vegas-rallys-location/2354814
1306569659	20260529	202605	2026	2026.4082	USA	UNITED STATES	USA								GOV	FINANCE MINIST						GOV			0	112	112	11	3	-2.0	4	1	4	-3.41207349081364	2	Florida, United States	US	USFL		27.8333	-81.717	FL	2	Florida, United States	US	USFL		27.8333	-81.717	FL	2	Florida, United States	US	USFL		27.8333	-81.717	FL	20260529183000	https://www.tribune242.com/news/2026/may/29/halkitis-denies-gardiner-hired-him/
1306569660	20260529	202605	2026	2026.4082	USA	ILLINOIS	USA								GOV	STATE OFFICIAL						GOV			1	112	112	11	3	-2.0	10	1	10	-7.24346076458752	2	Illinois, United States	US	USIL		40.3363	-89.0022	IL	2	Illinois, United States	US	USIL		40.3363	-89.0022	IL	2	Illinois, United States	US	USIL		40.3363	-89.0022	IL	20260529183000	https://www.casino.org/news/bankrupt-illinois-racetrack-accuses-state-official-of-steering-funds-to-rival/
1306569661	20260529	202605	2026	2026.4082	USA	WASHINGTON	USA								HLH	HOSPITAL						HLH			0	010	010	01	1	0.0	4	1	4	-5.27472527472527	3	Fredericksburg, Virginia, United States	US	USVA	VA163	37.8929	-79.4378	1494946	3	Fredericksburg, Virginia, United States	US	USVA	VA163	37.8929	-79.4378	1494946	3	Fredericksburg, Virginia, United States	US	USVA	VA163	37.8929	-79.4378	1494946	20260529183000	https://edition.cnn.com/2026/05/29/us/virginia-bus-crash
1306569662	20260529	202605	2026	2026.4082	USA	WASHINGTON	USA								HLH	HOSPITAL						HLH			0	010	010	01	1	0.0	1	1	1	-5.27472527472527	2	Virginia, United States	US	USVA		37.768	-78.2057	VA	2	Virginia, United States	US	USVA		37.768	-78.2057	VA	3	Fredericksburg, Virginia, United States	US	USVA	VA163	37.8929	-79.4378	1494946	20260529183000	https://edition.cnn.com/2026/05/29/us/virginia-bus-crash
1306569663	20260529	202605	2026	2026.4082	USA	WASHINGTON	USA								HLH	HOSPITAL						HLH			1	010	010	01	1	0.0	5	1	5	-4.33734939759036	2	Virginia, United States	US	USVA		37.768	-78.2057	VA	2	Virginia, United States	US	USVA		37.768	-78.2057	VA	2	Virginia, United States	US	USVA		37.768	-78.2057	VA	20260529183000	https://www.kten.com/news/national/five-people-dead-and-34-injured-after-bus-hits-cars-on-virginia-interstate-state-police/article_cf9fa873-a3ef-54b9-9825-b913366d2a22.html
1306569664	20260529	202605	2026	2026.4082	USA	ARKANSAS	USA								HLH	CAREGIVER						HLH			0	042	042	04	1	1.9	4	2	4	9.29853181076672	2	Arkansas, United States	US	USAR		34.9513	-92.3809	AR	2	Arkansas, United States	US	USAR		34.9513	-92.3809	AR	2	Arkansas, United States	US	USAR		34.9513	-92.3809	AR	20260529183000	http://www.nashvilleherald.com/news/279090642/visiting-angels-in-northwest-arkansas-earns-2026-recognition-as-award-winning-home-care-agency-in-fayetteville-ar
1306569665	20260529	202605	2026	2026.4082	USA	UNITED STATES	USA								IRN	IRAN	IRN								0	046	046	04	1	7.0	1	1	1	-3.56536502546689	4	Tehran, Tehran, Iran	IR	IR26	41130	35.75	51.5148	10074674	4	Gaza, Israel (general), Israel	IS	IS00	18315	31.4167	34.3333	-797156	4	Gaza, Israel (general), Israel	IS	IS00	18315	31.4167	34.3333	-797156	20260529183000	https://timesofoman.com/article/172357-iran-war-us-to-lift-naval-blockade-of-ports-trump-says
1306569666	20260529	202605	2026	2026.4082	USA	UNITED STATES	USA								IRN	IRAN	IRN								0	050	050	05	1	3.5	1	1	1	-2.77349768875193	4	Tehran, Tehran, Iran	IR	IR26	41130	35.75	51.5148	10074674	4	Tehran, Tehran, Iran	IR	IR26	41130	35.75	51.5148	10074674	4	Tehran, Tehran, Iran	IR	IR26	41130	35.75	51.5148	10074674	20260529183000	https://www.presstv.ir/Detail/2026/05/29/769480/Iran-Oman-Araghchi-Busaidi-
1306569667	20260529	202605	2026	2026.4082	USA	THE US	USA								IRN	IRAN	IRN								0	190	190	19	4	-10.0	8	1	8	-3.9440203562341	4	Gaza, Israel (general), Israel	IS	IS00	18315	31.4167	34.3333	-797156	4	Tehran, Tehran, Iran	IR	IR26	41130	35.75	51.5148	10074674	4	Gaza, Israel (general), Israel	IS	IS00	18315	31.4167	34.3333	-797156	20260529183000	https://www.presstv.ir/Detail/2026/05/29/769487/Leader
1306569668	20260529	202605	2026	2026.4082	USA	THE US	USA								IRN	IRAN	IRN								0	190	190	19	4	-10.0	2	1	2	-3.9440203562341	4	Tehran, Tehran, Iran	IR	IR26	41130	35.75	51.5148	10074674	1	Israel	IS	IS		31.5	34.75	IS	4	Tehran, Tehran, Iran	IR	IR26	41130	35.75	51.5148	10074674	20260529183000	https://www.presstv.ir/Detail/2026/05/29/769487/Leader
1306569669	20260529	202605	2026	2026.4082	USA	MAINE	USA								IRQ	IRAQ	IRQ								1	112	112	11	3	-2.0	2	1	2	-9.48148148148147	1	Iraq	IZ	IZ		33	44	IZ	1	Iraq	IZ	IZ		33	44	IZ	1	Iraq	IZ	IZ		33	44	IZ	20260529183000	https://twitchy.com/samj/2026/05/29/here-are-a-bunch-of-idiot-democrats-trying-to-dunk-on-susan-collins-because-platner-sent-himself-to-war-n2428698
1306569670	20260529	202605	2026	2026.4082	USA	UNITED STATES	USA								ISR	ISRAEL	ISR								1	040	040	04	1	1.0	1	1	1	-0.64655172413793	4	Astana, Gorod Astana, Kazakhstan	KZ	KZ05	37174	51.1811	71.4278	-2334218	4	Astana, Gorod Astana, Kazakhstan	KZ	KZ05	37174	51.1811	71.4278	-2334218	1	Russia	RS	RS		60	100	RS	20260529183000	https://www.presstv.ir/Detail/2026/05/29/769476/Iran-Eurasian-Economic-Union-regional-development-US-Israel-aggression-Masoud-Pezeshkian
1306569671	20260529	202605	2026	2026.4082	USA	UNITED STATES	USA								ISR	ISRAEL	ISR								1	040	040	04	1	1.0	1	1	1	-0.64655172413793	4	Astana, Gorod Astana, Kazakhstan	KZ	KZ05	37174	51.1811	71.4278	-2334218	1	Kyrgyzstan	KG	KG		41	75	KG	4	Tehran, Tehran, Iran	IR	IR26	41130	35.75	51.5148	10074674	20260529183000	https://www.presstv.ir/Detail/2026/05/29/769476/Iran-Eurasian-Economic-Union-regional-development-US-Israel-aggression-Masoud-Pezeshkian
1306569672	20260529	202605	2026	2026.4082	USA	UNITED STATES	USA								ISR	ISRAEL	ISR								1	040	040	04	1	1.0	3	1	3	-0.64655172413793	4	Astana, Gorod Astana, Kazakhstan	KZ	KZ05	37174	51.1811	71.4278	-2334218	1	Russia	RS	RS		60	100	RS	4	Tehran, Tehran, Iran	IR	IR26	41130	35.75	51.5148	10074674	20260529183000	https://www.presstv.ir/Detail/2026/05/29/769476/Iran-Eurasian-Economic-Union-regional-development-US-Israel-aggression-Masoud-Pezeshkian
1306569673	20260529	202605	2026	2026.4082	USA	UNITED STATES	USA								JAN	JAIN				JAN					0	040	040	04	1	1.0	2	1	2	-1.39165009940358	3	White House, District of Columbia, United States	US	USDC		38.8951	-77.0364	531871	3	White House, District of Columbia, United States	US	USDC		38.8951	-77.0364	531871	3	White House, District of Columbia, United States	US	USDC		38.8951	-77.0364	531871	20260529183000	https://www.alternet.org/trump-eisenhower-building/
1306569674	20260529	202605	2026	2026.4082	USA	UNITED STATES	USA								JUD	JUDGE						JUD			0	020	020	02	1	3.0	8	2	8	-1.93236714975846	3	New Haven, Connecticut, United States	US	USCT	CT009	41.3082	-72.9282	209231	3	New Haven, Connecticut, United States	US	USCT		41.3082	-72.9282	209231	3	New Haven, Connecticut, United States	US	USCT		41.3082	-72.9282	209231	20260529183000	https://www.wqcs.org/2026-05-29/justice-department-anti-weaponization-fund-paused
1306569675	20260529	202605	2026	2026.4082	USA	ATLANTA	USA								JUD	COURT OF APPEALS						JUD			0	020	020	02	1	3.0	2	1	2	-2.92887029288703	3	Atlanta, Georgia, United States	US	USGA	GA121	33.749	-84.388	351615	3	Atlanta, Georgia, United States	US	USGA	GA121	33.749	-84.388	351615	3	Atlanta, Georgia, United States	US	USGA	GA121	33.749	-84.388	351615	20260529183000	https://dailycaller.com/2026/05/29/married-federal-judge-eleanor-ross-reprimanded-sex-affair-courthouse-obama/
1306569676	20260529	202605	2026	2026.4082	USA	MINNESOTA	USA								JUD	ATTORNEY						JUD			1	084	084	08	2	7.0	2	1	2	-10.2739726027397	3	Hennepin County, Minnesota, United States	US	USMN	MN053	45.0166	-93.4502	659472	3	Hennepin County, Minnesota, United States	US	USMN		45.0166	-93.4502	659472	3	Hennepin County, Minnesota, United States	US	USMN		45.0166	-93.4502	659472	20260529183000	https://www.nbcnews.com/news/us-news/ice-agent-charged-operation-metro-surge-shooting-arrested-texas-rcna347567
1306569677	20260529	202605	2026	2026.4082	USA	UNITED STATES	USA								LAB	EMPLOYEE						LAB			1	010	010	01	1	0.0	2	1	2	2.29729729729729	2	Alaska, United States	US	USAK		61.385	-152.268	AK	2	Alaska, United States	US	USAK		61.385	-152.268	AK	2	Alaska, United States	US	USAK		61.385	-152.268	AK	20260529183000	https://alaska-native-news.com/the-call-came-from-the-white-house-trump-aide-secured-620-million-pentagon-loan-for-firm-tied-to-don-jr/84268/
1306569678	20260529	202605	2026	2026.4082	USA	NORTH CAROLINA	USA								LEG	SENATOR						LEG			0	020	020	02	1	3.0	8	2	8	-1.93236714975846	2	North Carolina, United States	US	USNC		35.6411	-79.8431	NC	2	North Carolina, United States	US	USNC		35.6411	-79.8431	NC	2	North Carolina, United States	US	USNC		35.6411	-79.8431	NC	20260529183000	https://www.wqcs.org/2026-05-29/justice-department-anti-weaponization-fund-paused
1306569679	20260529	202605	2026	2026.4082	USA	IOWA	USA								LEG	SENATE						LEG			1	043	043	04	1	2.8	7	1	7	-5.5185537583254	2	Iowa, United States	US	USIA		42.0046	-93.214	IA	2	Iowa, United States	US	USIA		42.0046	-93.214	IA	2	Iowa, United States	US	USIA		42.0046	-93.214	IA	20260529183000	https://www.timescitizen.com/news/jan-6-protestor-speaks-for-jim-carlin-at-if-event/article_d1fdae42-2cdc-44fd-b227-623adeaf661c.html
1306569680	20260529	202605	2026	2026.4082	USA	UNITED STATES	USA								LEG	SENATE						LEG			0	141	141	14	3	-6.5	2	1	2	4.13669064748202	2	Missouri, United States	US	USMO		38.4623	-92.302	MO	3	Jackson County, Missouri, United States	US	USMO		39.0167	-94.3502	758502	2	Missouri, United States	US	USMO		38.4623	-92.302	MO	20260529183000	https://themissouritimes.com/winners-of-the-2026-legislative-session/
1306569681	20260529	202605	2026	2026.4082	USA	UNITED STATES	USA								LEG	SENATE						LEG			0	141	141	14	3	-6.5	2	1	2	4.13669064748202	2	Missouri, United States	US	USMO		38.4623	-92.302	MO	2	Missouri, United States	US	USMO		38.4623	-92.302	MO	2	Missouri, United States	US	USMO		38.4623	-92.302	MO	20260529183000	https://themissouritimes.com/winners-of-the-2026-legislative-session/
1306569682	20260529	202605	2026	2026.4082	USA	UNITED STATES	USA								MED	MEDIA						MED			0	010	010	01	1	0.0	4	1	4	-1.99501246882793	2	Alaska, United States	US	USAK		61.385	-152.268	AK	2	Alaska, United States	US	USAK		61.385	-152.268	AK	2	Alaska, United States	US	USAK		61.385	-152.268	AK	20260529183000	https://www.dailymail.com/tvshowbiz/article-15859253/Alaskan-Bush-People-Matt-Brown-feared-dead-washington.html
1306569683	20260529	202605	2026	2026.4082	USA	UNITED STATES	USA								MED	TELEVISION						MED			0	042	042	04	1	1.9	3	1	2	-3.04659498207885	3	Burbank, California, United States	US	USCA	CA085	37.3233	-121.932	277480	2	New York, United States	US	USNY		42.1497	-74.9384	NY	2	New York, United States	US	USNY		42.1497	-74.9384	NY	20260529183000	https://krcrtv.com/news/entertainment/elderly-couple-dies-in-murder-suicide-after-scam-by-alleged-tom-selleck-impersonator
1306569684	20260529	202605	2026	2026.4082	USA	UNITED STATES	USA								MED	NEWSPAPER						MED			0	042	042	04	1	1.9	2	1	2	-0.22002200220022	2	Illinois, United States	US	USIL		40.3363	-89.0022	IL	2	Illinois, United States	US	USIL		40.3363	-89.0022	IL	2	Illinois, United States	US	USIL		40.3363	-89.0022	IL	20260529183000	https://www.waterwaysjournal.net/2026/05/29/the-harry-dyer-had-a-bright-start-and-dramatic-end/
1306569685	20260529	202605	2026	2026.4082	USA	UNITED STATES	USA								MED	TELEVISION						MED			0	042	042	04	1	1.9	2	1	2	-3.04659498207885	2	New York, United States	US	USNY		42.1497	-74.9384	NY	3	Burbank, California, United States	US	USCA	CA085	37.3233	-121.932	277480	2	New York, United States	US	USNY		42.1497	-74.9384	NY	20260529183000	https://krcrtv.com/news/entertainment/elderly-couple-dies-in-murder-suicide-after-scam-by-alleged-tom-selleck-impersonator
1306569686	20260529	202605	2026	2026.4082	USA	UNITED STATES	USA								MED	TELEVISION						MED			0	042	042	04	1	1.9	1	1	1	-3.04659498207885	2	New York, United States	US	USNY		42.1497	-74.9384	NY	2	New York, United States	US	USNY		42.1497	-74.9384	NY	2	New York, United States	US	USNY		42.1497	-74.9384	NY	20260529183000	https://krcrtv.com/news/entertainment/elderly-couple-dies-in-murder-suicide-after-scam-by-alleged-tom-selleck-impersonator
1306569687	20260529	202605	2026	2026.4082	USA	UNITED STATES	USA								MIL	CAPTAIN						MIL			0	013	013	01	1	0.4	2	1	2	2.98329355608592	3	Trenton, Pennsylvania, United States	US	USPA	PA107	40.8381	-76.0905	1204826	3	Trenton, Pennsylvania, United States	US	USPA	PA107	40.8381	-76.0905	1204826	3	Trenton, Pennsylvania, United States	US	USPA	PA107	40.8381	-76.0905	1204826	20260529183000	https://www.yakimaherald.com/news/nation_and_world/entertainment/grammy-nominated-orrin-evans-to-lead-seattle-repertory-jazz-orchestra/article_da70ee1a-4ab7-5b39-9fab-8d4d899dc17e.html
1306569688	20260529	202605	2026	2026.4082	USA	UNITED STATES	USA								MIL	AIR FORCE						MIL			0	051	051	05	1	3.4	2	1	2	-0.40697674418605	3	Brookfield, Illinois, United States	US	USIL	IL031	41.8239	-87.8517	404907	3	Brookfield, Illinois, United States	US	USIL	IL031	41.8239	-87.8517	404907	3	Brookfield, Illinois, United States	US	USIL	IL031	41.8239	-87.8517	404907	20260529183000	https://www.chicagotribune.com/2026/05/29/lagrange-pilot-pet-parade-film/
1306569689	20260529	202605	2026	2026.4082	USA	MIAMI	USA								MIL	ARMY						MIL			0	190	190	19	4	-10.0	3	1	3	-3.17460317460317	3	Miami, Florida, United States	US	USFL	FL086	25.7743	-80.1937	295004	3	Miami, Florida, United States	US	USFL	FL086	25.7743	-80.1937	295004	3	Miami, Florida, United States	US	USFL	FL086	25.7743	-80.1937	295004	20260529183000	https://www.foxnews.com/politics/dem-rep-frederica-wilson-announces-retirement-days-after-denying-crazy-rumor-she-would-leave-congress
1306569690	20260529	202605	2026	2026.4082	USA	UNITED STATES	USA								MIL	ARMY						MIL			0	190	190	19	4	-10.0	4	1	4	-3.17460317460317	2	Florida, United States	US	USFL		27.8333	-81.717	FL	3	White House, District of Columbia, United States	US	USDC		38.8951	-77.0364	531871	3	White House, District of Columbia, United States	US	USDC		38.8951	-77.0364	531871	20260529183000	https://www.foxnews.com/politics/dem-rep-frederica-wilson-announces-retirement-days-after-denying-crazy-rumor-she-would-leave-congress
1306569691	20260529	202605	2026	2026.4082	USA	THE US	USA								MOS	ISLAMIC				MOS					0	020	020	02	1	3.0	4	1	4	-4.73251028806585	4	Tehran, Tehran, Iran	IR	IR26	41130	35.75	51.5148	10074674	1	Qatar	QA	QA		25.5	51.25	QA	1	Qatar	QA	QA		25.5	51.25	QA	20260529183000	https://www.presstv.ir/Detail/2026/05/29/769488/Iran-says-no-final-understanding-with-US-yet-rejects-Trump-language-must
1306569692	20260529	202605	2026	2026.4082	USA	THE US	USA								MOS	ISLAMIC				MOS					0	020	020	02	1	3.0	1	1	1	-4.73251028806585	3	Washington, District of Columbia, United States	US	USDC	DC001	38.8951	-77.0364	531871	4	Tehran, Tehran, Iran	IR	IR26	41130	35.75	51.5148	10074674	1	Pakistan	PK	PK		30	70	PK	20260529183000	https://www.presstv.ir/Detail/2026/05/29/769488/Iran-says-no-final-understanding-with-US-yet-rejects-Trump-language-must
1306569693	20260529	202605	2026	2026.4082	USA	RALEIGH	USA								NGO	SPECIAL OLYMPICS						NGO			1	141	141	14	3	-6.5	4	1	4	0.80645161290323	3	Raleigh, North Carolina, United States	US	USNC	NC183	35.7721	-78.6386	1024242	3	Wake Forest, North Carolina, United States	US	USNC		35.9799	-78.5097	1023094	3	Raleigh, North Carolina, United States	US	USNC	NC183	35.7721	-78.6386	1024242	20260529183000	https://abc11.com/post/hundreds-officers-unite-raleigh-final-leg-flame-hope-run/19194141/
1306569694	20260529	202605	2026	2026.4082	USA	RALEIGH	USA								NGO	SPECIAL OLYMPICS						NGO			1	141	141	14	3	-6.5	6	1	6	0.80645161290323	2	North Carolina, United States	US	USNC		35.6411	-79.8431	NC	3	Wake Forest, North Carolina, United States	US	USNC		35.9799	-78.5097	1023094	3	Raleigh, North Carolina, United States	US	USNC	NC183	35.7721	-78.6386	1024242	20260529183000	https://abc11.com/post/hundreds-officers-unite-raleigh-final-leg-flame-hope-run/19194141/
1306569695	20260529	202605	2026	2026.4082	USA	UNITED STATES	USA								NLD	LEYDEN	NLD								1	014	014	01	1	0.0	4	1	4	1.19165839126118	3	Town Hall, Massachusetts, United States	US	USMA	MA023	42.0654	-70.8661	614014	3	Town Hall, Massachusetts, United States	US	USMA		42.0654	-70.8661	614014	3	Town Hall, Massachusetts, United States	US	USMA		42.0654	-70.8661	614014	20260529183000	https://recorder.com/2026/05/29/leyden-town-meeting-to-tackle-2-35m-budget-school-assessments/
1306569696	20260529	202605	2026	2026.4082	USA	UNITED STATES	USA								NLD	LEYDEN	NLD								1	014	014	01	1	0.0	2	1	2	1.19165839126118	2	Massachusetts, United States	US	USMA		42.2373	-71.5314	MA	2	Massachusetts, United States	US	USMA		42.2373	-71.5314	MA	2	Massachusetts, United States	US	USMA		42.2373	-71.5314	MA	20260529183000	https://recorder.com/2026/05/29/leyden-town-meeting-to-tackle-2-35m-budget-school-assessments/
1306569697	20260529	202605	2026	2026.4082	USA	UNITED STATES	USA								NMR	NORTH AMERICA	NMR								1	036	036	03	1	4.0	2	1	2	-3.02690582959641	3	Phoenix, Arizona, United States	US	USAZ	AZ013	33.4484	-112.074	44784	3	Phoenix, Arizona, United States	US	USAZ	AZ013	33.4484	-112.074	44784	3	Phoenix, Arizona, United States	US	USAZ	AZ013	33.4484	-112.074	44784	20260529183000	https://www.knac.com/news/news/arch-enemy-the-black-dahlia-murder-announce-co-headline-tour-this-fall/
1306569698	20260529	202605	2026	2026.4082	USA	UNITED STATES	USA								NMR	NORTH AMERICA	NMR								1	042	042	04	1	1.9	2	1	2	-3.02690582959641	3	Phoenix, Arizona, United States	US	USAZ	AZ013	33.4484	-112.074	44784	3	Phoenix, Arizona, United States	US	USAZ	AZ013	33.4484	-112.074	44784	3	Phoenix, Arizona, United States	US	USAZ	AZ013	33.4484	-112.074	44784	20260529183000	https://www.knac.com/news/news/arch-enemy-the-black-dahlia-murder-announce-co-headline-tour-this-fall/
1306569699	20260529	202605	2026	2026.4082	USA	UNITED STATES	USA								NMR	NORTH AMERICA	NMR								1	084	084	08	2	7.0	2	1	2	1.55038759689923	1	Japan	JA	JA		36	138	JA	1	Japan	JA	JA		36	138	JA	1	Japan	JA	JA		36	138	JA	20260529183000	https://www.cartoonbrew.com/anime/adolescence-of-utena-gkids-kunihiko-ikuhara-261791.html
1306569700	20260529	202605	2026	2026.4082	USA	UNITED STATES	USA								OPP	DETAINEE						OPP			0	042	042	04	1	1.9	4	1	4	-12.9597197898423	2	New Jersey, United States	US	USNJ		40.314	-74.5089	NJ	2	New Jersey, United States	US	USNJ		40.314	-74.5089	NJ	2	New Jersey, United States	US	USNJ		40.314	-74.5089	NJ	20260529183000	https://www.ibtimes.co.uk/hunger-strike-delaney-hall-ice-facility-1799684
1306569701	20260529	202605	2026	2026.4082	USA	UNITED STATES	USA								PHL	MANILA	PHL								1	020	020	02	1	3.0	4	1	4	-0.35650623885918	3	White House, District of Columbia, United States	US	USDC		38.8951	-77.0364	531871	3	White House, District of Columbia, United States	US	USDC		38.8951	-77.0364	531871	3	White House, District of Columbia, United States	US	USDC		38.8951	-77.0364	531871	20260529183000	https://www.manilatimes.net/2026/05/30/world/us-250-bill-with-trumps-image-proposed/2354653
1306569702	20260529	202605	2026	2026.4082	USA	UNITED STATES	USA								RUS	RUSSIAN	RUS								1	112	112	11	3	-2.0	1	1	1	-8.06451612903226	3	White House, District of Columbia, United States	US	USDC		38.8951	-77.0364	531871	4	Moscow, Moskva, Russia	RS	RS48	25106	55.7522	37.6156	-2960561	4	Moscow, Moskva, Russia	RS	RS48	25106	55.7522	37.6156	-2960561	20260529183000	https://www.alternet.org/trump-ukraine-putin-zelensky/
1306569703	20260529	202605	2026	2026.4082	USA	UNITED STATES	USA								RUS	RUSSIAN	RUS								1	112	112	11	3	-2.0	1	1	1	-8.06451612903226	3	White House, District of Columbia, United States	US	USDC		38.8951	-77.0364	531871	1	Ukraine	UP	UP		49	32	UP	1	Ukraine	UP	UP		49	32	UP	20260529183000	https://www.alternet.org/trump-ukraine-putin-zelensky/
1306569704	20260529	202605	2026	2026.4082	USA	UNITED STATES	USA								RUSGOV	RUSSIA	RUS					GOV			1	112	112	11	3	-2.0	2	1	2	-8.06451612903226	3	White House, District of Columbia, United States	US	USDC		38.8951	-77.0364	531871	4	Moscow, Moskva, Russia	RS	RS48	25106	55.7522	37.6156	-2960561	4	Moscow, Moskva, Russia	RS	RS48	25106	55.7522	37.6156	-2960561	20260529183000	https://www.alternet.org/trump-ukraine-putin-zelensky/
1306569705	20260529	202605	2026	2026.4082	USA	NEW YORK	USA								SPY	INTELLIGENCE						SPY			1	090	090	09	2	-2.0	10	1	10	2.5	2	Delaware, United States	US	USDE		39.3498	-75.5148	DE	2	Delaware, United States	US	USDE		39.3498	-75.5148	DE	2	Delaware, United States	US	USDE		39.3498	-75.5148	DE	20260529183000	https://www.prnewswire.com/news-releases/afdg-copper-intelligence-announces-1100-reverse-split-additional-corporate-actions-302785978.html
1306569706	20260529	202605	2026	2026.4082	USA	UNITED STATES	USA								SWE	SWEDEN	SWE								0	042	042	04	1	1.9	2	1	2	-3.02690582959641	3	Phoenix, Arizona, United States	US	USAZ	AZ013	33.4484	-112.074	44784	1	Sweden	SW	SW		62	15	SW	1	Sweden	SW	SW		62	15	SW	20260529183000	https://www.knac.com/news/news/arch-enemy-the-black-dahlia-murder-announce-co-headline-tour-this-fall/
1306569707	20260529	202605	2026	2026.4082	USA	UNITED STATES	USA								UKR	ODESSA	UKR								1	020	020	02	1	3.0	2	1	2	-3.73831775700935	3	Odessa, Texas, United States	US	USTX	TX135	31.8457	-102.368	1343067	3	Odessa, Texas, United States	US	USTX	TX135	31.8457	-102.368	1343067	3	Odessa, Texas, United States	US	USTX	TX135	31.8457	-102.368	1343067	20260529183000	https://www.firstalert7.com/2026/05/29/first-alert-7-forecast-friday-may-29th-2026-2/
1306569708	20260529	202605	2026	2026.4082	USA	UNITED STATES	USA								UKR	UKRAINE	UKR								0	071	071	07	2	7.4	4	1	4	-5.5185537583254	3	Cedar Rapids, Iowa, United States	US	USIA	IA113	42.0083	-91.6441	465941	1	Ukraine	UP	UP		49	32	UP	1	Ukraine	UP	UP		49	32	UP	20260529183000	https://www.timescitizen.com/news/jan-6-protestor-speaks-for-jim-carlin-at-if-event/article_d1fdae42-2cdc-44fd-b227-623adeaf661c.html
1306569709	20260529	202605	2026	2026.4082	USA	UNITED STATES	USA								UKR	UKRAINE	UKR								0	111	111	11	3	-2.0	2	1	2	-5.5185537583254	3	Cedar Rapids, Iowa, United States	US	USIA	IA113	42.0083	-91.6441	465941	1	Ukraine	UP	UP		49	32	UP	3	Cedar Rapids, Iowa, United States	US	USIA		42.0083	-91.6441	465941	20260529183000	https://www.timescitizen.com/news/jan-6-protestor-speaks-for-jim-carlin-at-if-event/article_d1fdae42-2cdc-44fd-b227-623adeaf661c.html
1306569710	20260529	202605	2026	2026.4082	USA	UNITED STATES	USA								UKR	UKRAINE	UKR								0	111	111	11	3	-2.0	2	1	2	-5.5185537583254	3	Cedar Rapids, Iowa, United States	US	USIA	IA113	42.0083	-91.6441	465941	1	Ukraine	UP	UP		49	32	UP	1	Ukraine	UP	UP		49	32	UP	20260529183000	https://www.timescitizen.com/news/jan-6-protestor-speaks-for-jim-carlin-at-if-event/article_d1fdae42-2cdc-44fd-b227-623adeaf661c.html
1306569711	20260529	202605	2026	2026.4082	USA	UNITED STATES	USA								UKR	UKRAINE	UKR								0	111	111	11	3	-2.0	2	1	2	-8.06451612903226	3	White House, District of Columbia, United States	US	USDC		38.8951	-77.0364	531871	1	Ukraine	UP	UP		49	32	UP	3	White House, District of Columbia, United States	US	USDC		38.8951	-77.0364	531871	20260529183000	https://www.alternet.org/trump-ukraine-putin-zelensky/
1306569712	20260529	202605	2026	2026.4082	USA	UNITED STATES	USA								UKR	UKRAINIAN	UKR								1	112	112	11	3	-2.0	2	1	2	-8.06451612903226	3	White House, District of Columbia, United States	US	USDC		38.8951	-77.0364	531871	4	Moscow, Moskva, Russia	RS	RS48	25106	55.7522	37.6156	-2960561	4	Moscow, Moskva, Russia	RS	RS48	25106	55.7522	37.6156	-2960561	20260529183000	https://www.alternet.org/trump-ukraine-putin-zelensky/
1306569713	20260529	202605	2026	2026.4082	USA	UNITED STATES	USA								UKR	UKRAINIAN	UKR								1	112	112	11	3	-2.0	2	1	2	-8.06451612903226	3	White House, District of Columbia, United States	US	USDC		38.8951	-77.0364	531871	1	Ukraine	UP	UP		49	32	UP	1	Ukraine	UP	UP		49	32	UP	20260529183000	https://www.alternet.org/trump-ukraine-putin-zelensky/
1306569714	20260529	202605	2026	2026.4082	USA	UNITED STATES	USA								UKRGOV	UKRAINE	UKR					GOV			1	112	112	11	3	-2.0	2	1	2	-8.06451612903226	3	White House, District of Columbia, United States	US	USDC		38.8951	-77.0364	531871	1	Ukraine	UP	UP		49	32	UP	3	White House, District of Columbia, United States	US	USDC		38.8951	-77.0364	531871	20260529183000	https://www.alternet.org/trump-ukraine-putin-zelensky/
1306569715	20260529	202605	2026	2026.4082	USA	UNITED STATES	USA								UKRGOV	UKRAINE	UKR					GOV			1	112	112	11	3	-2.0	2	1	2	-8.06451612903226	3	White House, District of Columbia, United States	US	USDC		38.8951	-77.0364	531871	1	Ukraine	UP	UP		49	32	UP	1	Ukraine	UP	UP		49	32	UP	20260529183000	https://www.alternet.org/trump-ukraine-putin-zelensky/
1306569716	20260529	202605	2026	2026.4082	USA	UNITED STATES	USA								UKRMIL	UKRAINE	UKR					MIL			0	111	111	11	3	-2.0	2	1	2	-8.06451612903226	3	White House, District of Columbia, United States	US	USDC		38.8951	-77.0364	531871	4	Moscow, Moskva, Russia	RS	RS48	25106	55.7522	37.6156	-2960561	4	Moscow, Moskva, Russia	RS	RS48	25106	55.7522	37.6156	-2960561	20260529183000	https://www.alternet.org/trump-ukraine-putin-zelensky/
1306569717	20260529	202605	2026	2026.4082	USA	UNITED STATES	USA								UKRMIL	UKRAINE	UKR					MIL			0	111	111	11	3	-2.0	2	1	2	-8.06451612903226	3	White House, District of Columbia, United States	US	USDC		38.8951	-77.0364	531871	1	Ukraine	UP	UP		49	32	UP	1	Ukraine	UP	UP		49	32	UP	20260529183000	https://www.alternet.org/trump-ukraine-putin-zelensky/
1306569718	20260529	202605	2026	2026.4082	USA	CLEVELAND	USA								USACOP	UNITED STATES	USA					COP			1	012	012	01	1	-0.4	4	1	4	-8.14977973568282	3	Cleveland, Ohio, United States	US	USOH	OH035	41.4995	-81.6954	1066654	3	Cleveland, Ohio, United States	US	USOH	OH035	41.4995	-81.6954	1066654	3	Cleveland, Ohio, United States	US	USOH	OH035	41.4995	-81.6954	1066654	20260529183000	https://www.cleveland19.com/2026/05/29/cleveland-police-give-update-suspect-who-injured-several-officers/
1306569719	20260529	202605	2026	2026.4082	USA	ATLANTA	USA								USACOP	UNITED STATES	USA					COP			0	090	090	09	2	-2.0	2	1	2	-2.92887029288703	2	Georgia, United States	US	USGA		32.9866	-83.6487	GA	2	Georgia, United States	US	USGA		32.9866	-83.6487	GA	2	Georgia, United States	US	USGA		32.9866	-83.6487	GA	20260529183000	https://dailycaller.com/2026/05/29/married-federal-judge-eleanor-ross-reprimanded-sex-affair-courthouse-obama/
1306569720	20260529	202605	2026	2026.4082	USA	CLEVELAND	USA								USACOP	UNITED STATES	USA					COP			1	193	193	19	4	-10.0	4	1	4	-8.14977973568282	3	Cleveland, Ohio, United States	US	USOH	OH035	41.4995	-81.6954	1066654	3	Cleveland, Ohio, United States	US	USOH	OH035	41.4995	-81.6954	1066654	3	Cleveland, Ohio, United States	US	USOH	OH035	41.4995	-81.6954	1066654	20260529183000	https://www.cleveland19.com/2026/05/29/cleveland-police-give-update-suspect-who-injured-several-officers/
1306569721	20260529	202605	2026	2026.4082	USA	ILLINOIS	USA								USACVL	DETROIT	USA					CVL			1	031	031	03	1	5.2	6	1	6	0.75901328273245	2	Illinois, United States	US	USIL		40.3363	-89.0022	IL	3	Detroit, Michigan, United States	US	USMI	MI163	42.3314	-83.0458	1617959	3	Detroit, Michigan, United States	US	USMI	MI163	42.3314	-83.0458	1617959	20260529183000	https://www.waterwaysjournal.net/2026/05/29/third-brandon-road-contract-awarded/
1306569722	20260529	202605	2026	2026.4082	USA	UNITED STATES	USA								USACVL	IOWA	USA					CVL			1	046	046	04	1	7.0	4	1	4	1.63170163170164	2	Iowa, United States	US	USIA		42.0046	-93.214	IA	2	Iowa, United States	US	USIA		42.0046	-93.214	IA	2	Iowa, United States	US	USIA		42.0046	-93.214	IA	20260529183000	https://www.timescitizen.com/news/twedt-ball-talks-affordability-during-coffee-with-voters-in-iowa-falls/article_bc5e01d5-3c9e-4c7a-a04e-b50dc7ae4f2b.html
1306569723	20260529	202605	2026	2026.4082	USA	NORTH CAROLINA	USA								USACVL	UNITED STATES	USA					CVL			1	060	060	06	2	6.0	4	1	4	2.34986945169712	2	North Carolina, United States	US	USNC		35.6411	-79.8431	NC	2	North Carolina, United States	US	USNC		35.6411	-79.8431	NC	2	North Carolina, United States	US	USNC		35.6411	-79.8431	NC	20260529183000	https://wlos.com/news/local/north-carolina-community-colleges-vacancies-workforce-staff-asheville-buncombe-technical-haywood-community-college-long-term-lapsed-salaries-wnc-workforce-state-auditor-office-dave-boliek-accountability-value-efficiency
1306569724	20260529	202605	2026	2026.4082	USA	IOWA	USA								USAEDU	UNITED STATES	USA					EDU			1	042	042	04	1	1.9	4	1	4	-5.56291390728476	1	Guyana	GY	GY		5	-59	GY	1	Guyana	GY	GY		5	-59	GY	1	Guyana	GY	GY		5	-59	GY	20260529183000	https://www.thehour.com/news/article/former-iowa-superintendent-to-be-sentenced-for-22281887.php
1306569725	20260529	202605	2026	2026.4082	USA	KANSAS	USA								USAEDU	UNITED STATES	USA					EDU			1	051	051	05	1	3.4	2	1	2	6.12813370473537	2	Kansas, United States	US	USKS		38.5111	-96.8005	KS	2	Kansas, United States	US	USKS		38.5111	-96.8005	KS	2	Kansas, United States	US	USKS		38.5111	-96.8005	KS	20260529183000	https://www.wibw.com/2026/05/29/four-kansas-student-teams-place-among-best-2026-world-kidwind-challenge/
1306569726	20260529	202605	2026	2026.4082	USA	NEW JERSEY	USA								USAGOV	UNITED STATES	USA					GOV			1	020	020	02	1	3.0	4	1	4	-1.16279069767442	2	New Jersey, United States	US	USNJ		40.314	-74.5089	NJ	2	New Jersey, United States	US	USNJ		40.314	-74.5089	NJ	2	New Jersey, United States	US	USNJ		40.314	-74.5089	NJ	20260529183000	https://www.benzinga.com/news/26/05/52883288/why-fintechs-and-banks-should-move-from-paper-logic-to-code
1306569727	20260529	202605	2026	2026.4082	USA	UNITED STATES	USA								USAGOV	THE WHITE HOUSE	USA					GOV			1	042	042	04	1	1.9	1	1	1	-8.06451612903226	3	White House, District of Columbia, United States	US	USDC		38.8951	-77.0364	531871	1	Ukraine	UP	UP		49	32	UP	1	Ukraine	UP	UP		49	32	UP	20260529183000	https://www.alternet.org/trump-ukraine-putin-zelensky/
1306569728	20260529	202605	2026	2026.4082	USA	NEW JERSEY	USA								USAGOV	UNITED STATES	USA					GOV			1	060	060	06	2	6.0	4	1	4	-1.16279069767442	2	New Jersey, United States	US	USNJ		40.314	-74.5089	NJ	2	New Jersey, United States	US	USNJ		40.314	-74.5089	NJ	2	New Jersey, United States	US	USNJ		40.314	-74.5089	NJ	20260529183000	https://www.benzinga.com/news/26/05/52883288/why-fintechs-and-banks-should-move-from-paper-logic-to-code
1306569729	20260529	202605	2026	2026.4082	USA	CLEVELAND	USA								USAGOV	CLEVELAND	USA					GOV			1	173	173	17	4	-5.0	7	1	7	-8.82352941176468	3	Cleveland, Ohio, United States	US	USOH	OH035	41.4995	-81.6954	1066654	3	Cleveland, Ohio, United States	US	USOH	OH035	41.4995	-81.6954	1066654	3	Cleveland, Ohio, United States	US	USOH	OH035	41.4995	-81.6954	1066654	20260529183000	https://www.cleveland19.com/2026/05/29/ohio-supreme-court-makes-ruling-murder-cleveland-firefighter-johnny-tetrick/
1306569730	20260529	202605	2026	2026.4082	USA	OHIO	USA								USAGOV	UNITED STATES	USA					GOV			1	190	190	19	4	-10.0	1	1	1	-8.82352941176468	2	Ohio, United States	US	USOH		40.3736	-82.7755	OH	2	Ohio, United States	US	USOH		40.3736	-82.7755	OH	2	Ohio, United States	US	USOH		40.3736	-82.7755	OH	20260529183000	https://www.cleveland19.com/2026/05/29/ohio-supreme-court-makes-ruling-murder-cleveland-firefighter-johnny-tetrick/
1306569731	20260529	202605	2026	2026.4082	USA	MINNESOTA	USA								USAJUD	UNITED STATES	USA					JUD			1	084	084	08	2	7.0	8	1	8	-10.2739726027397	3	Hennepin County, Minnesota, United States	US	USMN	MN053	45.0166	-93.4502	659472	3	Hennepin County, Minnesota, United States	US	USMN		45.0166	-93.4502	659472	3	Hennepin County, Minnesota, United States	US	USMN		45.0166	-93.4502	659472	20260529183000	https://www.nbcnews.com/news/us-news/ice-agent-charged-operation-metro-surge-shooting-arrested-texas-rcna347567
1306569732	20260529	202605	2026	2026.4082	USA	CLEVELAND	USA								USAJUD	UNITED STATES	USA					JUD			1	173	173	17	4	-5.0	1	1	1	-8.82352941176468	3	Cleveland, Ohio, United States	US	USOH	OH035	41.4995	-81.6954	1066654	3	Cleveland, Ohio, United States	US	USOH	OH035	41.4995	-81.6954	1066654	3	Cleveland, Ohio, United States	US	USOH	OH035	41.4995	-81.6954	1066654	20260529183000	https://www.cleveland19.com/2026/05/29/ohio-supreme-court-makes-ruling-murder-cleveland-firefighter-johnny-tetrick/
1306569733	20260529	202605	2026	2026.4082	USA	THE US	USA								USAMIL	THE US	USA					MIL			0	014	014	01	1	0.0	5	1	5	-0.79522862823061	4	Tehran, Tehran, Iran	IR	IR26	41130	35.75	51.5148	10074674	4	Tehran, Tehran, Iran	IR	IR26	41130	35.75	51.5148	10074674	4	Tehran, Tehran, Iran	IR	IR26	41130	35.75	51.5148	10074674	20260529183000	https://edition.cnn.com/2026/05/29/politics/trump-nuclear-iran
1306569734	20260529	202605	2026	2026.4082	USA	THE US	USA								USAMIL	THE US	USA					MIL			0	090	090	09	2	-2.0	5	1	5	-0.79522862823061	4	Tehran, Tehran, Iran	IR	IR26	41130	35.75	51.5148	10074674	4	Tehran, Tehran, Iran	IR	IR26	41130	35.75	51.5148	10074674	4	Tehran, Tehran, Iran	IR	IR26	41130	35.75	51.5148	10074674	20260529183000	https://edition.cnn.com/2026/05/29/politics/trump-nuclear-iran
1306569735	20260529	202605	2026	2026.4082	USA	MINNEAPOLIS	USA								VEN	VENEZUELAN	VEN								1	193	193	19	4	-10.0	2	1	2	-7.63239875389408	3	Minneapolis, Minnesota, United States	US	USMN	MN053	44.98	-93.2638	655030	3	Minneapolis, Minnesota, United States	US	USMN	MN053	44.98	-93.2638	655030	3	Minneapolis, Minnesota, United States	US	USMN	MN053	44.98	-93.2638	655030	20260529183000	https://abcnews.com/US/wireStory/ice-officer-wanted-shooting-man-minneapolis-crackdown-arrested-133425823
1306569736	20260529	202605	2026	2026.4082	USA	UNITED STATES	USA								dak	SIOUX			dak						0	015	015	01	1	0.0	1	1	1	-2.34917245061399	3	Sioux Falls, South Dakota, United States	US	USSD	SD099	43.55	-96.7003	1267670	3	Brookings County, South Dakota, United States	US	USSD		44.3083	-96.817	1265779	3	Brookings County, South Dakota, United States	US	USSD		44.3083	-96.817	1265779	20260529183000	https://www.sdpb.org/podcast/sdpb-news/2026-05-29/gop-legislative-primaries-reflect-reagan-v-trump-tug-of-war-former-lawmaker-says-todays-stories-may-29
1306569737	20260529	202605	2026	2026.4082	USA	UNITED STATES	USA								dak	SIOUX			dak						0	015	015	01	1	0.0	1	1	1	-2.34917245061399	3	Sioux Falls, South Dakota, United States	US	USSD	SD099	43.55	-96.7003	1267670	3	Sioux Falls, South Dakota, United States	US	USSD		43.55	-96.7003	1267670	3	Sioux Falls, South Dakota, United States	US	USSD		43.55	-96.7003	1267670	20260529183000	https://www.sdpb.org/podcast/sdpb-news/2026-05-29/gop-legislative-primaries-reflect-reagan-v-trump-tug-of-war-former-lawmaker-says-todays-stories-may-29
1306569738	20260529	202605	2026	2026.4082	USA	UNITED STATES	USA								donGOVMIL	DONG			don			GOV	MIL		1	040	040	04	1	1.0	4	1	4	-1.41206675224647	3	Washington, District of Columbia, United States	US	USDC	DC001	38.8951	-77.0364	531871	4	Dong Jun, Guangdong, China	CH	CH30	13060	24.2479	112.028	6045925	3	Washington, District of Columbia, United States	US	USDC	DC001	38.8951	-77.0364	531871	20260529183000	https://www.manilatimes.net/2026/05/30/world/asia-oceania/china-leaders-skip-asia-defense-summit-headlined-by-hegseth/2354697
1306569739	20260529	202605	2026	2026.4082	USACOP	CLEVELAND	USA					COP													1	012	012	01	1	-0.4	6	1	6	-8.14977973568282	3	Cleveland, Ohio, United States	US	USOH	OH035	41.4995	-81.6954	1066654	0								3	Cleveland, Ohio, United States	US	USOH	OH035	41.4995	-81.6954	1066654	20260529183000	https://www.cleveland19.com/2026/05/29/cleveland-police-give-update-suspect-who-injured-several-officers/
1306569740	20260529	202605	2026	2026.4082	USACOP	UNITED STATES	USA					COP													0	013	013	01	1	0.4	2	1	2	-4.73411154345006	2	California, United States	US	USCA		36.17	-119.746	CA	0								2	California, United States	US	USCA		36.17	-119.746	CA	20260529183000	https://bigislandnow.com/2026/05/29/who-is-jacob-baker-hes-in-a-viral-video-with-a-bong-served-time-in-california-and-has-a-baby-girl/
1306569741	20260529	202605	2026	2026.4082	USACOP	ATLANTA	USA					COP													0	090	090	09	2	-2.0	3	1	3	-2.92887029288703	3	Dekalb County, Georgia, United States	US	USGA	GA089	33.7504	-84.2333	1687424	0								3	Dekalb County, Georgia, United States	US	USGA		33.7504	-84.2333	1687424	20260529183000	https://dailycaller.com/2026/05/29/married-federal-judge-eleanor-ross-reprimanded-sex-affair-courthouse-obama/
1306569742	20260529	202605	2026	2026.4082	USACOP	UNITED STATES	USA					COP													0	130	130	13	3	-4.4	2	1	2	-4.73411154345006	2	California, United States	US	USCA		36.17	-119.746	CA	0								2	California, United States	US	USCA		36.17	-119.746	CA	20260529183000	https://bigislandnow.com/2026/05/29/who-is-jacob-baker-hes-in-a-viral-video-with-a-bong-served-time-in-california-and-has-a-baby-girl/
1306569743	20260529	202605	2026	2026.4082	USACOP	CLEVELAND	USA					COP													1	193	193	19	4	-10.0	3	1	3	-8.14977973568282	3	Cleveland, Ohio, United States	US	USOH	OH035	41.4995	-81.6954	1066654	0								3	Cleveland, Ohio, United States	US	USOH	OH035	41.4995	-81.6954	1066654	20260529183000	https://www.cleveland19.com/2026/05/29/cleveland-police-give-update-suspect-who-injured-several-officers/
1306569744	20260529	202605	2026	2026.4082	USACOP	UNITED STATES	USA					COP			GOVCOP	CHIEF OF STAFF						GOV	COP		0	043	043	04	1	2.8	8	1	8	-1.82767624020888	3	White House, District of Columbia, United States	US	USDC		38.8951	-77.0364	531871	3	White House, District of Columbia, United States	US	USDC		38.8951	-77.0364	531871	3	White House, District of Columbia, United States	US	USDC		38.8951	-77.0364	531871	20260529183000	https://www.foxnews.com/politics/former-attorney-general-pam-bondi-hails-trump-admins-justice-transparency-epstein-files
1306569745	20260529	202605	2026	2026.4082	USACOP	ATLANTA	USA					COP			JUD	COURT OF APPEALS						JUD			0	020	020	02	1	3.0	8	1	8	-2.92887029288703	3	Atlanta, Georgia, United States	US	USGA	GA121	33.749	-84.388	351615	3	Atlanta, Georgia, United States	US	USGA	GA121	33.749	-84.388	351615	3	Atlanta, Georgia, United States	US	USGA	GA121	33.749	-84.388	351615	20260529183000	https://dailycaller.com/2026/05/29/married-federal-judge-eleanor-ross-reprimanded-sex-affair-courthouse-obama/
1306569746	20260529	202605	2026	2026.4082	USACOP	UNITED STATES	USA					COP			USA	UNITED STATES	USA								1	020	020	02	1	3.0	4	1	4	-6.46551724137931	3	Bexar County, Texas, United States	US	USTX	TX029	29.4502	-98.517	1383800	3	Shavano Park, Texas, United States	US	USTX		29.5849	-98.5525	1346987	3	Bexar County, Texas, United States	US	USTX		29.4502	-98.517	1383800	20260529183000	https://news4sanantonio.com/news/local/elderly-woman-allegedly-killed-by-her-grandson-in-shavano-park-identified-bexar-county-sheriff-deputies-investigation-evidence-bloody-crime-scene
1306569747	20260529	202605	2026	2026.4082	USACOP	UNITED STATES	USA					COP			USA	UNITED STATES	USA								1	020	020	02	1	3.0	4	1	4	-6.46551724137931	3	Bexar County, Texas, United States	US	USTX	TX029	29.4502	-98.517	1383800	3	Bexar County, Texas, United States	US	USTX		29.4502	-98.517	1383800	3	Bexar County, Texas, United States	US	USTX		29.4502	-98.517	1383800	20260529183000	https://news4sanantonio.com/news/local/elderly-woman-allegedly-killed-by-her-grandson-in-shavano-park-identified-bexar-county-sheriff-deputies-investigation-evidence-bloody-crime-scene
1306569748	20260529	202605	2026	2026.4082	USACVL	IOWA	USA					CVL													1	046	046	04	1	7.0	6	1	6	1.63170163170164	2	Iowa, United States	US	USIA		42.0046	-93.214	IA	0								2	Iowa, United States	US	USIA		42.0046	-93.214	IA	20260529183000	https://www.timescitizen.com/news/twedt-ball-talks-affordability-during-coffee-with-voters-in-iowa-falls/article_bc5e01d5-3c9e-4c7a-a04e-b50dc7ae4f2b.html
1306569749	20260529	202605	2026	2026.4082	USACVL	NORTH CAROLINA	USA					CVL			EDUCVL	COLLEGE						EDU	CVL		1	060	060	06	2	6.0	6	1	6	2.34986945169712	2	North Carolina, United States	US	USNC		35.6411	-79.8431	NC	2	North Carolina, United States	US	USNC		35.6411	-79.8431	NC	2	North Carolina, United States	US	USNC		35.6411	-79.8431	NC	20260529183000	https://wlos.com/news/local/north-carolina-community-colleges-vacancies-workforce-staff-asheville-buncombe-technical-haywood-community-college-long-term-lapsed-salaries-wnc-workforce-state-auditor-office-dave-boliek-accountability-value-efficiency
1306569750	20260529	202605	2026	2026.4082	USACVL	DETROIT	USA					CVL			USA	ILLINOIS	USA								1	031	031	03	1	5.2	6	1	6	0.75901328273245	3	Flushing, Michigan, United States	US	USMI	MI049	43.0631	-83.8511	626199	3	Flushing, Michigan, United States	US	USMI	MI049	43.0631	-83.8511	626199	3	Flushing, Michigan, United States	US	USMI	MI049	43.0631	-83.8511	626199	20260529183000	https://www.waterwaysjournal.net/2026/05/29/third-brandon-road-contract-awarded/
1306569751	20260529	202605	2026	2026.4082	USACVL	IOWA	USA					CVL			USA	UNITED STATES	USA								1	046	046	04	1	7.0	4	1	4	1.63170163170164	2	Iowa, United States	US	USIA		42.0046	-93.214	IA	2	Iowa, United States	US	USIA		42.0046	-93.214	IA	2	Iowa, United States	US	USIA		42.0046	-93.214	IA	20260529183000	https://www.timescitizen.com/news/twedt-ball-talks-affordability-during-coffee-with-voters-in-iowa-falls/article_bc5e01d5-3c9e-4c7a-a04e-b50dc7ae4f2b.html
1306569752	20260529	202605	2026	2026.4082	USACVL	A US	USA					CVL			USAEDU	IOWA	USA					EDU			1	043	043	04	1	2.8	4	1	4	-5.56291390728476	3	Des Moines, Iowa, United States	US	USIA	IA153	41.6005	-93.6091	465961	2	Iowa, United States	US	USIA		42.0046	-93.214	IA	2	Iowa, United States	US	USIA		42.0046	-93.214	IA	20260529183000	https://www.thehour.com/news/article/former-iowa-superintendent-to-be-sentenced-for-22281887.php
1306569753	20260529	202605	2026	2026.4082	USACVL	A US	USA					CVL			USAEDU	UNITED STATES	USA					EDU			1	043	043	04	1	2.8	2	1	2	-5.56291390728476	2	Iowa, United States	US	USIA		42.0046	-93.214	IA	2	Iowa, United States	US	USIA		42.0046	-93.214	IA	2	Iowa, United States	US	USIA		42.0046	-93.214	IA	20260529183000	https://www.thehour.com/news/article/former-iowa-superintendent-to-be-sentenced-for-22281887.php
1306569754	20260529	202605	2026	2026.4082	USAEDU	KANSAS	USA					EDU													1	051	051	05	1	3.4	8	1	8	6.12813370473537	2	Kansas, United States	US	USKS		38.5111	-96.8005	KS	0								2	Kansas, United States	US	USKS		38.5111	-96.8005	KS	20260529183000	https://www.wibw.com/2026/05/29/four-kansas-student-teams-place-among-best-2026-world-kidwind-challenge/
1306569755	20260529	202605	2026	2026.4082	USAEDU	UNITED STATES	USA					EDU			USA	UNITED STATES	USA								0	010	010	01	1	0.0	8	1	8	-5.47008547008546	3	Des Moines, Iowa, United States	US	USIA	IA153	41.6005	-93.6091	465961	3	Des Moines, Iowa, United States	US	USIA		41.6005	-93.6091	465961	3	Des Moines, Iowa, United States	US	USIA		41.6005	-93.6091	465961	20260529183000	https://abcnews.com/US/former-des-moines-school-superintendent-ian-roberts-plead/story?id=129430279
1306569756	20260529	202605	2026	2026.4082	USAEDU	UNITED STATES	USA					EDU			USA	UNITED STATES	USA								1	015	015	01	1	0.0	2	1	2	-5.47008547008546	4	Sydney, New South Wales, Australia	AS	AS02	154637	-33.8833	151.217	-1603135	4	Sydney, New South Wales, Australia	AS	AS02	154637	-33.8833	151.217	-1603135	4	Sydney, New South Wales, Australia	AS	AS02	154637	-33.8833	151.217	-1603135	20260529183000	https://abcnews.com/US/former-des-moines-school-superintendent-ian-roberts-plead/story?id=129430279
1306569757	20260529	202605	2026	2026.4082	USAEDU	UNITED STATES	USA					EDU			USA	UNITED STATES	USA								1	015	015	01	1	0.0	2	1	2	-5.47008547008546	1	Guyana	GY	GY		5	-59	GY	1	Guyana	GY	GY		5	-59	GY	1	Guyana	GY	GY		5	-59	GY	20260529183000	https://abcnews.com/US/former-des-moines-school-superintendent-ian-roberts-plead/story?id=129430279
1306569758	20260529	202605	2026	2026.4082	USAEDU	UNITED STATES	USA					EDU			USA	IOWA	USA								1	043	043	04	1	2.8	4	1	4	-5.56291390728476	2	Iowa, United States	US	USIA		42.0046	-93.214	IA	2	Iowa, United States	US	USIA		42.0046	-93.214	IA	2	Iowa, United States	US	USIA		42.0046	-93.214	IA	20260529183000	https://www.thehour.com/news/article/former-iowa-superintendent-to-be-sentenced-for-22281887.php
1306569759	20260529	202605	2026	2026.4082	USAEDU	IOWA	USA					EDU			USACVL	A US	USA					CVL			1	042	042	04	1	1.9	6	1	6	-5.56291390728476	1	Guyana	GY	GY		5	-59	GY	1	Guyana	GY	GY		5	-59	GY	1	Guyana	GY	GY		5	-59	GY	20260529183000	https://www.thehour.com/news/article/former-iowa-superintendent-to-be-sentenced-for-22281887.php
1306569760	20260529	202605	2026	2026.4082	USAELI	UNITED STATES	USA					ELI													1	015	015	01	1	0.0	4	1	4	-5.47008547008546	4	Sydney, New South Wales, Australia	AS	AS02	154637	-33.8833	151.217	-1603135	0								4	Sydney, New South Wales, Australia	AS	AS02	154637	-33.8833	151.217	-1603135	20260529183000	https://abcnews.com/US/former-des-moines-school-superintendent-ian-roberts-plead/story?id=129430279
1306569761	20260529	202605	2026	2026.4082	USAELI	UNITED STATES	USA					ELI													1	111	111	11	3	-2.0	2	1	2	1.41093474426808	3	Hollywood, California, United States	US	USCA	CA037	34.0983	-118.327	1660757	0								3	Hollywood, California, United States	US	USCA	CA037	34.0983	-118.327	1660757	20260529183000	https://www.hindustantimes.com/opinion/ananya-panday-and-classical-dance-in-the-age-of-virality-101780075014913.html
1306569762	20260529	202605	2026	2026.4082	USAELI	UNITED STATES	USA					ELI			FRA	FRENCH	FRA								0	020	020	02	1	3.0	1	1	1	-0.36101083032491	2	New York, United States	US	USNY		42.1497	-74.9384	NY	2	New York, United States	US	USNY		42.1497	-74.9384	NY	2	New York, United States	US	USNY		42.1497	-74.9384	NY	20260529183000	https://krcrtv.com/news/entertainment/emily-blunt-recalls-difficult-day-with-tom-cruise-on-edge-of-tomorrow-set-hot-ones
1306569763	20260529	202605	2026	2026.4082	USAELI	UNITED STATES	USA					ELI			FRA	FRENCH	FRA								0	042	042	04	1	1.9	1	1	1	-0.36101083032491	2	New York, United States	US	USNY		42.1497	-74.9384	NY	2	New York, United States	US	USNY		42.1497	-74.9384	NY	2	New York, United States	US	USNY		42.1497	-74.9384	NY	20260529183000	https://krcrtv.com/news/entertainment/emily-blunt-recalls-difficult-day-with-tom-cruise-on-edge-of-tomorrow-set-hot-ones
1306569764	20260529	202605	2026	2026.4082	USAELI	UNITED STATES	USA					ELI			MED	TELEVISION						MED			0	042	042	04	1	1.9	1	1	1	-3.04659498207885	2	New York, United States	US	USNY		42.1497	-74.9384	NY	2	New York, United States	US	USNY		42.1497	-74.9384	NY	2	New York, United States	US	USNY		42.1497	-74.9384	NY	20260529183000	https://krcrtv.com/news/entertainment/elderly-couple-dies-in-murder-suicide-after-scam-by-alleged-tom-selleck-impersonator
1306569765	20260529	202605	2026	2026.4082	USAELI	UNITED STATES	USA					ELI			USA	WASHINGTON	USA								1	042	042	04	1	1.9	1	1	1	-1.82946749428291	3	Chicago, Illinois, United States	US	USIL	IL031	41.85	-87.6501	423587	3	Chicago, Illinois, United States	US	USIL	IL031	41.85	-87.6501	423587	3	Chicago, Illinois, United States	US	USIL	IL031	41.85	-87.6501	423587	20260529183000	https://www.thehour.com/news/politics/article/the-latest-us-and-iranian-reach-tentative-deal-22282146.php
1306569766	20260529	202605	2026	2026.4082	USAGOV	UNITED STATES	USA					GOV													0	011	011	01	1	-0.1	2	1	2	0.699300699300689	2	New York, United States	US	USNY		42.1497	-74.9384	NY	0								2	New York, United States	US	USNY		42.1497	-74.9384	NY	20260529183000	https://www.foxnews.com/media/mamdanis-coge-rollout-gets-doges-attention-critics-say-ripped-elon-musk
1306569767	20260529	202605	2026	2026.4082	USAGOV	NEW JERSEY	USA					GOV													1	020	020	02	1	3.0	6	1	6	-1.16279069767442	2	New Jersey, United States	US	USNJ		40.314	-74.5089	NJ	0								2	New Jersey, United States	US	USNJ		40.314	-74.5089	NJ	20260529183000	https://www.benzinga.com/news/26/05/52883288/why-fintechs-and-banks-should-move-from-paper-logic-to-code
1306569768	20260529	202605	2026	2026.4082	USAGOV	UNITED STATES	USA					GOV													0	020	020	02	1	3.0	2	1	2	1.55038759689923	2	New York, United States	US	USNY		42.1497	-74.9384	NY	0								2	New York, United States	US	USNY		42.1497	-74.9384	NY	20260529183000	https://www.vogue.com/article/skincare-ingredients-that-support-collagen
1306569769	20260529	202605	2026	2026.4082	USAGOV	UNITED STATES	USA					GOV													1	051	051	05	1	3.4	2	1	2	2.48138957816378	3	Washington, District of Columbia, United States	US	USDC	DC001	38.8951	-77.0364	531871	0								3	Washington, District of Columbia, United States	US	USDC	DC001	38.8951	-77.0364	531871	20260529183000	https://www.waterwaysjournal.net/2026/05/29/washington-waves-6/
1306569770	20260529	202605	2026	2026.4082	USAGOV	UNITED STATES	USA					GOV													1	060	060	06	2	6.0	1	1	1	-8.82352941176468	3	Cleveland, Ohio, United States	US	USOH	OH035	41.4995	-81.6954	1066654	0								3	Cleveland, Ohio, United States	US	USOH	OH035	41.4995	-81.6954	1066654	20260529183000	https://www.cleveland19.com/2026/05/29/ohio-supreme-court-makes-ruling-murder-cleveland-firefighter-johnny-tetrick/
1306569771	20260529	202605	2026	2026.4082	USAGOV	NEW JERSEY	USA					GOV													1	060	060	06	2	6.0	6	1	6	-1.16279069767442	2	New Jersey, United States	US	USNJ		40.314	-74.5089	NJ	0								2	New Jersey, United States	US	USNJ		40.314	-74.5089	NJ	20260529183000	https://www.benzinga.com/news/26/05/52883288/why-fintechs-and-banks-should-move-from-paper-logic-to-code
1306569772	20260529	202605	2026	2026.4082	USAGOV	UNITED STATES	USA					GOV													0	124	124	12	3	-4.0	2	1	2	0.699300699300689	2	New York, United States	US	USNY		42.1497	-74.9384	NY	0								2	New York, United States	US	USNY		42.1497	-74.9384	NY	20260529183000	https://www.foxnews.com/media/mamdanis-coge-rollout-gets-doges-attention-critics-say-ripped-elon-musk
1306569773	20260529	202605	2026	2026.4082	USAGOV	US OFFICIAL	USA					GOV			COP	POLICE						COP			1	020	020	02	1	3.0	10	1	10	-5.2	1	United States	US	US		39.828175	-98.5795	US	1	United States	US	US		39.828175	-98.5795	US	1	United States	US	US		39.828175	-98.5795	US	20260529183000	https://www.tribune242.com/news/2026/may/29/us-asks-police-to-expand-search/
1306569774	20260529	202605	2026	2026.4082	USAGOV	UNITED STATES	USA					GOV			EDU	STUDENT						EDU			1	073	073	07	2	7.4	1	1	1	1.44927536231884	3	Academy High School, Texas, United States	US	USTX	TX027	30.9824	-97.3467	2002870	3	Academy High School, Texas, United States	US	USTX		30.9824	-97.3467	2002870	3	Academy High School, Texas, United States	US	USTX		30.9824	-97.3467	2002870	20260529183000	https://www.nbcnews.com/news/us-news/texas-roller-coaster-malfunction-leaves-8-riders-stranded-100-feet-air-rcna347513
1306569775	20260529	202605	2026	2026.4082	USAGOV	THE WHITE HOUSE	USA					GOV			GOV	ADMINISTRATION						GOV			1	042	042	04	1	1.9	2	1	2	-8.06451612903226	1	Ukraine	UP	UP		49	32	UP	1	Ukraine	UP	UP		49	32	UP	1	Ukraine	UP	UP		49	32	UP	20260529183000	https://www.alternet.org/trump-ukraine-putin-zelensky/
1306569776	20260529	202605	2026	2026.4082	USAGOV	NEW JERSEY	USA					GOV			GOV	STATE OFFICIAL						GOV			0	111	111	11	3	-2.0	6	1	6	-12.9597197898423	2	New Jersey, United States	US	USNJ		40.314	-74.5089	NJ	2	New Jersey, United States	US	USNJ		40.314	-74.5089	NJ	2	New Jersey, United States	US	USNJ		40.314	-74.5089	NJ	20260529183000	https://www.ibtimes.co.uk/hunger-strike-delaney-hall-ice-facility-1799684
1306569777	20260529	202605	2026	2026.4082	USAGOV	THE WHITE HOUSE	USA					GOV			IRN	IRAN	IRN								0	040	040	04	1	1.0	2	1	2	4.51977401129943	3	White House, District of Columbia, United States	US	USDC		38.8951	-77.0364	531871	4	Tehran, Tehran, Iran	IR	IR26	41130	35.75	51.5148	10074674	3	White House, District of Columbia, United States	US	USDC		38.8951	-77.0364	531871	20260529183000	https://www.geo.tv/latest/666519-dpm-dar-holds-presser-following-meeting-with-rubio-in-washington
1306569778	20260529	202605	2026	2026.4082	USAGOV	THE US	USA					GOV			IRN	IRAN	IRN								0	081	081	08	2	5.0	5	1	5	-1.29107981220658	4	Tehran, Tehran, Iran	IR	IR26	41130	35.75	51.5148	10074674	4	Tehran, Tehran, Iran	IR	IR26	41130	35.75	51.5148	10074674	4	Tehran, Tehran, Iran	IR	IR26	41130	35.75	51.5148	10074674	20260529183000	https://www.dailymail.com/news/article-15859225/Trump-decide-imminently-Iran-ceasefire-deal.html
1306569779	20260529	202605	2026	2026.4082	USAGOV	UNITED STATES	USA					GOV			PAK	PAKISTAN	PAK								1	051	051	05	1	3.4	2	1	2	4.51977401129943	3	Washington, District of Columbia, United States	US	USDC	DC001	38.8951	-77.0364	531871	3	Washington, District of Columbia, United States	US	USDC	DC001	38.8951	-77.0364	531871	3	Washington, District of Columbia, United States	US	USDC	DC001	38.8951	-77.0364	531871	20260529183000	https://www.geo.tv/latest/666519-dpm-dar-holds-presser-following-meeting-with-rubio-in-washington
1306569780	20260529	202605	2026	2026.4082	USAGOV	UNITED STATES	USA					GOV			PAKGOV	PAKISTAN	PAK					GOV			0	046	046	04	1	7.0	2	1	2	-1.29107981220658	3	Washington, District of Columbia, United States	US	USDC	DC001	38.8951	-77.0364	531871	3	Washington, District of Columbia, United States	US	USDC	DC001	38.8951	-77.0364	531871	1	Kazakhstan	KZ	KZ		48	68	KZ	20260529183000	https://www.dailymail.com/news/article-15859225/Trump-decide-imminently-Iran-ceasefire-deal.html
1306569781	20260529	202605	2026	2026.4082	USAGOV	THE WHITE HOUSE	USA					GOV			RUSGOV	RUSSIAN	RUS					GOV			1	112	112	11	3	-2.0	1	1	1	-8.06451612903226	3	White House, District of Columbia, United States	US	USDC		38.8951	-77.0364	531871	4	Moscow, Moskva, Russia	RS	RS48	25106	55.7522	37.6156	-2960561	4	Moscow, Moskva, Russia	RS	RS48	25106	55.7522	37.6156	-2960561	20260529183000	https://www.alternet.org/trump-ukraine-putin-zelensky/
1306569782	20260529	202605	2026	2026.4082	USAGOV	THE WHITE HOUSE	USA					GOV			UKRGOV	UKRAINIAN	UKR					GOV			1	112	112	11	3	-2.0	2	1	2	-8.06451612903226	3	White House, District of Columbia, United States	US	USDC		38.8951	-77.0364	531871	1	Ukraine	UP	UP		49	32	UP	1	Ukraine	UP	UP		49	32	UP	20260529183000	https://www.alternet.org/trump-ukraine-putin-zelensky/
1306569783	20260529	202605	2026	2026.4082	USAGOV	THE US	USA					GOV			USA	THE US	USA								0	010	010	01	1	0.0	5	1	5	-1.29107981220658	4	Tehran, Tehran, Iran	IR	IR26	41130	35.75	51.5148	10074674	4	Tehran, Tehran, Iran	IR	IR26	41130	35.75	51.5148	10074674	4	Tehran, Tehran, Iran	IR	IR26	41130	35.75	51.5148	10074674	20260529183000	https://www.dailymail.com/news/article-15859225/Trump-decide-imminently-Iran-ceasefire-deal.html
1306569784	20260529	202605	2026	2026.4082	USAGOV	OVAL OFFICE	USA					GOV			USA	WASHINGTON	USA								1	010	010	01	1	0.0	1	1	1	-8.06451612903226	3	White House, District of Columbia, United States	US	USDC		38.8951	-77.0364	531871	1	Ukraine	UP	UP		49	32	UP	3	White House, District of Columbia, United States	US	USDC		38.8951	-77.0364	531871	20260529183000	https://www.alternet.org/trump-ukraine-putin-zelensky/
1306569785	20260529	202605	2026	2026.4082	USAGOV	OVAL OFFICE	USA					GOV			USA	WASHINGTON	USA								1	010	010	01	1	0.0	1	1	1	-8.06451612903226	3	White House, District of Columbia, United States	US	USDC		38.8951	-77.0364	531871	2	Washington, United States	US	USWA		47.3917	-121.571	WA	1	Ukraine	UP	UP		49	32	UP	20260529183000	https://www.alternet.org/trump-ukraine-putin-zelensky/
1306569786	20260529	202605	2026	2026.4082	USAGOV	OVAL OFFICE	USA					GOV			USA	WASHINGTON	USA								1	010	010	01	1	0.0	3	1	3	-8.06451612903226	1	Ukraine	UP	UP		49	32	UP	2	Washington, United States	US	USWA		47.3917	-121.571	WA	1	Ukraine	UP	UP		49	32	UP	20260529183000	https://www.alternet.org/trump-ukraine-putin-zelensky/
1306569787	20260529	202605	2026	2026.4082	USAGOV	THE WHITE HOUSE	USA					GOV			USA	UNITED STATES	USA								1	043	043	04	1	2.8	1	1	1	-8.06451612903226	1	Ukraine	UP	UP		49	32	UP	3	White House, District of Columbia, United States	US	USDC		38.8951	-77.0364	531871	1	Ukraine	UP	UP		49	32	UP	20260529183000	https://www.alternet.org/trump-ukraine-putin-zelensky/
1306569788	20260529	202605	2026	2026.4082	USAGOV	UNITED STATES	USA					GOV			USA	UNITED STATES	USA								0	052	052	05	1	3.5	4	1	4	-3.17460317460317	3	White House, District of Columbia, United States	US	USDC		38.8951	-77.0364	531871	3	Broward County, Florida, United States	US	USFL		26.1504	-80.4831	295753	3	Broward County, Florida, United States	US	USFL		26.1504	-80.4831	295753	20260529183000	https://www.foxnews.com/politics/dem-rep-frederica-wilson-announces-retirement-days-after-denying-crazy-rumor-she-would-leave-congress
1306569789	20260529	202605	2026	2026.4082	USAGOV	UNITED STATES	USA					GOV			USA	UNITED STATES	USA								1	060	060	06	2	6.0	1	1	1	-8.82352941176468	3	Cleveland, Ohio, United States	US	USOH	OH035	41.4995	-81.6954	1066654	3	Cleveland, Ohio, United States	US	USOH	OH035	41.4995	-81.6954	1066654	3	Cleveland, Ohio, United States	US	USOH	OH035	41.4995	-81.6954	1066654	20260529183000	https://www.cleveland19.com/2026/05/29/ohio-supreme-court-makes-ruling-murder-cleveland-firefighter-johnny-tetrick/
1306569790	20260529	202605	2026	2026.4082	USAGOV	UNITED STATES	USA					GOV			USA	UNITED STATES	USA								1	080	080	08	2	5.0	2	1	2	-8.06451612903226	3	White House, District of Columbia, United States	US	USDC		38.8951	-77.0364	531871	1	Ukraine	UP	UP		49	32	UP	3	White House, District of Columbia, United States	US	USDC		38.8951	-77.0364	531871	20260529183000	https://www.alternet.org/trump-ukraine-putin-zelensky/
1306569791	20260529	202605	2026	2026.4082	USAGOV	OVAL OFFICE	USA					GOV			USA	WASHINGTON	USA								1	080	080	08	2	5.0	1	1	1	-8.06451612903226	3	White House, District of Columbia, United States	US	USDC		38.8951	-77.0364	531871	2	Washington, United States	US	USWA		47.3917	-121.571	WA	1	Ukraine	UP	UP		49	32	UP	20260529183000	https://www.alternet.org/trump-ukraine-putin-zelensky/
1306569792	20260529	202605	2026	2026.4082	USAGOV	OVAL OFFICE	USA					GOV			USA	WASHINGTON	USA								1	080	080	08	2	5.0	3	1	3	-8.06451612903226	1	Ukraine	UP	UP		49	32	UP	2	Washington, United States	US	USWA		47.3917	-121.571	WA	1	Ukraine	UP	UP		49	32	UP	20260529183000	https://www.alternet.org/trump-ukraine-putin-zelensky/
1306569793	20260529	202605	2026	2026.4082	USAJUD	OHIO	USA					JUD													1	173	173	17	4	-5.0	6	1	6	-8.82352941176468	2	Ohio, United States	US	USOH		40.3736	-82.7755	OH	0								2	Ohio, United States	US	USOH		40.3736	-82.7755	OH	20260529183000	https://www.cleveland19.com/2026/05/29/ohio-supreme-court-makes-ruling-murder-cleveland-firefighter-johnny-tetrick/
1306569794	20260529	202605	2026	2026.4082	USAJUD	OHIO	USA					JUD													1	190	190	19	4	-10.0	6	1	6	-8.82352941176468	2	Ohio, United States	US	USOH		40.3736	-82.7755	OH	0								3	Cleveland, Ohio, United States	US	USOH	OH035	41.4995	-81.6954	1066654	20260529183000	https://www.cleveland19.com/2026/05/29/ohio-supreme-court-makes-ruling-murder-cleveland-firefighter-johnny-tetrick/
1306569795	20260529	202605	2026	2026.4082	USAJUD	UNITED STATES	USA					JUD			USA	UNITED STATES	USA								1	010	010	01	1	0.0	1	1	1	-2.92887029288703	2	Georgia, United States	US	USGA		32.9866	-83.6487	GA	2	Georgia, United States	US	USGA		32.9866	-83.6487	GA	2	Georgia, United States	US	USGA		32.9866	-83.6487	GA	20260529183000	https://dailycaller.com/2026/05/29/married-federal-judge-eleanor-ross-reprimanded-sex-affair-courthouse-obama/
1306569796	20260529	202605	2026	2026.4082	USAJUD	UNITED STATES	USA					JUD			USA	FLORIDA	USA								0	020	020	02	1	3.0	2	1	2	-2.7063599458728	2	Florida, United States	US	USFL		27.8333	-81.717	FL	2	Florida, United States	US	USFL		27.8333	-81.717	FL	2	Florida, United States	US	USFL		27.8333	-81.717	FL	20260529183000	https://www.cruisehive.com/carnival-sued-after-passenger-loses-both-legs-in-bahamas-shore-excursion-accident/210359
1306569797	20260529	202605	2026	2026.4082	USAJUD	UNITED STATES	USA					JUD			USA	UNITED STATES	USA								0	055	055	05	1	7.0	1	1	1	-5.5185537583254	3	White House, District of Columbia, United States	US	USDC		38.8951	-77.0364	531871	3	White House, District of Columbia, United States	US	USDC		38.8951	-77.0364	531871	3	White House, District of Columbia, United States	US	USDC		38.8951	-77.0364	531871	20260529183000	https://www.timescitizen.com/news/jan-6-protestor-speaks-for-jim-carlin-at-if-event/article_d1fdae42-2cdc-44fd-b227-623adeaf661c.html
1306569798	20260529	202605	2026	2026.4082	USAJUD	UNITED STATES	USA					JUD			USA	UNITED STATES	USA								1	071	071	07	2	7.4	2	1	2	-5.0531914893617	1	United States	US	US		39.828175	-98.5795	US	1	United States	US	US		39.828175	-98.5795	US	1	United States	US	US		39.828175	-98.5795	US	20260529183000	https://dailycaller.com/2026/05/29/federal-judge-blocks-trump-anti-weaponization-fund-leonie-brinkema-attorney-general-settlement-irs/
1306569799	20260529	202605	2026	2026.4082	USAJUD	UNITED STATES	USA					JUD			USA	UNITED STATES	USA								0	090	090	09	2	-2.0	2	1	2	-3.55677154582763	3	Springfield, Missouri, United States	US	USMO	MO077	37.2153	-93.2982	735864	3	Taney County, Missouri, United States	US	USMO		36.6501	-93.0502	758559	3	Taney County, Missouri, United States	US	USMO		36.6501	-93.0502	758559	20260529183000	https://www.bransontrilakesnews.com/news/article_7e898d42-de5d-4ec1-8999-20eac5ece714.html
1306569800	20260529	202605	2026	2026.4082	USAJUD	THE US	USA					JUD			USA	FLORIDA	USA								1	115	115	11	3	-2.0	3	1	3	-2.7063599458728	4	Nassau, New Providence, Bahamas, The	BF	BF23	5747	25.0833	-77.35	-1543832	4	Nassau, New Providence, Bahamas, The	BF	BF23	5747	25.0833	-77.35	-1543832	4	Nassau, New Providence, Bahamas, The	BF	BF23	5747	25.0833	-77.35	-1543832	20260529183000	https://www.cruisehive.com/carnival-sued-after-passenger-loses-both-legs-in-bahamas-shore-excursion-accident/210359
1306569801	20260529	202605	2026	2026.4082	USAJUD	UNITED STATES	USA					JUD			USA	CLEVELAND	USA								1	173	173	17	4	-5.0	1	1	1	-8.82352941176468	2	Ohio, United States	US	USOH		40.3736	-82.7755	OH	3	Cleveland, Ohio, United States	US	USOH	OH035	41.4995	-81.6954	1066654	2	Ohio, United States	US	USOH		40.3736	-82.7755	OH	20260529183000	https://www.cleveland19.com/2026/05/29/ohio-supreme-court-makes-ruling-murder-cleveland-firefighter-johnny-tetrick/
1306569802	20260529	202605	2026	2026.4082	USAJUD	UNITED STATES	USA					JUD			USA	UNITED STATES	USA								1	190	190	19	4	-10.0	2	1	2	-8.82352941176468	2	Ohio, United States	US	USOH		40.3736	-82.7755	OH	3	Cleveland, Ohio, United States	US	USOH	OH035	41.4995	-81.6954	1066654	3	Cleveland, Ohio, United States	US	USOH	OH035	41.4995	-81.6954	1066654	20260529183000	https://www.cleveland19.com/2026/05/29/ohio-supreme-court-makes-ruling-murder-cleveland-firefighter-johnny-tetrick/
1306569803	20260529	202605	2026	2026.4082	USAJUD	OHIO	USA					JUD			USAGOV	CLEVELAND	USA					GOV			1	190	190	19	4	-10.0	6	1	6	-8.82352941176468	2	Ohio, United States	US	USOH		40.3736	-82.7755	OH	2	Ohio, United States	US	USOH		40.3736	-82.7755	OH	2	Ohio, United States	US	USOH		40.3736	-82.7755	OH	20260529183000	https://www.cleveland19.com/2026/05/29/ohio-supreme-court-makes-ruling-murder-cleveland-firefighter-johnny-tetrick/
1306569804	20260529	202605	2026	2026.4082	USALEG	IOWA	USA					LEG			LEG	SENATE						LEG			1	043	043	04	1	2.8	3	1	3	-5.5185537583254	2	Iowa, United States	US	USIA		42.0046	-93.214	IA	2	Iowa, United States	US	USIA		42.0046	-93.214	IA	2	Iowa, United States	US	USIA		42.0046	-93.214	IA	20260529183000	https://www.timescitizen.com/news/jan-6-protestor-speaks-for-jim-carlin-at-if-event/article_d1fdae42-2cdc-44fd-b227-623adeaf661c.html
1306569805	20260529	202605	2026	2026.4082	USALEG	UNITED STATES	USA					LEG			USA	UNITED STATES	USA								0	010	010	01	1	0.0	2	2	2	-1.93236714975846	2	North Carolina, United States	US	USNC		35.6411	-79.8431	NC	2	North Carolina, United States	US	USNC		35.6411	-79.8431	NC	2	North Carolina, United States	US	USNC		35.6411	-79.8431	NC	20260529183000	https://www.wqcs.org/2026-05-29/justice-department-anti-weaponization-fund-paused
1306569806	20260529	202605	2026	2026.4082	USAMED	REUTERS	USA					MED													0	015	015	01	1	0.0	10	1	10	-4	0								0								0								20260529183000	https://www.ibtimes.com/pam-bondi-defends-her-handling-epstein-files-before-house-panel-3803500
1306569807	20260529	202605	2026	2026.4082	USAMED	THE ASSOCIATED PRESS	USA					MED													0	070	070	07	2	7.0	10	1	10	-2.54424778761061	2	Nevada, United States	US	USNV		38.4199	-117.122	NV	0								2	Nevada, United States	US	USNV		38.4199	-117.122	NV	20260529183000	https://www.2news.com/news/nevada-supreme-court-rules-parental-notification-abortion-law-unconstitutionally-vague/article_9d947f02-3f78-4354-8c83-3982b9f91c00.html
1306569808	20260529	202605	2026	2026.4082	VNM	VIETNAM	VNM																		0	051	051	05	1	3.4	1	1	1	-1.82946749428291	1	Vietnam, Republic Of	VM	VM		16.166667	107.833333	VM	0								2	Louisiana, United States	US	USLA		31.1801	-91.8749	LA	20260529183000	https://www.thehour.com/news/politics/article/the-latest-us-and-iranian-reach-tentative-deal-22282146.php
1306569809	20260529	202605	2026	2026.4082	ZAF	FREE STATE	ZAF																		1	031	031	03	1	5.2	2	1	2	-4	4	Swartberg, KwaZulu-Natal, South Africa	SF	SF02	77352	-30.2384	29.3408	-1288680	0								4	Swartberg, KwaZulu-Natal, South Africa	SF	SF02	77352	-30.2384	29.3408	-1288680	20260529183000	https://www.dailymaverick.co.za/article/2026-05-29-phala-phala-impeachment-committee-revealed-a-kruger-park-tragedy-and-bold-local-flavours/
1306569810	20260529	202605	2026	2026.4082	ZAF	FREE STATE	ZAF								AFR	AFRICA	AFR								1	031	031	03	1	5.2	4	1	4	-4	4	Swartberg, KwaZulu-Natal, South Africa	SF	SF02	77352	-30.2384	29.3408	-1288680	4	Swartberg, KwaZulu-Natal, South Africa	SF	SF02	77352	-30.2384	29.3408	-1288680	4	Swartberg, KwaZulu-Natal, South Africa	SF	SF02	77352	-30.2384	29.3408	-1288680	20260529183000	https://www.dailymaverick.co.za/article/2026-05-29-phala-phala-impeachment-committee-revealed-a-kruger-park-tragedy-and-bold-local-flavours/
1306569811	20260529	202605	2026	2026.4082	ZAF	JOHANNESBURG	ZAF								AFR	AFRICA	AFR								1	046	046	04	1	7.0	1	1	1	3.47826086956522	4	Johannesburg, Gauteng, South Africa	SF	SF06	77364	-26.2	28.0833	-1240261	4	Johannesburg, Gauteng, South Africa	SF	SF06	77364	-26.2	28.0833	-1240261	4	Midrand, Gauteng, South Africa	SF	SF06	77346	-25.9636	28.1378	437319	20260529183000	https://www.channelafrica.co.za/channelafrica/news/sa-president-to-host-kenyan-counterpart-ruto-next-week/
1306569812	20260529	202605	2026	2026.4082	ZAF	JOHANNESBURG	ZAF								AFR	AFRICA	AFR								1	046	046	04	1	7.0	1	1	1	3.47826086956522	4	Midrand, Gauteng, South Africa	SF	SF06	77346	-25.9636	28.1378	437319	4	Midrand, Gauteng, South Africa	SF	SF06	77346	-25.9636	28.1378	437319	4	Midrand, Gauteng, South Africa	SF	SF06	77346	-25.9636	28.1378	437319	20260529183000	https://www.channelafrica.co.za/channelafrica/news/sa-president-to-host-kenyan-counterpart-ruto-next-week/
1306569813	20260529	202605	2026	2026.4082	ZWE	ZIMBABWEAN	ZWE																		0	120	120	12	3	-4.0	10	1	10	-5.73593073593073	1	Zimbabwe	ZI	ZI		-19	29	ZI	0								1	Zimbabwe	ZI	ZI		-19	29	ZI	20260529183000	https://www.thestandard.co.zw/opinion-amp-analysis/article/200047221/irreversible-pain-how-non-consensual-correctional-surgery-shaped-an-intersex-activists-battle-for-rights
1306569814	20260529	202605	2026	2026.4082	barMED	BARI			bar			MED													1	010	010	01	1	0.0	6	1	6	-1.08827085852479	2	New York, United States	US	USNY		42.1497	-74.9384	NY	0								2	New York, United States	US	USNY		42.1497	-74.9384	NY	20260529183000	https://www.southcarolinapublicradio.org/news/2026-05-29/cbs-bari-weiss-overhauls-60-minutes-fires-top-producer-and-reporters
1306569815	20260529	202605	2026	2026.4082	barMED	BARI			bar			MED			USA	UNITED STATES	USA								1	010	010	01	1	0.0	2	1	2	-1.08827085852479	2	New York, United States	US	USNY		42.1497	-74.9384	NY	2	New York, United States	US	USNY		42.1497	-74.9384	NY	2	New York, United States	US	USNY		42.1497	-74.9384	NY	20260529183000	https://www.southcarolinapublicradio.org/news/2026-05-29/cbs-bari-weiss-overhauls-60-minutes-fires-top-producer-and-reporters
1306569816	20260529	202605	2026	2026.4082	dak	SIOUX			dak																0	015	015	01	1	0.0	2	1	2	-2.34917245061399	3	Sioux Falls, South Dakota, United States	US	USSD	SD099	43.55	-96.7003	1267670	0								3	Sioux Falls, South Dakota, United States	US	USSD		43.55	-96.7003	1267670	20260529183000	https://www.sdpb.org/podcast/sdpb-news/2026-05-29/gop-legislative-primaries-reflect-reagan-v-trump-tug-of-war-former-lawmaker-says-todays-stories-may-29
1306569817	20260529	202605	2026	2026.4082	donGOVMIL	DONG			don			GOV	MIL		USA	UNITED STATES	USA								1	040	040	04	1	1.0	2	1	2	-1.41206675224647	4	Canberra, Australian Capital Territory, Australia	AS	AS01	4940	-35.2833	149.217	-1563952	4	Canberra, Australian Capital Territory, Australia	AS	AS01	4940	-35.2833	149.217	-1563952	4	Canberra, Australian Capital Territory, Australia	AS	AS01	4940	-35.2833	149.217	-1563952	20260529183000	https://www.manilatimes.net/2026/05/30/world/asia-oceania/china-leaders-skip-asia-defense-summit-headlined-by-hegseth/2354697
1306569818	20260529	202605	2026	2026.4082	donGOVMIL	DONG			don			GOV	MIL		USA	UNITED STATES	USA								1	040	040	04	1	1.0	2	1	2	-1.41206675224647	4	Beijing, Beijing, China	CH	CH22	13001	39.9289	116.388	-1898541	4	Beijing, Beijing, China	CH	CH22	13001	39.9289	116.388	-1898541	4	Beijing, Beijing, China	CH	CH22	13001	39.9289	116.388	-1898541	20260529183000	https://www.manilatimes.net/2026/05/30/world/asia-oceania/china-leaders-skip-asia-defense-summit-headlined-by-hegseth/2354697
1306569819	20260529	202605	2026	2026.4082	donGOVMIL	DONG			don			GOV	MIL		USA	THE US	USA								1	130	130	13	3	-4.4	2	1	2	-1.41206675224647	4	Dong Jun, Guangdong, China	CH	CH30	13060	24.2479	112.028	6045925	3	Washington, District of Columbia, United States	US	USDC	DC001	38.8951	-77.0364	531871	3	Washington, District of Columbia, United States	US	USDC	DC001	38.8951	-77.0364	531871	20260529183000	https://www.manilatimes.net/2026/05/30/world/asia-oceania/china-leaders-skip-asia-defense-summit-headlined-by-hegseth/2354697
1306569820	20260529	202605	2026	2026.4082	ful	FULANI			ful																0	190	190	19	4	-10.0	2	1	2	-6.5891472868217	4	Middle Belt, Nigeria (general), Nigeria	NI	NI00	191192	8	8	-2019662	0								4	Middle Belt, Nigeria (general), Nigeria	NI	NI00	191192	8	8	-2019662	20260529183000	https://www.foxnews.com/world/christian-farming-communities-under-siege-us-report-names-fulani-militants-nigerias-deadliest-threat
1306569821	20260529	202605	2026	2026.4082	ful	FULANI			ful						MOS	MUSLIM				MOS					0	190	190	19	4	-10.0	2	1	2	-6.5891472868217	4	Middle Belt, Nigeria (general), Nigeria	NI	NI00	191192	8	8	-2019662	4	Middle Belt, Nigeria (general), Nigeria	NI	NI00	191192	8	8	-2019662	4	Middle Belt, Nigeria (general), Nigeria	NI	NI00	191192	8	8	-2019662	20260529183000	https://www.foxnews.com/world/christian-farming-communities-under-siege-us-report-names-fulani-militants-nigerias-deadliest-threat
1306569822	20260529	202605	2026	2026.4082	fulCRM	FULANI			ful			CRM			MOS	MUSLIM				MOS					0	190	190	19	4	-10.0	1	1	1	-6.5891472868217	4	Middle Belt, Nigeria (general), Nigeria	NI	NI00	191192	8	8	-2019662	4	Middle Belt, Nigeria (general), Nigeria	NI	NI00	191192	8	8	-2019662	4	Middle Belt, Nigeria (general), Nigeria	NI	NI00	191192	8	8	-2019662	20260529183000	https://www.foxnews.com/world/christian-farming-communities-under-siege-us-report-names-fulani-militants-nigerias-deadliest-threat
1306569823	20260529	202605	2026	2026.4082	iku	INUIT			iku						CAN	CANADA	CAN								0	036	036	03	1	4.0	6	1	6	0	4	Arviat, Nunavut, Canada	CA	CA14	12639	61.1167	-94.05	-564322	4	Arviat, Nunavut, Canada	CA	CA14	12639	61.1167	-94.05	-564322	4	Arviat, Nunavut, Canada	CA	CA14	12639	61.1167	-94.05	-564322	20260529183000	https://www.pentictonherald.ca/spare_news/article_d1bbc634-5c43-51a0-8e76-16a4bf8b0cb7.html
1306569824	20260529	202605	2026	2026.4082	was	WASHOE			was																1	070	070	07	2	7.0	10	1	10	0	0								0								0								20260529183000	https://www.2news.com/news/local/arlington-bridges-wingfield-park-to-reopen-to-public-on-june-9/article_98cd7ea8-dfbf-44b3-9217-cb7f18828127.html
1306569825	20260529	202605	2026	2026.4082	was	WASHOE			was						CVL	COMMUNITY						CVL			1	051	051	05	1	3.4	10	1	10	0	0								0								0								20260529183000	https://www.2news.com/news/local/arlington-bridges-wingfield-park-to-reopen-to-public-on-june-9/article_98cd7ea8-dfbf-44b3-9217-cb7f18828127.html
