name,url,region,status,code,score,score_reliability,score_freshness,score_relevance,score_diversity,demoted
35 Best Caribbean News RSS Feeds,https://rss.feedspot.com/caribbean_news_rss_feeds/,central_america_caribbean,ok,200,7,3,2,1,1,
Central America Newswire - World News Report - EIN Presswire,https://world.einnews.com/region/central-america,central_america_caribbean,forbidden,403,5,1,2,1,1,
Reuters Americas | Latest News in Central & Latin America | Reuters,https://www.reuters.com/world/americas/,central_america_caribbean,http_401,401,5,1,2,1,1,
"South America: Analysis, Research, & Events | CSIS",https://www.csis.org/regions/americas/south-america,think_tanks,ok,200,7,3,2,0,2,
Top 60 Geopolitics RSS Feeds - RSS Database,https://rss.feedspot.com/geopolitics_rss_feeds/,,ok,200,7,3,2,1,1,
RSS | International Crisis Group,https://www.crisisgroup.org/rss-0,sub_saharan_africa,ok,200,9,3,2,2,2,
RSS feeds - Africa Intelligence,https://www.africaintelligence.com/info/rss,sub_saharan_africa,ok,200,9,3,2,2,2,
Africa Intelligence: exclusive news on Africa,https://www.africaintelligence.com/,sub_saharan_africa,ok,200,9,3,2,2,2,
Security : latest news | The Africa Report,https://www.theafricareport.com/sections/security/,sub_saharan_africa,forbidden,403,6,1,2,1,2,
Latest Analysis: Conflict in the Middle East | CSIS,https://www.csis.org/programs/latest-analysis-conflict-middle-east,sub_saharan_africa,ok,200,9,3,2,2,2,
"Middle East: Analysis, Research, & Events | CSIS",https://www.csis.org/regions/middle-east,israel_lebanon,ok,200,7,3,2,0,2,
Middle East Conflict Monitor | ACLED,https://acleddata.com/monitor/middle-east-conflict-monitor,think_tanks,ok,200,9,3,2,2,2,
"Central Asia: Analysis, Research, & Events | CSIS",https://www.csis.org/regions/russia-and-eurasia/central-asia,central_asia_india,ok,200,7,3,2,0,2,
Russia-China Relations in Central Asia - CEPA,https://cepa.org/commentary/sino-russian-relations-in-central-asia/,central_asia_india,ok,200,6,3,2,0,1,
What Russia’s war on Ukraine means for Central Asia - Atlantic Council,https://www.atlanticcouncil.org/blogs/new-atlanticist/what-russias-war-on-ukraine-means-for-central-asia/,central_asia_india,ok,200,6,3,2,0,1,
Southeast Asia Regional Security Outlook in 2025: A Perspective,https://rsdi.ae/en/publications/southeast-asia-regional-security-outlook-in-2025-a-perspective,military_osint,ok,200,7,3,2,0,2,
Regional Security Architecture Programme - RSIS,https://rsis.edu.sg/research/idss/research-programmes/regional-security-architecture-programme/,,forbidden,403,5,1,2,0,2,
Regional Security in Southeast Asia: Beyond the ASEAN Way | ISEAS Publishing,https://bookshop.iseas.edu.sg/publication/1547,southeast_asia,ok,200,7,3,2,0,2,
Oceania | Council on Foreign Relations,https://www.cfr.org/oceania,oceania_pacific,ok,200,6,3,2,0,1,
The global contest for the Pacific | Lowy Institute,https://www.lowyinstitute.org/the-interpreter/global-contest-pacific,oceania_pacific,ok,200,8,3,2,1,2,
The new geopolitics of the Pacific Island nations - FES Asia,https://asia.fes.de/news/geopolitics-pacific-islands.html,sub_saharan_africa,ok,200,7,3,2,1,1,
"Oversight Chairman Comer launches congressional probe into insider trading on Kalshi, Polymarket",https://www.cnbc.com/2026/05/22/kalshi-polymarket-comer-insider-trading-probe-congress.html,prediction_markets,ok,200,6,3,2,0,1,
Polymarket to let users make prediction market bets on private companies - CBS News,https://www.cbsnews.com/news/polymarket-prediction-market-private-company-performance-kalshi/,,ok,200,7,3,2,1,1,
"House Oversight Chair James Comer launches probe into Kalshi, Polymarket",https://thehill.com/homenews/house/5891863-congressional-probe-prediction-markets/,,ok,200,7,3,2,1,1,
Bruegel releases enhanced RSS feeds,https://www.bruegel.org/blog-post/bruegel-releases-enhanced-rss-feeds,think_tanks,forbidden,403,5,1,2,1,1,
Top 15 Europe Defense RSS Feeds,https://rss.feedspot.com/europe_defense_rss_feeds/,europe,ok,200,9,3,2,2,2,
Subscribe via RSS feed – European Council on Foreign Relations,https://ecfr.eu/feeds/,,ok,200,7,3,2,1,1,
U.S. News and National Top Stories : NPR,https://www.npr.org/sections/national/,,ok,200,7,3,2,1,1,
Top 45 Homeland Security RSS Feeds,https://rss.feedspot.com/homeland_security_rss_feeds/,north_america,ok,200,8,3,2,1,2,
"National Security News: Latest News and Investigations on Homeland Security, Military, Foreign Intelligence & More | NBC News",https://www.nbcnews.com/politics/national-security,,ok,200,9,3,2,2,2,
"South America: Analysis, Research, & Events | CSIS",https://www.csis.org/regions/americas/south-america,,ok,200,7,3,2,0,2,
Top 60 Geopolitics RSS Feeds - RSS Database,https://rss.feedspot.com/geopolitics_rss_feeds/,,ok,200,7,3,2,1,1,
RSS | International Crisis Group,https://www.crisisgroup.org/rss-0,think_tanks,ok,200,9,3,2,2,2,
RSS feeds - Africa Intelligence,https://www.africaintelligence.com/info/rss,sub_saharan_africa,ok,200,9,3,2,2,2,
Security : latest news | The Africa Report,https://www.theafricareport.com/sections/security/,sub_saharan_africa,forbidden,403,6,1,2,1,2,
Africa Intelligence: exclusive news on Africa,https://www.africaintelligence.com/,sub_saharan_africa,ok,200,9,3,2,2,2,
Latest Analysis: Conflict in the Middle East | CSIS,https://www.csis.org/programs/latest-analysis-conflict-middle-east,think_tanks,ok,200,9,3,2,2,2,
Middle East Conflict Monitor | ACLED,https://acleddata.com/monitor/middle-east-conflict-monitor,middle_east,ok,200,9,3,2,2,2,
"Middle East: Analysis, Research, & Events | CSIS",https://www.csis.org/regions/middle-east,,ok,200,7,3,2,0,2,
"Central Asia: Analysis, Research, & Events | CSIS",https://www.csis.org/regions/russia-and-eurasia/central-asia,russia_ukraine,ok,200,7,3,2,0,2,
Russia-China Relations in Central Asia - CEPA,https://cepa.org/commentary/sino-russian-relations-in-central-asia/,think_tanks,ok,200,6,3,2,0,1,
What Russia’s war on Ukraine means for Central Asia - Atlantic Council,https://www.atlanticcouncil.org/blogs/new-atlanticist/what-russias-war-on-ukraine-means-for-central-asia/,think_tanks,ok,200,6,3,2,0,1,
Southeast Asia Regional Security Outlook in 2025: A Perspective,https://rsdi.ae/en/publications/southeast-asia-regional-security-outlook-in-2025-a-perspective,,ok,200,7,3,2,0,2,
Regional Security Architecture Programme - RSIS,https://rsis.edu.sg/research/idss/research-programmes/regional-security-architecture-programme/,,forbidden,403,5,1,2,0,2,
Regional Security in Southeast Asia: Beyond the ASEAN Way | ISEAS Publishing,https://bookshop.iseas.edu.sg/publication/1547,,ok,200,7,3,2,0,2,
Oceania | Council on Foreign Relations,https://www.cfr.org/oceania,oceania_pacific,ok,200,6,3,2,0,1,
The global contest for the Pacific | Lowy Institute,https://www.lowyinstitute.org/the-interpreter/global-contest-pacific,oceania_pacific,ok,200,8,3,2,1,2,
The new geopolitics of the Pacific Island nations - FES Asia,https://asia.fes.de/news/geopolitics-pacific-islands.html,middle_east,ok,200,7,3,2,1,1,
Middle East Politics Newsletter | Substack,https://mideastpolitics.substack.com/,,ok,200,7,3,2,1,1,
💪🇺🇦 The War Comes Home: Ukraine Strikes the Heart of Moscow,https://brentmolnar.substack.com/p/the-war-comes-home-ukraine-strikes,russia_ukraine,ok,200,6,3,2,0,1,
Russian Offensive Campaign Update | Product Line | ISW,https://understandingwar.org/analysis/russia-ukraine/russian-offensive-campaign-assessment/,russia_ukraine,forbidden,403,5,1,2,0,2,
Understanding the Russian Military Today | Russia and Eurasia | CSIS,https://www.csis.org/programs/europe-russia-and-eurasia-program/archives/russia-and-eurasia/understanding-russian,europe,ok,200,9,3,2,2,2,
NATO Agrees to New Defense Spending Target | Council on Foreign Relations,https://www.cfr.org/articles/nato-agrees-new-defense-spending-target,,ok,200,9,3,2,2,2,
Geopolitical Europe | Gesine Weber | Substack,https://geopoliticaleurope.substack.com/,europe,ok,200,6,3,2,0,1,
Policy Brief - Towards a European Security Council,https://iepbu.substack.com/p/policy-brief-towards-a-european-security,europe,ok,200,7,3,2,0,2,
About ECFR – European Council on Foreign Relations,https://ecfr.eu/about/,think_tanks,ok,200,6,3,2,0,1,
China & Taiwan Coverage | Institute for the Study of War,https://understandingwar.org/analysis/china-taiwan/,china_asia,forbidden,403,5,1,2,0,2,
Home | Asia Maritime Transparency Initiative,https://amti.csis.org/,,ok,200,7,3,2,0,2,
"Oversight Chairman Comer launches congressional probe into insider trading on Kalshi, Polymarket",https://www.cnbc.com/2026/05/22/kalshi-polymarket-comer-insider-trading-probe-congress.html,,ok,200,6,3,2,0,1,
Polymarket to let users make prediction market bets on private companies - CBS News,https://www.cbsnews.com/news/polymarket-prediction-market-private-company-performance-kalshi/,,ok,200,7,3,2,1,1,
Kalshi and Polymarket Are Spoiling Reality TV Shows — and Studios Don’t Know What to Do About It,https://variety.com/2026/tv/news/kalshi-polymarket-spoilers-reality-studios-1236756590/,,ok,200,7,3,2,1,1,
Bruegel releases enhanced RSS feeds,https://www.bruegel.org/blog-post/bruegel-releases-enhanced-rss-feeds,europe,forbidden,403,5,1,2,1,1,
Top 15 Europe Defense RSS Feeds,https://rss.feedspot.com/europe_defense_rss_feeds/,europe,ok,200,9,3,2,2,2,
Subscribe via RSS feed – European Council on Foreign Relations,https://ecfr.eu/feeds/,,ok,200,7,3,2,1,1,
Top 45 Homeland Security RSS Feeds,https://rss.feedspot.com/homeland_security_rss_feeds/,,ok,200,8,3,2,1,2,
U.S. News and National Top Stories : NPR,https://www.npr.org/sections/national/,,ok,200,7,3,2,1,1,
60 Best Political News RSS Feeds,https://rss.feedspot.com/political_news_rss_feeds/,north_america,ok,200,7,3,2,1,1,
"China & Taiwan Update, January 2, 2026 | ISW",https://understandingwar.org/research/china-taiwan/china-taiwan-update-january-2-2026/,china_asia,forbidden,403,5,1,2,0,2,
"Mexico’s Long War: Drugs, Crime, and the Cartels | Council on Foreign Relations",https://www.cfr.org/backgrounders/mexicos-long-war-drugs-crime-and-cartels,,ok,200,6,3,2,0,1,
US Oil Industry Data Analysis | Substack,https://pauldial.substack.com/,,ok,200,7,3,2,0,2,
US Oil Industry Data Analysis | Substack,https://substack.com/@usoilindustry,,ok,200,7,3,2,0,2,
Substacks recommended by The Crude Chronicles,https://thecrudechronicles.substack.com/recommendations,energy,ok,200,6,3,2,0,1,
"Markets, Pipelines & Beyond | Substack",https://oilmarkets.substack.com/,,ok,200,6,3,2,0,1,
Global Conflict Awareness — Live Strike Map: US·Israel vs Iran·Axis | OSINT Tracker 2026-03-10,https://globalconflictawareness.com/,,ok,200,8,3,2,2,1,
Middle East AI News | Carrington Malin | Substack,https://www.middleeastainews.com/,,ok,200,7,3,2,1,1,
Middle East Uncovered | Substack,https://www.themiddleeastuncovered.com/,,ok,200,6,3,2,0,1,
Monitoring the Strait of Hormuz: Real-Time Maritime Risk & Transit Data,https://www.seavantage.com/blog/strait-of-hormuz-maritime-risk-intelligence,,ok,200,9,3,2,2,2,
35 Best Caribbean News RSS Feeds,https://rss.feedspot.com/caribbean_news_rss_feeds/,central_america_caribbean,ok,200,7,3,2,1,1,
Central America Newswire - World News Report - EIN Presswire,https://world.einnews.com/region/central-america,central_america_caribbean,forbidden,403,5,1,2,1,1,
Reuters Americas | Latest News in Central & Latin America | Reuters,https://www.reuters.com/world/americas/,south_america,http_401,401,5,1,2,1,1,
"South America: Analysis, Research, & Events | CSIS",https://www.csis.org/regions/americas/south-america,,ok,200,7,3,2,0,2,
Top 60 Geopolitics RSS Feeds - RSS Database,https://rss.feedspot.com/geopolitics_rss_feeds/,,ok,200,7,3,2,1,1,
RSS | International Crisis Group,https://www.crisisgroup.org/rss-0,,ok,200,9,3,2,2,2,
Bruegel releases enhanced RSS feeds,https://www.bruegel.org/blog-post/bruegel-releases-enhanced-rss-feeds,,forbidden,403,5,1,2,1,1,
Top 15 Europe Defense RSS Feeds,https://rss.feedspot.com/europe_defense_rss_feeds/,europe,ok,200,9,3,2,2,2,
Subscribe via RSS feed – European Council on Foreign Relations,https://ecfr.eu/feeds/,,ok,200,7,3,2,1,1,
U.S. News and National Top Stories : NPR,https://www.npr.org/sections/national/,,ok,200,7,3,2,1,1,
Top 45 Homeland Security RSS Feeds,https://rss.feedspot.com/homeland_security_rss_feeds/,,ok,200,8,3,2,1,2,
60 Best Political News RSS Feeds,https://rss.feedspot.com/political_news_rss_feeds/,,ok,200,7,3,2,1,1,
35 Best Caribbean News RSS Feeds,https://rss.feedspot.com/caribbean_news_rss_feeds/,central_america_caribbean,ok,200,7,3,2,1,1,
Central America Newswire - World News Report - EIN Presswire,https://world.einnews.com/region/central-america,south_america,forbidden,403,5,1,2,1,1,
NHC and CPHC RSS Feeds - National Hurricane Center,https://www.nhc.noaa.gov/aboutrss.shtml,,ok,200,7,3,2,1,1,
"South America: Analysis, Research, & Events | CSIS",https://www.csis.org/regions/americas/south-america,,ok,200,7,3,2,0,2,
Top 60 Geopolitics RSS Feeds - RSS Database,https://rss.feedspot.com/geopolitics_rss_feeds/,,ok,200,7,3,2,1,1,
RSS | International Crisis Group,https://www.crisisgroup.org/rss-0,,ok,200,9,3,2,2,2,
RSS feeds - Africa Intelligence,https://www.africaintelligence.com/info/rss,sub_saharan_africa,ok,200,9,3,2,2,2,
Africa Intelligence: exclusive news on Africa,https://www.africaintelligence.com/,sub_saharan_africa,ok,200,9,3,2,2,2,
Security : latest news | The Africa Report,https://www.theafricareport.com/sections/security/,central_asia_india,forbidden,403,6,1,2,1,2,
Latest Analysis: Conflict in the Middle East | CSIS,https://www.csis.org/programs/latest-analysis-conflict-middle-east,,ok,200,9,3,2,2,2,
"Middle East: Analysis, Research, & Events | CSIS",https://www.csis.org/regions/middle-east,,ok,200,7,3,2,0,2,
Middle East Conflict Monitor | ACLED,https://acleddata.com/monitor/middle-east-conflict-monitor,,ok,200,9,3,2,2,2,
"Central Asia: Analysis, Research, & Events | CSIS",https://www.csis.org/regions/russia-and-eurasia/central-asia,russia_ukraine,ok,200,7,3,2,0,2,
Russia-China Relations in Central Asia - CEPA,https://cepa.org/commentary/sino-russian-relations-in-central-asia/,russia_ukraine,ok,200,6,3,2,0,1,
What Russia’s war on Ukraine means for Central Asia - Atlantic Council,https://www.atlanticcouncil.org/blogs/new-atlanticist/what-russias-war-on-ukraine-means-for-central-asia/,russia_ukraine,ok,200,6,3,2,0,1,
Southeast Asia Regional Security Outlook in 2025: A Perspective,https://rsdi.ae/en/publications/southeast-asia-regional-security-outlook-in-2025-a-perspective,,ok,200,7,3,2,0,2,
Regional Security Architecture Programme - RSIS,https://rsis.edu.sg/research/idss/research-programmes/regional-security-architecture-programme/,,forbidden,403,5,1,2,0,2,
Regional Security in Southeast Asia: Beyond the ASEAN Way | ISEAS Publishing,https://bookshop.iseas.edu.sg/publication/1547,,ok,200,7,3,2,0,2,
Oceania | Council on Foreign Relations,https://www.cfr.org/oceania,oceania_pacific,ok,200,6,3,2,0,1,
The global contest for the Pacific | Lowy Institute,https://www.lowyinstitute.org/the-interpreter/global-contest-pacific,oceania_pacific,ok,200,8,3,2,1,2,
The new geopolitics of the Pacific Island nations - FES Asia,https://asia.fes.de/news/geopolitics-pacific-islands.html,oceania_pacific,ok,200,7,3,2,1,1,
Polymarket to let users make prediction market bets on private companies - CBS News,https://www.cbsnews.com/news/polymarket-prediction-market-private-company-performance-kalshi/,,ok,200,7,3,2,1,1,
"Oversight Chairman Comer launches congressional probe into insider trading on Kalshi, Polymarket",https://www.cnbc.com/2026/05/22/kalshi-polymarket-comer-insider-trading-probe-congress.html,,ok,200,6,3,2,0,1,
"Minnesota to ban prediction markets like Kalshi, Polymarket : NPR",https://www.npr.org/2026/05/19/nx-s1-5821265/minnesota-ban-prediction-markets,,ok,200,6,3,2,0,1,
Bruegel releases enhanced RSS feeds,https://www.bruegel.org/blog-post/bruegel-releases-enhanced-rss-feeds,,forbidden,403,5,1,2,1,1,
Top 15 Europe Defense RSS Feeds,https://rss.feedspot.com/europe_defense_rss_feeds/,europe,ok,200,9,3,2,2,2,
Subscribe via RSS feed – European Council on Foreign Relations,https://ecfr.eu/feeds/,,ok,200,7,3,2,1,1,
Top 45 Homeland Security RSS Feeds,https://rss.feedspot.com/homeland_security_rss_feeds/,,ok,200,8,3,2,1,2,
U.S. News and National Top Stories : NPR,https://www.npr.org/sections/national/,,ok,200,7,3,2,1,1,
60 Best Political News RSS Feeds,https://rss.feedspot.com/political_news_rss_feeds/,,ok,200,7,3,2,1,1,
35 Best Caribbean News RSS Feeds,https://rss.feedspot.com/caribbean_news_rss_feeds/,central_america_caribbean,ok,200,7,3,2,1,1,
Central America Newswire - World News Report - EIN Presswire,https://world.einnews.com/region/central-america,,forbidden,403,5,1,2,1,1,
Reuters Americas | Latest News in Central & Latin America | Reuters,https://www.reuters.com/world/americas/,south_america,http_401,401,5,1,2,1,1,
"South America: Analysis, Research, & Events | CSIS",https://www.csis.org/regions/americas/south-america,,ok,200,7,3,2,0,2,
RSS | International Crisis Group,https://www.crisisgroup.org/rss-0,,ok,200,9,3,2,2,2,
Top 60 Geopolitics RSS Feeds - RSS Database,https://rss.feedspot.com/geopolitics_rss_feeds/,,ok,200,7,3,2,1,1,
RSS feeds - Africa Intelligence,https://www.africaintelligence.com/info/rss,sub_saharan_africa,ok,200,9,3,2,2,2,
Africa Intelligence: exclusive news on Africa,https://www.africaintelligence.com/,sub_saharan_africa,ok,200,9,3,2,2,2,
Security : latest news | The Africa Report,https://www.theafricareport.com/sections/security/,israel_lebanon,forbidden,403,6,1,2,1,2,
Latest Analysis: Conflict in the Middle East | CSIS,https://www.csis.org/programs/latest-analysis-conflict-middle-east,,ok,200,9,3,2,2,2,
"Middle East: Analysis, Research, & Events | CSIS",https://www.csis.org/regions/middle-east,,ok,200,7,3,2,0,2,
Middle East Conflict Monitor | ACLED,https://acleddata.com/monitor/middle-east-conflict-monitor,,ok,200,9,3,2,2,2,
"Central Asia: Analysis, Research, & Events | CSIS",https://www.csis.org/regions/russia-and-eurasia/central-asia,russia_ukraine,ok,200,7,3,2,0,2,
Russia-China Relations in Central Asia - CEPA,https://cepa.org/commentary/sino-russian-relations-in-central-asia/,russia_ukraine,ok,200,6,3,2,0,1,
What Russia’s war on Ukraine means for Central Asia - Atlantic Council,https://www.atlanticcouncil.org/blogs/new-atlanticist/what-russias-war-on-ukraine-means-for-central-asia/,russia_ukraine,ok,200,6,3,2,0,1,
Southeast Asia Regional Security Outlook in 2025: A Perspective,https://rsdi.ae/en/publications/southeast-asia-regional-security-outlook-in-2025-a-perspective,,ok,200,7,3,2,0,2,
Regional Security Architecture Programme - RSIS,https://rsis.edu.sg/research/idss/research-programmes/regional-security-architecture-programme/,,forbidden,403,5,1,2,0,2,
Regional Security in Southeast Asia: Beyond the ASEAN Way | ISEAS Publishing,https://bookshop.iseas.edu.sg/publication/1547,,ok,200,7,3,2,0,2,
Oceania | Council on Foreign Relations,https://www.cfr.org/oceania,oceania_pacific,ok,200,6,3,2,0,1,
The global contest for the Pacific | Lowy Institute,https://www.lowyinstitute.org/the-interpreter/global-contest-pacific,oceania_pacific,ok,200,8,3,2,1,2,
The new geopolitics of the Pacific Island nations - FES Asia,https://asia.fes.de/news/geopolitics-pacific-islands.html,southeast_asia,ok,200,7,3,2,1,1,
These states are fighting prediction markets. The Trump admin is furious - Salon.com,https://www.salon.com/2026/05/24/these-states-are-fighting-prediction-markets-the-trump-admin-is-furious/,,ok,200,6,3,2,0,1,
Polymarket to let users make prediction market bets on private companies - CBS News,https://www.cbsnews.com/news/polymarket-prediction-market-private-company-performance-kalshi/,,ok,200,7,3,2,1,1,
"House Oversight Chair James Comer launches probe into Kalshi, Polymarket",https://thehill.com/homenews/house/5891863-congressional-probe-prediction-markets/,,ok,200,7,3,2,1,1,
Bruegel releases enhanced RSS feeds,https://www.bruegel.org/blog-post/bruegel-releases-enhanced-rss-feeds,,forbidden,403,5,1,2,1,1,
Top 15 Europe Defense RSS Feeds,https://rss.feedspot.com/europe_defense_rss_feeds/,europe,ok,200,9,3,2,2,2,
Subscribe via RSS feed – European Council on Foreign Relations,https://ecfr.eu/feeds/,,ok,200,7,3,2,1,1,
Bruegel releases enhanced RSS feeds,https://www.bruegel.org/blog-post/bruegel-releases-enhanced-rss-feeds,,forbidden,403,5,1,2,1,1,
Top 15 Europe Defense RSS Feeds,https://rss.feedspot.com/europe_defense_rss_feeds/,europe,ok,200,9,3,2,2,2,
Subscribe via RSS feed – European Council on Foreign Relations,https://ecfr.eu/feeds/,,ok,200,7,3,2,1,1,
Top 45 Homeland Security RSS Feeds,https://rss.feedspot.com/homeland_security_rss_feeds/,,ok,200,8,3,2,1,2,
60 Best Political News RSS Feeds,https://rss.feedspot.com/political_news_rss_feeds/,,ok,200,7,3,2,1,1,
U.S. News and National Top Stories : NPR,https://www.npr.org/sections/national/,,ok,200,7,3,2,1,1,
35 Best Caribbean News RSS Feeds,https://rss.feedspot.com/caribbean_news_rss_feeds/,central_america_caribbean,ok,200,7,3,2,1,1,
Central America Newswire - World News Report - EIN Presswire,https://world.einnews.com/region/central-america,,forbidden,403,5,1,2,1,1,
NHC and CPHC RSS Feeds - National Hurricane Center,https://www.nhc.noaa.gov/aboutrss.shtml,,ok,200,7,3,2,1,1,
Security Challenges in the Caribbean Amid the U.S. Military Deployment | CSIS,https://www.csis.org/analysis/security-challenges-caribbean-amid-us-military-deployment,central_america_caribbean,ok,200,9,3,2,2,2,
"The Caribbean: Analysis, Research, & Events | CSIS",https://www.csis.org/regions/americas/caribbean,central_america_caribbean,ok,200,7,3,2,0,2,
The Caribbean under pressure: What role for Europe? | European Union Institute for Security Studies,https://www.iss.europa.eu/publications/briefs/caribbean-under-pressure-what-role-europe,europe,ok,200,7,3,2,0,2,
"South America: Analysis, Research, & Events | CSIS",https://www.csis.org/regions/americas/south-america,,ok,200,7,3,2,0,2,
Top 60 Geopolitics RSS Feeds - RSS Database,https://rss.feedspot.com/geopolitics_rss_feeds/,,ok,200,7,3,2,1,1,
RSS | International Crisis Group,https://www.crisisgroup.org/rss-0,,ok,200,9,3,2,2,2,
Bruegel releases enhanced RSS feeds,https://www.bruegel.org/blog-post/bruegel-releases-enhanced-rss-feeds,,forbidden,403,5,1,2,1,1,
Top 15 Europe Defense RSS Feeds,https://rss.feedspot.com/europe_defense_rss_feeds/,europe,ok,200,9,3,2,2,2,
Subscribe via RSS feed – European Council on Foreign Relations,https://ecfr.eu/feeds/,,ok,200,7,3,2,1,1,
Top 45 Homeland Security RSS Feeds,https://rss.feedspot.com/homeland_security_rss_feeds/,,ok,200,8,3,2,1,2,
U.S. News and National Top Stories : NPR,https://www.npr.org/sections/national/,,ok,200,7,3,2,1,1,
60 Best Political News RSS Feeds,https://rss.feedspot.com/political_news_rss_feeds/,,ok,200,7,3,2,1,1,
35 Best Caribbean News RSS Feeds,https://rss.feedspot.com/caribbean_news_rss_feeds/,central_america_caribbean,ok,200,7,3,2,1,1,
Central America Newswire - World News Report - EIN Presswire,https://world.einnews.com/region/central-america,,forbidden,403,5,1,2,1,1,
NHC and CPHC RSS Feeds - National Hurricane Center,https://www.nhc.noaa.gov/aboutrss.shtml,,ok,200,7,3,2,1,1,
"South America: Analysis, Research, & Events | CSIS",https://www.csis.org/regions/americas/south-america,,ok,200,7,3,2,0,2,
Top 60 Geopolitics RSS Feeds - RSS Database,https://rss.feedspot.com/geopolitics_rss_feeds/,,ok,200,7,3,2,1,1,
RSS | International Crisis Group,https://www.crisisgroup.org/rss-0,,ok,200,9,3,2,2,2,
RSS feeds - Africa Intelligence,https://www.africaintelligence.com/info/rss,sub_saharan_africa,ok,200,9,3,2,2,2,
Security : latest news | The Africa Report,https://www.theafricareport.com/sections/security/,energy,forbidden,403,6,1,2,1,2,
Africa Intelligence: exclusive news on Africa,https://www.africaintelligence.com/,sub_saharan_africa,ok,200,9,3,2,2,2,
Latest Analysis: Conflict in the Middle East | CSIS,https://www.csis.org/programs/latest-analysis-conflict-middle-east,,ok,200,9,3,2,2,2,
"Middle East: Analysis, Research, & Events | CSIS",https://www.csis.org/regions/middle-east,,ok,200,7,3,2,0,2,
Middle East Conflict Monitor | ACLED,https://acleddata.com/monitor/middle-east-conflict-monitor,,ok,200,9,3,2,2,2,
"Central Asia: Analysis, Research, & Events | CSIS",https://www.csis.org/regions/russia-and-eurasia/central-asia,russia_ukraine,ok,200,7,3,2,0,2,
Russia-China Relations in Central Asia - CEPA,https://cepa.org/commentary/sino-russian-relations-in-central-asia/,russia_ukraine,ok,200,6,3,2,0,1,
What Russia’s war on Ukraine means for Central Asia - Atlantic Council,https://www.atlanticcouncil.org/blogs/new-atlanticist/what-russias-war-on-ukraine-means-for-central-asia/,russia_ukraine,ok,200,6,3,2,0,1,
Southeast Asia Regional Security Outlook in 2025: A Perspective,https://rsdi.ae/en/publications/southeast-asia-regional-security-outlook-in-2025-a-perspective,,error,,4,0,2,0,2,
Regional Security Architecture Programme - RSIS,https://rsis.edu.sg/research/idss/research-programmes/regional-security-architecture-programme/,,forbidden,403,5,1,2,0,2,
Regional Security in Southeast Asia: Beyond the ASEAN Way | ISEAS Publishing,https://bookshop.iseas.edu.sg/publication/1547,,ok,200,7,3,2,0,2,
Oceania | Council on Foreign Relations,https://www.cfr.org/oceania,oceania_pacific,ok,200,6,3,2,0,1,
The global contest for the Pacific | Lowy Institute,https://www.lowyinstitute.org/the-interpreter/global-contest-pacific,oceania_pacific,ok,200,8,3,2,1,2,
The new geopolitics of the Pacific Island nations - FES Asia,https://asia.fes.de/news/geopolitics-pacific-islands.html,oceania_pacific,ok,200,7,3,2,1,1,
Polymarket to let users make prediction market bets on private companies - CBS News,https://www.cbsnews.com/news/polymarket-prediction-market-private-company-performance-kalshi/,,ok,200,7,3,2,1,1,
"Oversight Chairman Comer launches congressional probe into insider trading on Kalshi, Polymarket",https://www.cnbc.com/2026/05/22/kalshi-polymarket-comer-insider-trading-probe-congress.html,,ok,200,6,3,2,0,1,
Kalshi - Prediction Market for Trading the Future,https://kalshi.com/,,http_429,429,4,1,2,0,1,
Bruegel releases enhanced RSS feeds,https://www.bruegel.org/blog-post/bruegel-releases-enhanced-rss-feeds,,forbidden,403,5,1,2,1,1,
Top 15 Europe Defense RSS Feeds,https://rss.feedspot.com/europe_defense_rss_feeds/,europe,ok,200,9,3,2,2,2,
Subscribe via RSS feed – European Council on Foreign Relations,https://ecfr.eu/feeds/,,ok,200,7,3,2,1,1,
Top 45 Homeland Security RSS Feeds,https://rss.feedspot.com/homeland_security_rss_feeds/,,ok,200,8,3,2,1,2,
U.S. News and National Top Stories : NPR,https://www.npr.org/sections/national/,,ok,200,7,3,2,1,1,
60 Best Political News RSS Feeds,https://rss.feedspot.com/political_news_rss_feeds/,,ok,200,7,3,2,1,1,
35 Best Caribbean News RSS Feeds,https://rss.feedspot.com/caribbean_news_rss_feeds/,central_america_caribbean,ok,200,7,3,2,1,1,
Central America Newswire - World News Report - EIN Presswire,https://world.einnews.com/region/central-america,,forbidden,403,5,1,2,1,1,
Reuters Americas | Latest News in Central & Latin America | Reuters,https://www.reuters.com/world/americas/,south_america,http_401,401,5,1,2,1,1,
"South America: Analysis, Research, & Events | CSIS",https://www.csis.org/regions/americas/south-america,,ok,200,7,3,2,0,2,
Top 60 Geopolitics RSS Feeds - RSS Database,https://rss.feedspot.com/geopolitics_rss_feeds/,,ok,200,7,3,2,1,1,
RSS | International Crisis Group,https://www.crisisgroup.org/rss-0,,ok,200,9,3,2,2,2,
RSS feeds - Africa Intelligence,https://www.africaintelligence.com/info/rss,sub_saharan_africa,ok,200,9,3,2,2,2,
Security : latest news | The Africa Report,https://www.theafricareport.com/sections/security/,south_america,forbidden,403,6,1,2,1,2,
Africa Intelligence: exclusive news on Africa,https://www.africaintelligence.com/,sub_saharan_africa,ok,200,9,3,2,2,2,
Latest Analysis: Conflict in the Middle East | CSIS,https://www.csis.org/programs/latest-analysis-conflict-middle-east,,ok,200,9,3,2,2,2,
"Middle East: Analysis, Research, & Events | CSIS",https://www.csis.org/regions/middle-east,,ok,200,7,3,2,0,2,
Middle East Conflict Monitor | ACLED,https://acleddata.com/monitor/middle-east-conflict-monitor,,ok,200,9,3,2,2,2,
"Central Asia: Analysis, Research, & Events | CSIS",https://www.csis.org/regions/russia-and-eurasia/central-asia,russia_ukraine,ok,200,7,3,2,0,2,
Russia-China Relations in Central Asia - CEPA,https://cepa.org/commentary/sino-russian-relations-in-central-asia/,russia_ukraine,ok,200,6,3,2,0,1,
What Russia’s war on Ukraine means for Central Asia - Atlantic Council,https://www.atlanticcouncil.org/blogs/new-atlanticist/what-russias-war-on-ukraine-means-for-central-asia/,russia_ukraine,ok,200,6,3,2,0,1,
Southeast Asia Regional Security Outlook in 2025: A Perspective,https://rsdi.ae/en/publications/southeast-asia-regional-security-outlook-in-2025-a-perspective,,ok,200,7,3,2,0,2,
Regional Security Architecture Programme - RSIS,https://rsis.edu.sg/research/idss/research-programmes/regional-security-architecture-programme/,,forbidden,403,5,1,2,0,2,
Regional Security in Southeast Asia: Beyond the ASEAN Way | ISEAS Publishing,https://bookshop.iseas.edu.sg/publication/1547,,ok,200,7,3,2,0,2,
Oceania | Council on Foreign Relations,https://www.cfr.org/oceania,oceania_pacific,ok,200,6,3,2,0,1,
The global contest for the Pacific | Lowy Institute,https://www.lowyinstitute.org/the-interpreter/global-contest-pacific,oceania_pacific,ok,200,8,3,2,1,2,
The new geopolitics of the Pacific Island nations - FES Asia,https://asia.fes.de/news/geopolitics-pacific-islands.html,oceania_pacific,ok,200,7,3,2,1,1,
Polymarket to let users make prediction market bets on private companies - CBS News,https://www.cbsnews.com/news/polymarket-prediction-market-private-company-performance-kalshi/,,ok,200,7,3,2,1,1,
"Oversight Chairman Comer launches congressional probe into insider trading on Kalshi, Polymarket",https://www.cnbc.com/2026/05/22/kalshi-polymarket-comer-insider-trading-probe-congress.html,,error,,3,0,2,0,1,
"Indian government set to block Polymarket, Kalshi to crack down on prediction markets - India Today",https://www.indiatoday.in/technology/news/story/indian-government-set-to-block-polymarket-kalshi-to-crack-down-on-prediction-markets-2915339-2026-05-22,central_asia_india,ok,200,7,3,2,1,1,
Bruegel releases enhanced RSS feeds,https://www.bruegel.org/blog-post/bruegel-releases-enhanced-rss-feeds,,forbidden,403,5,1,2,1,1,
Top 15 Europe Defense RSS Feeds,https://rss.feedspot.com/europe_defense_rss_feeds/,europe,ok,200,9,3,2,2,2,
Subscribe via RSS feed – European Council on Foreign Relations,https://ecfr.eu/feeds/,,ok,200,7,3,2,1,1,
U.S. News and National Top Stories : NPR,https://www.npr.org/sections/national/,,ok,200,7,3,2,1,1,
Top 45 Homeland Security RSS Feeds,https://rss.feedspot.com/homeland_security_rss_feeds/,,ok,200,8,3,2,1,2,
News: U.S. and World News Headlines : NPR,https://www.npr.org/sections/news,,ok,200,7,3,2,1,1,
Security Challenges in the Caribbean Amid the U.S. Military Deployment | CSIS,https://www.csis.org/analysis/security-challenges-caribbean-amid-us-military-deployment,central_america_caribbean,ok,200,9,3,2,2,2,
"The Caribbean: Analysis, Research, & Events | CSIS",https://www.csis.org/regions/americas/caribbean,central_america_caribbean,ok,200,7,3,2,0,2,
The Caribbean under pressure: What role for Europe? | European Union Institute for Security Studies,https://www.iss.europa.eu/publications/briefs/caribbean-under-pressure-what-role-europe,europe,ok,200,7,3,2,0,2,
35 Best Caribbean News RSS Feeds,https://rss.feedspot.com/caribbean_news_rss_feeds/,central_america_caribbean,ok,200,7,3,2,1,1,
Central America Newswire - World News Report - EIN Presswire,https://world.einnews.com/region/central-america,,forbidden,403,5,1,2,1,1,
Reuters Americas | Latest News in Central & Latin America | Reuters,https://www.reuters.com/world/americas/,south_america,http_401,401,5,1,2,1,1,
35 Best Caribbean News RSS Feeds,https://rss.feedspot.com/caribbean_news_rss_feeds/,central_america_caribbean,ok,200,7,3,2,1,1,
Central America Newswire - World News Report - EIN Presswire,https://world.einnews.com/region/central-america,,forbidden,403,5,1,2,1,1,
Reuters Americas | Latest News in Central & Latin America | Reuters,https://www.reuters.com/world/americas/,,http_401,401,5,1,2,1,1,
"South America: Analysis, Research, & Events | CSIS",https://www.csis.org/regions/americas/south-america,,ok,200,7,3,2,0,2,
Top 60 Geopolitics RSS Feeds - RSS Database,https://rss.feedspot.com/geopolitics_rss_feeds/,,ok,200,7,3,2,1,1,
RSS | International Crisis Group,https://www.crisisgroup.org/rss-0,,ok,200,9,3,2,2,2,
RSS feeds - Africa Intelligence,https://www.africaintelligence.com/info/rss,sub_saharan_africa,ok,200,9,3,2,2,2,
Africa Intelligence: exclusive news on Africa,https://www.africaintelligence.com/,sub_saharan_africa,ok,200,9,3,2,2,2,
Security : latest news | The Africa Report,https://www.theafricareport.com/sections/security/,sub_saharan_africa,forbidden,403,6,1,2,1,2,
RSS feeds - Africa Intelligence,https://www.africaintelligence.com/info/rss,sub_saharan_africa,ok,200,9,3,2,2,2,
Africa Intelligence: exclusive news on Africa,https://www.africaintelligence.com/,sub_saharan_africa,ok,200,9,3,2,2,2,
Security : latest news | The Africa Report,https://www.theafricareport.com/sections/security/,sub_saharan_africa,forbidden,403,6,1,2,1,2,
Latest Analysis: Conflict in the Middle East | CSIS,https://www.csis.org/programs/latest-analysis-conflict-middle-east,,ok,200,9,3,2,2,2,
"Middle East: Analysis, Research, & Events | CSIS",https://www.csis.org/regions/middle-east,,ok,200,7,3,2,0,2,
Middle East Conflict Monitor | ACLED,https://acleddata.com/monitor/middle-east-conflict-monitor,,ok,200,9,3,2,2,2,
"Central Asia: Analysis, Research, & Events | CSIS",https://www.csis.org/regions/russia-and-eurasia/central-asia,russia_ukraine,ok,200,7,3,2,0,2,
Russia-China Relations in Central Asia - CEPA,https://cepa.org/commentary/sino-russian-relations-in-central-asia/,russia_ukraine,ok,200,6,3,2,0,1,
What Russia’s war on Ukraine means for Central Asia - Atlantic Council,https://www.atlanticcouncil.org/blogs/new-atlanticist/what-russias-war-on-ukraine-means-for-central-asia/,russia_ukraine,ok,200,6,3,2,0,1,
Southeast Asia Regional Security Outlook in 2025: A Perspective,https://rsdi.ae/en/publications/southeast-asia-regional-security-outlook-in-2025-a-perspective,,ok,200,7,3,2,0,2,
Regional Security in Southeast Asia: Beyond the ASEAN Way | ISEAS Publishing,https://bookshop.iseas.edu.sg/publication/1547,,ok,200,7,3,2,0,2,
Regional Security Architecture Programme - RSIS,https://rsis.edu.sg/research/idss/research-programmes/regional-security-architecture-programme/,,forbidden,403,5,1,2,0,2,
Southeast Asia Regional Security Outlook in 2025: A Perspective,https://rsdi.ae/en/publications/southeast-asia-regional-security-outlook-in-2025-a-perspective,,ok,200,7,3,2,0,2,
Regional Security in Southeast Asia: Beyond the ASEAN Way | ISEAS Publishing,https://bookshop.iseas.edu.sg/publication/1547,,ok,200,7,3,2,0,2,
Regional Security Architecture Programme - RSIS,https://rsis.edu.sg/research/idss/research-programmes/regional-security-architecture-programme/,,forbidden,403,5,1,2,0,2,
Oceania | Council on Foreign Relations,https://www.cfr.org/oceania,oceania_pacific,ok,200,6,3,2,0,1,
The global contest for the Pacific | Lowy Institute,https://www.lowyinstitute.org/the-interpreter/global-contest-pacific,oceania_pacific,ok,200,8,3,2,1,2,
The new geopolitics of the Pacific Island nations - FES Asia,https://asia.fes.de/news/geopolitics-pacific-islands.html,oceania_pacific,ok,200,7,3,2,1,1,
Polymarket to let users make prediction market bets on private companies - CBS News,https://www.cbsnews.com/news/polymarket-prediction-market-private-company-performance-kalshi/,,ok,200,7,3,2,1,1,
Kalshi - Prediction Market for Trading the Future,https://kalshi.com/,,http_429,429,4,1,2,0,1,
"Prediction Markets Cross $5.6B Week, Kalshi Takes 71% of Volume",https://defirate.com/news/prediction-markets-cross-5-6b-week-kalshi-takes-71-of-volume/,,ok,200,7,3,2,1,1,
Polymarket to let users make prediction market bets on private companies - CBS News,https://www.cbsnews.com/news/polymarket-prediction-market-private-company-performance-kalshi/,,ok,200,7,3,2,1,1,
Kalshi - Prediction Market for Trading the Future,https://kalshi.com/,,http_429,429,4,1,2,0,1,
"Prediction Markets Cross $5.6B Week, Kalshi Takes 71% of Volume",https://defirate.com/news/prediction-markets-cross-5-6b-week-kalshi-takes-71-of-volume/,,ok,200,7,3,2,1,1,
Bruegel releases enhanced RSS feeds,https://www.bruegel.org/blog-post/bruegel-releases-enhanced-rss-feeds,,forbidden,403,5,1,2,1,1,
Top 15 Europe Defense RSS Feeds,https://rss.feedspot.com/europe_defense_rss_feeds/,europe,ok,200,9,3,2,2,2,
Subscribe via RSS feed – European Council on Foreign Relations,https://ecfr.eu/feeds/,,ok,200,7,3,2,1,1,
Bruegel releases enhanced RSS feeds,https://www.bruegel.org/blog-post/bruegel-releases-enhanced-rss-feeds,,forbidden,403,5,1,2,1,1,
Top 15 Europe Defense RSS Feeds,https://rss.feedspot.com/europe_defense_rss_feeds/,europe,ok,200,9,3,2,2,2,
Subscribe via RSS feed – European Council on Foreign Relations,https://ecfr.eu/feeds/,,ok,200,7,3,2,1,1,
U.S. News and National Top Stories : NPR,https://www.npr.org/sections/national/,,ok,200,7,3,2,1,1,
Top 45 Homeland Security RSS Feeds,https://rss.feedspot.com/homeland_security_rss_feeds/,,ok,200,8,3,2,1,2,
Top 80 The Nation RSS Feeds | Create The Nation RSS Feed,https://rss.feedspot.com/thenation_rss_feeds/,north_america,ok,200,7,3,2,1,1,
U.S. News and National Top Stories : NPR,https://www.npr.org/sections/national/,,ok,200,7,3,2,1,1,
Top 45 Homeland Security RSS Feeds,https://rss.feedspot.com/homeland_security_rss_feeds/,,ok,200,8,3,2,1,2,
Top 80 The Nation RSS Feeds | Create The Nation RSS Feed,https://rss.feedspot.com/thenation_rss_feeds/,,ok,200,7,3,2,1,1,
Communicating European security and defence policy,https://tommoylan.substack.com/p/communicating-european-security-and,europe,ok,200,9,3,2,2,2,
"Israel built two covert military bases in Iraqi desert to support Iran strikes, report claims | The Independent",https://www.independent.co.uk/news/world/middle-east/israel-military-bases-iraq-iran-war-b2978527.html,,ok,200,8,3,2,2,1,
Iran: The Latest - Podcast - Apple Podcasts,https://podcasts.apple.com/us/podcast/iran-the-latest/id1712903296,,ok,200,6,3,2,0,1,
Iran’s Outdated Air Force Went On The Offensive During U.S.-Israel War,https://www.forbes.com/sites/pauliddon/2026/05/04/irans-outdated-air-force-went-on-the-offensive-during-us-israel-war/,,ok,200,6,3,2,0,1,
A Military Balance Sheet in the U.S. and Israeli War With Iran | Carnegie Endowment for International Peace,https://carnegieendowment.org/middle-east/diwan/2026/04/a-military-balance-sheet-in-war-with-iran,think_tanks,ok,200,9,3,2,2,2,
Journalists face resistance in trying to cover the U.S.- and Israel-led war in Iran : NPR,https://www.npr.org/2026/03/08/nx-s1-5739344/journalists-face-resistance-in-trying-to-cover-the-u-s-and-israel-led-war-in-iran,,ok,200,6,3,2,0,1,
7 Practical OSINT Lessons from the Ukraine War,https://www.maltego.com/blog/7-practical-osint-lessons-from-the-ukraine-war/,russia_ukraine,ok,200,6,3,2,0,1,
Open-source intelligence in the Russian invasion of Ukraine - Wikipedia,https://en.wikipedia.org/wiki/Open-source_intelligence_in_the_Russian_invasion_of_Ukraine,russia_ukraine,ok,200,9,3,2,2,2,
Stephen Coulthart: Lessons from Ukraine: How OSINT networks are changing war - Centrum Balticum,https://www.centrumbalticum.org/en/publications/baltic_rim_economies/baltic_rim_economies_1_2026_-_intelligence_and_foresight/stephen_coulthart_lessons_from_ukraine_how_osint_networks_are_changing_war,russia_ukraine,ok,200,7,3,2,0,2,
Ukraine in maps: Tracking the war with Russia,https://www.bbc.com/news/articles/c0l0k4389g2o,,ok,200,7,3,2,1,1,
35 Best Caribbean News RSS Feeds,https://rss.feedspot.com/caribbean_news_rss_feeds/,central_america_caribbean,ok,200,7,3,2,1,1,
Central America Newswire - World News Report - EIN Presswire,https://world.einnews.com/region/central-america,,forbidden,403,5,1,2,1,1,
NHC and CPHC RSS Feeds - National Hurricane Center,https://www.nhc.noaa.gov/aboutrss.shtml,,ok,200,7,3,2,1,1,
"South America: Analysis, Research, & Events | CSIS",https://www.csis.org/regions/americas/south-america,,ok,200,7,3,2,0,2,
RSS | International Crisis Group,https://www.crisisgroup.org/rss-0,,ok,200,9,3,2,2,2,
Top 60 Geopolitics RSS Feeds - RSS Database,https://rss.feedspot.com/geopolitics_rss_feeds/,,ok,200,7,3,2,1,1,
RSS feeds - Africa Intelligence,https://www.africaintelligence.com/info/rss,sub_saharan_africa,error,,6,0,2,2,2,
Security : latest news | The Africa Report,https://www.theafricareport.com/sections/security/,sub_saharan_africa,forbidden,403,6,1,2,1,2,
Africa Intelligence: exclusive news on Africa,https://www.africaintelligence.com/,sub_saharan_africa,ok,200,9,3,2,2,2,
Latest Analysis: Conflict in the Middle East | CSIS,https://www.csis.org/programs/latest-analysis-conflict-middle-east,,ok,200,9,3,2,2,2,
"Middle East: Analysis, Research, & Events | CSIS",https://www.csis.org/regions/middle-east,,ok,200,7,3,2,0,2,
Middle East Conflict Monitor | ACLED,https://acleddata.com/monitor/middle-east-conflict-monitor,,ok,200,9,3,2,2,2,
Latest Analysis: Conflict in the Middle East | CSIS,https://www.csis.org/programs/latest-analysis-conflict-middle-east,,ok,200,10,3,3,2,2,
"Middle East: Analysis, Research, & Events | CSIS",https://www.csis.org/regions/middle-east,,ok,200,8,3,3,0,2,
Middle East Conflict Monitor | ACLED,https://acleddata.com/monitor/middle-east-conflict-monitor,,ok,200,10,3,3,2,2,
"Central Asia: Analysis, Research, & Events | CSIS",https://www.csis.org/regions/russia-and-eurasia/central-asia,russia_ukraine,ok,200,8,3,3,0,2,
Russia-China Relations in Central Asia - CEPA,https://cepa.org/commentary/sino-russian-relations-in-central-asia/,russia_ukraine,ok,200,7,3,3,0,1,
What Russia’s war on Ukraine means for Central Asia - Atlantic Council,https://www.atlanticcouncil.org/blogs/new-atlanticist/what-russias-war-on-ukraine-means-for-central-asia/,russia_ukraine,ok,200,7,3,3,0,1,
Southeast Asia Regional Security Outlook in 2025: A Perspective,https://rsdi.ae/en/publications/southeast-asia-regional-security-outlook-in-2025-a-perspective,,ok,200,8,3,3,0,2,
Regional Security in Southeast Asia: Beyond the ASEAN Way | ISEAS Publishing,https://bookshop.iseas.edu.sg/publication/1547,,ok,200,8,3,3,0,2,
Regional Security Architecture Programme - RSIS,https://rsis.edu.sg/research/idss/research-programmes/regional-security-architecture-programme/,,forbidden,403,6,1,3,0,2,
Oceania | Council on Foreign Relations,https://www.cfr.org/oceania,oceania_pacific,ok,200,7,3,3,0,1,
The global contest for the Pacific | Lowy Institute,https://www.lowyinstitute.org/the-interpreter/global-contest-pacific,oceania_pacific,ok,200,9,3,3,1,2,
The new geopolitics of the Pacific Island nations - FES Asia,https://asia.fes.de/news/geopolitics-pacific-islands.html,oceania_pacific,ok,200,8,3,3,1,1,
Oceania | Council on Foreign Relations,https://www.cfr.org/oceania,oceania_pacific,ok,200,7,3,3,0,1,
The global contest for the Pacific | Lowy Institute,https://www.lowyinstitute.org/the-interpreter/global-contest-pacific,oceania_pacific,ok,200,9,3,3,1,2,
The new geopolitics of the Pacific Island nations - FES Asia,https://asia.fes.de/news/geopolitics-pacific-islands.html,oceania_pacific,ok,200,8,3,3,1,1,
South America: CELS,https://www.cels.org.ar/web/feed/,,not_found,404,5,1,3,0,1,
South America: CIPPEC,https://www.cippec.org/feed/,,ok,200,7,3,3,0,1,
South America: Cenital,https://cenital.com/feed/,,ok,200,7,3,3,0,1,
South America: Chequeado,https://chequeado.com/feed/,,ok,200,7,3,3,0,1,
South America: Clarín (general),https://www.clarin.com/rss/,,ok,200,8,3,3,1,1,
South America: Clarín — Policiales,https://www.clarin.com/rss/policiales/,,ok,200,8,3,3,1,1,
South America: Clarín — Política,https://www.clarin.com/rss/politica/,,ok,200,8,3,3,1,1,
South America: Diario Río Negro,https://www.rionegro.com.ar/feed/,,ok,200,7,3,3,0,1,
South America: El Ciudadano Web (Rosario),https://www.elciudadanoweb.com/feed/,,ok,200,7,3,3,0,1,
South America: El Cohete a la Luna,https://www.elcohetealaluna.com/feed/,,ok,200,7,3,3,0,1,
South America: Indymedia Argentina,https://argentina.indymedia.org/feed/,,ok,200,7,3,3,0,1,
South America: La Nación (últimas noticias),https://www.lanacion.com.ar/arc/outboundfeeds/rss/,,ok,200,8,3,3,1,1,
South America: La Nación — Política,https://www.lanacion.com.ar/arc/outboundfeeds/rss/category/politica/,,ok,200,8,3,3,1,1,
South America: La Nación — Seguridad,https://www.lanacion.com.ar/arc/outboundfeeds/rss/category/seguridad/,,ok,200,8,3,3,1,1,
South America: La Vaca,https://www.lavaca.org/feed/,,ok,200,7,3,3,0,1,
South America: Revista Anfibia,https://www.revistaanfibia.com/feed/,,ok,200,7,3,3,0,1,
South America: Revista Mate,https://revistamate.com.ar/feed/,,ok,200,7,3,3,0,1,
South America: TN (Todo Noticias),https://tn.com.ar/feed/,,ok,200,7,3,3,0,1,
South America: elDiarioAR,https://www.eldiarioar.com/rss/,,ok,200,8,3,3,1,1,
South America: Ámbito Financiero,https://www.ambito.com/rss/pages/economia.xml,,ok,200,8,3,3,1,1,
South America: CEDLA,https://cedla.org/feed/,,ok,200,7,3,3,0,1,
South America: La Razón,https://www.la-razon.com/feed/,,ok,200,7,3,3,0,1,
South America: Oxígeno Bolivia,https://www.oxigeno.bo/feed,,ok,200,7,3,3,0,1,
South America: Agência Brasil,https://agenciabrasil.ebc.com.br/rss/ultimasnoticias/feed.xml,south_america,ok,200,8,3,3,1,1,
South America: Agência Pública,https://apublica.org/feed/,,ok,200,7,3,3,0,1,
South America: Extra (O Globo),https://extra.globo.com/rss/extra,,ok,200,8,3,3,1,1,
South America: Folha de S.Paulo (Cotidiano),https://feeds.folha.uol.com.br/cotidiano/rss091.xml,,ok,200,8,3,3,1,1,
South America: Folha de S.Paulo (Mundo),https://feeds.folha.uol.com.br/mundo/rss091.xml,,ok,200,8,3,3,1,1,
South America: Folha de S.Paulo (Poder),https://feeds.folha.uol.com.br/poder/rss091.xml,,ok,200,8,3,3,1,1,
South America: G1 (Globo),https://g1.globo.com/rss/g1/,,ok,200,8,3,3,1,1,
South America: Instituto Sou da Paz,https://soudapaz.org/feed/,,ok,200,7,3,3,0,1,
South America: IstoÉ,https://istoe.com.br/feed/,,ok,200,7,3,3,0,1,
South America: Lupa,https://lupa.uol.com.br/feed,,ok,200,7,3,3,0,1,
South America: Metrópoles,https://www.metropoles.com/feed,,ok,200,7,3,3,0,1,
South America: Mídia Ninja,https://midianinja.org/feed/,,ok,200,7,3,3,0,1,
South America: Núcleo de Estudos da Violência (USP),https://nev.prp.usp.br/feed/,,ok,200,7,3,3,0,1,
South America: O Globo — País,https://oglobo.globo.com/rss/oglobo,,ok,200,8,3,3,1,1,
South America: O Globo — Rio,https://oglobo.globo.com/rss/oglobo/rio,,ok,200,8,3,3,1,1,
South America: Piauí,https://piaui.folha.uol.com.br/feed/,,ok,200,7,3,3,0,1,
South America: Poder360,https://www.poder360.com.br/feed/,,ok,200,7,3,3,0,1,
South America: Ponte Jornalismo,https://ponte.org/feed/,,ok,200,7,3,3,0,1,
South America: Repórter Brasil,https://reporterbrasil.org.br/feed/,,ok,200,7,3,3,0,1,
South America: Sumaúma,https://sumauma.com/feed/,,ok,200,7,3,3,0,1,
South America: The Intercept Brasil,https://www.intercept.com.br/feed/,,ok,200,7,3,3,0,1,
South America: UOL — Notícias,https://rss.uol.com.br/feed/noticias.xml,,ok,200,8,3,3,1,1,
South America: Valor Econômico,https://valor.globo.com/rss/valor/,,ok,200,8,3,3,1,1,
South America: Veja,https://veja.abril.com.br/feed/,,ok,200,7,3,3,0,1,
South America: AthenaLab,https://www.athenalab.org/feed/,,ok,200,7,3,3,0,1,
South America: CESC U. de Chile,https://cesc.uchile.cl/feed/,,ok,200,7,3,3,0,1,
South America: CIPER Chile,https://www.ciperchile.cl/feed/,,ok,200,7,3,3,0,1,
South America: Centro de Estudios Públicos (CEP),https://www.cepchile.cl/feed/,,forbidden,403,5,1,3,0,1,
South America: Diario U. de Chile,https://radio.uchile.cl/feed/,,ok,200,7,3,3,0,1,
South America: Espacio Público,https://espaciopublico.cl/feed/,,ok,200,7,3,3,0,1,
South America: Ex-Ante,https://www.ex-ante.cl/feed/,,ok,200,7,3,3,0,1,
South America: FLACSO Chile,https://www.flacsochile.org/feed/,,ok,200,7,3,3,0,1,
South America: Interferencia,https://interferencia.cl/rss.xml,,ok,200,8,3,3,1,1,
South America: Libertad y Desarrollo,https://lyd.org/feed/,,ok,200,7,3,3,0,1,
South America: The Clinic,https://www.theclinic.cl/feed/,,ok,200,7,3,3,0,1,
South America: Baudó AP,https://www.baudoap.com/feed/,,ok,200,7,3,3,0,1,
South America: Cerosetenta (070),https://cerosetenta.uniandes.edu.co/feed/,,ok,200,7,3,3,0,1,
South America: Cuestión Pública,https://cuestionpublica.com/feed/,,ok,200,7,3,3,0,1,
South America: El Colombiano (Medellín),https://www.elcolombiano.com/rss/portada.xml,,ok,200,8,3,3,1,1,
South America: El Nuevo Siglo,https://www.elnuevosiglo.com.co/rss.xml,,ok,200,8,3,3,1,1,
South America: El Tiempo — Colombia,https://www.eltiempo.com/rss/colombia.xml,,ok,200,8,3,3,1,1,
South America: El Tiempo — Justicia,https://www.eltiempo.com/rss/justicia.xml,,ok,200,8,3,3,1,1,
South America: El Tiempo — Mundo,https://www.eltiempo.com/rss/mundo.xml,,ok,200,8,3,3,1,1,
South America: Indepaz,https://indepaz.org.co/feed/,,ok,200,7,3,3,0,1,
South America: Kien y Ke,https://www.kienyke.com/feed,,ok,200,7,3,3,0,1,
South America: La República,https://www.larepublica.co/rss,,ok,200,8,3,3,1,1,
South America: La Silla Vacía,https://www.lasillavacia.com/feed/,,http_429,429,5,1,3,0,1,
South America: Mutante,https://www.mutante.org/feed,,ok,200,7,3,3,0,1,
South America: Noticias Uno,https://www.noticiasuno.com/feed/,,ok,200,7,3,3,0,1,
South America: Pares (Fundación Paz y Reconciliación),https://www.pares.com.co/feed,,ok,200,7,3,3,0,1,
South America: Razón Pública,https://razonpublica.com/feed/,,ok,200,7,3,3,0,1,
South America: Verdad Abierta,https://verdadabierta.com/feed/,,ok,200,7,3,3,0,1,
South America: Vorágine,https://voragine.co/feed/,,ok,200,7,3,3,0,1,
South America: El Comercio (Quito),https://www.elcomercio.com/feed/,,ok,200,7,3,3,0,1,
South America: La Barra Espaciadora,https://labarraespaciadora.com/feed/,,ok,200,7,3,3,0,1,
South America: Mongabay Latam,https://es.mongabay.com/feed/,,forbidden,403,5,1,3,0,1,
South America: Plan V,https://planv.com.ec/feed,,http_429,429,5,1,3,0,1,
South America: Demerara Waves,https://demerarawaves.com/feed/,,ok,200,7,3,3,0,1,
South America: Guyana Chronicle,https://guyanachronicle.com/feed/,,ok,200,7,3,3,0,1,
South America: Kaieteur News,https://www.kaieteurnewsonline.com/feed/,,ok,200,8,3,3,1,1,
South America: BBC News Mundo,https://feeds.bbci.co.uk/mundo/rss.xml,,ok,200,8,3,3,1,1,
South America: CONNECTAS,https://www.connectas.org/feed/,,forbidden,403,5,1,3,0,1,
South America: DW Español,https://rss.dw.com/rdf/rss-sp-all,,ok,200,8,3,3,1,1,
South America: Distintas Latitudes,https://distintaslatitudes.net/feed,,ok,200,7,3,3,0,1,
South America: Diálogo Político (KAS),https://dialogopolitico.org/feed/,,ok,200,7,3,3,0,1,
South America: France 24 Español,https://www.france24.com/es/rss,,ok,200,8,3,3,1,1,
South America: Igarapé Institute,https://igarape.org.br/feed/,,ok,200,8,3,3,0,2,
South America: InSight Crime (English),https://insightcrime.org/feed/,south_america,ok,200,7,3,3,0,1,
South America: InSight Crime Español,https://es.insightcrime.org/feed/,,http_429,429,5,1,3,0,1,
South America: Inter-American Dialogue,https://www.thedialogue.org/feed/,,ok,200,7,3,3,0,1,
South America: Latin American Reports,https://latinamericareports.com/feed/,,ok,200,7,3,3,0,1,
South America: Nodal,https://www.nodal.am/feed/,,ok,200,7,3,3,0,1,
South America: RFI en español,https://www.rfi.fr/es/rss,,ok,200,8,3,3,1,1,
South America: Caretas,https://caretas.pe/feed/,,ok,200,7,3,3,0,1,
South America: El Comercio,https://elcomercio.pe/arc/outboundfeeds/rss/?outputType=xml,,not_found,404,6,1,3,1,1,
South America: El Comercio — Lima,https://elcomercio.pe/arc/outboundfeeds/rss/category/lima/?outputType=xml,,ok,200,8,3,3,1,1,
South America: El Comercio — Política,https://elcomercio.pe/arc/outboundfeeds/rss/category/politica/?outputType=xml,,ok,200,8,3,3,1,1,
South America: IDL-Reporteros,https://www.idl-reporteros.pe/feed/,,ok,200,7,3,3,0,1,
South America: La Mula,https://lamula.pe/feed/,,ok,200,7,3,3,0,1,
South America: Sudaca,https://sudaca.pe/feed/,,ok,200,7,3,3,0,1,
South America: Wayka,https://wayka.pe/feed/,,ok,200,7,3,3,0,1,
South America: IP Agencia (state),https://www.ip.gov.py/ip/feed/,,ok,200,7,3,3,0,1,
South America: Dagblad Suriname,https://www.dbsuriname.com/feed/,,ok,200,7,3,3,0,1,
South America: Suriname Herald,https://www.srherald.com/feed/,,forbidden,403,5,1,3,0,1,
South America: Brecha,https://brecha.com.uy/feed/,,ok,200,7,3,3,0,1,
South America: El Telégrafo (Paysandú),https://www.eltelegrafo.com/feed/,,forbidden,403,5,1,3,0,1,
South America: LARED21,https://www.lr21.com.uy/feed/,,forbidden,403,5,1,3,0,1,
South America: La Mañana,https://www.xn--lamaana-7za.uy/feed/,,ok,200,7,3,3,0,1,
South America: MercoPress,https://en.mercopress.com/rss/,south_america,ok,200,8,3,3,1,1,
South America: Teledoce (Canal 12),https://www.teledoce.com/feed/,,ok,200,7,3,3,0,1,
South America: Acceso a la Justicia,https://accesoalajusticia.org/feed/,,ok,200,7,3,3,0,1,
South America: Armando.Info,https://armando.info/feed/,,ok,200,7,3,3,0,1,
South America: Caraota Digital,https://caraotadigital.net/feed/,,ok,200,7,3,3,0,1,
South America: Crónica.Uno,https://cronica.uno/feed/,,ok,200,7,3,3,0,1,
South America: Efecto Cocuyo,https://efectococuyo.com/feed/,,ok,200,7,3,3,0,1,
South America: El Estímulo,https://elestimulo.com/feed/,,http_429,429,5,1,3,0,1,
South America: El Pitazo,https://elpitazo.net/feed/,,ok,200,7,3,3,0,1,
South America: Espacio Público,https://espaciopublico.ong/feed/,,ok,200,7,3,3,0,1,
South America: Foro Penal,https://foropenal.com/feed/,,ok,200,7,3,3,0,1,
South America: IPYS Venezuela,https://ipysvenezuela.org/feed/,,http_520,520,5,1,3,0,1,
South America: La Patilla,https://www.lapatilla.com/feed/,,ok,200,7,3,3,0,1,
South America: Runrun.es,https://runrun.es/feed/,,ok,200,7,3,3,0,1,
South America: Tiempo Argentino,https://www.tiempoar.com.ar/feed/,,ok,200,7,3,3,0,1,
South America: Los Tiempos,https://www.lostiempos.com/rss.xml,,ok,200,8,3,3,1,1,
South America: Conectas Direitos Humanos,https://www.conectas.org/feed/,,ok,200,7,3,3,0,1,
South America: IEP,https://iep.org.pe/feed/,,ok,200,7,3,3,0,1,
South America: Revista Ideele,https://www.revistaideele.com/feed,,ok,200,7,3,3,0,1,
South America: El Surti (El Surtidor),https://elsurti.com/feed/,,ok,200,7,3,3,0,1,
South America: Prodavinci,https://prodavinci.com/feed/,,forbidden,403,5,1,3,0,1,
South America: Transparencia Venezuela,https://transparencia.org.ve/feed/,,ok,200,7,3,3,0,1,
South America: Aire de Santa Fe,https://www.airedesantafe.com.ar/feed/,,not_found,404,5,1,3,0,1,
South America: El Cronista,https://www.cronista.com/files/rss/ultimas.xml,,not_found,404,6,1,3,1,1,
South America: Infobae Argentina,https://www.infobae.com/argentina/feed/,,not_found,404,5,1,3,0,1,
South America: La Voz del Interior (Córdoba),https://www.lavoz.com.ar/rss.xml,,forbidden,403,6,1,3,1,1,
South America: Perfil,https://www.perfil.com/rss/ultimomomento.xml,,not_found,404,6,1,3,1,1,
South America: Radio Mitre,https://radiomitre.cienradios.com/feed/,,not_found,404,5,1,3,0,1,
South America: Brújula Digital,https://brujuladigital.net/feed/,,ok,200,7,3,3,0,1,
South America: El Deber,https://eldeber.com.bo/rss.xml,,forbidden,403,6,1,3,1,1,
South America: Erbol,https://erbol.com.bo/feed,,not_found,404,5,1,3,0,1,
South America: Radio Fides,https://www.radiofides.com/feed/,,forbidden,403,5,1,3,0,1,
South America: Aos Fatos,https://www.aosfatos.org/feed/,,not_found,404,5,1,3,0,1,
South America: CEBRI,https://www.cebri.org/feed/,,not_found,404,5,1,3,0,1,
South America: Carta Capital,https://www.cartacapital.com.br/feed,,forbidden,403,5,1,3,0,1,
South America: Fórum Brasileiro de Segurança Pública,https://forumseguranca.org.br/feed/,,ok,200,7,3,3,0,1,
South America: Nexo Jornal,https://www.nexojornal.com.br/feed/,,not_found,404,5,1,3,0,1,
South America: Bío Bío Chile,https://www.biobiochile.cl/rss/noticias.xml,,not_found,404,6,1,3,1,1,
South America: El Desconcierto,https://www.eldesconcierto.cl/feed/,,not_found,404,5,1,3,0,1,
South America: El Dínamo,https://www.eldinamo.cl/feed/,,not_found,404,5,1,3,0,1,
South America: El Líbero,https://ellibero.cl/feed/,,http_301,301,6,2,3,0,1,
South America: El Mostrador,https://www.elmostrador.cl/feed/,,not_found,404,5,1,3,0,1,
South America: El Mostrador — País,https://www.elmostrador.cl/noticias/pais/feed/,europe,not_found,404,5,1,3,0,1,
South America: La Tercera,https://www.latercera.com/arc/outboundfeeds/rss/,,not_found,404,6,1,3,1,1,
South America: La Tercera — Nacional,https://www.latercera.com/arc/outboundfeeds/rss/category/nacional/,,not_found,404,6,1,3,1,1,
South America: Resumen.cl,https://resumen.cl/feed/,,forbidden,403,5,1,3,0,1,
South America: Cambio (revista),https://cambiocolombia.com/feed,,forbidden,403,5,1,3,0,1,
South America: Canal 1,https://canal1.com.co/feed/,,not_found,404,5,1,3,0,1,
South America: El Espectador (portada),https://www.elespectador.com/arc/outboundfeeds/rss/,,not_found,404,6,1,3,1,1,
South America: El Espectador — Judicial,https://www.elespectador.com/arc/outboundfeeds/rss/category/judicial/,,not_found,404,6,1,3,1,1,
South America: Rutas del Conflicto,https://rutasdelconflicto.com/feed/,,not_found,404,5,1,3,0,1,
South America: ¡Pacifista!,https://pacifista.tv/feed/,,dns_fail,,5,1,3,0,1,
South America: 4Pelagatos,https://4pelagatos.com/feed/,,error,,4,0,3,0,1,
South America: El Universo,https://www.eluniverso.com/feed/,,not_found,404,5,1,3,0,1,
South America: Expreso (Guayaquil),https://www.expreso.ec/feed/,,not_found,404,5,1,3,0,1,
South America: GK (gk.city),https://gk.city/feed/,,forbidden,403,5,1,3,0,1,
South America: La Hora,https://www.lahora.com.ec/feed/,,forbidden,403,5,1,3,0,1,
South America: La Posta,https://laposta.ec/feed/,,timeout,,4,0,3,0,1,
South America: Primicias,https://www.primicias.ec/feed/,,ok,200,7,3,3,0,1,
South America: Wambra,https://wambra.ec/feed,,http_429,429,5,1,3,0,1,
South America: News Source Guyana,https://newssourcegy.com/feed/,,forbidden,403,6,1,3,1,1,
South America: Stabroek News,https://www.stabroeknews.com/feed/,,not_found,404,6,1,3,1,1,
South America: El Faro,https://elfaro.net/rss,,not_found,404,6,1,3,1,1,
South America: Infobae América (all sections),https://www.infobae.com/america/feed/,,not_found,404,5,1,3,0,1,
South America: Nueva Sociedad (FES),https://nuso.org/feed/,,http_500,500,5,1,3,0,1,
South America: Telesur,https://www.telesurtv.net/rss/index/index.xml,,http_407,407,6,1,3,1,1,
South America: VOA Voz de América,https://www.vozdeamerica.com/api/zmgqoe$mqi,,not_found,404,5,1,3,0,1,
South America: WOLA,https://www.wola.org/feed/,,forbidden,403,5,1,3,0,1,
South America: Correo,https://diariocorreo.pe/arc/outboundfeeds/rss/,,not_found,404,6,1,3,1,1,
South America: Epicentro.tv,https://epicentro.tv/feed/,,not_found,404,5,1,3,0,1,
South America: Expreso,https://www.expreso.com.pe/feed/,,forbidden,403,5,1,3,0,1,
South America: Hildebrandt en sus Trece,https://hildebrandtensustrece.com/feed/,,not_found,404,6,1,3,0,2,
South America: IDEHPUCP,https://idehpucp.pucp.edu.pe/feed/,,http_500,500,5,1,3,0,1,
South America: La República,https://larepublica.pe/arc/outboundfeeds/rss/,,not_found,404,6,1,3,1,1,
South America: Ojo Público,https://ojo-publico.com/feed,,not_found,404,5,1,3,0,1,
South America: Trome,https://trome.com/arc/outboundfeeds/rss/,,not_found,404,6,1,3,1,1,
South America: 5dias,https://www.5dias.com.py/feed/,,not_found,404,5,1,3,0,1,
South America: ConexionesPy,https://conexiones.com.py/feed/,,dns_fail,,5,1,3,0,1,
South America: Crónica,https://www.cronica.com.py/feed/,,not_found,404,5,1,3,0,1,
South America: El Independiente,https://www.elindependiente.com.py/feed/,,dns_fail,,5,1,3,0,1,
South America: La Nación,https://www.lanacion.com.py/feed/,,not_found,404,5,1,3,0,1,
South America: La Diaria,https://ladiaria.com.uy/feed/,,not_found,404,5,1,3,0,1,
South America: La República,https://www.republica.com.uy/feed/,,not_found,404,5,1,3,0,1,
South America: Sudestada,https://sudestada.com.uy/feed,,timeout,,4,0,3,0,1,
South America: InSight Crime Venezuela tag,https://es.insightcrime.org/venezuela-crimen-organizado/feed/,,http_429,429,5,1,3,0,1,
South America: OVV (Observatorio Venezolano de Violencia),https://observatoriodeviolencia.org.ve/feed/,,ok,200,7,3,3,0,1,
South America: Provea,https://provea.org/feed/,,http_410,410,5,1,3,0,1,
South America: Punto de Corte,https://puntodecorte.com/feed/,,error,,4,0,3,0,1,
South America: TalCual,https://talcualdigital.com/feed/,,forbidden,403,5,1,3,0,1,
South America: Venezuela al Día,https://www.venezuelaaldia.com/feed/,,forbidden,403,5,1,3,0,1,
"Spain blocks prediction markets Polymarket, Kalshi over lack of gambling licences | Reuters",https://www.reuters.com/business/spain-blocks-prediction-markets-polymarket-kalshi-over-lack-gambling-licences-2026-05-26/,,http_401,401,5,1,3,0,1,
Kalshi - Prediction Market for Trading the Future,https://kalshi.com/,,http_429,429,5,1,3,0,1,
"Oversight Chairman Comer launches congressional probe into insider trading on Kalshi, Polymarket",https://www.cnbc.com/2026/05/22/kalshi-polymarket-comer-insider-trading-probe-congress.html,,ok,200,7,3,3,0,1,
Bruegel releases enhanced RSS feeds,https://www.bruegel.org/blog-post/bruegel-releases-enhanced-rss-feeds,,forbidden,403,6,1,3,1,1,
Top 15 Europe Defense RSS Feeds,https://rss.feedspot.com/europe_defense_rss_feeds/,europe,ok,200,10,3,3,2,2,
Subscribe via RSS feed – European Council on Foreign Relations,https://ecfr.eu/feeds/,,ok,200,8,3,3,1,1,
Bruegel releases enhanced RSS feeds,https://www.bruegel.org/blog-post/bruegel-releases-enhanced-rss-feeds,,forbidden,403,6,1,3,1,1,
Top 15 Europe Defense RSS Feeds,https://rss.feedspot.com/europe_defense_rss_feeds/,europe,ok,200,10,3,3,2,2,
Subscribe via RSS feed – European Council on Foreign Relations,https://ecfr.eu/feeds/,,ok,200,8,3,3,1,1,
Top 45 Homeland Security RSS Feeds,https://rss.feedspot.com/homeland_security_rss_feeds/,,ok,200,9,3,3,1,2,
U.S. News and National Top Stories : NPR,https://www.npr.org/sections/national/,,ok,200,8,3,3,1,1,
Top 80 The Nation RSS Feeds | Create The Nation RSS Feed,https://rss.feedspot.com/thenation_rss_feeds/,,ok,200,8,3,3,1,1,
35 Best Caribbean News RSS Feeds,https://rss.feedspot.com/caribbean_news_rss_feeds/,central_america_caribbean,ok,200,8,3,3,1,1,
Central America Newswire - World News Report - EIN Presswire,https://world.einnews.com/region/central-america,,forbidden,403,6,1,3,1,1,
Reuters Americas | Latest News in Central & Latin America | Reuters,https://www.reuters.com/world/americas/,,http_401,401,6,1,3,1,1,
35 Best Caribbean News RSS Feeds,https://rss.feedspot.com/caribbean_news_rss_feeds/,central_america_caribbean,ok,200,8,3,3,1,1,
Central America Newswire - World News Report - EIN Presswire,https://world.einnews.com/region/central-america,,forbidden,403,6,1,3,1,1,
Reuters Americas | Latest News in Central & Latin America | Reuters,https://www.reuters.com/world/americas/,,http_401,401,6,1,3,1,1,
"South America: Analysis, Research, & Events | CSIS",https://www.csis.org/regions/americas/south-america,,ok,200,8,3,3,0,2,
Top 60 Geopolitics RSS Feeds - RSS Database,https://rss.feedspot.com/geopolitics_rss_feeds/,,ok,200,8,3,3,1,1,
RSS | International Crisis Group,https://www.crisisgroup.org/rss-0,,ok,200,10,3,3,2,2,
"South America: Analysis, Research, & Events | CSIS",https://www.csis.org/regions/americas/south-america,,ok,200,8,3,3,0,2,
Top 60 Geopolitics RSS Feeds - RSS Database,https://rss.feedspot.com/geopolitics_rss_feeds/,,ok,200,8,3,3,1,1,
RSS | International Crisis Group,https://www.crisisgroup.org/rss-0,,ok,200,10,3,3,2,2,
Bruegel releases enhanced RSS feeds,https://www.bruegel.org/blog-post/bruegel-releases-enhanced-rss-feeds,,forbidden,403,6,1,3,1,1,
Top 15 Europe Defense RSS Feeds,https://rss.feedspot.com/europe_defense_rss_feeds/,europe,ok,200,10,3,3,2,2,
Subscribe via RSS feed – European Council on Foreign Relations,https://ecfr.eu/feeds/,,ok,200,8,3,3,1,1,
Bruegel releases enhanced RSS feeds,https://www.bruegel.org/blog-post/bruegel-releases-enhanced-rss-feeds,,forbidden,403,6,1,3,1,1,
Top 15 Europe Defense RSS Feeds,https://rss.feedspot.com/europe_defense_rss_feeds/,europe,ok,200,10,3,3,2,2,
Subscribe via RSS feed – European Council on Foreign Relations,https://ecfr.eu/feeds/,,ok,200,8,3,3,1,1,
Top 45 Homeland Security RSS Feeds,https://rss.feedspot.com/homeland_security_rss_feeds/,,ok,200,9,3,3,1,2,
Top 80 The Nation RSS Feeds | Create The Nation RSS Feed,https://rss.feedspot.com/thenation_rss_feeds/,,ok,200,8,3,3,1,1,
60 Best Political News RSS Feeds,https://rss.feedspot.com/political_news_rss_feeds/,,ok,200,8,3,3,1,1,
Top 45 Homeland Security RSS Feeds,https://rss.feedspot.com/homeland_security_rss_feeds/,,ok,200,9,3,3,1,2,
Top 80 The Nation RSS Feeds | Create The Nation RSS Feed,https://rss.feedspot.com/thenation_rss_feeds/,,ok,200,8,3,3,1,1,
60 Best Political News RSS Feeds,https://rss.feedspot.com/political_news_rss_feeds/,,ok,200,8,3,3,1,1,
35 Best Caribbean News RSS Feeds,https://rss.feedspot.com/caribbean_news_rss_feeds/,central_america_caribbean,ok,200,8,3,3,1,1,
Central America Newswire - World News Report - EIN Presswire,https://world.einnews.com/region/central-america,,forbidden,403,6,1,3,1,1,
NHC and CPHC RSS Feeds - National Hurricane Center,https://www.nhc.noaa.gov/aboutrss.shtml,,ok,200,8,3,3,1,1,
"South America: Analysis, Research, & Events | CSIS",https://www.csis.org/regions/americas/south-america,,ok,200,8,3,3,0,2,
Top 60 Geopolitics RSS Feeds - RSS Database,https://rss.feedspot.com/geopolitics_rss_feeds/,,ok,200,8,3,3,1,1,
RSS | International Crisis Group,https://www.crisisgroup.org/rss-0,,ok,200,10,3,3,2,2,
RSS feeds - Africa Intelligence,https://www.africaintelligence.com/info/rss,sub_saharan_africa,ok,200,10,3,3,2,2,
News & Analysis | Africa Confidential,https://www.africa-confidential.com/news,sub_saharan_africa,ok,200,9,3,3,1,2,
Security : latest news | The Africa Report,https://www.theafricareport.com/sections/security/,sub_saharan_africa,forbidden,403,7,1,3,1,2,
Latest Analysis: Conflict in the Middle East | CSIS,https://www.csis.org/programs/latest-analysis-conflict-middle-east,,ok,200,10,3,3,2,2,
"Middle East: Analysis, Research, & Events | CSIS",https://www.csis.org/regions/middle-east,,ok,200,8,3,3,0,2,
Middle East Conflict Monitor | ACLED,https://acleddata.com/monitor/middle-east-conflict-monitor,,ok,200,10,3,3,2,2,
Mail & Guardian Africa,https://mg.co.za/africa,sub_saharan_africa,ok,200,7,3,3,0,1,
New African Magazine,https://newafricanmagazine.com,sub_saharan_africa,ok,200,7,3,3,0,1,
The Africa Center (NYC),https://www.theafricacenter.org,sub_saharan_africa,ok,200,7,3,3,0,1,
France 24 Afrique,https://www.france24.com/fr/afrique,,forbidden,403,5,1,3,0,1,
RFI Afrique,https://www.rfi.fr/fr/afrique,,forbidden,403,5,1,3,0,1,
DW Africa (EN/FR/PT/AM/SW/HA),https://www.dw.com/en/africa,sub_saharan_africa,not_found,404,5,1,3,0,1,
Al Jazeera Africa,https://www.aljazeera.com/africa,sub_saharan_africa,ok,200,7,3,3,0,1,
OCCRP Africa,https://www.occrp.org/en/regions/africa,sub_saharan_africa,ok,200,7,3,3,0,1,
Africa Uncensored,https://africauncensored.online,sub_saharan_africa,ok,200,7,3,3,0,1,
HumAngle (Nigeria + Sahel),https://humanglemedia.com,sub_saharan_africa,ok,200,7,3,3,0,1,
Africa Center for Strategic Studies (DoD),https://africacenter.org,sub_saharan_africa,ok,200,10,3,3,2,2,
Africa Center for Strategic Studies — Maritime security,https://africacenter.org/programs/topic/security-areas/maritime-security,sub_saharan_africa,forbidden,403,8,1,3,2,2,
Premium Times,https://www.premiumtimesng.com,sub_saharan_africa,ok,200,7,3,3,0,1,
Daily Trust,https://dailytrust.com,,ok,200,7,3,3,0,1,
This Day,https://www.thisdaylive.com,,ok,200,7,3,3,0,1,
HumAngle,https://humanglemedia.com,,ok,200,7,3,3,0,1,
Mail & Guardian,https://mg.co.za,,ok,200,7,3,3,0,1,
amaBhungane,https://amabhungane.org,,ok,200,7,3,3,0,1,
Africa Uncensored,https://africauncensored.online,sub_saharan_africa,ok,200,7,3,3,0,1,
Mada Masr (مدى مصر),https://www.madamasr.com/en,,forbidden,403,5,1,3,0,1,
Libya Herald (EN),https://libyaherald.com,,error,,4,0,3,0,1,
Radio Dabanga,https://www.dabangasudan.org,,ok,200,7,3,3,0,1,
Mada Masr Sudan Nashra,https://www.madamasr.com/en/topic/sudan,,forbidden,403,5,1,3,0,1,
The Reporter,https://www.thereporterethiopia.com,,ok,200,7,3,3,0,1,
Goobjoog News,https://goobjoog.com,,ok,200,8,3,3,1,1,
Burkina24,https://burkina24.com,,ok,200,7,3,3,0,1,
Joy News / MyJoyOnline,https://www.myjoyonline.com,,ok,200,8,3,3,1,1,
3news,https://3news.com,,ok,200,8,3,3,1,1,
Journal du Cameroun,https://www.journalducameroun.com,,ok,200,7,3,3,0,1,
Radio Okapi,https://www.radiookapi.net,,ok,200,7,3,3,0,1,
Actualité.cd,https://actualite.cd,,ok,200,7,3,3,0,1,
Kivu Security Tracker,https://kivusecurity.org,,ok,200,8,3,3,0,2,
Carta de Moçambique,https://cartamz.com,,ok,200,7,3,3,0,1,
Zitamar News,https://zitamar.com,sub_saharan_africa,ok,200,8,3,3,1,1,
The Observer,https://observer.ug,,ok,200,7,3,3,0,1,
Iwacu (premier independent),https://www.iwacu-burundi.org,,ok,200,7,3,3,0,1,
"Central Asia: Analysis, Research, & Events | CSIS",https://www.csis.org/regions/russia-and-eurasia/central-asia,russia_ukraine,ok,200,8,3,3,0,2,
Russia-China Relations in Central Asia - CEPA,https://cepa.org/commentary/sino-russian-relations-in-central-asia/,russia_ukraine,ok,200,7,3,3,0,1,
What Russia’s war on Ukraine means for Central Asia - Atlantic Council,https://www.atlanticcouncil.org/blogs/new-atlanticist/what-russias-war-on-ukraine-means-for-central-asia/,russia_ukraine,ok,200,7,3,3,0,1,
Southeast Asia Regional Security Outlook in 2025: A Perspective,https://rsdi.ae/en/publications/southeast-asia-regional-security-outlook-in-2025-a-perspective,,ok,200,8,3,3,0,2,
Regional Security in Southeast Asia: Beyond the ASEAN Way | ISEAS Publishing,https://bookshop.iseas.edu.sg/publication/1547,,ok,200,8,3,3,0,2,
Regional Security Architecture Programme - RSIS,https://rsis.edu.sg/research/idss/research-programmes/regional-security-architecture-programme/,,forbidden,403,6,1,3,0,2,
Oceania | Council on Foreign Relations,https://www.cfr.org/oceania,oceania_pacific,ok,200,7,3,3,0,1,
The global contest for the Pacific | Lowy Institute,https://www.lowyinstitute.org/the-interpreter/global-contest-pacific,oceania_pacific,ok,200,9,3,3,1,2,
The new geopolitics of the Pacific Island nations - FES Asia,https://asia.fes.de/news/geopolitics-pacific-islands.html,oceania_pacific,ok,200,8,3,3,1,1,
Oceania | Council on Foreign Relations,https://www.cfr.org/oceania,oceania_pacific,ok,200,7,3,3,0,1,
The global contest for the Pacific | Lowy Institute,https://www.lowyinstitute.org/the-interpreter/global-contest-pacific,oceania_pacific,ok,200,9,3,3,1,2,
The new geopolitics of the Pacific Island nations - FES Asia,https://asia.fes.de/news/geopolitics-pacific-islands.html,oceania_pacific,ok,200,8,3,3,1,1,
Spain blocks prediction markets Polymarket Kalshi,https://crypto.news/spain-blocks-prediction-markets-polymarket-kalshi/,,ok,200,8,3,3,1,1,
Kalshi - Prediction Market for Trading the Future,https://kalshi.com/,,http_429,429,5,1,3,0,1,
Beyond Kalshi and Polymarket — The Broader Prediction Market Industry,https://www.si.com/prediction-markets/news/beyond-kalshi-and-polymarket-the-broader-prediction-market-industry,,not_found,404,6,1,3,1,1,
Bruegel releases enhanced RSS feeds,https://www.bruegel.org/blog-post/bruegel-releases-enhanced-rss-feeds,,forbidden,403,6,1,3,1,1,
Top 15 Europe Defense RSS Feeds,https://rss.feedspot.com/europe_defense_rss_feeds/,europe,ok,200,10,3,3,2,2,
Subscribe via RSS feed – European Council on Foreign Relations,https://ecfr.eu/feeds/,,ok,200,8,3,3,1,1,
Bruegel releases enhanced RSS feeds,https://www.bruegel.org/blog-post/bruegel-releases-enhanced-rss-feeds,,forbidden,403,6,1,3,1,1,
Top 15 Europe Defense RSS Feeds,https://rss.feedspot.com/europe_defense_rss_feeds/,europe,ok,200,10,3,3,2,2,
Subscribe via RSS feed – European Council on Foreign Relations,https://ecfr.eu/feeds/,,ok,200,8,3,3,1,1,
Top 45 Homeland Security RSS Feeds,https://rss.feedspot.com/homeland_security_rss_feeds/,,ok,200,9,3,3,1,2,
Top 80 The Nation RSS Feeds | Create The Nation RSS Feed,https://rss.feedspot.com/thenation_rss_feeds/,,ok,200,8,3,3,1,1,
"National Security News: Latest News and Investigations on Homeland Security, Military, Foreign Intelligence & More | NBC News",https://www.nbcnews.com/politics/national-security,,ok,200,10,3,3,2,2,
Top 45 Homeland Security RSS Feeds,https://rss.feedspot.com/homeland_security_rss_feeds/,,ok,200,9,3,3,1,2,
Top 80 The Nation RSS Feeds | Create The Nation RSS Feed,https://rss.feedspot.com/thenation_rss_feeds/,,ok,200,8,3,3,1,1,
"National Security News: Latest News and Investigations on Homeland Security, Military, Foreign Intelligence & More | NBC News",https://www.nbcnews.com/politics/national-security,,ok,200,10,3,3,2,2,
Both sides lie about which side is winning in Ukraine.,https://ericzuesse.substack.com/p/both-sides-lie-about-which-side-is,,ok,200,7,3,3,0,1,
Ukraine war: Interactive map of the current front line,https://www.nzz.ch/english/ukraine-war-interactive-map-of-the-current-front-line-ld.1688087,military_osint,ok,200,7,3,3,0,1,
Update from Ukraine | Great News from Frontline | Russian ships Hit - YouTube,https://www.youtube.com/watch?v=NY47gtf-eaM,,ok,200,8,3,3,1,1,
Ukraine Interactive map - Ukraine Latest news on live map - liveuamap.com,https://liveuamap.com/,,ok,200,8,3,3,1,1,
Russian Military Performance and Outlook | Congress.gov | Library of Congress,https://www.congress.gov/crs-product/IF12606,,forbidden,403,7,1,3,2,1,
A Russian Military Framework for Understanding Influence in the Competition Period,https://www.armyupress.army.mil/Journals/Military-Review/English-Edition-Archives/July-August-2020/Wilhelm-Russian-Framework/,russia_ukraine,forbidden,403,7,1,3,2,1,
Reuters NATO News | Today's Latest Stories | Reuters,https://www.reuters.com/world/nato/,,http_401,401,6,1,3,1,1,
"NATO: Trending News, Latest Updates, Analysis",https://www.bloomberg.com/latest/nato,,forbidden,403,6,1,3,1,1,
How EU Foreign Policy Turned Regional | Carnegie Endowment for International Peace,https://carnegieendowment.org/research/2025/12/how-eu-foreign-policy-turned-regional,,ok,200,8,3,3,0,2,
Targeting Taiwan Under Xi: China’s Military Forest Flourishing Despite Toppling Trees – Fairbank Center for Chinese Studies,https://fairbank.fas.harvard.edu/research/blog/targeting-taiwan-under-xi-chinas-military-forest-flourishing-despite-toppling-trees/,china_asia,ok,200,10,3,3,2,2,
Dispatch from Taiwan: China’s military drills look more frightening outside of Taiwan than from inside - Atlantic Council,https://www.atlanticcouncil.org/blogs/new-atlanticist/chinas-military-drills-look-more-frightening-outside-of-taiwan-than-from-inside/,china_asia,ok,200,9,3,3,2,1,
Target Taiwan: Military risk from Chinese conquest - Defense Priorities,https://www.defensepriorities.org/explainers/target-taiwan-military-risk-from-chinese-conquest/,,forbidden,403,8,1,3,2,2,
Safeguarding Maritime Safety in the South China Sea: China in Action | 南海战略态势感知计划,https://www.scspi.org/en/yjbg/safeguarding-maritime-safety-south-china-sea-china-action,china_asia,ok,200,7,3,3,0,1,
The South China Sea Maritime Tracker - ICAS,https://chinaus-icas.org/research/the-south-china-sea-maritime-tracker/,china_asia,ok,200,8,3,3,0,2,
"China’s Maritime Intelligence, Surveillance, and Reconnaissance Capability in the South China Sea - Foreign Policy Research Institute",https://www.fpri.org/article/2021/05/chinas-maritime-intelligence-surveillance-and-reconnaissance-capability-in-the-south-china-sea/,china_asia,forbidden,403,8,1,3,2,2,
SecurityBrief Asia - Technology news for CISOs & cybersecurity decision-makers,https://securitybrief.asia/,china_asia,ok,200,9,3,3,1,2,
Home - Asia Pacific Security Magazine,https://www.asiapacificsecuritymagazine.com/,oceania_pacific,ok,200,8,3,3,0,2,
I have studied Mexico’s cartels for decades. Here’s what will happen next | The Independent,https://www.independent.co.uk/news/world/americas/mexico-violence-el-mencho-killed-cartel-b2927831.html,,ok,200,8,3,3,1,1,
Tracking Cartels Infographic Series: Major Cartel Operational Zones in Mexico | START.umd.edu,https://www.start.umd.edu/tracking-cartels-infographic-series-major-cartel-operational-zones-mexico,,ok,200,7,3,3,0,1,
What you need to know about Mexico’s drug cartels amid escalating violence | WLRN,https://www.wlrn.org/americas/2026-03-20/what-you-need-to-know-about-mexicos-drug-cartels-amid-escalating-violence,,ok,200,7,3,3,0,1,
Mexico president denies report on deadly CIA operations against cartels | The Independent,https://www.independent.co.uk/news/world/americas/mexico-cia-claudia-sheinbaum-drug-cartel-cnn-report-b2976037.html,,ok,200,8,3,3,1,1,
Latin America's Cybersecurity Turning Point: From Reactive Defense to Threat Intelligence,https://www.recordedfuture.com/blog/latin-america-cybersecurity-turning-point,,ok,200,10,3,3,2,2,
Securing Latin America in 2025: How AI and Cyber Threat Intelligence Are Reshaping the Cyber Security Landscape - Check Point Blog,https://blog.checkpoint.com/security/securing-latin-america-in-2025-how-ai-and-cyber-threat-intelligence-are-reshaping-the-cyber-security-landscape/,,ok,200,10,3,3,2,2,
Deep Dive: 2025 LATAM Threat Landscape Report | CrowdStrike,https://www.crowdstrike.com/en-us/blog/2025-latam-threat-landscape-report-deep-dive/,,ok,200,7,3,3,0,1,
Latin America 2025 Mid-Year Cyber Snapshot Reveals 39% Surge in Attacks as AI Threats Escalate Regional Risk Highlights from Latin America 2025 Cyber Threat Report - Check Point Blog,https://blog.checkpoint.com/research/latin-america-2025-mid-year-cyber-snapshot-reveals-39-surge-in-attacks-as-ai-threats-escalate-regional-risk/,south_america,ok,200,10,3,3,2,2,
Latin American Security & Strategic Review,https://www.latinnews.com/component/k2/itemlist/category/26.html?archive=true&archive_id=26,,ok,200,10,3,3,2,2,
Five Migration and Security Trends at the U.S.-Mexico Border - WOLA,https://www.wola.org/analysis/five-migration-and-security-trends-at-the-u-s-mexico-border/,,forbidden,403,8,1,3,2,2,
"US-Mexico border security report, June 2025",https://www.janes.com/osint-insights/defence-and-national-security-analysis/us-mexico-border-security-report-june-2025,north_america,ok,200,10,3,3,2,2,
Migrant encounters at US-Mexico border at lowest level in over 50 years | Pew Research Center,https://www.pewresearch.org/short-reads/2026/02/02/migrant-encounters-at-the-us-mexico-border-are-at-their-lowest-level-in-more-than-50-years/,israel_lebanon,ok,200,10,3,3,2,2,
Hot Off the Press: EFF's Updated Guide to Tech at the US-Mexico Border | Electronic Frontier Foundation,https://www.eff.org/deeplinks/2026/04/hot-press-effs-updated-guide-tech-us-mexico-border,,ok,200,10,3,3,2,2,
"South America: Analysis, Research, & Events | CSIS",https://www.csis.org/regions/americas/south-america,,ok,200,8,3,3,0,2,
RSS | International Crisis Group,https://www.crisisgroup.org/rss-0,,ok,200,10,3,3,2,2,
Top 60 Geopolitics RSS Feeds - RSS Database,https://rss.feedspot.com/geopolitics_rss_feeds/,,ok,200,8,3,3,1,1,
"South America: Analysis, Research, & Events | CSIS",https://www.csis.org/regions/americas/south-america,,ok,200,8,3,3,0,2,
RSS | International Crisis Group,https://www.crisisgroup.org/rss-0,,ok,200,10,3,3,2,2,
Top 60 Geopolitics RSS Feeds - RSS Database,https://rss.feedspot.com/geopolitics_rss_feeds/,,ok,200,8,3,3,1,1,
RSS feeds - Africa Intelligence,https://www.africaintelligence.com/info/rss,sub_saharan_africa,ok,200,10,3,3,2,2,
News & Analysis | Africa Confidential,https://www.africa-confidential.com/news,sub_saharan_africa,ok,200,9,3,3,1,2,
Security : latest news | The Africa Report,https://www.theafricareport.com/sections/security/,sub_saharan_africa,forbidden,403,7,1,3,1,2,
"Strait of Hormuz Live Shipping Data: Tanker Traffic, Heatmap Analysis & Maritime Supply Chain Risk",https://www.seavantage.com/blog/strait-of-hormuz-live-shipping-data-maritime-supply-chain-risk,dashboards,ok,200,10,3,3,2,2,
Key Changes in the Russian Military since the Start of the War | List of Articles | International Information Network Analysis | SPF,https://www.spf.org/iina/en/articles/koizumi_02.html,,forbidden,403,8,1,3,2,2,
Foreign and security policy – EU action | European Union,https://european-union.europa.eu/priorities-and-actions/actions-topic/foreign-and-security-policy_en,europe,ok,200,8,3,3,0,2,
How a mathematician is cracking open Mexico’s powerful drug cartels,https://www.nature.com/articles/d41586-026-00299-0,,error,,4,0,3,0,1,
Shifting Realities at the U.S.-Mexico Border: Immigration Enforcement and Control in a Fast-Evolving Landscape,https://www.migrationpolicy.org/research/shifting-realities-us-mexico-border,,forbidden,403,8,1,3,2,2,
Commodity Context | Rory Johnston | Substack,https://www.commoditycontext.com/,,ok,200,7,3,3,0,1,
What leaders are saying about the new geopolitics of energy | World Economic Forum,https://www.weforum.org/stories/2026/04/geopolitics-of-energy-what-leaders-are-saying/,,forbidden,403,6,1,3,1,1,
Global Energy Outlook 2026: How the World Lost the Goal of 1.5°C,https://www.rff.org/publications/reports/global-energy-outlook-2026/,,ok,200,8,3,3,1,1,
Montel | Geopolitical Report – March 2026,https://montel.energy/resources/reports/geopolitical-report-march-2026,,ok,200,7,3,3,0,1,
Geopolitical shocks roil energy markets at the start of 2026,https://www.energyaspects.com/resources/insights/marketer-in-chief-geopolitical-shocks-roil-energy-markets-at-the-start-of-2026,,forbidden,403,5,1,3,0,1,
Latest Analysis: Conflict in the Middle East | CSIS,https://www.csis.org/programs/latest-analysis-conflict-middle-east,,ok,200,10,3,3,2,2,
"Middle East: Analysis, Research, & Events | CSIS",https://www.csis.org/regions/middle-east,,ok,200,8,3,3,0,2,
Middle East Conflict Monitor | ACLED,https://acleddata.com/monitor/middle-east-conflict-monitor,,ok,200,10,3,3,2,2,
"Central Asia: Analysis, Research, & Events | CSIS",https://www.csis.org/regions/russia-and-eurasia/central-asia,russia_ukraine,ok,200,8,3,3,0,2,
Russia-China Relations in Central Asia - CEPA,https://cepa.org/commentary/sino-russian-relations-in-central-asia/,russia_ukraine,ok,200,7,3,3,0,1,
What Russia’s war on Ukraine means for Central Asia - Atlantic Council,https://www.atlanticcouncil.org/blogs/new-atlanticist/what-russias-war-on-ukraine-means-for-central-asia/,russia_ukraine,ok,200,7,3,3,0,1,
"Central Asia: Analysis, Research, & Events | CSIS",https://www.csis.org/regions/russia-and-eurasia/central-asia,russia_ukraine,ok,200,8,3,3,0,2,
Russia-China Relations in Central Asia - CEPA,https://cepa.org/commentary/sino-russian-relations-in-central-asia/,russia_ukraine,ok,200,7,3,3,0,1,
What Russia’s war on Ukraine means for Central Asia - Atlantic Council,https://www.atlanticcouncil.org/blogs/new-atlanticist/what-russias-war-on-ukraine-means-for-central-asia/,russia_ukraine,ok,200,7,3,3,0,1,
Southeast Asia Regional Security Outlook in 2025: A Perspective,https://rsdi.ae/en/publications/southeast-asia-regional-security-outlook-in-2025-a-perspective,,ok,200,8,3,3,0,2,
Regional Security in Southeast Asia: Beyond the ASEAN Way | ISEAS Publishing,https://bookshop.iseas.edu.sg/publication/1547,,ok,200,8,3,3,0,2,
Regional Security Architecture Programme - RSIS,https://rsis.edu.sg/research/idss/research-programmes/regional-security-architecture-programme/,,forbidden,403,6,1,3,0,2,
Oceania | Council on Foreign Relations,https://www.cfr.org/oceania,oceania_pacific,ok,200,7,3,3,0,1,
The new geopolitics of the Pacific Island nations - FES Asia,https://asia.fes.de/news/geopolitics-pacific-islands.html,oceania_pacific,error,,5,0,3,1,1,
Great Power Geopolitics and the Scramble for Oceania | Geopolitical Monitor,https://www.geopoliticalmonitor.com/great-power-geopolitics-and-the-scramble-for-oceania/,oceania_pacific,forbidden,403,5,1,3,0,1,
CEPS – Leading Independent Think Tank on European Policies,https://www.ceps.eu/,,ok,200,8,3,3,0,2,
Border Security | Homeland Security,https://www.dhs.gov/topics/border-security,,ok,200,10,3,3,2,2,
"Smart Shipping, Artificial Intelligence & the Maritime Industry",https://www.martide.com/en/blog/smart-shipping-ai-in-the-maritime-industry,,forbidden,403,8,1,3,2,2,
The Future of Maritime Intelligence & Analytics | OrbitMI,https://www.orbitmi.com/blog/the-future-of-maritime-analytics-an-uber-for-shipping,dashboards,ok,200,10,3,3,2,2,
Best OSINT Newsletters: Staying Current in Open Source Intelligence | OSINTBench,https://osintbench.com/guides/osint-newsletters/,,forbidden,403,8,1,3,2,2,
OpenSSF Newsletter – April 2026 – Open Source Security Foundation,https://openssf.org/newsletter/2026/04/21/openssf-newsletter-april-2026/,,ok,200,9,3,3,1,2,
Top 7 Open Source Threat Intelligence Platforms in 2026,https://heimdalsecurity.com/blog/open-source-threat-intelligence-platform-tip/,,ok,200,10,3,3,2,2,
Top 12 AI Newsletters to Follow in 2026 | GenAI.Works,https://genai.works/insights/top-12-ai-newsletters-to-follow-in-2026,,ok,200,8,3,3,1,1,
Geopolitical risk perceptions - ScienceDirect,https://www.sciencedirect.com/science/article/pii/S0022199624001326,,forbidden,403,5,1,3,0,1,
Measuring Geopolitical Risk - American Economic Association,https://www.aeaweb.org/articles?id=10.1257%2Faer.20191823,,ok,200,7,3,3,0,1,
Beyond Kalshi and Polymarket — The Broader Prediction Market Industry,https://www.si.com/prediction-markets/news/beyond-kalshi-and-polymarket-the-broader-prediction-market-industry,,not_found,404,6,1,3,1,1,
The Average Guys Outsmarting Wall Street on Prediction Markets - The New York Times,https://www.nytimes.com/2026/05/26/magazine/polymarket-prediction-wall-street.html,china_asia,forbidden,403,5,1,3,0,1,
Billions are traded each week on Kalshi and Polymarket. There is a push to bring prediction markets to Australia - ABC News,https://www.abc.net.au/news/2026-05-27/effort-to-make-prediction-markets-available-to-australians/106671606,oceania_pacific,ok,200,8,3,3,1,1,
Beyond Kalshi and Polymarket — The Broader Prediction Market Industry,https://www.si.com/prediction-markets/news/beyond-kalshi-and-polymarket-the-broader-prediction-market-industry,,not_found,404,6,1,3,1,1,
The Average Guys Outsmarting Wall Street on Prediction Markets - The New York Times,https://www.nytimes.com/2026/05/26/magazine/polymarket-prediction-wall-street.html,,forbidden,403,5,1,3,0,1,
Billions are traded each week on Kalshi and Polymarket. There is a push to bring prediction markets to Australia - ABC News,https://www.abc.net.au/news/2026-05-27/effort-to-make-prediction-markets-available-to-australians/106671606,,ok,200,8,3,3,1,1,
Montel | Geopolitical report: April 2026,https://montel.energy/resources/reports/geopolitical-report-april-2026,,ok,200,7,3,3,0,1,
Why Is Open Source Collection Critical in Intelligence Work? | American Public University,https://www.apu.apus.edu/area-of-study/intelligence/resources/why-is-open-source-collection-critical-in-intelligence-work/,,ok,200,10,3,3,2,2,
Key Resources - Intelligence Analysis - Guides at Johns Hopkins University,https://guides.library.jhu.edu/c.php?g=1180837&p=8634162,,ok,200,10,3,3,2,2,
"IC’s new OSINT standards cover open source data, AI services | Federal News Network",https://federalnewsnetwork.com/intelligence-community/2024/12/ics-new-osint-standards-cover-open-source-data-ai-services/,,ok,200,10,3,3,2,2,
II. Intelligence Community Management,https://www.govinfo.gov/content/pkg/GPO-IC21/html/GPO-IC21-2.html,,ok,200,10,3,3,2,2,
"OSINT Sources for Following the US-Israel-Iran Conflict | by Erkan Saka | Feb, 2026 | Medium",https://medium.com/@sakaerka/osint-sources-for-following-the-us-israel-iran-conflict-4e5398c8a31b,,forbidden,403,7,1,3,2,1,
OSINT For Ukraine,https://osintforukraine.com/,russia_ukraine,ok,200,7,3,3,0,1,
"Russian military News, Research and Analysis - The Conversation",https://theconversation.com/topics/russian-military-45186,russia_ukraine,ok,200,10,3,3,2,2,
Russia Military Analysis – A blog on the Russian military,https://russianmilitaryanalysis.wordpress.com/,russia_ukraine,ok,200,10,3,3,2,2,
NATO Secretary General’s Annual Report shows significant increase in defence investment from Europe and Canada | NATO News,https://www.nato.int/en/news-and-events/articles/news/2026/03/26/nato-secretary-generals-annual-report-shows-significant-increase-in-defence-investment-from-europe-and-canada,north_america,ok,200,9,3,3,2,1,
Bruegel releases enhanced RSS feeds,https://www.bruegel.org/blog-post/bruegel-releases-enhanced-rss-feeds,,forbidden,403,6,1,3,1,1,
Top 15 Europe Defense RSS Feeds,https://rss.feedspot.com/europe_defense_rss_feeds/,europe,ok,200,10,3,3,2,2,
Subscribe via RSS feed – European Council on Foreign Relations,https://ecfr.eu/feeds/,,ok,200,8,3,3,1,1,
Bruegel releases enhanced RSS feeds,https://www.bruegel.org/blog-post/bruegel-releases-enhanced-rss-feeds,,forbidden,403,6,1,3,1,1,
Top 15 Europe Defense RSS Feeds,https://rss.feedspot.com/europe_defense_rss_feeds/,europe,ok,200,10,3,3,2,2,
Subscribe via RSS feed – European Council on Foreign Relations,https://ecfr.eu/feeds/,,ok,200,8,3,3,1,1,
Top 45 Homeland Security RSS Feeds,https://rss.feedspot.com/homeland_security_rss_feeds/,,ok,200,9,3,3,1,2,
60 Best Political News RSS Feeds,https://rss.feedspot.com/political_news_rss_feeds/,,ok,200,8,3,3,1,1,
Top 80 The Nation RSS Feeds | Create The Nation RSS Feed,https://rss.feedspot.com/thenation_rss_feeds/,,ok,200,8,3,3,1,1,
35 Best Caribbean News RSS Feeds,https://rss.feedspot.com/caribbean_news_rss_feeds/,central_america_caribbean,ok,200,8,3,3,1,1,
Central America Newswire - World News Report - EIN Presswire,https://world.einnews.com/region/central-america,,forbidden,403,6,1,3,1,1,
Reuters Americas | Latest News in Central & Latin America | Reuters,https://www.reuters.com/world/americas/,,http_401,401,6,1,3,1,1,
Europe and NATO| Defense News,https://www.defensenews.com/global/europe/,europe,ok,200,10,3,3,2,2,
EXPLORING EU FOREIGN POLICY,https://www.eufp.eu/,,ok,200,7,3,3,0,1,
South China Sea Tracker - ICAS,https://chinaus-icas.org/icas-maritime-affairs-program/map-maritime-issue-trackers/maritime-tracker-south-sea/,china_asia,ok,200,7,3,3,0,1,
Asia - Intelligence Online,https://www.intelligenceonline.com/region/asia,,forbidden,403,8,1,3,2,2,
IT Brief Asia - Technology news for CIOs & IT decision-makers,https://itbrief.asia/,,ok,200,8,3,3,1,1,
"Once Again, Energy Is Power",https://time.com/article/2026/04/03/energy-geopolitics-united-states-iran-china/,china_asia,http_406,406,5,1,3,0,1,
OpenAI News | OpenAI,https://openai.com/news/,,forbidden,403,6,1,3,1,1,
Geopolitical Risk Dashboard | BlackRock Investment Institute,https://www.blackrock.com/corporate/insights/blackrock-investment-institute/interactive-charts/geopolitical-risk-dashboard,,forbidden,403,6,1,3,0,2,
Geopolitical Risk (GPR) Index,https://www.matteoiacoviello.com/gpr.htm,,ok,200,7,3,3,0,1,
"South America: Analysis, Research, & Events | CSIS",https://www.csis.org/regions/americas/south-america,,ok,200,8,3,3,0,2,
Top 60 Geopolitics RSS Feeds - RSS Database,https://rss.feedspot.com/geopolitics_rss_feeds/,,ok,200,8,3,3,1,1,
RSS | International Crisis Group,https://www.crisisgroup.org/rss-0,,ok,200,10,3,3,2,2,
Bruegel releases enhanced RSS feeds,https://www.bruegel.org/blog-post/bruegel-releases-enhanced-rss-feeds,,forbidden,403,6,1,3,1,1,
Top 15 Europe Defense RSS Feeds,https://rss.feedspot.com/europe_defense_rss_feeds/,europe,ok,200,10,3,3,2,2,
Subscribe via RSS feed – European Council on Foreign Relations,https://ecfr.eu/feeds/,,ok,200,8,3,3,1,1,
Top 45 Homeland Security RSS Feeds,https://rss.feedspot.com/homeland_security_rss_feeds/,,ok,200,9,3,3,1,2,
Top 80 The Nation RSS Feeds | Create The Nation RSS Feed,https://rss.feedspot.com/thenation_rss_feeds/,,ok,200,8,3,3,1,1,
"National Security News: Latest News and Investigations on Homeland Security, Military, Foreign Intelligence & More | NBC News",https://www.nbcnews.com/politics/national-security,,ok,200,10,3,3,2,2,
Top 45 Homeland Security RSS Feeds,https://rss.feedspot.com/homeland_security_rss_feeds/,,ok,200,9,3,3,1,2,
Top 80 The Nation RSS Feeds | Create The Nation RSS Feed,https://rss.feedspot.com/thenation_rss_feeds/,,ok,200,8,3,3,1,1,
"National Security News: Latest News and Investigations on Homeland Security, Military, Foreign Intelligence & More | NBC News",https://www.nbcnews.com/politics/national-security,,ok,200,10,3,3,2,2,
35 Best Caribbean News RSS Feeds,https://rss.feedspot.com/caribbean_news_rss_feeds/,central_america_caribbean,ok,200,8,3,3,1,1,
Central America Newswire - World News Report - EIN Presswire,https://world.einnews.com/region/central-america,,forbidden,403,6,1,3,1,1,
Reuters Americas | Latest News in Central & Latin America | Reuters,https://www.reuters.com/world/americas/,,http_401,401,6,1,3,1,1,
"South America: Analysis, Research, & Events | CSIS",https://www.csis.org/regions/americas/south-america,,ok,200,8,3,3,0,2,
RSS | International Crisis Group,https://www.crisisgroup.org/rss-0,,ok,200,10,3,3,2,2,
Top 60 Geopolitics RSS Feeds - RSS Database,https://rss.feedspot.com/geopolitics_rss_feeds/,,ok,200,8,3,3,1,1,
RSS feeds - Africa Intelligence,https://www.africaintelligence.com/info/rss,sub_saharan_africa,ok,200,10,3,3,2,2,
Security : latest news | The Africa Report,https://www.theafricareport.com/sections/security/,sub_saharan_africa,forbidden,403,7,1,3,1,2,
News & Analysis | Africa Confidential,https://www.africa-confidential.com/news,sub_saharan_africa,ok,200,9,3,3,1,2,
Latest Analysis: Conflict in the Middle East | CSIS,https://www.csis.org/programs/latest-analysis-conflict-middle-east,,ok,200,10,3,3,2,2,
"Middle East: Analysis, Research, & Events | CSIS",https://www.csis.org/regions/middle-east,,ok,200,8,3,3,0,2,
Middle East Conflict Monitor | ACLED,https://acleddata.com/monitor/middle-east-conflict-monitor,,ok,200,10,3,3,2,2,
Latest Analysis: Conflict in the Middle East | CSIS,https://www.csis.org/programs/latest-analysis-conflict-middle-east,,ok,200,10,3,3,2,2,
"Middle East: Analysis, Research, & Events | CSIS",https://www.csis.org/regions/middle-east,,ok,200,8,3,3,0,2,
Middle East Conflict Monitor | ACLED,https://acleddata.com/monitor/middle-east-conflict-monitor,,ok,200,10,3,3,2,2,
"Central Asia: Analysis, Research, & Events | CSIS",https://www.csis.org/regions/russia-and-eurasia/central-asia,russia_ukraine,ok,200,8,3,3,0,2,
Russia-China Relations in Central Asia - CEPA,https://cepa.org/commentary/sino-russian-relations-in-central-asia/,russia_ukraine,ok,200,7,3,3,0,1,
What Russia’s war on Ukraine means for Central Asia - Atlantic Council,https://www.atlanticcouncil.org/blogs/new-atlanticist/what-russias-war-on-ukraine-means-for-central-asia/,russia_ukraine,ok,200,7,3,3,0,1,
Southeast Asia Regional Security Outlook in 2025: A Perspective,https://rsdi.ae/en/publications/southeast-asia-regional-security-outlook-in-2025-a-perspective,,ok,200,8,3,3,0,2,
Regional Security Architecture Programme - RSIS,https://rsis.edu.sg/research/idss/research-programmes/regional-security-architecture-programme/,,forbidden,403,6,1,3,0,2,
Regional Security in Southeast Asia: Beyond the ASEAN Way | ISEAS Publishing,https://bookshop.iseas.edu.sg/publication/1547,,ok,200,8,3,3,0,2,
Oceania | Council on Foreign Relations,https://www.cfr.org/oceania,oceania_pacific,ok,200,7,3,3,0,1,
The global contest for the Pacific | Lowy Institute,https://www.lowyinstitute.org/the-interpreter/global-contest-pacific,oceania_pacific,ok,200,9,3,3,1,2,
The new geopolitics of the Pacific Island nations - FES Asia,https://asia.fes.de/news/geopolitics-pacific-islands.html,oceania_pacific,ok,200,8,3,3,1,1,
Kalshi - Prediction Market for Trading the Future,https://kalshi.com/,,http_429,429,5,1,3,0,1,
The Average Guys Outsmarting Wall Street on Prediction Markets - The New York Times,https://www.nytimes.com/2026/05/26/magazine/polymarket-prediction-wall-street.html,,forbidden,403,5,1,3,0,1,
"Spain blocks prediction markets Polymarket, Kalshi over lack of gambling licences | Reuters",https://www.reuters.com/business/spain-blocks-prediction-markets-polymarket-kalshi-over-lack-gambling-licences-2026-05-26/,,http_401,401,5,1,3,0,1,
Kalshi - Prediction Market for Trading the Future,https://kalshi.com/,,http_429,429,5,1,3,0,1,
The Average Guys Outsmarting Wall Street on Prediction Markets - The New York Times,https://www.nytimes.com/2026/05/26/magazine/polymarket-prediction-wall-street.html,,forbidden,403,5,1,3,0,1,
"Spain blocks prediction markets Polymarket, Kalshi over lack of gambling licences | Reuters",https://www.reuters.com/business/spain-blocks-prediction-markets-polymarket-kalshi-over-lack-gambling-licences-2026-05-26/,,http_401,401,5,1,3,0,1,
Bruegel releases enhanced RSS feeds,https://www.bruegel.org/blog-post/bruegel-releases-enhanced-rss-feeds,,forbidden,403,6,1,3,1,1,
Top 15 Europe Defense RSS Feeds,https://rss.feedspot.com/europe_defense_rss_feeds/,europe,ok,200,10,3,3,2,2,
Subscribe via RSS feed – European Council on Foreign Relations,https://ecfr.eu/feeds/,,ok,200,8,3,3,1,1,
Bruegel releases enhanced RSS feeds,https://www.bruegel.org/blog-post/bruegel-releases-enhanced-rss-feeds,,forbidden,403,6,1,3,1,1,
Top 15 Europe Defense RSS Feeds,https://rss.feedspot.com/europe_defense_rss_feeds/,europe,ok,200,10,3,3,2,2,
Subscribe via RSS feed – European Council on Foreign Relations,https://ecfr.eu/feeds/,,ok,200,8,3,3,1,1,
Top 45 Homeland Security RSS Feeds,https://rss.feedspot.com/homeland_security_rss_feeds/,,ok,200,9,3,3,1,2,
U.S. News and National Top Stories : NPR,https://www.npr.org/sections/national/,,ok,200,8,3,3,1,1,
Top 80 The Nation RSS Feeds | Create The Nation RSS Feed,https://rss.feedspot.com/thenation_rss_feeds/,,ok,200,8,3,3,1,1,
Top 45 Homeland Security RSS Feeds,https://rss.feedspot.com/homeland_security_rss_feeds/,,ok,200,9,3,3,1,2,
U.S. News and National Top Stories : NPR,https://www.npr.org/sections/national/,,ok,200,8,3,3,1,1,
Top 80 The Nation RSS Feeds | Create The Nation RSS Feed,https://rss.feedspot.com/thenation_rss_feeds/,,ok,200,8,3,3,1,1,
"US-Mexico border security report, March 2025",https://www.janes.com/osint-insights/defence-and-national-security-analysis/us-mexico-border-security-report-march-2025,,ok,200,10,3,3,2,2,
"OSINT — Latest News, Reports & Analysis | The Hacker News",https://thehackernews.com/search/label/OSINT,,ok,200,9,3,3,1,2,
War,https://www.ukrinform.net/rubric-ato,cyber_threat,ok,200,7,3,3,0,1,
The Illusion of Recovered Initiative: Ukraine’s 2026 Campaign and the Persistence of Strategic Deterioration,https://delwinstrategy.substack.com/p/the-illusion-of-recovered-initiative,,ok,200,9,3,3,2,1,
EU Foreign Policy | European Union Institute for Security Studies,https://www.iss.europa.eu/topics/eu-foreign-policy,,ok,200,8,3,3,0,2,
RSS feeds - Africa Intelligence,https://www.africaintelligence.com/info/rss,sub_saharan_africa,ok,200,10,3,3,2,2,
Security : latest news | The Africa Report,https://www.theafricareport.com/sections/security/,sub_saharan_africa,forbidden,403,7,1,3,1,2,
News & Analysis | Africa Confidential,https://www.africa-confidential.com/news,sub_saharan_africa,ok,200,9,3,3,1,2,
RSS feeds - Africa Intelligence,https://www.africaintelligence.com/info/rss,sub_saharan_africa,ok,200,10,3,3,2,2,
Security : latest news | The Africa Report,https://www.theafricareport.com/sections/security/,sub_saharan_africa,forbidden,403,7,1,3,1,2,
News & Analysis | Africa Confidential,https://www.africa-confidential.com/news,sub_saharan_africa,ok,200,9,3,3,1,2,
Al Jazeera English,https://www.aljazeera.com/economy/2026/5/19/flight-to-argentina-how-significant-is-it-for-israels-latam-outreach,,ok,200,7,3,3,0,1,
The New York Review of Books,https://www.nybooks.com/articles/2026/06/11/damming-the-big-ocean-chokepoints-edward-fishman/,,ok,200,7,3,3,0,1,
The Times of India,https://economictimes.indiatimes.com/markets/us-stocks/news/oil-shock-fears-ease-but-80-90-crude-may-be-the-new-normal-arvind-sanger/articleshow/131342742.cms,central_asia_india,ok,200,8,3,3,1,1,
Naturalnews.com,https://www.naturalnews.com/2026-05-19-drone-threat-from-cuba-pretext-for-military-action.html,,ok,200,9,3,3,2,1,
Skift,https://skift.com/2026/05/21/air-indias-outgoing-ceo-successor-will-have-their-hands-full/,central_asia_india,ok,200,7,3,3,0,1,
Americanthinker.com,https://www.americanthinker.com/articles/2026/05/artificial_intelligence_and_raw_materials.html,,ok,200,8,3,3,0,2,
Smallwarsjournal.com,https://smallwarsjournal.com/2026/05/22/rethinking-artificial-intelligence-at-the-strategic-frontier/,,forbidden,403,8,1,3,2,2,
Barchart.com,https://www.barchart.com/story/news/1984660/nvda-earnings-alphabet-conference-and-other-can-t-miss-items-this-week,,forbidden,403,6,1,3,1,1,
Naturalnews.com,https://www.naturalnews.com/2026-05-18-pentagon-warns-iran-handing-china-global-power.html,china_asia,ok,200,8,3,3,1,1,
Latest Analysis: Conflict in the Middle East | CSIS,https://www.csis.org/programs/latest-analysis-conflict-middle-east,,ok,200,10,3,3,2,2,
"Middle East: Analysis, Research, & Events | CSIS",https://www.csis.org/regions/middle-east,,ok,200,8,3,3,0,2,
The Impact of the Middle East Conflict on Asia and the Pacific: An Updated Analysis | Asian Development Bank,https://www.adb.org/publications/middle-east-conflict-updated-analysis,,forbidden,403,8,1,3,2,2,
Latest Analysis: Conflict in the Middle East | CSIS,https://www.csis.org/programs/latest-analysis-conflict-middle-east,,ok,200,10,3,3,2,2,
"Middle East: Analysis, Research, & Events | CSIS",https://www.csis.org/regions/middle-east,,ok,200,8,3,3,0,2,
The Impact of the Middle East Conflict on Asia and the Pacific: An Updated Analysis | Asian Development Bank,https://www.adb.org/publications/middle-east-conflict-updated-analysis,,forbidden,403,8,1,3,2,2,
"Central Asia: Analysis, Research, & Events | CSIS",https://www.csis.org/regions/russia-and-eurasia/central-asia,russia_ukraine,ok,200,8,3,3,0,2,
Russia-China Relations in Central Asia - CEPA,https://cepa.org/commentary/sino-russian-relations-in-central-asia/,russia_ukraine,ok,200,7,3,3,0,1,
What Russia’s war on Ukraine means for Central Asia - Atlantic Council,https://www.atlanticcouncil.org/blogs/new-atlanticist/what-russias-war-on-ukraine-means-for-central-asia/,russia_ukraine,ok,200,7,3,3,0,1,
Southeast Asia Regional Security Outlook in 2025: A Perspective,https://rsdi.ae/en/publications/southeast-asia-regional-security-outlook-in-2025-a-perspective,,ok,200,8,3,3,0,2,
Regional Security in Southeast Asia: Beyond the ASEAN Way | ISEAS Publishing,https://bookshop.iseas.edu.sg/publication/1547,,ok,200,8,3,3,0,2,
Regional Security Architecture Programme - RSIS,https://rsis.edu.sg/research/idss/research-programmes/regional-security-architecture-programme/,,forbidden,403,6,1,3,0,2,
Oceania | Council on Foreign Relations,https://www.cfr.org/oceania,oceania_pacific,ok,200,7,3,3,0,1,
The global contest for the Pacific | Lowy Institute,https://www.lowyinstitute.org/the-interpreter/global-contest-pacific,oceania_pacific,ok,200,9,3,3,1,2,
The new geopolitics of the Pacific Island nations - FES Asia,https://asia.fes.de/news/geopolitics-pacific-islands.html,oceania_pacific,ok,200,8,3,3,1,1,
Polymarket Vs. Kalshi: Two Bets On What Prediction Markets Become | Seeking Alpha,https://seekingalpha.com/article/4909474-polymarket-vs-kalshi-two-bets-on-what-prediction-markets-become,,forbidden,403,5,1,3,0,1,
Kalshi - Prediction Market for Trading the Future,https://kalshi.com/,,http_429,429,5,1,3,0,1,
‘The ads got to me’: College-age adults are rushing to prediction market sites. Addiction experts are alarmed | CNN Business,https://www.cnn.com/2026/05/28/economy/prediction-markets-kalshi-young-adults,,ok,200,7,3,3,0,1,
Bruegel releases enhanced RSS feeds,https://www.bruegel.org/blog-post/bruegel-releases-enhanced-rss-feeds,,forbidden,403,6,1,3,1,1,
Top 15 Europe Defense RSS Feeds,https://rss.feedspot.com/europe_defense_rss_feeds/,europe,ok,200,10,3,3,2,2,
Subscribe via RSS feed – European Council on Foreign Relations,https://ecfr.eu/feeds/,,ok,200,8,3,3,1,1,
Top 45 Homeland Security RSS Feeds,https://rss.feedspot.com/homeland_security_rss_feeds/,,ok,200,9,3,3,1,2,
Top 80 The Nation RSS Feeds | Create The Nation RSS Feed,https://rss.feedspot.com/thenation_rss_feeds/,,ok,200,8,3,3,1,1,
"National Security News: Latest News and Investigations on Homeland Security, Military, Foreign Intelligence & More | NBC News",https://www.nbcnews.com/politics/national-security,,ok,200,10,3,3,2,2,
Top 45 Homeland Security RSS Feeds,https://rss.feedspot.com/homeland_security_rss_feeds/,,ok,200,9,3,3,1,2,
Top 80 The Nation RSS Feeds | Create The Nation RSS Feed,https://rss.feedspot.com/thenation_rss_feeds/,,ok,200,8,3,3,1,1,
"National Security News: Latest News and Investigations on Homeland Security, Military, Foreign Intelligence & More | NBC News",https://www.nbcnews.com/politics/national-security,,ok,200,10,3,3,2,2,
35 Best Caribbean News RSS Feeds,https://rss.feedspot.com/caribbean_news_rss_feeds/,central_america_caribbean,ok,200,8,3,3,1,1,
Reuters Americas | Latest News in Central & Latin America | Reuters,https://www.reuters.com/world/americas/,,http_401,401,6,1,3,1,1,
Central America Newswire - World News Report - EIN Presswire,https://world.einnews.com/region/central-america,,forbidden,403,6,1,3,1,1,
"South America: Analysis, Research, & Events | CSIS",https://www.csis.org/regions/americas/south-america,,ok,200,8,3,3,0,2,
RSS | International Crisis Group,https://www.crisisgroup.org/rss-0,,ok,200,10,3,3,2,2,
Top 60 Geopolitics RSS Feeds - RSS Database,https://rss.feedspot.com/geopolitics_rss_feeds/,,ok,200,8,3,3,1,1,
"South America: Analysis, Research, & Events | CSIS",https://www.csis.org/regions/americas/south-america,,ok,200,8,3,3,0,2,
RSS | International Crisis Group,https://www.crisisgroup.org/rss-0,,ok,200,10,3,3,2,2,
Top 60 Geopolitics RSS Feeds - RSS Database,https://rss.feedspot.com/geopolitics_rss_feeds/,,ok,200,8,3,3,1,1,
Bruegel releases enhanced RSS feeds,https://www.bruegel.org/blog-post/bruegel-releases-enhanced-rss-feeds,,forbidden,403,6,1,3,1,1,
Top 15 Europe Defense RSS Feeds,https://rss.feedspot.com/europe_defense_rss_feeds/,europe,ok,200,10,3,3,2,2,
Subscribe via RSS feed – European Council on Foreign Relations,https://ecfr.eu/feeds/,,ok,200,8,3,3,1,1,
Top 45 Homeland Security RSS Feeds,https://rss.feedspot.com/homeland_security_rss_feeds/,,ok,200,9,3,3,1,2,
Top 80 The Nation RSS Feeds | Create The Nation RSS Feed,https://rss.feedspot.com/thenation_rss_feeds/,,ok,200,8,3,3,1,1,
"National Security News: Latest News and Investigations on Homeland Security, Military, Foreign Intelligence & More | NBC News",https://www.nbcnews.com/politics/national-security,,ok,200,10,3,3,2,2,
Top 45 Homeland Security RSS Feeds,https://rss.feedspot.com/homeland_security_rss_feeds/,,ok,200,9,3,3,1,2,
Top 80 The Nation RSS Feeds | Create The Nation RSS Feed,https://rss.feedspot.com/thenation_rss_feeds/,,ok,200,8,3,3,1,1,
"National Security News: Latest News and Investigations on Homeland Security, Military, Foreign Intelligence & More | NBC News",https://www.nbcnews.com/politics/national-security,,ok,200,10,3,3,2,2,
35 Best Caribbean News RSS Feeds,https://rss.feedspot.com/caribbean_news_rss_feeds/,central_america_caribbean,ok,200,8,3,3,1,1,
Reuters Americas | Latest News in Central & Latin America | Reuters,https://www.reuters.com/world/americas/,,http_401,401,6,1,3,1,1,
Central America Newswire - World News Report - EIN Presswire,https://world.einnews.com/region/central-america,,forbidden,403,6,1,3,1,1,
"South America: Analysis, Research, & Events | CSIS",https://www.csis.org/regions/americas/south-america,,ok,200,8,3,3,0,2,
Top 60 Geopolitics RSS Feeds - RSS Database,https://rss.feedspot.com/geopolitics_rss_feeds/,,ok,200,8,3,3,1,1,
RSS | International Crisis Group,https://www.crisisgroup.org/rss-0,,ok,200,10,3,3,2,2,
"South America: Analysis, Research, & Events | CSIS",https://www.csis.org/regions/americas/south-america,,ok,200,8,3,3,0,2,
Top 60 Geopolitics RSS Feeds - RSS Database,https://rss.feedspot.com/geopolitics_rss_feeds/,,ok,200,8,3,3,1,1,
RSS | International Crisis Group,https://www.crisisgroup.org/rss-0,,ok,200,10,3,3,2,2,
RSS feeds - Africa Intelligence,https://www.africaintelligence.com/info/rss,sub_saharan_africa,ok,200,10,3,3,2,2,
Africa Intelligence: exclusive news on Africa,https://www.africaintelligence.com/,sub_saharan_africa,ok,200,10,3,3,2,2,
Security : latest news | The Africa Report,https://www.theafricareport.com/sections/security/,sub_saharan_africa,forbidden,403,7,1,3,1,2,
Latest Analysis: Conflict in the Middle East | CSIS,https://www.csis.org/programs/latest-analysis-conflict-middle-east,,ok,200,10,3,3,2,2,
Middle East Conflict Monitor | ACLED,https://acleddata.com/monitor/middle-east-conflict-monitor,,ok,200,10,3,3,2,2,
Reuters Middle East News | Today's Latest Stories | Reuters,https://www.reuters.com/world/middle-east/,,http_401,401,6,1,3,1,1,
Latest Analysis: Conflict in the Middle East | CSIS,https://www.csis.org/programs/latest-analysis-conflict-middle-east,,ok,200,10,3,3,2,2,
Middle East Conflict Monitor | ACLED,https://acleddata.com/monitor/middle-east-conflict-monitor,,ok,200,10,3,3,2,2,
Reuters Middle East News | Today's Latest Stories | Reuters,https://www.reuters.com/world/middle-east/,,http_401,401,6,1,3,1,1,
"Central Asia: Analysis, Research, & Events | CSIS",https://www.csis.org/regions/russia-and-eurasia/central-asia,russia_ukraine,ok,200,8,3,3,0,2,
Russia-China Relations in Central Asia - CEPA,https://cepa.org/commentary/sino-russian-relations-in-central-asia/,russia_ukraine,ok,200,7,3,3,0,1,
What Russia’s war on Ukraine means for Central Asia - Atlantic Council,https://www.atlanticcouncil.org/blogs/new-atlanticist/what-russias-war-on-ukraine-means-for-central-asia/,russia_ukraine,ok,200,7,3,3,0,1,
"Central Asia: Analysis, Research, & Events | CSIS",https://www.csis.org/regions/russia-and-eurasia/central-asia,russia_ukraine,ok,200,8,3,3,0,2,
Russia-China Relations in Central Asia - CEPA,https://cepa.org/commentary/sino-russian-relations-in-central-asia/,russia_ukraine,ok,200,7,3,3,0,1,
What Russia’s war on Ukraine means for Central Asia - Atlantic Council,https://www.atlanticcouncil.org/blogs/new-atlanticist/what-russias-war-on-ukraine-means-for-central-asia/,russia_ukraine,ok,200,7,3,3,0,1,
Southeast Asia Regional Security Outlook in 2025: A Perspective,https://rsdi.ae/en/publications/southeast-asia-regional-security-outlook-in-2025-a-perspective,,ok,200,8,3,3,0,2,
Regional Security in Southeast Asia: Beyond the ASEAN Way | ISEAS Publishing,https://bookshop.iseas.edu.sg/publication/1547,,ok,200,8,3,3,0,2,
Regional Security Architecture Programme - RSIS,https://rsis.edu.sg/research/idss/research-programmes/regional-security-architecture-programme/,,forbidden,403,6,1,3,0,2,
Oceania | Council on Foreign Relations,https://www.cfr.org/oceania,oceania_pacific,ok,200,7,3,3,0,1,
The global contest for the Pacific | Lowy Institute,https://www.lowyinstitute.org/the-interpreter/global-contest-pacific,oceania_pacific,ok,200,9,3,3,1,2,
The new geopolitics of the Pacific Island nations - FES Asia,https://asia.fes.de/news/geopolitics-pacific-islands.html,oceania_pacific,ok,200,8,3,3,1,1,
Oceania | Council on Foreign Relations,https://www.cfr.org/oceania,oceania_pacific,ok,200,7,3,3,0,1,
The global contest for the Pacific | Lowy Institute,https://www.lowyinstitute.org/the-interpreter/global-contest-pacific,oceania_pacific,ok,200,9,3,3,1,2,
The new geopolitics of the Pacific Island nations - FES Asia,https://asia.fes.de/news/geopolitics-pacific-islands.html,oceania_pacific,ok,200,8,3,3,1,1,
Kalshi - Prediction Market for Trading the Future,https://kalshi.com/,,http_429,429,5,1,3,0,1,
‘The ads got to me’: College-age adults are rushing to prediction market sites. Addiction experts are alarmed | CNN Business,https://www.cnn.com/2026/05/28/economy/prediction-markets-kalshi-young-adults,,ok,200,7,3,3,0,1,
Kalshi and Polymarket trading volumes dramatically increase since mid-2025 | Pew Research Center,https://www.pewresearch.org/short-reads/2026/05/27/trading-volume-on-prediction-markets-has-soared-in-recent-months/,,forbidden,403,6,1,3,0,2,
Bruegel releases enhanced RSS feeds,https://www.bruegel.org/blog-post/bruegel-releases-enhanced-rss-feeds,,forbidden,403,6,1,3,1,1,
Top 15 Europe Defense RSS Feeds,https://rss.feedspot.com/europe_defense_rss_feeds/,europe,ok,200,10,3,3,2,2,
Subscribe via RSS feed – European Council on Foreign Relations,https://ecfr.eu/feeds/,,ok,200,8,3,3,1,1,
Bruegel releases enhanced RSS feeds,https://www.bruegel.org/blog-post/bruegel-releases-enhanced-rss-feeds,,forbidden,403,6,1,3,1,1,
Top 15 Europe Defense RSS Feeds,https://rss.feedspot.com/europe_defense_rss_feeds/,europe,ok,200,10,3,3,2,2,
Subscribe via RSS feed – European Council on Foreign Relations,https://ecfr.eu/feeds/,,ok,200,8,3,3,1,1,
Top 45 Homeland Security RSS Feeds,https://rss.feedspot.com/homeland_security_rss_feeds/,,ok,200,9,3,3,1,2,
Top 80 The Nation RSS Feeds | Create The Nation RSS Feed,https://rss.feedspot.com/thenation_rss_feeds/,,ok,200,8,3,3,1,1,
60 Best Political News RSS Feeds,https://rss.feedspot.com/political_news_rss_feeds/,,ok,200,8,3,3,1,1,
Top 45 Homeland Security RSS Feeds,https://rss.feedspot.com/homeland_security_rss_feeds/,,ok,200,9,3,3,1,2,
Top 80 The Nation RSS Feeds | Create The Nation RSS Feed,https://rss.feedspot.com/thenation_rss_feeds/,,ok,200,8,3,3,1,1,
60 Best Political News RSS Feeds,https://rss.feedspot.com/political_news_rss_feeds/,,ok,200,8,3,3,1,1,
"Russia-Ukraine War: Military News, Maps & Frontline Updates — UNITED24 Media",https://united24media.com/war-in-ukraine,russia_ukraine,ok,200,9,3,3,2,1,
Update from Ukraine | Awesome News from Frontline! Gripen Jets are Coming Soon! - YouTube,https://www.youtube.com/watch?v=2_nsvUAGlj8,,ok,200,8,3,3,1,1,
"South America: Analysis, Research, & Events | CSIS",https://www.csis.org/regions/americas/south-america,,ok,200,8,3,3,0,2,
RSS | International Crisis Group,https://www.crisisgroup.org/rss-0,,ok,200,10,3,3,2,2,
Top 60 Geopolitics RSS Feeds - RSS Database,https://rss.feedspot.com/geopolitics_rss_feeds/,,ok,200,8,3,3,1,1,
RSS feeds - Africa Intelligence,https://www.africaintelligence.com/info/rss,sub_saharan_africa,ok,200,10,3,3,2,2,
Security : latest news | The Africa Report,https://www.theafricareport.com/sections/security/,sub_saharan_africa,forbidden,403,7,1,3,1,2,
Africa Intelligence: exclusive news on Africa,https://www.africaintelligence.com/,sub_saharan_africa,ok,200,10,3,3,2,2,
Latest Analysis: Conflict in the Middle East | CSIS,https://www.csis.org/programs/latest-analysis-conflict-middle-east,,ok,200,10,3,3,2,2,
Middle East Conflict Monitor | ACLED,https://acleddata.com/monitor/middle-east-conflict-monitor,,ok,200,10,3,3,2,2,
The Impact of the Middle East Conflict on Asia and the Pacific: An Updated Analysis | Asian Development Bank,https://www.adb.org/publications/middle-east-conflict-updated-analysis,,forbidden,403,8,1,3,2,2,
"Central Asia: Analysis, Research, & Events | CSIS",https://www.csis.org/regions/russia-and-eurasia/central-asia,russia_ukraine,ok,200,8,3,3,0,2,
Russia-China Relations in Central Asia - CEPA,https://cepa.org/commentary/sino-russian-relations-in-central-asia/,russia_ukraine,ok,200,7,3,3,0,1,
What Russia’s war on Ukraine means for Central Asia - Atlantic Council,https://www.atlanticcouncil.org/blogs/new-atlanticist/what-russias-war-on-ukraine-means-for-central-asia/,russia_ukraine,ok,200,7,3,3,0,1,
Southeast Asia Regional Security Outlook in 2025: A Perspective,https://rsdi.ae/en/publications/southeast-asia-regional-security-outlook-in-2025-a-perspective,,ok,200,8,3,3,0,2,
Regional Security in Southeast Asia: Beyond the ASEAN Way | ISEAS Publishing,https://bookshop.iseas.edu.sg/publication/1547,,ok,200,8,3,3,0,2,
Regional Security Architecture Programme - RSIS,https://rsis.edu.sg/research/idss/research-programmes/regional-security-architecture-programme/,,forbidden,403,6,1,3,0,2,
Oceania | Council on Foreign Relations,https://www.cfr.org/oceania,oceania_pacific,ok,200,7,3,3,0,1,
The global contest for the Pacific | Lowy Institute,https://www.lowyinstitute.org/the-interpreter/global-contest-pacific,oceania_pacific,ok,200,9,3,3,1,2,
The new geopolitics of the Pacific Island nations - FES Asia,https://asia.fes.de/news/geopolitics-pacific-islands.html,oceania_pacific,ok,200,8,3,3,1,1,
Kalshi - Prediction Market for Trading the Future,https://kalshi.com/,,http_429,429,5,1,3,0,1,
‘The ads got to me’: College-age adults are rushing to prediction market sites. Addiction experts are alarmed | CNN Business,https://www.cnn.com/2026/05/28/economy/prediction-markets-kalshi-young-adults,,ok,200,7,3,3,0,1,
Kalshi and Polymarket trading volumes dramatically increase since mid-2025 | Pew Research Center,https://www.pewresearch.org/short-reads/2026/05/27/trading-volume-on-prediction-markets-has-soared-in-recent-months/,,forbidden,403,6,1,3,0,2,
Top 15 Europe Defense RSS Feeds,https://rss.feedspot.com/europe_defense_rss_feeds/,europe,ok,200,10,3,3,2,2,
Bruegel releases enhanced RSS feeds,https://www.bruegel.org/blog-post/bruegel-releases-enhanced-rss-feeds,,forbidden,403,6,1,3,1,1,
Subscribe via RSS feed – European Council on Foreign Relations,https://ecfr.eu/feeds/,,ok,200,8,3,3,1,1,
Top 15 Europe Defense RSS Feeds,https://rss.feedspot.com/europe_defense_rss_feeds/,europe,ok,200,10,3,3,2,2,
Bruegel releases enhanced RSS feeds,https://www.bruegel.org/blog-post/bruegel-releases-enhanced-rss-feeds,,forbidden,403,6,1,3,1,1,
Subscribe via RSS feed – European Council on Foreign Relations,https://ecfr.eu/feeds/,,ok,200,8,3,3,1,1,
Top 45 Homeland Security RSS Feeds,https://rss.feedspot.com/homeland_security_rss_feeds/,,ok,200,9,3,3,1,2,
Top 80 The Nation RSS Feeds | Create The Nation RSS Feed,https://rss.feedspot.com/thenation_rss_feeds/,,ok,200,8,3,3,1,1,
60 Best Political News RSS Feeds,https://rss.feedspot.com/political_news_rss_feeds/,,ok,200,8,3,3,1,1,
Top 45 Homeland Security RSS Feeds,https://rss.feedspot.com/homeland_security_rss_feeds/,,ok,200,9,3,3,1,2,
Top 80 The Nation RSS Feeds | Create The Nation RSS Feed,https://rss.feedspot.com/thenation_rss_feeds/,,ok,200,8,3,3,1,1,
60 Best Political News RSS Feeds,https://rss.feedspot.com/political_news_rss_feeds/,,ok,200,8,3,3,1,1,
35 Best Caribbean News RSS Feeds,https://rss.feedspot.com/caribbean_news_rss_feeds/,central_america_caribbean,ok,200,8,3,3,1,1,
Central America Newswire - World News Report - EIN Presswire,https://world.einnews.com/region/central-america,,forbidden,403,6,1,3,1,1,
Reuters Americas | Latest News in Central & Latin America | Reuters,https://www.reuters.com/world/americas/,,http_401,401,6,1,3,1,1,
35 Best Caribbean News RSS Feeds,https://rss.feedspot.com/caribbean_news_rss_feeds/,central_america_caribbean,ok,200,8,3,3,1,1,
Central America Newswire - World News Report - EIN Presswire,https://world.einnews.com/region/central-america,,forbidden,403,6,1,3,1,1,
Reuters Americas | Latest News in Central & Latin America | Reuters,https://www.reuters.com/world/americas/,,http_401,401,6,1,3,1,1,
"South America: Analysis, Research, & Events | CSIS",https://www.csis.org/regions/americas/south-america,,ok,200,8,3,3,0,2,
RSS | International Crisis Group,https://www.crisisgroup.org/rss-0,,ok,200,10,3,3,2,2,
Top 60 Geopolitics RSS Feeds - RSS Database,https://rss.feedspot.com/geopolitics_rss_feeds/,,ok,200,8,3,3,1,1,
Top 15 Europe Defense RSS Feeds,https://rss.feedspot.com/europe_defense_rss_feeds/,europe,ok,200,10,3,3,2,2,
Bruegel releases enhanced RSS feeds,https://www.bruegel.org/blog-post/bruegel-releases-enhanced-rss-feeds,,forbidden,403,6,1,3,1,1,
Subscribe via RSS feed – European Council on Foreign Relations,https://ecfr.eu/feeds/,,ok,200,8,3,3,1,1,
Top 15 Europe Defense RSS Feeds,https://rss.feedspot.com/europe_defense_rss_feeds/,europe,ok,200,10,3,3,2,2,
Bruegel releases enhanced RSS feeds,https://www.bruegel.org/blog-post/bruegel-releases-enhanced-rss-feeds,,forbidden,403,6,1,3,1,1,
Subscribe via RSS feed – European Council on Foreign Relations,https://ecfr.eu/feeds/,,ok,200,8,3,3,1,1,
OSINT of Ukraine - by UNISHKA Research Service,https://unishka.substack.com/p/osint-of-ukraine,russia_ukraine,ok,200,8,3,3,0,2,
Update from Ukraine | Huge Success of Ukraine on Frontline! Russians Pushed Away! - YouTube,https://www.youtube.com/watch?v=iVI5z30f_Lw,,ok,200,7,3,3,0,1,
Full article: Party ideologies and European foreign policy. Examining the transnational foreign policy space,https://www.tandfonline.com/doi/full/10.1080/13501763.2022.2096103,,forbidden,403,5,1,3,0,1,
The Strait of Hormuz Closure and the Reshaping of Energy Geopolitics - Gulf International Forum,https://gulfif.org/the-strait-of-hormuz-closure-and-the-reshaping-of-energy-geopolitics/,,forbidden,403,5,1,3,0,1,
Top 45 Homeland Security RSS Feeds,https://rss.feedspot.com/homeland_security_rss_feeds/,,ok,200,9,3,3,1,2,
Top 80 The Nation RSS Feeds | Create The Nation RSS Feed,https://rss.feedspot.com/thenation_rss_feeds/,,ok,200,8,3,3,1,1,
"National Security News: Latest News and Investigations on Homeland Security, Military, Foreign Intelligence & More | NBC News",https://www.nbcnews.com/politics/national-security,,ok,200,10,3,3,2,2,
Top 45 Homeland Security RSS Feeds,https://rss.feedspot.com/homeland_security_rss_feeds/,,ok,200,9,3,3,1,2,
Top 80 The Nation RSS Feeds | Create The Nation RSS Feed,https://rss.feedspot.com/thenation_rss_feeds/,,ok,200,8,3,3,1,1,
"National Security News: Latest News and Investigations on Homeland Security, Military, Foreign Intelligence & More | NBC News",https://www.nbcnews.com/politics/national-security,,ok,200,10,3,3,2,2,
Joint Maritime Information Center (JMIC),https://www.ukmto.org/jmic,maritime,forbidden,403,5,1,3,0,1,
UK Maritime Trade Operations (UKMTO),https://www.ukmto.org,maritime,forbidden,403,5,1,3,0,1,
Windward Maritime Intelligence,https://windward.ai/blog,,forbidden,403,8,1,3,2,2,
Skuld Maritime Security Updates,https://www.skuld.com,maritime,ok,200,8,3,3,0,2,
Atlas Institute,https://atlasinstitute.org,,ok,200,8,3,3,0,2,
Stimson Center - Energy & Gulf,https://www.stimson.org,think_tanks,forbidden,403,5,1,3,0,1,
The Hormuz Trap (Julian Alexander Brown),https://julianalexanderbrown.substack.com,,ok,200,7,3,3,0,1,
HTSF (Paul Mason),https://htsf.substack.com,iran,ok,200,7,3,3,0,1,
Richard Haass Substack,https://richardhaass.substack.com,iran,ok,200,7,3,3,0,1,
TheBoardWorld,https://theboardworld.substack.com,iran,ok,200,8,3,3,1,1,
Omid SoureSrafil,https://omidsouresrafil.substack.com,iran,ok,200,7,3,3,0,1,
Paul Stewart II (Oil Markets),https://paulstewartii.substack.com,energy,ok,200,7,3,3,0,1,
Ronald J. Botelho (Strategic Implications),https://ronaldjbotelho.substack.com,iran,ok,200,9,3,3,2,1,
EIA Today in Energy,https://www.eia.gov/todayinenergy/,think_tanks,error,,4,0,3,0,1,
Safety4Sea,https://safety4sea.com,maritime,ok,200,7,3,3,0,1,
MaritimeNews.com,https://www.maritimenews.com,maritime,ok,200,8,3,3,1,1,
ISW/Critical Threats Project (UnderstandingWar.org),https://understandingwar.org/analysis/middle-east/iran-update/,,forbidden,403,6,1,3,0,2,
Radio007 (YouTube),https://www.youtube.com/@Radio-zq8yn,,ok,200,7,3,3,0,1,
IranWarLive.com,https://iranwarlive.com/,dashboards,ok,200,7,3,3,0,1,
IranMonitor.org,https://www.iranmonitor.org/,dashboards,ok,200,7,3,3,0,1,
IranWar.info,https://iranwar.info/,,ok,200,7,3,3,0,1,
HormuzStraitMonitor.com,https://hormuzstraitmonitor.com/,dashboards,ok,200,7,3,3,0,1,
WarIntelHub.com,https://warintelhub.com/,dashboards,ok,200,8,3,3,0,2,
IranWarTracker.com,https://iranwartracker.com/,dashboards,ok,200,7,3,3,0,1,
Perun (YouTube Channel),https://www.youtube.com/channel/UCC3ehuUksTyQ7bbjGntmx3Q,military_osint,ok,200,7,3,3,0,1,
Bilawal Sidhu (YouTube Channel),https://www.youtube.com/@bilawalsidhu,military_osint,ok,200,7,3,3,0,1,
Napoleon's Corporal (Substack),https://napoleonscorporal.substack.com,iran,ok,200,7,3,3,0,1,
Wajeeh Lion (Substack),https://wajeehlion.substack.com,iran,ok,200,7,3,3,0,1,
Defence Affairs Magazine (Substack),https://defenceaffairs.substack.com,,ok,200,9,3,3,2,1,
GeoPolitiQ (Ismaele) (Substack),https://geopolitiq.substack.com,military_osint,ok,200,7,3,3,0,1,
The Firing Line (Substack),https://thefiringline.substack.com,,ok,200,7,3,3,0,1,
TankerTrackers.com (@TankerTrackers),https://x.com/TankerTrackers,,ok,200,7,3,3,0,1,
ACLED (Armed Conflict Location & Event Data),https://acleddata.com,,ok,200,10,3,3,2,2,
CSIS — War with Iran,https://www.csis.org/programs/latest-analysis-war-iran,,ok,200,8,3,3,0,2,
CFR — Iran War Analysis and Updates,https://www.cfr.org/topics/iran-war-analysis-and-updates,,ok,200,8,3,3,0,2,
